team_a_strength,team_b_strength,toss_winner_is_a,toss_decision_bat,is_first_innings,batting_team_is_a,runs_a,wickets_a,overs_a,runs_b,wickets_b,overs_b,target,label_winner_is_a
0.52,0.54,0,1,1,0,0,0,0.0,9,0,1.0,0,1
0.52,0.54,0,1,1,0,0,0,0.0,14,1,2.0,0,1
0.52,0.54,0,1,1,0,0,0,0.0,14,2,3.0,0,1
0.52,0.54,0,1,1,0,0,0,0.0,17,2,4.0,0,1
0.52,0.54,0,1,1,0,0,0,0.0,22,2,5.0,0,1
0.52,0.54,0,1,1,0,0,0,0.0,26,2,6.0,0,1
0.52,0.54,0,1,1,0,0,0,0.0,31,3,7.0,0,1
0.52,0.54,0,1,1,0,0,0,0.0,39,4,8.0,0,1
0.52,0.54,0,1,1,0,0,0,0.0,46,4,9.0,0,1
0.52,0.54,0,1,1,0,0,0,0.0,49,4,10.0,0,1
0.52,0.54,0,1,1,0,0,0,0.0,53,4,11.0,0,1
0.52,0.54,0,1,1,0,0,0,0.0,62,4,12.0,0,1
0.52,0.54,0,1,1,0,0,0,0.0,66,4,13.0,0,1
0.52,0.54,0,1,1,0,0,0,0.0,75,4,14.0,0,1
0.52,0.54,0,1,1,0,0,0,0.0,79,4,15.0,0,1
0.52,0.54,0,1,1,0,0,0,0.0,86,5,16.0,0,1
0.52,0.54,0,1,1,0,0,0,0.0,90,5,17.0,0,1
0.52,0.54,0,1,1,0,0,0,0.0,96,5,18.0,0,1
0.52,0.54,0,1,1,0,0,0,0.0,100,5,19.0,0,1
0.52,0.54,0,1,1,0,0,0,0.0,117,5,20.0,0,1
0.52,0.54,0,1,0,1,5,0,1.0,117,5,20.0,118,1
0.52,0.54,0,1,0,1,11,0,2.0,117,5,20.0,118,1
0.52,0.54,0,1,0,1,21,0,3.0,117,5,20.0,118,1
0.52,0.54,0,1,0,1,26,0,4.0,117,5,20.0,118,1
0.52,0.54,0,1,0,1,28,0,5.0,117,5,20.0,118,1
0.52,0.54,0,1,0,1,37,2,6.0,117,5,20.0,118,1
0.52,0.54,0,1,0,1,48,2,7.0,117,5,20.0,118,1
0.52,0.54,0,1,0,1,51,2,8.0,117,5,20.0,118,1
0.52,0.54,0,1,0,1,61,3,9.0,117,5,20.0,118,1
0.52,0.54,0,1,0,1,65,3,10.0,117,5,20.0,118,1
0.52,0.54,0,1,0,1,71,3,11.0,117,5,20.0,118,1
0.52,0.54,0,1,0,1,79,3,12.0,117,5,20.0,118,1
0.52,0.54,0,1,0,1,91,3,13.0,117,5,20.0,118,1
0.52,0.54,0,1,0,1,93,3,14.0,117,5,20.0,118,1
0.52,0.54,0,1,0,1,96,3,15.0,117,5,20.0,118,1
0.52,0.54,0,1,0,1,106,4,16.0,117,5,20.0,118,1
0.52,0.54,0,1,0,1,109,4,17.0,117,5,20.0,118,1
0.52,0.54,0,1,0,1,113,4,18.0,117,5,20.0,118,1
0.52,0.54,0,1,0,1,123,4,18.67,117,5,20.0,118,1
0.53,0.42,0,1,1,0,0,0,0.0,12,0,1.0,0,0
0.53,0.42,0,1,1,0,0,0,0.0,16,0,2.0,0,0
0.53,0.42,0,1,1,0,0,0,0.0,27,1,3.0,0,0
0.53,0.42,0,1,1,0,0,0,0.0,30,1,4.0,0,0
0.53,0.42,0,1,1,0,0,0,0.0,45,1,5.0,0,0
0.53,0.42,0,1,1,0,0,0,0.0,58,1,6.0,0,0
0.53,0.42,0,1,1,0,0,0,0.0,65,1,7.0,0,0
0.53,0.42,0,1,1,0,0,0,0.0,77,1,8.0,0,0
0.53,0.42,0,1,1,0,0,0,0.0,82,2,9.0,0,0
0.53,0.42,0,1,1,0,0,0,0.0,89,2,10.0,0,0
0.53,0.42,0,1,1,0,0,0,0.0,105,3,11.0,0,0
0.53,0.42,0,1,1,0,0,0,0.0,115,3,12.0,0,0
0.53,0.42,0,1,1,0,0,0,0.0,130,3,13.0,0,0
0.53,0.42,0,1,1,0,0,0,0.0,134,4,14.0,0,0
0.53,0.42,0,1,1,0,0,0,0.0,144,4,15.0,0,0
0.53,0.42,0,1,1,0,0,0,0.0,147,4,16.0,0,0
0.53,0.42,0,1,1,0,0,0,0.0,155,4,17.0,0,0
0.53,0.42,0,1,1,0,0,0,0.0,166,4,18.0,0,0
0.53,0.42,0,1,1,0,0,0,0.0,168,6,19.0,0,0
0.53,0.42,0,1,1,0,0,0,0.0,173,6,20.0,0,0
0.53,0.42,0,1,0,1,7,1,1.0,173,6,20.0,174,0
0.53,0.42,0,1,0,1,20,2,2.0,173,6,20.0,174,0
0.53,0.42,0,1,0,1,22,3,3.0,173,6,20.0,174,0
0.53,0.42,0,1,0,1,27,3,4.0,173,6,20.0,174,0
0.53,0.42,0,1,0,1,39,3,5.0,173,6,20.0,174,0
0.53,0.42,0,1,0,1,44,3,6.0,173,6,20.0,174,0
0.53,0.42,0,1,0,1,55,3,7.0,173,6,20.0,174,0
0.53,0.42,0,1,0,1,63,3,8.0,173,6,20.0,174,0
0.53,0.42,0,1,0,1,65,4,9.0,173,6,20.0,174,0
0.53,0.42,0,1,0,1,71,5,10.0,173,6,20.0,174,0
0.53,0.42,0,1,0,1,77,5,11.0,173,6,20.0,174,0
0.53,0.42,0,1,0,1,87,5,12.0,173,6,20.0,174,0
0.53,0.42,0,1,0,1,93,6,13.0,173,6,20.0,174,0
0.53,0.42,0,1,0,1,104,7,14.0,173,6,20.0,174,0
0.53,0.42,0,1,0,1,113,7,15.0,173,6,20.0,174,0
0.53,0.42,0,1,0,1,126,7,16.0,173,6,20.0,174,0
0.53,0.42,0,1,0,1,136,8,17.0,173,6,20.0,174,0
0.53,0.42,0,1,0,1,146,9,18.0,173,6,20.0,174,0
0.53,0.42,0,1,0,1,156,10,19.0,173,6,20.0,174,0
0.53,0.42,0,1,0,1,156,10,19.17,173,6,20.0,174,0
0.57,0.6,0,0,1,1,4,0,1.0,0,0,0.0,0,0
0.57,0.6,0,0,1,1,8,0,2.0,0,0,0.0,0,0
0.57,0.6,0,0,1,1,21,0,3.0,0,0,0.0,0,0
0.57,0.6,0,0,1,1,28,0,4.0,0,0,0.0,0,0
0.57,0.6,0,0,1,1,33,1,5.0,0,0,0.0,0,0
0.57,0.6,0,0,1,1,37,1,6.0,0,0,0.0,0,0
0.57,0.6,0,0,1,1,42,1,7.0,0,0,0.0,0,0
0.57,0.6,0,0,1,1,54,1,8.0,0,0,0.0,0,0
0.57,0.6,0,0,1,1,61,1,9.0,0,0,0.0,0,0
0.57,0.6,0,0,1,1,65,1,10.0,0,0,0.0,0,0
0.57,0.6,0,0,1,1,71,1,11.0,0,0,0.0,0,0
0.57,0.6,0,0,1,1,74,1,12.0,0,0,0.0,0,0
0.57,0.6,0,0,1,1,84,1,13.0,0,0,0.0,0,0
0.57,0.6,0,0,1,1,90,1,14.0,0,0,0.0,0,0
0.57,0.6,0,0,1,1,100,1,15.0,0,0,0.0,0,0
0.57,0.6,0,0,1,1,109,2,16.0,0,0,0.0,0,0
0.57,0.6,0,0,1,1,116,2,17.0,0,0,0.0,0,0
0.57,0.6,0,0,1,1,128,2,18.0,0,0,0.0,0,0
0.57,0.6,0,0,1,1,139,2,19.0,0,0,0.0,0,0
0.57,0.6,0,0,1,1,141,2,20.0,0,0,0.0,0,0
0.57,0.6,0,0,0,0,141,2,20.0,8,0,1.0,142,0
0.57,0.6,0,0,0,0,141,2,20.0,12,1,2.0,142,0
0.57,0.6,0,0,0,0,141,2,20.0,25,1,3.0,142,0
0.57,0.6,0,0,0,0,141,2,20.0,42,2,4.0,142,0
0.57,0.6,0,0,0,0,141,2,20.0,45,2,5.0,142,0
0.57,0.6,0,0,0,0,141,2,20.0,47,3,6.0,142,0
0.57,0.6,0,0,0,0,141,2,20.0,54,3,7.0,142,0
0.57,0.6,0,0,0,0,141,2,20.0,66,3,8.0,142,0
0.57,0.6,0,0,0,0,141,2,20.0,73,4,9.0,142,0
0.57,0.6,0,0,0,0,141,2,20.0,80,5,10.0,142,0
0.57,0.6,0,0,0,0,141,2,20.0,93,5,11.0,142,0
0.57,0.6,0,0,0,0,141,2,20.0,101,5,12.0,142,0
0.57,0.6,0,0,0,0,141,2,20.0,104,6,13.0,142,0
0.57,0.6,0,0,0,0,141,2,20.0,117,6,14.0,142,0
0.57,0.6,0,0,0,0,141,2,20.0,122,6,15.0,142,0
0.57,0.6,0,0,0,0,141,2,20.0,138,6,16.0,142,0
0.57,0.6,0,0,0,0,141,2,20.0,143,6,16.33,142,0
0.42,0.55,0,1,1,0,0,0,0.0,21,1,1.0,0,0
0.42,0.55,0,1,1,0,0,0,0.0,33,1,2.0,0,0
0.42,0.55,0,1,1,0,0,0,0.0,34,1,3.0,0,0
0.42,0.55,0,1,1,0,0,0,0.0,39,1,4.0,0,0
0.42,0.55,0,1,1,0,0,0,0.0,43,1,5.0,0,0
0.42,0.55,0,1,1,0,0,0,0.0,51,1,6.0,0,0
0.42,0.55,0,1,1,0,0,0,0.0,61,1,7.0,0,0
0.42,0.55,0,1,1,0,0,0,0.0,73,1,8.0,0,0
0.42,0.55,0,1,1,0,0,0,0.0,85,1,9.0,0,0
0.42,0.55,0,1,1,0,0,0,0.0,86,2,10.0,0,0
0.42,0.55,0,1,1,0,0,0,0.0,91,2,11.0,0,0
0.42,0.55,0,1,1,0,0,0,0.0,98,2,12.0,0,0
0.42,0.55,0,1,1,0,0,0,0.0,108,2,13.0,0,0
0.42,0.55,0,1,1,0,0,0,0.0,110,3,14.0,0,0
0.42,0.55,0,1,1,0,0,0,0.0,112,3,15.0,0,0
0.42,0.55,0,1,1,0,0,0,0.0,116,3,16.0,0,0
0.42,0.55,0,1,1,0,0,0,0.0,129,3,17.0,0,0
0.42,0.55,0,1,1,0,0,0,0.0,141,3,18.0,0,0
0.42,0.55,0,1,1,0,0,0,0.0,146,3,19.0,0,0
0.42,0.55,0,1,1,0,0,0,0.0,150,3,20.0,0,0
0.42,0.55,0,1,0,1,2,0,1.0,150,3,20.0,151,0
0.42,0.55,0,1,0,1,10,1,2.0,150,3,20.0,151,0
0.42,0.55,0,1,0,1,18,1,3.0,150,3,20.0,151,0
0.42,0.55,0,1,0,1,20,2,4.0,150,3,20.0,151,0
0.42,0.55,0,1,0,1,24,2,5.0,150,3,20.0,151,0
0.42,0.55,0,1,0,1,31,2,6.0,150,3,20.0,151,0
0.42,0.55,0,1,0,1,37,2,7.0,150,3,20.0,151,0
0.42,0.55,0,1,0,1,38,2,8.0,150,3,20.0,151,0
0.42,0.55,0,1,0,1,44,2,9.0,150,3,20.0,151,0
0.42,0.55,0,1,0,1,52,2,10.0,150,3,20.0,151,0
0.42,0.55,0,1,0,1,68,2,11.0,150,3,20.0,151,0
0.42,0.55,0,1,0,1,76,2,12.0,150,3,20.0,151,0
0.42,0.55,0,1,0,1,85,2,13.0,150,3,20.0,151,0
0.42,0.55,0,1,0,1,89,2,14.0,150,3,20.0,151,0
0.42,0.55,0,1,0,1,98,3,15.0,150,3,20.0,151,0
0.42,0.55,0,1,0,1,108,3,16.0,150,3,20.0,151,0
0.42,0.55,0,1,0,1,122,4,17.0,150,3,20.0,151,0
0.42,0.55,0,1,0,1,131,4,18.0,150,3,20.0,151,0
0.42,0.55,0,1,0,1,141,4,19.0,150,3,20.0,151,0
0.42,0.55,0,1,0,1,148,5,20.0,150,3,20.0,151,0
0.49,0.37,0,0,1,1,7,0,1.0,0,0,0.0,0,1
0.49,0.37,0,0,1,1,12,0,2.0,0,0,0.0,0,1
0.49,0.37,0,0,1,1,18,0,3.0,0,0,0.0,0,1
0.49,0.37,0,0,1,1,22,1,4.0,0,0,0.0,0,1
0.49,0.37,0,0,1,1,32,1,5.0,0,0,0.0,0,1
0.49,0.37,0,0,1,1,37,1,6.0,0,0,0.0,0,1
0.49,0.37,0,0,1,1,54,1,7.0,0,0,0.0,0,1
0.49,0.37,0,0,1,1,59,1,8.0,0,0,0.0,0,1
0.49,0.37,0,0,1,1,63,1,9.0,0,0,0.0,0,1
0.49,0.37,0,0,1,1,69,1,10.0,0,0,0.0,0,1
0.49,0.37,0,0,1,1,71,2,11.0,0,0,0.0,0,1
0.49,0.37,0,0,1,1,78,3,12.0,0,0,0.0,0,1
0.49,0.37,0,0,1,1,85,4,13.0,0,0,0.0,0,1
0.49,0.37,0,0,1,1,88,4,14.0,0,0,0.0,0,1
0.49,0.37,0,0,1,1,93,4,15.0,0,0,0.0,0,1
0.49,0.37,0,0,1,1,111,4,16.0,0,0,0.0,0,1
0.49,0.37,0,0,1,1,122,4,17.0,0,0,0.0,0,1
0.49,0.37,0,0,1,1,123,5,18.0,0,0,0.0,0,1
0.49,0.37,0,0,1,1,128,5,19.0,0,0,0.0,0,1
0.49,0.37,0,0,1,1,131,5,20.0,0,0,0.0,0,1
0.49,0.37,0,0,0,0,131,5,20.0,7,0,1.0,132,1
0.49,0.37,0,0,0,0,131,5,20.0,9,0,2.0,132,1
0.49,0.37,0,0,0,0,131,5,20.0,12,0,3.0,132,1
0.49,0.37,0,0,0,0,131,5,20.0,17,0,4.0,132,1
0.49,0.37,0,0,0,0,131,5,20.0,27,0,5.0,132,1
0.49,0.37,0,0,0,0,131,5,20.0,37,0,6.0,132,1
0.49,0.37,0,0,0,0,131,5,20.0,47,0,7.0,132,1
0.49,0.37,0,0,0,0,131,5,20.0,47,0,8.0,132,1
0.49,0.37,0,0,0,0,131,5,20.0,51,0,9.0,132,1
0.49,0.37,0,0,0,0,131,5,20.0,61,2,10.0,132,1
0.49,0.37,0,0,0,0,131,5,20.0,65,2,11.0,132,1
0.49,0.37,0,0,0,0,131,5,20.0,73,2,12.0,132,1
0.49,0.37,0,0,0,0,131,5,20.0,76,2,13.0,132,1
0.49,0.37,0,0,0,0,131,5,20.0,88,2,14.0,132,1
0.49,0.37,0,0,0,0,131,5,20.0,90,2,15.0,132,1
0.49,0.37,0,0,0,0,131,5,20.0,90,3,16.0,132,1
0.49,0.37,0,0,0,0,131,5,20.0,98,3,17.0,132,1
0.49,0.37,0,0,0,0,131,5,20.0,110,3,18.0,132,1
0.49,0.37,0,0,0,0,131,5,20.0,118,3,19.0,132,1
0.49,0.37,0,0,0,0,131,5,20.0,126,3,20.0,132,1
0.61,0.52,1,1,1,1,4,0,1.0,0,0,0.0,0,0
0.61,0.52,1,1,1,1,21,0,2.0,0,0,0.0,0,0
0.61,0.52,1,1,1,1,26,0,3.0,0,0,0.0,0,0
0.61,0.52,1,1,1,1,31,0,4.0,0,0,0.0,0,0
0.61,0.52,1,1,1,1,34,0,5.0,0,0,0.0,0,0
0.61,0.52,1,1,1,1,38,0,6.0,0,0,0.0,0,0
0.61,0.52,1,1,1,1,43,1,7.0,0,0,0.0,0,0
0.61,0.52,1,1,1,1,49,1,8.0,0,0,0.0,0,0
0.61,0.52,1,1,1,1,53,1,9.0,0,0,0.0,0,0
0.61,0.52,1,1,1,1,58,1,10.0,0,0,0.0,0,0
0.61,0.52,1,1,1,1,65,1,11.0,0,0,0.0,0,0
0.61,0.52,1,1,1,1,74,1,12.0,0,0,0.0,0,0
0.61,0.52,1,1,1,1,76,2,13.0,0,0,0.0,0,0
0.61,0.52,1,1,1,1,81,2,14.0,0,0,0.0,0,0
0.61,0.52,1,1,1,1,85,2,15.0,0,0,0.0,0,0
0.61,0.52,1,1,1,1,94,2,16.0,0,0,0.0,0,0
0.61,0.52,1,1,1,1,104,2,17.0,0,0,0.0,0,0
0.61,0.52,1,1,1,1,114,2,18.0,0,0,0.0,0,0
0.61,0.52,1,1,1,1,127,2,19.0,0,0,0.0,0,0
0.61,0.52,1,1,1,1,140,2,20.0,0,0,0.0,0,0
0.61,0.52,1,1,0,0,140,2,20.0,12,0,1.0,141,0
0.61,0.52,1,1,0,0,140,2,20.0,26,0,2.0,141,0
0.61,0.52,1,1,0,0,140,2,20.0,32,0,3.0,141,0
0.61,0.52,1,1,0,0,140,2,20.0,37,0,4.0,141,0
0.61,0.52,1,1,0,0,140,2,20.0,46,0,5.0,141,0
0.61,0.52,1,1,0,0,140,2,20.0,54,0,6.0,141,0
0.61,0.52,1,1,0,0,140,2,20.0,66,1,7.0,141,0
0.61,0.52,1,1,0,0,140,2,20.0,76,2,8.0,141,0
0.61,0.52,1,1,0,0,140,2,20.0,84,2,9.0,141,0
0.61,0.52,1,1,0,0,140,2,20.0,94,2,10.0,141,0
0.61,0.52,1,1,0,0,140,2,20.0,96,2,11.0,141,0
0.61,0.52,1,1,0,0,140,2,20.0,98,2,12.0,141,0
0.61,0.52,1,1,0,0,140,2,20.0,104,2,13.0,141,0
0.61,0.52,1,1,0,0,140,2,20.0,111,2,14.0,141,0
0.61,0.52,1,1,0,0,140,2,20.0,120,2,15.0,141,0
0.61,0.52,1,1,0,0,140,2,20.0,127,2,16.0,141,0
0.61,0.52,1,1,0,0,140,2,20.0,132,2,17.0,141,0
0.61,0.52,1,1,0,0,140,2,20.0,135,3,18.0,141,0
0.61,0.52,1,1,0,0,140,2,20.0,140,3,19.0,141,0
0.61,0.52,1,1,0,0,140,2,20.0,142,3,19.17,141,0
0.53,0.56,0,1,1,0,0,0,0.0,8,0,1.0,0,1
0.53,0.56,0,1,1,0,0,0,0.0,11,0,2.0,0,1
0.53,0.56,0,1,1,0,0,0,0.0,14,1,3.0,0,1
0.53,0.56,0,1,1,0,0,0,0.0,17,2,4.0,0,1
0.53,0.56,0,1,1,0,0,0,0.0,25,2,5.0,0,1
0.53,0.56,0,1,1,0,0,0,0.0,30,2,6.0,0,1
0.53,0.56,0,1,1,0,0,0,0.0,35,2,7.0,0,1
0.53,0.56,0,1,1,0,0,0,0.0,47,2,8.0,0,1
0.53,0.56,0,1,1,0,0,0,0.0,57,2,9.0,0,1
0.53,0.56,0,1,1,0,0,0,0.0,67,2,10.0,0,1
0.53,0.56,0,1,1,0,0,0,0.0,73,2,11.0,0,1
0.53,0.56,0,1,1,0,0,0,0.0,78,4,12.0,0,1
0.53,0.56,0,1,1,0,0,0,0.0,85,4,13.0,0,1
0.53,0.56,0,1,1,0,0,0,0.0,88,4,14.0,0,1
0.53,0.56,0,1,1,0,0,0,0.0,90,4,15.0,0,1
0.53,0.56,0,1,1,0,0,0,0.0,97,4,16.0,0,1
0.53,0.56,0,1,1,0,0,0,0.0,104,4,17.0,0,1
0.53,0.56,0,1,1,0,0,0,0.0,111,4,18.0,0,1
0.53,0.56,0,1,1,0,0,0,0.0,117,4,19.0,0,1
0.53,0.56,0,1,1,0,0,0,0.0,121,4,20.0,0,1
0.53,0.56,0,1,0,1,9,0,1.0,121,4,20.0,122,1
0.53,0.56,0,1,0,1,15,0,2.0,121,4,20.0,122,1
0.53,0.56,0,1,0,1,24,0,3.0,121,4,20.0,122,1
0.53,0.56,0,1,0,1,27,0,4.0,121,4,20.0,122,1
0.53,0.56,0,1,0,1,34,0,5.0,121,4,20.0,122,1
0.53,0.56,0,1,0,1,40,1,6.0,121,4,20.0,122,1
0.53,0.56,0,1,0,1,43,2,7.0,121,4,20.0,122,1
0.53,0.56,0,1,0,1,52,2,8.0,121,4,20.0,122,1
0.53,0.56,0,1,0,1,56,2,9.0,121,4,20.0,122,1
0.53,0.56,0,1,0,1,58,2,10.0,121,4,20.0,122,1
0.53,0.56,0,1,0,1,62,2,11.0,121,4,20.0,122,1
0.53,0.56,0,1,0,1,68,3,12.0,121,4,20.0,122,1
0.53,0.56,0,1,0,1,76,3,13.0,121,4,20.0,122,1
0.53,0.56,0,1,0,1,84,3,14.0,121,4,20.0,122,1
0.53,0.56,0,1,0,1,87,4,15.0,121,4,20.0,122,1
0.53,0.56,0,1,0,1,91,5,16.0,121,4,20.0,122,1
0.53,0.56,0,1,0,1,95,5,17.0,121,4,20.0,122,1
0.53,0.56,0,1,0,1,106,5,18.0,121,4,20.0,122,1
0.53,0.56,0,1,0,1,114,6,19.0,121,4,20.0,122,1
0.53,0.56,0,1,0,1,122,6,19.67,121,4,20.0,122,1
0.46,0.62,0,1,1,0,0,0,0.0,5,0,1.0,0,1
0.46,0.62,0,1,1,0,0,0,0.0,10,0,2.0,0,1
0.46,0.62,0,1,1,0,0,0,0.0,14,0,3.0,0,1
0.46,0.62,0,1,1,0,0,0,0.0,24,0,4.0,0,1
0.46,0.62,0,1,1,0,0,0,0.0,33,0,5.0,0,1
0.46,0.62,0,1,1,0,0,0,0.0,44,0,6.0,0,1
0.46,0.62,0,1,1,0,0,0,0.0,48,1,7.0,0,1
0.46,0.62,0,1,1,0,0,0,0.0,58,1,8.0,0,1
0.46,0.62,0,1,1,0,0,0,0.0,74,1,9.0,0,1
0.46,0.62,0,1,1,0,0,0,0.0,91,1,10.0,0,1
0.46,0.62,0,1,1,0,0,0,0.0,100,1,11.0,0,1
0.46,0.62,0,1,1,0,0,0,0.0,108,1,12.0,0,1
0.46,0.62,0,1,1,0,0,0,0.0,115,1,13.0,0,1
0.46,0.62,0,1,1,0,0,0,0.0,127,1,14.0,0,1
0.46,0.62,0,1,1,0,0,0,0.0,136,1,15.0,0,1
0.46,0.62,0,1,1,0,0,0,0.0,143,1,16.0,0,1
0.46,0.62,0,1,1,0,0,0,0.0,150,1,17.0,0,1
0.46,0.62,0,1,1,0,0,0,0.0,160,1,18.0,0,1
0.46,0.62,0,1,1,0,0,0,0.0,165,1,19.0,0,1
0.46,0.62,0,1,1,0,0,0,0.0,190,1,20.0,0,1
0.46,0.62,0,1,0,1,9,0,1.0,190,1,20.0,191,1
0.46,0.62,0,1,0,1,15,0,2.0,190,1,20.0,191,1
0.46,0.62,0,1,0,1,20,0,3.0,190,1,20.0,191,1
0.46,0.62,0,1,0,1,32,0,4.0,190,1,20.0,191,1
0.46,0.62,0,1,0,1,36,1,5.0,190,1,20.0,191,1
0.46,0.62,0,1,0,1,40,1,6.0,190,1,20.0,191,1
0.46,0.62,0,1,0,1,42,1,7.0,190,1,20.0,191,1
0.46,0.62,0,1,0,1,60,1,8.0,190,1,20.0,191,1
0.46,0.62,0,1,0,1,72,1,9.0,190,1,20.0,191,1
0.46,0.62,0,1,0,1,78,1,10.0,190,1,20.0,191,1
0.46,0.62,0,1,0,1,84,1,11.0,190,1,20.0,191,1
0.46,0.62,0,1,0,1,92,2,12.0,190,1,20.0,191,1
0.46,0.62,0,1,0,1,104,2,13.0,190,1,20.0,191,1
0.46,0.62,0,1,0,1,112,4,14.0,190,1,20.0,191,1
0.46,0.62,0,1,0,1,126,4,15.0,190,1,20.0,191,1
0.46,0.62,0,1,0,1,130,4,16.0,190,1,20.0,191,1
0.46,0.62,0,1,0,1,138,5,17.0,190,1,20.0,191,1
0.46,0.62,0,1,0,1,152,5,18.0,190,1,20.0,191,1
0.46,0.62,0,1,0,1,174,5,19.0,190,1,20.0,191,1
0.46,0.62,0,1,0,1,192,5,19.67,190,1,20.0,191,1
0.64,0.41,0,1,1,0,0,0,0.0,5,0,1.0,0,1
0.64,0.41,0,1,1,0,0,0,0.0,11,0,2.0,0,1
0.64,0.41,0,1,1,0,0,0,0.0,16,0,3.0,0,1
0.64,0.41,0,1,1,0,0,0,0.0,21,1,4.0,0,1
0.64,0.41,0,1,1,0,0,0,0.0,29,2,5.0,0,1
0.64,0.41,0,1,1,0,0,0,0.0,34,2,6.0,0,1
0.64,0.41,0,1,1,0,0,0,0.0,35,2,7.0,0,1
0.64,0.41,0,1,1,0,0,0,0.0,44,2,8.0,0,1
0.64,0.41,0,1,1,0,0,0,0.0,60,2,9.0,0,1
0.64,0.41,0,1,1,0,0,0,0.0,65,2,10.0,0,1
0.64,0.41,0,1,1,0,0,0,0.0,72,2,11.0,0,1
0.64,0.41,0,1,1,0,0,0,0.0,72,2,12.0,0,1
0.64,0.41,0,1,1,0,0,0,0.0,77,2,13.0,0,1
0.64,0.41,0,1,1,0,0,0,0.0,83,2,14.0,0,1
0.64,0.41,0,1,1,0,0,0,0.0,95,2,15.0,0,1
0.64,0.41,0,1,1,0,0,0,0.0,102,2,16.0,0,1
0.64,0.41,0,1,1,0,0,0,0.0,119,2,17.0,0,1
0.64,0.41,0,1,1,0,0,0,0.0,128,2,18.0,0,1
0.64,0.41,0,1,1,0,0,0,0.0,132,2,19.0,0,1
0.64,0.41,0,1,1,0,0,0,0.0,138,3,20.0,0,1
0.64,0.41,0,1,0,1,3,0,1.0,138,3,20.0,139,1
0.64,0.41,0,1,0,1,22,0,2.0,138,3,20.0,139,1
0.64,0.41,0,1,0,1,31,0,3.0,138,3,20.0,139,1
0.64,0.41,0,1,0,1,38,0,4.0,138,3,20.0,139,1
0.64,0.41,0,1,0,1,49,0,5.0,138,3,20.0,139,1
0.64,0.41,0,1,0,1,52,1,6.0,138,3,20.0,139,1
0.64,0.41,0,1,0,1,61,1,7.0,138,3,20.0,139,1
0.64,0.41,0,1,0,1,68,2,8.0,138,3,20.0,139,1
0.64,0.41,0,1,0,1,74,2,9.0,138,3,20.0,139,1
0.64,0.41,0,1,0,1,86,2,10.0,138,3,20.0,139,1
0.64,0.41,0,1,0,1,97,2,11.0,138,3,20.0,139,1
0.64,0.41,0,1,0,1,110,2,12.0,138,3,20.0,139,1
0.64,0.41,0,1,0,1,127,2,13.0,138,3,20.0,139,1
0.64,0.41,0,1,0,1,139,2,14.0,138,3,20.0,139,1
0.46,0.35,0,1,1,0,0,0,0.0,6,0,1.0,0,1
0.46,0.35,0,1,1,0,0,0,0.0,19,0,2.0,0,1
0.46,0.35,0,1,1,0,0,0,0.0,33,0,3.0,0,1
0.46,0.35,0,1,1,0,0,0,0.0,39,0,4.0,0,1
0.46,0.35,0,1,1,0,0,0,0.0,44,0,5.0,0,1
0.46,0.35,0,1,1,0,0,0,0.0,53,1,6.0,0,1
0.46,0.35,0,1,1,0,0,0,0.0,55,1,7.0,0,1
0.46,0.35,0,1,1,0,0,0,0.0,64,1,8.0,0,1
0.46,0.35,0,1,1,0,0,0,0.0,71,2,9.0,0,1
0.46,0.35,0,1,1,0,0,0,0.0,80,2,10.0,0,1
0.46,0.35,0,1,1,0,0,0,0.0,90,2,11.0,0,1
0.46,0.35,0,1,1,0,0,0,0.0,93,2,12.0,0,1
0.46,0.35,0,1,1,0,0,0,0.0,103,2,13.0,0,1
0.46,0.35,0,1,1,0,0,0,0.0,116,2,14.0,0,1
0.46,0.35,0,1,1,0,0,0,0.0,124,2,15.0,0,1
0.46,0.35,0,1,1,0,0,0,0.0,131,2,16.0,0,1
0.46,0.35,0,1,1,0,0,0,0.0,135,2,17.0,0,1
0.46,0.35,0,1,1,0,0,0,0.0,142,2,18.0,0,1
0.46,0.35,0,1,1,0,0,0,0.0,150,2,19.0,0,1
0.46,0.35,0,1,1,0,0,0,0.0,157,2,20.0,0,1
0.46,0.35,0,1,0,1,10,0,1.0,157,2,20.0,158,1
0.46,0.35,0,1,0,1,25,0,2.0,157,2,20.0,158,1
0.46,0.35,0,1,0,1,31,1,3.0,157,2,20.0,158,1
0.46,0.35,0,1,0,1,37,1,4.0,157,2,20.0,158,1
0.46,0.35,0,1,0,1,41,2,5.0,157,2,20.0,158,1
0.46,0.35,0,1,0,1,49,2,6.0,157,2,20.0,158,1
0.46,0.35,0,1,0,1,55,2,7.0,157,2,20.0,158,1
0.46,0.35,0,1,0,1,63,2,8.0,157,2,20.0,158,1
0.46,0.35,0,1,0,1,68,2,9.0,157,2,20.0,158,1
0.46,0.35,0,1,0,1,76,2,10.0,157,2,20.0,158,1
0.46,0.35,0,1,0,1,82,2,11.0,157,2,20.0,158,1
0.46,0.35,0,1,0,1,85,2,12.0,157,2,20.0,158,1
0.46,0.35,0,1,0,1,101,2,13.0,157,2,20.0,158,1
0.46,0.35,0,1,0,1,111,2,14.0,157,2,20.0,158,1
0.46,0.35,0,1,0,1,122,2,15.0,157,2,20.0,158,1
0.46,0.35,0,1,0,1,126,3,16.0,157,2,20.0,158,1
0.46,0.35,0,1,0,1,135,3,17.0,157,2,20.0,158,1
0.46,0.35,0,1,0,1,138,4,18.0,157,2,20.0,158,1
0.46,0.35,0,1,0,1,148,4,19.0,157,2,20.0,158,1
0.46,0.35,0,1,0,1,159,4,19.83,157,2,20.0,158,1
0.62,0.5,0,1,1,0,0,0,0.0,4,0,1.0,0,1
0.62,0.5,0,1,1,0,0,0,0.0,7,0,2.0,0,1
0.62,0.5,0,1,1,0,0,0,0.0,9,0,3.0,0,1
0.62,0.5,0,1,1,0,0,0,0.0,17,0,4.0,0,1
0.62,0.5,0,1,1,0,0,0,0.0,24,0,5.0,0,1
0.62,0.5,0,1,1,0,0,0,0.0,31,1,6.0,0,1
0.62,0.5,0,1,1,0,0,0,0.0,37,2,7.0,0,1
0.62,0.5,0,1,1,0,0,0,0.0,45,2,8.0,0,1
0.62,0.5,0,1,1,0,0,0,0.0,56,2,9.0,0,1
0.62,0.5,0,1,1,0,0,0,0.0,73,3,10.0,0,1
0.62,0.5,0,1,1,0,0,0,0.0,84,4,11.0,0,1
0.62,0.5,0,1,1,0,0,0,0.0,93,4,12.0,0,1
0.62,0.5,0,1,1,0,0,0,0.0,100,4,13.0,0,1
0.62,0.5,0,1,1,0,0,0,0.0,105,4,14.0,0,1
0.62,0.5,0,1,1,0,0,0,0.0,106,4,15.0,0,1
0.62,0.5,0,1,1,0,0,0,0.0,115,4,16.0,0,1
0.62,0.5,0,1,1,0,0,0,0.0,117,5,17.0,0,1
0.62,0.5,0,1,1,0,0,0,0.0,119,5,18.0,0,1
0.62,0.5,0,1,1,0,0,0,0.0,122,7,19.0,0,1
0.62,0.5,0,1,1,0,0,0,0.0,129,8,20.0,0,1
0.62,0.5,0,1,0,1,4,0,1.0,129,8,20.0,130,1
0.62,0.5,0,1,0,1,10,0,2.0,129,8,20.0,130,1
0.62,0.5,0,1,0,1,19,0,3.0,129,8,20.0,130,1
0.62,0.5,0,1,0,1,22,0,4.0,129,8,20.0,130,1
0.62,0.5,0,1,0,1,25,0,5.0,129,8,20.0,130,1
0.62,0.5,0,1,0,1,37,0,6.0,129,8,20.0,130,1
0.62,0.5,0,1,0,1,44,0,7.0,129,8,20.0,130,1
0.62,0.5,0,1,0,1,49,1,8.0,129,8,20.0,130,1
0.62,0.5,0,1,0,1,52,1,9.0,129,8,20.0,130,1
0.62,0.5,0,1,0,1,57,1,10.0,129,8,20.0,130,1
0.62,0.5,0,1,0,1,60,2,11.0,129,8,20.0,130,1
0.62,0.5,0,1,0,1,68,2,12.0,129,8,20.0,130,1
0.62,0.5,0,1,0,1,73,3,13.0,129,8,20.0,130,1
0.62,0.5,0,1,0,1,79,3,14.0,129,8,20.0,130,1
0.62,0.5,0,1,0,1,85,3,15.0,129,8,20.0,130,1
0.62,0.5,0,1,0,1,97,3,16.0,129,8,20.0,130,1
0.62,0.5,0,1,0,1,113,4,17.0,129,8,20.0,130,1
0.62,0.5,0,1,0,1,127,4,18.0,129,8,20.0,130,1
0.62,0.5,0,1,0,1,131,4,19.0,129,8,20.0,130,1
0.41,0.52,0,0,1,1,3,0,1.0,0,0,0.0,0,0
0.41,0.52,0,0,1,1,7,0,2.0,0,0,0.0,0,0
0.41,0.52,0,0,1,1,12,0,3.0,0,0,0.0,0,0
0.41,0.52,0,0,1,1,17,1,4.0,0,0,0.0,0,0
0.41,0.52,0,0,1,1,25,1,5.0,0,0,0.0,0,0
0.41,0.52,0,0,1,1,32,1,6.0,0,0,0.0,0,0
0.41,0.52,0,0,1,1,47,1,7.0,0,0,0.0,0,0
0.41,0.52,0,0,1,1,49,1,8.0,0,0,0.0,0,0
0.41,0.52,0,0,1,1,58,1,9.0,0,0,0.0,0,0
0.41,0.52,0,0,1,1,69,1,10.0,0,0,0.0,0,0
0.41,0.52,0,0,1,1,79,1,11.0,0,0,0.0,0,0
0.41,0.52,0,0,1,1,84,1,12.0,0,0,0.0,0,0
0.41,0.52,0,0,1,1,91,1,13.0,0,0,0.0,0,0
0.41,0.52,0,0,1,1,97,1,14.0,0,0,0.0,0,0
0.41,0.52,0,0,1,1,105,2,15.0,0,0,0.0,0,0
0.41,0.52,0,0,1,1,112,3,16.0,0,0,0.0,0,0
0.41,0.52,0,0,1,1,122,3,17.0,0,0,0.0,0,0
0.41,0.52,0,0,1,1,129,4,18.0,0,0,0.0,0,0
0.41,0.52,0,0,1,1,131,4,19.0,0,0,0.0,0,0
0.41,0.52,0,0,1,1,139,4,20.0,0,0,0.0,0,0
0.41,0.52,0,0,0,0,139,4,20.0,13,0,1.0,140,0
0.41,0.52,0,0,0,0,139,4,20.0,16,1,2.0,140,0
0.41,0.52,0,0,0,0,139,4,20.0,20,1,3.0,140,0
0.41,0.52,0,0,0,0,139,4,20.0,35,1,4.0,140,0
0.41,0.52,0,0,0,0,139,4,20.0,46,1,5.0,140,0
0.41,0.52,0,0,0,0,139,4,20.0,58,1,6.0,140,0
0.41,0.52,0,0,0,0,139,4,20.0,65,1,7.0,140,0
0.41,0.52,0,0,0,0,139,4,20.0,71,2,8.0,140,0
0.41,0.52,0,0,0,0,139,4,20.0,79,2,9.0,140,0
0.41,0.52,0,0,0,0,139,4,20.0,90,2,10.0,140,0
0.41,0.52,0,0,0,0,139,4,20.0,110,2,11.0,140,0
0.41,0.52,0,0,0,0,139,4,20.0,119,2,12.0,140,0
0.41,0.52,0,0,0,0,139,4,20.0,131,2,13.0,140,0
0.41,0.52,0,0,0,0,139,4,20.0,140,2,14.0,140,0
0.51,0.59,1,0,1,0,0,0,0.0,2,1,1.0,0,1
0.51,0.59,1,0,1,0,0,0,0.0,9,1,2.0,0,1
0.51,0.59,1,0,1,0,0,0,0.0,11,2,3.0,0,1
0.51,0.59,1,0,1,0,0,0,0.0,16,3,4.0,0,1
0.51,0.59,1,0,1,0,0,0,0.0,26,4,5.0,0,1
0.51,0.59,1,0,1,0,0,0,0.0,37,5,6.0,0,1
0.51,0.59,1,0,1,0,0,0,0.0,47,5,7.0,0,1
0.51,0.59,1,0,1,0,0,0,0.0,49,6,8.0,0,1
0.51,0.59,1,0,1,0,0,0,0.0,57,6,9.0,0,1
0.51,0.59,1,0,1,0,0,0,0.0,63,7,10.0,0,1
0.51,0.59,1,0,1,0,0,0,0.0,68,7,11.0,0,1
0.51,0.59,1,0,1,0,0,0,0.0,73,7,12.0,0,1
0.51,0.59,1,0,1,0,0,0,0.0,75,7,13.0,0,1
0.51,0.59,1,0,1,0,0,0,0.0,76,7,14.0,0,1
0.51,0.59,1,0,1,0,0,0,0.0,80,7,15.0,0,1
0.51,0.59,1,0,1,0,0,0,0.0,96,7,16.0,0,1
0.51,0.59,1,0,1,0,0,0,0.0,106,7,17.0,0,1
0.51,0.59,1,0,1,0,0,0,0.0,115,7,18.0,0,1
0.51,0.59,1,0,1,0,0,0,0.0,120,7,19.0,0,1
0.51,0.59,1,0,1,0,0,0,0.0,126,7,20.0,0,1
0.51,0.59,1,0,0,1,3,1,1.0,126,7,20.0,127,1
0.51,0.59,1,0,0,1,9,1,2.0,126,7,20.0,127,1
0.51,0.59,1,0,0,1,19,1,3.0,126,7,20.0,127,1
0.51,0.59,1,0,0,1,29,2,4.0,126,7,20.0,127,1
0.51,0.59,1,0,0,1,34,2,5.0,126,7,20.0,127,1
0.51,0.59,1,0,0,1,38,3,6.0,126,7,20.0,127,1
0.51,0.59,1,0,0,1,40,4,7.0,126,7,20.0,127,1
0.51,0.59,1,0,0,1,42,6,8.0,126,7,20.0,127,1
0.51,0.59,1,0,0,1,48,6,9.0,126,7,20.0,127,1
0.51,0.59,1,0,0,1,56,6,10.0,126,7,20.0,127,1
0.51,0.59,1,0,0,1,65,6,11.0,126,7,20.0,127,1
0.51,0.59,1,0,0,1,77,6,12.0,126,7,20.0,127,1
0.51,0.59,1,0,0,1,79,6,13.0,126,7,20.0,127,1
0.51,0.59,1,0,0,1,88,6,14.0,126,7,20.0,127,1
0.51,0.59,1,0,0,1,91,8,15.0,126,7,20.0,127,1
0.51,0.59,1,0,0,1,98,9,16.0,126,7,20.0,127,1
0.51,0.59,1,0,0,1,104,9,17.0,126,7,20.0,127,1
0.51,0.59,1,0,0,1,110,9,18.0,126,7,20.0,127,1
0.51,0.59,1,0,0,1,120,9,19.0,126,7,20.0,127,1
0.51,0.59,1,0,0,1,127,9,19.83,126,7,20.0,127,1
0.43,0.45,1,1,1,1,4,0,1.0,0,0,0.0,0,0
0.43,0.45,1,1,1,1,14,1,2.0,0,0,0.0,0,0
0.43,0.45,1,1,1,1,19,1,3.0,0,0,0.0,0,0
0.43,0.45,1,1,1,1,23,1,4.0,0,0,0.0,0,0
0.43,0.45,1,1,1,1,23,1,5.0,0,0,0.0,0,0
0.43,0.45,1,1,1,1,29,1,6.0,0,0,0.0,0,0
0.43,0.45,1,1,1,1,32,2,7.0,0,0,0.0,0,0
0.43,0.45,1,1,1,1,39,3,8.0,0,0,0.0,0,0
0.43,0.45,1,1,1,1,51,4,9.0,0,0,0.0,0,0
0.43,0.45,1,1,1,1,61,4,10.0,0,0,0.0,0,0
0.43,0.45,1,1,1,1,65,4,11.0,0,0,0.0,0,0
0.43,0.45,1,1,1,1,75,4,12.0,0,0,0.0,0,0
0.43,0.45,1,1,1,1,77,4,13.0,0,0,0.0,0,0
0.43,0.45,1,1,1,1,79,4,14.0,0,0,0.0,0,0
0.43,0.45,1,1,1,1,90,5,15.0,0,0,0.0,0,0
0.43,0.45,1,1,1,1,96,5,16.0,0,0,0.0,0,0
0.43,0.45,1,1,1,1,101,5,17.0,0,0,0.0,0,0
0.43,0.45,1,1,1,1,110,5,18.0,0,0,0.0,0,0
0.43,0.45,1,1,1,1,117,5,19.0,0,0,0.0,0,0
0.43,0.45,1,1,1,1,133,5,20.0,0,0,0.0,0,0
0.43,0.45,1,1,0,0,133,5,20.0,11,0,1.0,134,0
0.43,0.45,1,1,0,0,133,5,20.0,18,0,2.0,134,0
0.43,0.45,1,1,0,0,133,5,20.0,23,0,3.0,134,0
0.43,0.45,1,1,0,0,133,5,20.0,29,0,4.0,134,0
0.43,0.45,1,1,0,0,133,5,20.0,33,0,5.0,134,0
0.43,0.45,1,1,0,0,133,5,20.0,33,0,6.0,134,0
0.43,0.45,1,1,0,0,133,5,20.0,38,0,7.0,134,0
0.43,0.45,1,1,0,0,133,5,20.0,44,0,8.0,134,0
0.43,0.45,1,1,0,0,133,5,20.0,51,0,9.0,134,0
0.43,0.45,1,1,0,0,133,5,20.0,61,0,10.0,134,0
0.43,0.45,1,1,0,0,133,5,20.0,75,0,11.0,134,0
0.43,0.45,1,1,0,0,133,5,20.0,82,0,12.0,134,0
0.43,0.45,1,1,0,0,133,5,20.0,90,0,13.0,134,0
0.43,0.45,1,1,0,0,133,5,20.0,100,0,14.0,134,0
0.43,0.45,1,1,0,0,133,5,20.0,114,0,15.0,134,0
0.43,0.45,1,1,0,0,133,5,20.0,121,0,16.0,134,0
0.43,0.45,1,1,0,0,133,5,20.0,130,0,17.0,134,0
0.43,0.45,1,1,0,0,133,5,20.0,135,0,17.33,134,0
0.46,0.52,1,1,1,1,2,0,1.0,0,0,0.0,0,0
0.46,0.52,1,1,1,1,7,0,2.0,0,0,0.0,0,0
0.46,0.52,1,1,1,1,25,0,3.0,0,0,0.0,0,0
0.46,0.52,1,1,1,1,27,0,4.0,0,0,0.0,0,0
0.46,0.52,1,1,1,1,33,0,5.0,0,0,0.0,0,0
0.46,0.52,1,1,1,1,36,1,6.0,0,0,0.0,0,0
0.46,0.52,1,1,1,1,38,1,7.0,0,0,0.0,0,0
0.46,0.52,1,1,1,1,47,1,8.0,0,0,0.0,0,0
0.46,0.52,1,1,1,1,59,2,9.0,0,0,0.0,0,0
0.46,0.52,1,1,1,1,67,2,10.0,0,0,0.0,0,0
0.46,0.52,1,1,1,1,79,2,11.0,0,0,0.0,0,0
0.46,0.52,1,1,1,1,89,3,12.0,0,0,0.0,0,0
0.46,0.52,1,1,1,1,100,4,13.0,0,0,0.0,0,0
0.46,0.52,1,1,1,1,102,4,14.0,0,0,0.0,0,0
0.46,0.52,1,1,1,1,104,4,15.0,0,0,0.0,0,0
0.46,0.52,1,1,1,1,110,4,16.0,0,0,0.0,0,0
0.46,0.52,1,1,1,1,114,5,17.0,0,0,0.0,0,0
0.46,0.52,1,1,1,1,118,5,18.0,0,0,0.0,0,0
0.46,0.52,1,1,1,1,128,5,19.0,0,0,0.0,0,0
0.46,0.52,1,1,1,1,134,5,20.0,0,0,0.0,0,0
0.46,0.52,1,1,0,0,134,5,20.0,8,0,1.0,135,0
0.46,0.52,1,1,0,0,134,5,20.0,14,0,2.0,135,0
0.46,0.52,1,1,0,0,134,5,20.0,30,0,3.0,135,0
0.46,0.52,1,1,0,0,134,5,20.0,36,0,4.0,135,0
0.46,0.52,1,1,0,0,134,5,20.0,43,0,5.0,135,0
0.46,0.52,1,1,0,0,134,5,20.0,54,0,6.0,135,0
0.46,0.52,1,1,0,0,134,5,20.0,61,0,7.0,135,0
0.46,0.52,1,1,0,0,134,5,20.0,64,1,8.0,135,0
0.46,0.52,1,1,0,0,134,5,20.0,72,1,9.0,135,0
0.46,0.52,1,1,0,0,134,5,20.0,89,1,10.0,135,0
0.46,0.52,1,1,0,0,134,5,20.0,96,1,11.0,135,0
0.46,0.52,1,1,0,0,134,5,20.0,102,2,12.0,135,0
0.46,0.52,1,1,0,0,134,5,20.0,109,2,13.0,135,0
0.46,0.52,1,1,0,0,134,5,20.0,116,2,14.0,135,0
0.46,0.52,1,1,0,0,134,5,20.0,124,2,15.0,135,0
0.46,0.52,1,1,0,0,134,5,20.0,138,2,16.0,135,0
0.53,0.53,0,0,1,1,6,0,1.0,0,0,0.0,0,1
0.53,0.53,0,0,1,1,11,0,2.0,0,0,0.0,0,1
0.53,0.53,0,0,1,1,18,0,3.0,0,0,0.0,0,1
0.53,0.53,0,0,1,1,21,0,4.0,0,0,0.0,0,1
0.53,0.53,0,0,1,1,26,1,5.0,0,0,0.0,0,1
0.53,0.53,0,0,1,1,33,1,6.0,0,0,0.0,0,1
0.53,0.53,0,0,1,1,39,1,7.0,0,0,0.0,0,1
0.53,0.53,0,0,1,1,51,2,8.0,0,0,0.0,0,1
0.53,0.53,0,0,1,1,56,3,9.0,0,0,0.0,0,1
0.53,0.53,0,0,1,1,63,3,10.0,0,0,0.0,0,1
0.53,0.53,0,0,1,1,73,3,11.0,0,0,0.0,0,1
0.53,0.53,0,0,1,1,79,3,12.0,0,0,0.0,0,1
0.53,0.53,0,0,1,1,85,3,13.0,0,0,0.0,0,1
0.53,0.53,0,0,1,1,91,4,14.0,0,0,0.0,0,1
0.53,0.53,0,0,1,1,101,5,15.0,0,0,0.0,0,1
0.53,0.53,0,0,1,1,106,5,16.0,0,0,0.0,0,1
0.53,0.53,0,0,1,1,116,6,17.0,0,0,0.0,0,1
0.53,0.53,0,0,1,1,135,7,18.0,0,0,0.0,0,1
0.53,0.53,0,0,1,1,147,8,19.0,0,0,0.0,0,1
0.53,0.53,0,0,1,1,153,8,20.0,0,0,0.0,0,1
0.53,0.53,0,0,0,0,153,8,20.0,3,0,1.0,154,1
0.53,0.53,0,0,0,0,153,8,20.0,8,0,2.0,154,1
0.53,0.53,0,0,0,0,153,8,20.0,13,0,3.0,154,1
0.53,0.53,0,0,0,0,153,8,20.0,14,1,4.0,154,1
0.53,0.53,0,0,0,0,153,8,20.0,21,1,5.0,154,1
0.53,0.53,0,0,0,0,153,8,20.0,30,1,6.0,154,1
0.53,0.53,0,0,0,0,153,8,20.0,37,1,7.0,154,1
0.53,0.53,0,0,0,0,153,8,20.0,42,1,8.0,154,1
0.53,0.53,0,0,0,0,153,8,20.0,47,1,9.0,154,1
0.53,0.53,0,0,0,0,153,8,20.0,60,1,10.0,154,1
0.53,0.53,0,0,0,0,153,8,20.0,68,1,11.0,154,1
0.53,0.53,0,0,0,0,153,8,20.0,72,1,12.0,154,1
0.53,0.53,0,0,0,0,153,8,20.0,78,2,13.0,154,1
0.53,0.53,0,0,0,0,153,8,20.0,91,2,14.0,154,1
0.53,0.53,0,0,0,0,153,8,20.0,96,2,15.0,154,1
0.53,0.53,0,0,0,0,153,8,20.0,108,2,16.0,154,1
0.53,0.53,0,0,0,0,153,8,20.0,110,2,17.0,154,1
0.53,0.53,0,0,0,0,153,8,20.0,116,2,18.0,154,1
0.53,0.53,0,0,0,0,153,8,20.0,120,4,19.0,154,1
0.53,0.53,0,0,0,0,153,8,20.0,132,4,20.0,154,1
0.37,0.54,1,1,1,1,3,0,1.0,0,0,0.0,0,0
0.37,0.54,1,1,1,1,6,0,2.0,0,0,0.0,0,0
0.37,0.54,1,1,1,1,16,0,3.0,0,0,0.0,0,0
0.37,0.54,1,1,1,1,19,0,4.0,0,0,0.0,0,0
0.37,0.54,1,1,1,1,24,0,5.0,0,0,0.0,0,0
0.37,0.54,1,1,1,1,29,0,6.0,0,0,0.0,0,0
0.37,0.54,1,1,1,1,34,1,7.0,0,0,0.0,0,0
0.37,0.54,1,1,1,1,40,1,8.0,0,0,0.0,0,0
0.37,0.54,1,1,1,1,42,1,9.0,0,0,0.0,0,0
0.37,0.54,1,1,1,1,44,2,10.0,0,0,0.0,0,0
0.37,0.54,1,1,1,1,51,3,11.0,0,0,0.0,0,0
0.37,0.54,1,1,1,1,61,3,12.0,0,0,0.0,0,0
0.37,0.54,1,1,1,1,68,4,13.0,0,0,0.0,0,0
0.37,0.54,1,1,1,1,76,5,14.0,0,0,0.0,0,0
0.37,0.54,1,1,1,1,81,5,15.0,0,0,0.0,0,0
0.37,0.54,1,1,1,1,83,5,16.0,0,0,0.0,0,0
0.37,0.54,1,1,1,1,89,5,17.0,0,0,0.0,0,0
0.37,0.54,1,1,1,1,103,5,18.0,0,0,0.0,0,0
0.37,0.54,1,1,1,1,105,6,19.0,0,0,0.0,0,0
0.37,0.54,1,1,1,1,113,6,20.0,0,0,0.0,0,0
0.37,0.54,1,1,0,0,113,6,20.0,8,0,1.0,114,0
0.37,0.54,1,1,0,0,113,6,20.0,17,0,2.0,114,0
0.37,0.54,1,1,0,0,113,6,20.0,28,1,3.0,114,0
0.37,0.54,1,1,0,0,113,6,20.0,35,1,4.0,114,0
0.37,0.54,1,1,0,0,113,6,20.0,50,1,5.0,114,0
0.37,0.54,1,1,0,0,113,6,20.0,57,1,6.0,114,0
0.37,0.54,1,1,0,0,113,6,20.0,72,1,7.0,114,0
0.37,0.54,1,1,0,0,113,6,20.0,89,1,8.0,114,0
0.37,0.54,1,1,0,0,113,6,20.0,97,2,9.0,114,0
0.37,0.54,1,1,0,0,113,6,20.0,109,2,10.0,114,0
0.37,0.54,1,1,0,0,113,6,20.0,115,2,10.83,114,0
0.45,0.54,1,1,1,1,9,1,1.0,0,0,0.0,0,0
0.45,0.54,1,1,1,1,19,1,2.0,0,0,0.0,0,0
0.45,0.54,1,1,1,1,24,1,3.0,0,0,0.0,0,0
0.45,0.54,1,1,1,1,29,4,4.0,0,0,0.0,0,0
0.45,0.54,1,1,1,1,32,4,5.0,0,0,0.0,0,0
0.45,0.54,1,1,1,1,35,4,6.0,0,0,0.0,0,0
0.45,0.54,1,1,1,1,41,4,7.0,0,0,0.0,0,0
0.45,0.54,1,1,1,1,46,5,8.0,0,0,0.0,0,0
0.45,0.54,1,1,1,1,55,5,9.0,0,0,0.0,0,0
0.45,0.54,1,1,1,1,63,5,10.0,0,0,0.0,0,0
0.45,0.54,1,1,1,1,65,5,11.0,0,0,0.0,0,0
0.45,0.54,1,1,1,1,81,5,12.0,0,0,0.0,0,0
0.45,0.54,1,1,1,1,87,5,13.0,0,0,0.0,0,0
0.45,0.54,1,1,1,1,94,5,14.0,0,0,0.0,0,0
0.45,0.54,1,1,1,1,101,6,15.0,0,0,0.0,0,0
0.45,0.54,1,1,1,1,104,6,16.0,0,0,0.0,0,0
0.45,0.54,1,1,1,1,112,6,17.0,0,0,0.0,0,0
0.45,0.54,1,1,1,1,116,7,18.0,0,0,0.0,0,0
0.45,0.54,1,1,1,1,117,7,19.0,0,0,0.0,0,0
0.45,0.54,1,1,1,1,120,8,20.0,0,0,0.0,0,0
0.45,0.54,1,1,0,0,120,8,20.0,7,0,1.0,121,0
0.45,0.54,1,1,0,0,120,8,20.0,10,0,2.0,121,0
0.45,0.54,1,1,0,0,120,8,20.0,11,2,3.0,121,0
0.45,0.54,1,1,0,0,120,8,20.0,24,3,4.0,121,0
0.45,0.54,1,1,0,0,120,8,20.0,37,3,5.0,121,0
0.45,0.54,1,1,0,0,120,8,20.0,52,4,6.0,121,0
0.45,0.54,1,1,0,0,120,8,20.0,71,4,7.0,121,0
0.45,0.54,1,1,0,0,120,8,20.0,74,4,8.0,121,0
0.45,0.54,1,1,0,0,120,8,20.0,91,4,9.0,121,0
0.45,0.54,1,1,0,0,120,8,20.0,99,5,10.0,121,0
0.45,0.54,1,1,0,0,120,8,20.0,107,5,11.0,121,0
0.45,0.54,1,1,0,0,120,8,20.0,118,5,12.0,121,0
0.45,0.54,1,1,0,0,120,8,20.0,123,5,12.67,121,0
0.59,0.61,1,0,1,0,0,0,0.0,9,0,1.0,0,0
0.59,0.61,1,0,1,0,0,0,0.0,14,0,2.0,0,0
0.59,0.61,1,0,1,0,0,0,0.0,18,0,3.0,0,0
0.59,0.61,1,0,1,0,0,0,0.0,27,0,4.0,0,0
0.59,0.61,1,0,1,0,0,0,0.0,33,0,5.0,0,0
0.59,0.61,1,0,1,0,0,0,0.0,41,0,6.0,0,0
0.59,0.61,1,0,1,0,0,0,0.0,50,0,7.0,0,0
0.59,0.61,1,0,1,0,0,0,0.0,58,0,8.0,0,0
0.59,0.61,1,0,1,0,0,0,0.0,62,1,9.0,0,0
0.59,0.61,1,0,1,0,0,0,0.0,76,1,10.0,0,0
0.59,0.61,1,0,1,0,0,0,0.0,80,2,11.0,0,0
0.59,0.61,1,0,1,0,0,0,0.0,89,2,12.0,0,0
0.59,0.61,1,0,1,0,0,0,0.0,110,2,13.0,0,0
0.59,0.61,1,0,1,0,0,0,0.0,113,2,14.0,0,0
0.59,0.61,1,0,1,0,0,0,0.0,116,2,15.0,0,0
0.59,0.61,1,0,1,0,0,0,0.0,126,2,16.0,0,0
0.59,0.61,1,0,1,0,0,0,0.0,143,2,17.0,0,0
0.59,0.61,1,0,1,0,0,0,0.0,144,4,18.0,0,0
0.59,0.61,1,0,1,0,0,0,0.0,150,5,19.0,0,0
0.59,0.61,1,0,1,0,0,0,0.0,154,6,20.0,0,0
0.59,0.61,1,0,0,1,5,0,1.0,154,6,20.0,155,0
0.59,0.61,1,0,0,1,7,0,2.0,154,6,20.0,155,0
0.59,0.61,1,0,0,1,11,0,3.0,154,6,20.0,155,0
0.59,0.61,1,0,0,1,13,0,4.0,154,6,20.0,155,0
0.59,0.61,1,0,0,1,28,0,5.0,154,6,20.0,155,0
0.59,0.61,1,0,0,1,38,0,6.0,154,6,20.0,155,0
0.59,0.61,1,0,0,1,47,0,7.0,154,6,20.0,155,0
0.59,0.61,1,0,0,1,55,0,8.0,154,6,20.0,155,0
0.59,0.61,1,0,0,1,58,0,9.0,154,6,20.0,155,0
0.59,0.61,1,0,0,1,63,0,10.0,154,6,20.0,155,0
0.59,0.61,1,0,0,1,70,0,11.0,154,6,20.0,155,0
0.59,0.61,1,0,0,1,78,1,12.0,154,6,20.0,155,0
0.59,0.61,1,0,0,1,88,1,13.0,154,6,20.0,155,0
0.59,0.61,1,0,0,1,100,1,14.0,154,6,20.0,155,0
0.59,0.61,1,0,0,1,102,1,15.0,154,6,20.0,155,0
0.59,0.61,1,0,0,1,117,3,16.0,154,6,20.0,155,0
0.59,0.61,1,0,0,1,120,3,17.0,154,6,20.0,155,0
0.59,0.61,1,0,0,1,128,3,18.0,154,6,20.0,155,0
0.59,0.61,1,0,0,1,139,3,19.0,154,6,20.0,155,0
0.59,0.61,1,0,0,1,154,3,20.0,154,6,20.0,155,0
0.48,0.56,0,0,1,1,2,1,1.0,0,0,0.0,0,0
0.48,0.56,0,0,1,1,5,1,2.0,0,0,0.0,0,0
0.48,0.56,0,0,1,1,12,1,3.0,0,0,0.0,0,0
0.48,0.56,0,0,1,1,14,2,4.0,0,0,0.0,0,0
0.48,0.56,0,0,1,1,18,2,5.0,0,0,0.0,0,0
0.48,0.56,0,0,1,1,24,2,6.0,0,0,0.0,0,0
0.48,0.56,0,0,1,1,32,2,7.0,0,0,0.0,0,0
0.48,0.56,0,0,1,1,37,3,8.0,0,0,0.0,0,0
0.48,0.56,0,0,1,1,53,3,9.0,0,0,0.0,0,0
0.48,0.56,0,0,1,1,59,3,10.0,0,0,0.0,0,0
0.48,0.56,0,0,1,1,62,3,11.0,0,0,0.0,0,0
0.48,0.56,0,0,1,1,66,3,12.0,0,0,0.0,0,0
0.48,0.56,0,0,1,1,70,3,13.0,0,0,0.0,0,0
0.48,0.56,0,0,1,1,80,3,14.0,0,0,0.0,0,0
0.48,0.56,0,0,1,1,82,5,15.0,0,0,0.0,0,0
0.48,0.56,0,0,1,1,93,5,16.0,0,0,0.0,0,0
0.48,0.56,0,0,1,1,105,5,17.0,0,0,0.0,0,0
0.48,0.56,0,0,1,1,107,5,18.0,0,0,0.0,0,0
0.48,0.56,0,0,1,1,118,5,19.0,0,0,0.0,0,0
0.48,0.56,0,0,1,1,130,5,20.0,0,0,0.0,0,0
0.48,0.56,0,0,0,0,130,5,20.0,5,1,1.0,131,0
0.48,0.56,0,0,0,0,130,5,20.0,17,1,2.0,131,0
0.48,0.56,0,0,0,0,130,5,20.0,19,1,3.0,131,0
0.48,0.56,0,0,0,0,130,5,20.0,24,1,4.0,131,0
0.48,0.56,0,0,0,0,130,5,20.0,35,1,5.0,131,0
0.48,0.56,0,0,0,0,130,5,20.0,40,1,6.0,131,0
0.48,0.56,0,0,0,0,130,5,20.0,45,2,7.0,131,0
0.48,0.56,0,0,0,0,130,5,20.0,48,2,8.0,131,0
0.48,0.56,0,0,0,0,130,5,20.0,60,2,9.0,131,0
0.48,0.56,0,0,0,0,130,5,20.0,68,2,10.0,131,0
0.48,0.56,0,0,0,0,130,5,20.0,79,2,11.0,131,0
0.48,0.56,0,0,0,0,130,5,20.0,93,3,12.0,131,0
0.48,0.56,0,0,0,0,130,5,20.0,97,4,13.0,131,0
0.48,0.56,0,0,0,0,130,5,20.0,105,4,14.0,131,0
0.48,0.56,0,0,0,0,130,5,20.0,109,5,15.0,131,0
0.48,0.56,0,0,0,0,130,5,20.0,116,6,16.0,131,0
0.48,0.56,0,0,0,0,130,5,20.0,123,7,17.0,131,0
0.48,0.56,0,0,0,0,130,5,20.0,130,8,18.0,131,0
0.48,0.56,0,0,0,0,130,5,20.0,131,8,18.17,131,0
0.35,0.56,1,1,1,1,6,0,1.0,0,0,0.0,0,0
0.35,0.56,1,1,1,1,11,0,2.0,0,0,0.0,0,0
0.35,0.56,1,1,1,1,18,0,3.0,0,0,0.0,0,0
0.35,0.56,1,1,1,1,28,0,4.0,0,0,0.0,0,0
0.35,0.56,1,1,1,1,32,0,5.0,0,0,0.0,0,0
0.35,0.56,1,1,1,1,38,0,6.0,0,0,0.0,0,0
0.35,0.56,1,1,1,1,43,0,7.0,0,0,0.0,0,0
0.35,0.56,1,1,1,1,46,0,8.0,0,0,0.0,0,0
0.35,0.56,1,1,1,1,48,2,9.0,0,0,0.0,0,0
0.35,0.56,1,1,1,1,57,2,10.0,0,0,0.0,0,0
0.35,0.56,1,1,1,1,60,2,11.0,0,0,0.0,0,0
0.35,0.56,1,1,1,1,70,2,12.0,0,0,0.0,0,0
0.35,0.56,1,1,1,1,74,2,13.0,0,0,0.0,0,0
0.35,0.56,1,1,1,1,76,2,14.0,0,0,0.0,0,0
0.35,0.56,1,1,1,1,83,2,15.0,0,0,0.0,0,0
0.35,0.56,1,1,1,1,85,2,16.0,0,0,0.0,0,0
0.35,0.56,1,1,1,1,94,2,17.0,0,0,0.0,0,0
0.35,0.56,1,1,1,1,104,2,18.0,0,0,0.0,0,0
0.35,0.56,1,1,1,1,112,2,19.0,0,0,0.0,0,0
0.35,0.56,1,1,1,1,115,2,20.0,0,0,0.0,0,0
0.35,0.56,1,1,0,0,115,2,20.0,9,0,1.0,116,0
0.35,0.56,1,1,0,0,115,2,20.0,22,0,2.0,116,0
0.35,0.56,1,1,0,0,115,2,20.0,30,0,3.0,116,0
0.35,0.56,1,1,0,0,115,2,20.0,35,0,4.0,116,0
0.35,0.56,1,1,0,0,115,2,20.0,47,0,5.0,116,0
0.35,0.56,1,1,0,0,115,2,20.0,54,0,6.0,116,0
0.35,0.56,1,1,0,0,115,2,20.0,63,0,7.0,116,0
0.35,0.56,1,1,0,0,115,2,20.0,72,1,8.0,116,0
0.35,0.56,1,1,0,0,115,2,20.0,84,1,9.0,116,0
0.35,0.56,1,1,0,0,115,2,20.0,87,1,10.0,116,0
0.35,0.56,1,1,0,0,115,2,20.0,98,1,11.0,116,0
0.35,0.56,1,1,0,0,115,2,20.0,102,1,12.0,116,0
0.35,0.56,1,1,0,0,115,2,20.0,112,2,13.0,116,0
0.35,0.56,1,1,0,0,115,2,20.0,120,2,13.5,116,0
0.5,0.63,0,1,1,0,0,0,0.0,3,2,1.0,0,0
0.5,0.63,0,1,1,0,0,0,0.0,11,2,2.0,0,0
0.5,0.63,0,1,1,0,0,0,0.0,19,2,3.0,0,0
0.5,0.63,0,1,1,0,0,0,0.0,22,2,4.0,0,0
0.5,0.63,0,1,1,0,0,0,0.0,27,2,5.0,0,0
0.5,0.63,0,1,1,0,0,0,0.0,34,2,6.0,0,0
0.5,0.63,0,1,1,0,0,0,0.0,39,2,7.0,0,0
0.5,0.63,0,1,1,0,0,0,0.0,47,2,8.0,0,0
0.5,0.63,0,1,1,0,0,0,0.0,72,2,9.0,0,0
0.5,0.63,0,1,1,0,0,0,0.0,74,2,10.0,0,0
0.5,0.63,0,1,1,0,0,0,0.0,78,2,11.0,0,0
0.5,0.63,0,1,1,0,0,0,0.0,83,2,12.0,0,0
0.5,0.63,0,1,1,0,0,0,0.0,91,2,13.0,0,0
0.5,0.63,0,1,1,0,0,0,0.0,101,2,14.0,0,0
0.5,0.63,0,1,1,0,0,0,0.0,111,2,15.0,0,0
0.5,0.63,0,1,1,0,0,0,0.0,129,2,16.0,0,0
0.5,0.63,0,1,1,0,0,0,0.0,135,2,17.0,0,0
0.5,0.63,0,1,1,0,0,0,0.0,137,3,18.0,0,0
0.5,0.63,0,1,1,0,0,0,0.0,139,3,19.0,0,0
0.5,0.63,0,1,1,0,0,0,0.0,150,3,20.0,0,0
0.5,0.63,0,1,0,1,4,1,1.0,150,3,20.0,151,0
0.5,0.63,0,1,0,1,12,2,2.0,150,3,20.0,151,0
0.5,0.63,0,1,0,1,16,2,3.0,150,3,20.0,151,0
0.5,0.63,0,1,0,1,31,2,4.0,150,3,20.0,151,0
0.5,0.63,0,1,0,1,34,2,5.0,150,3,20.0,151,0
0.5,0.63,0,1,0,1,38,2,6.0,150,3,20.0,151,0
0.5,0.63,0,1,0,1,40,4,7.0,150,3,20.0,151,0
0.5,0.63,0,1,0,1,43,4,8.0,150,3,20.0,151,0
0.5,0.63,0,1,0,1,47,4,9.0,150,3,20.0,151,0
0.5,0.63,0,1,0,1,56,5,10.0,150,3,20.0,151,0
0.5,0.63,0,1,0,1,62,5,11.0,150,3,20.0,151,0
0.5,0.63,0,1,0,1,65,5,12.0,150,3,20.0,151,0
0.5,0.63,0,1,0,1,70,5,13.0,150,3,20.0,151,0
0.5,0.63,0,1,0,1,82,5,14.0,150,3,20.0,151,0
0.5,0.63,0,1,0,1,84,6,15.0,150,3,20.0,151,0
0.5,0.63,0,1,0,1,94,6,16.0,150,3,20.0,151,0
0.5,0.63,0,1,0,1,109,6,17.0,150,3,20.0,151,0
0.5,0.63,0,1,0,1,120,6,18.0,150,3,20.0,151,0
0.5,0.63,0,1,0,1,127,6,19.0,150,3,20.0,151,0
0.5,0.63,0,1,0,1,138,7,20.0,150,3,20.0,151,0
0.45,0.49,1,1,1,1,4,0,1.0,0,0,0.0,0,1
0.45,0.49,1,1,1,1,14,0,2.0,0,0,0.0,0,1
0.45,0.49,1,1,1,1,22,0,3.0,0,0,0.0,0,1
0.45,0.49,1,1,1,1,36,0,4.0,0,0,0.0,0,1
0.45,0.49,1,1,1,1,43,0,5.0,0,0,0.0,0,1
0.45,0.49,1,1,1,1,45,2,6.0,0,0,0.0,0,1
0.45,0.49,1,1,1,1,50,3,7.0,0,0,0.0,0,1
0.45,0.49,1,1,1,1,58,3,8.0,0,0,0.0,0,1
0.45,0.49,1,1,1,1,66,3,9.0,0,0,0.0,0,1
0.45,0.49,1,1,1,1,78,3,10.0,0,0,0.0,0,1
0.45,0.49,1,1,1,1,82,4,11.0,0,0,0.0,0,1
0.45,0.49,1,1,1,1,89,4,12.0,0,0,0.0,0,1
0.45,0.49,1,1,1,1,95,4,13.0,0,0,0.0,0,1
0.45,0.49,1,1,1,1,110,4,14.0,0,0,0.0,0,1
0.45,0.49,1,1,1,1,115,6,15.0,0,0,0.0,0,1
0.45,0.49,1,1,1,1,121,6,16.0,0,0,0.0,0,1
0.45,0.49,1,1,1,1,126,7,17.0,0,0,0.0,0,1
0.45,0.49,1,1,1,1,144,7,18.0,0,0,0.0,0,1
0.45,0.49,1,1,1,1,146,7,19.0,0,0,0.0,0,1
0.45,0.49,1,1,1,1,151,7,20.0,0,0,0.0,0,1
0.45,0.49,1,1,0,0,151,7,20.0,6,0,1.0,152,1
0.45,0.49,1,1,0,0,151,7,20.0,9,0,2.0,152,1
0.45,0.49,1,1,0,0,151,7,20.0,19,0,3.0,152,1
0.45,0.49,1,1,0,0,151,7,20.0,28,0,4.0,152,1
0.45,0.49,1,1,0,0,151,7,20.0,39,0,5.0,152,1
0.45,0.49,1,1,0,0,151,7,20.0,50,0,6.0,152,1
0.45,0.49,1,1,0,0,151,7,20.0,56,0,7.0,152,1
0.45,0.49,1,1,0,0,151,7,20.0,58,0,8.0,152,1
0.45,0.49,1,1,0,0,151,7,20.0,61,1,9.0,152,1
0.45,0.49,1,1,0,0,151,7,20.0,73,1,10.0,152,1
0.45,0.49,1,1,0,0,151,7,20.0,78,1,11.0,152,1
0.45,0.49,1,1,0,0,151,7,20.0,83,1,12.0,152,1
0.45,0.49,1,1,0,0,151,7,20.0,88,1,13.0,152,1
0.45,0.49,1,1,0,0,151,7,20.0,100,1,14.0,152,1
0.45,0.49,1,1,0,0,151,7,20.0,108,1,15.0,152,1
0.45,0.49,1,1,0,0,151,7,20.0,119,1,16.0,152,1
0.45,0.49,1,1,0,0,151,7,20.0,124,1,17.0,152,1
0.45,0.49,1,1,0,0,151,7,20.0,131,1,18.0,152,1
0.45,0.49,1,1,0,0,151,7,20.0,142,1,19.0,152,1
0.45,0.49,1,1,0,0,151,7,20.0,150,1,20.0,152,1
0.61,0.35,0,0,1,1,3,0,1.0,0,0,0.0,0,1
0.61,0.35,0,0,1,1,11,0,2.0,0,0,0.0,0,1
0.61,0.35,0,0,1,1,14,0,3.0,0,0,0.0,0,1
0.61,0.35,0,0,1,1,32,0,4.0,0,0,0.0,0,1
0.61,0.35,0,0,1,1,37,0,5.0,0,0,0.0,0,1
0.61,0.35,0,0,1,1,45,0,6.0,0,0,0.0,0,1
0.61,0.35,0,0,1,1,53,0,7.0,0,0,0.0,0,1
0.61,0.35,0,0,1,1,66,0,8.0,0,0,0.0,0,1
0.61,0.35,0,0,1,1,80,0,9.0,0,0,0.0,0,1
0.61,0.35,0,0,1,1,85,0,10.0,0,0,0.0,0,1
0.61,0.35,0,0,1,1,92,0,11.0,0,0,0.0,0,1
0.61,0.35,0,0,1,1,108,0,12.0,0,0,0.0,0,1
0.61,0.35,0,0,1,1,112,0,13.0,0,0,0.0,0,1
0.61,0.35,0,0,1,1,117,0,14.0,0,0,0.0,0,1
0.61,0.35,0,0,1,1,132,0,15.0,0,0,0.0,0,1
0.61,0.35,0,0,1,1,144,1,16.0,0,0,0.0,0,1
0.61,0.35,0,0,1,1,153,1,17.0,0,0,0.0,0,1
0.61,0.35,0,0,1,1,162,1,18.0,0,0,0.0,0,1
0.61,0.35,0,0,1,1,167,1,19.0,0,0,0.0,0,1
0.61,0.35,0,0,1,1,172,1,20.0,0,0,0.0,0,1
0.61,0.35,0,0,0,0,172,1,20.0,7,0,1.0,173,1
0.61,0.35,0,0,0,0,172,1,20.0,14,0,2.0,173,1
0.61,0.35,0,0,0,0,172,1,20.0,20,0,3.0,173,1
0.61,0.35,0,0,0,0,172,1,20.0,24,0,4.0,173,1
0.61,0.35,0,0,0,0,172,1,20.0,27,0,5.0,173,1
0.61,0.35,0,0,0,0,172,1,20.0,35,1,6.0,173,1
0.61,0.35,0,0,0,0,172,1,20.0,43,2,7.0,173,1
0.61,0.35,0,0,0,0,172,1,20.0,47,2,8.0,173,1
0.61,0.35,0,0,0,0,172,1,20.0,61,2,9.0,173,1
0.61,0.35,0,0,0,0,172,1,20.0,65,2,10.0,173,1
0.61,0.35,0,0,0,0,172,1,20.0,73,2,11.0,173,1
0.61,0.35,0,0,0,0,172,1,20.0,87,2,12.0,173,1
0.61,0.35,0,0,0,0,172,1,20.0,91,2,13.0,173,1
0.61,0.35,0,0,0,0,172,1,20.0,99,3,14.0,173,1
0.61,0.35,0,0,0,0,172,1,20.0,104,3,15.0,173,1
0.61,0.35,0,0,0,0,172,1,20.0,111,5,16.0,173,1
0.61,0.35,0,0,0,0,172,1,20.0,130,5,17.0,173,1
0.61,0.35,0,0,0,0,172,1,20.0,137,7,18.0,173,1
0.61,0.35,0,0,0,0,172,1,20.0,152,7,19.0,173,1
0.61,0.35,0,0,0,0,172,1,20.0,160,7,20.0,173,1
0.57,0.6,0,1,1,0,0,0,0.0,3,1,1.0,0,0
0.57,0.6,0,1,1,0,0,0,0.0,8,2,2.0,0,0
0.57,0.6,0,1,1,0,0,0,0.0,11,3,3.0,0,0
0.57,0.6,0,1,1,0,0,0,0.0,18,3,4.0,0,0
0.57,0.6,0,1,1,0,0,0,0.0,23,3,5.0,0,0
0.57,0.6,0,1,1,0,0,0,0.0,32,3,6.0,0,0
0.57,0.6,0,1,1,0,0,0,0.0,37,4,7.0,0,0
0.57,0.6,0,1,1,0,0,0,0.0,38,4,8.0,0,0
0.57,0.6,0,1,1,0,0,0,0.0,46,4,9.0,0,0
0.57,0.6,0,1,1,0,0,0,0.0,48,5,10.0,0,0
0.57,0.6,0,1,1,0,0,0,0.0,58,5,11.0,0,0
0.57,0.6,0,1,1,0,0,0,0.0,64,5,12.0,0,0
0.57,0.6,0,1,1,0,0,0,0.0,77,5,13.0,0,0
0.57,0.6,0,1,1,0,0,0,0.0,88,5,14.0,0,0
0.57,0.6,0,1,1,0,0,0,0.0,100,5,15.0,0,0
0.57,0.6,0,1,1,0,0,0,0.0,105,5,16.0,0,0
0.57,0.6,0,1,1,0,0,0,0.0,116,5,17.0,0,0
0.57,0.6,0,1,1,0,0,0,0.0,127,5,18.0,0,0
0.57,0.6,0,1,1,0,0,0,0.0,141,6,19.0,0,0
0.57,0.6,0,1,1,0,0,0,0.0,146,6,20.0,0,0
0.57,0.6,0,1,0,1,6,1,1.0,146,6,20.0,147,0
0.57,0.6,0,1,0,1,8,1,2.0,146,6,20.0,147,0
0.57,0.6,0,1,0,1,14,1,3.0,146,6,20.0,147,0
0.57,0.6,0,1,0,1,18,1,4.0,146,6,20.0,147,0
0.57,0.6,0,1,0,1,20,1,5.0,146,6,20.0,147,0
0.57,0.6,0,1,0,1,28,1,6.0,146,6,20.0,147,0
0.57,0.6,0,1,0,1,32,1,7.0,146,6,20.0,147,0
0.57,0.6,0,1,0,1,36,1,8.0,146,6,20.0,147,0
0.57,0.6,0,1,0,1,45,2,9.0,146,6,20.0,147,0
0.57,0.6,0,1,0,1,51,3,10.0,146,6,20.0,147,0
0.57,0.6,0,1,0,1,68,3,11.0,146,6,20.0,147,0
0.57,0.6,0,1,0,1,73,4,12.0,146,6,20.0,147,0
0.57,0.6,0,1,0,1,78,5,13.0,146,6,20.0,147,0
0.57,0.6,0,1,0,1,90,5,14.0,146,6,20.0,147,0
0.57,0.6,0,1,0,1,93,5,15.0,146,6,20.0,147,0
0.57,0.6,0,1,0,1,105,5,16.0,146,6,20.0,147,0
0.57,0.6,0,1,0,1,115,5,17.0,146,6,20.0,147,0
0.57,0.6,0,1,0,1,127,6,18.0,146,6,20.0,147,0
0.57,0.6,0,1,0,1,137,6,19.0,146,6,20.0,147,0
0.57,0.6,0,1,0,1,142,7,20.0,146,6,20.0,147,0
0.41,0.5,1,1,1,1,7,0,1.0,0,0,0.0,0,0
0.41,0.5,1,1,1,1,10,0,2.0,0,0,0.0,0,0
0.41,0.5,1,1,1,1,16,0,3.0,0,0,0.0,0,0
0.41,0.5,1,1,1,1,22,0,4.0,0,0,0.0,0,0
0.41,0.5,1,1,1,1,33,0,5.0,0,0,0.0,0,0
0.41,0.5,1,1,1,1,47,0,6.0,0,0,0.0,0,0
0.41,0.5,1,1,1,1,56,0,7.0,0,0,0.0,0,0
0.41,0.5,1,1,1,1,68,0,8.0,0,0,0.0,0,0
0.41,0.5,1,1,1,1,76,0,9.0,0,0,0.0,0,0
0.41,0.5,1,1,1,1,80,0,10.0,0,0,0.0,0,0
0.41,0.5,1,1,1,1,89,0,11.0,0,0,0.0,0,0
0.41,0.5,1,1,1,1,92,0,12.0,0,0,0.0,0,0
0.41,0.5,1,1,1,1,97,0,13.0,0,0,0.0,0,0
0.41,0.5,1,1,1,1,104,0,14.0,0,0,0.0,0,0
0.41,0.5,1,1,1,1,112,0,15.0,0,0,0.0,0,0
0.41,0.5,1,1,1,1,121,0,16.0,0,0,0.0,0,0
0.41,0.5,1,1,1,1,126,0,17.0,0,0,0.0,0,0
0.41,0.5,1,1,1,1,140,0,18.0,0,0,0.0,0,0
0.41,0.5,1,1,1,1,148,0,19.0,0,0,0.0,0,0
0.41,0.5,1,1,1,1,152,0,20.0,0,0,0.0,0,0
0.41,0.5,1,1,0,0,152,0,20.0,10,1,1.0,153,0
0.41,0.5,1,1,0,0,152,0,20.0,17,1,2.0,153,0
0.41,0.5,1,1,0,0,152,0,20.0,21,3,3.0,153,0
0.41,0.5,1,1,0,0,152,0,20.0,28,4,4.0,153,0
0.41,0.5,1,1,0,0,152,0,20.0,33,4,5.0,153,0
0.41,0.5,1,1,0,0,152,0,20.0,36,4,6.0,153,0
0.41,0.5,1,1,0,0,152,0,20.0,46,4,7.0,153,0
0.41,0.5,1,1,0,0,152,0,20.0,56,4,8.0,153,0
0.41,0.5,1,1,0,0,152,0,20.0,64,5,9.0,153,0
0.41,0.5,1,1,0,0,152,0,20.0,79,5,10.0,153,0
0.41,0.5,1,1,0,0,152,0,20.0,89,5,11.0,153,0
0.41,0.5,1,1,0,0,152,0,20.0,99,6,12.0,153,0
0.41,0.5,1,1,0,0,152,0,20.0,105,7,13.0,153,0
0.41,0.5,1,1,0,0,152,0,20.0,118,8,14.0,153,0
0.41,0.5,1,1,0,0,152,0,20.0,128,8,15.0,153,0
0.41,0.5,1,1,0,0,152,0,20.0,135,8,16.0,153,0
0.41,0.5,1,1,0,0,152,0,20.0,145,8,17.0,153,0
0.41,0.5,1,1,0,0,152,0,20.0,148,8,18.0,153,0
0.41,0.5,1,1,0,0,152,0,20.0,156,8,18.83,153,0
0.39,0.62,0,0,1,1,6,0,1.0,0,0,0.0,0,0
0.39,0.62,0,0,1,1,16,0,2.0,0,0,0.0,0,0
0.39,0.62,0,0,1,1,19,0,3.0,0,0,0.0,0,0
0.39,0.62,0,0,1,1,27,0,4.0,0,0,0.0,0,0
0.39,0.62,0,0,1,1,32,0,5.0,0,0,0.0,0,0
0.39,0.62,0,0,1,1,40,1,6.0,0,0,0.0,0,0
0.39,0.62,0,0,1,1,46,1,7.0,0,0,0.0,0,0
0.39,0.62,0,0,1,1,52,1,8.0,0,0,0.0,0,0
0.39,0.62,0,0,1,1,62,1,9.0,0,0,0.0,0,0
0.39,0.62,0,0,1,1,72,1,10.0,0,0,0.0,0,0
0.39,0.62,0,0,1,1,75,1,11.0,0,0,0.0,0,0
0.39,0.62,0,0,1,1,80,1,12.0,0,0,0.0,0,0
0.39,0.62,0,0,1,1,85,1,13.0,0,0,0.0,0,0
0.39,0.62,0,0,1,1,93,1,14.0,0,0,0.0,0,0
0.39,0.62,0,0,1,1,96,1,15.0,0,0,0.0,0,0
0.39,0.62,0,0,1,1,99,1,16.0,0,0,0.0,0,0
0.39,0.62,0,0,1,1,101,1,17.0,0,0,0.0,0,0
0.39,0.62,0,0,1,1,107,1,18.0,0,0,0.0,0,0
0.39,0.62,0,0,1,1,115,1,19.0,0,0,0.0,0,0
0.39,0.62,0,0,1,1,122,1,20.0,0,0,0.0,0,0
0.39,0.62,0,0,0,0,122,1,20.0,4,0,1.0,123,0
0.39,0.62,0,0,0,0,122,1,20.0,15,0,2.0,123,0
0.39,0.62,0,0,0,0,122,1,20.0,19,0,3.0,123,0
0.39,0.62,0,0,0,0,122,1,20.0,24,1,4.0,123,0
0.39,0.62,0,0,0,0,122,1,20.0,31,1,5.0,123,0
0.39,0.62,0,0,0,0,122,1,20.0,33,1,6.0,123,0
0.39,0.62,0,0,0,0,122,1,20.0,38,1,7.0,123,0
0.39,0.62,0,0,0,0,122,1,20.0,42,2,8.0,123,0
0.39,0.62,0,0,0,0,122,1,20.0,44,3,9.0,123,0
0.39,0.62,0,0,0,0,122,1,20.0,50,3,10.0,123,0
0.39,0.62,0,0,0,0,122,1,20.0,58,3,11.0,123,0
0.39,0.62,0,0,0,0,122,1,20.0,71,3,12.0,123,0
0.39,0.62,0,0,0,0,122,1,20.0,84,3,13.0,123,0
0.39,0.62,0,0,0,0,122,1,20.0,88,3,14.0,123,0
0.39,0.62,0,0,0,0,122,1,20.0,95,3,15.0,123,0
0.39,0.62,0,0,0,0,122,1,20.0,108,3,16.0,123,0
0.39,0.62,0,0,0,0,122,1,20.0,115,3,17.0,123,0
0.39,0.62,0,0,0,0,122,1,20.0,125,3,17.83,123,0
0.5,0.41,0,0,1,1,18,0,1.0,0,0,0.0,0,0
0.5,0.41,0,0,1,1,30,0,2.0,0,0,0.0,0,0
0.5,0.41,0,0,1,1,32,1,3.0,0,0,0.0,0,0
0.5,0.41,0,0,1,1,47,1,4.0,0,0,0.0,0,0
0.5,0.41,0,0,1,1,60,1,5.0,0,0,0.0,0,0
0.5,0.41,0,0,1,1,69,1,6.0,0,0,0.0,0,0
0.5,0.41,0,0,1,1,74,2,7.0,0,0,0.0,0,0
0.5,0.41,0,0,1,1,77,3,8.0,0,0,0.0,0,0
0.5,0.41,0,0,1,1,81,3,9.0,0,0,0.0,0,0
0.5,0.41,0,0,1,1,92,5,10.0,0,0,0.0,0,0
0.5,0.41,0,0,1,1,97,6,11.0,0,0,0.0,0,0
0.5,0.41,0,0,1,1,103,6,12.0,0,0,0.0,0,0
0.5,0.41,0,0,1,1,112,7,13.0,0,0,0.0,0,0
0.5,0.41,0,0,1,1,119,7,14.0,0,0,0.0,0,0
0.5,0.41,0,0,1,1,126,7,15.0,0,0,0.0,0,0
0.5,0.41,0,0,1,1,132,7,16.0,0,0,0.0,0,0
0.5,0.41,0,0,1,1,151,7,17.0,0,0,0.0,0,0
0.5,0.41,0,0,1,1,162,7,18.0,0,0,0.0,0,0
0.5,0.41,0,0,1,1,172,7,19.0,0,0,0.0,0,0
0.5,0.41,0,0,1,1,182,7,20.0,0,0,0.0,0,0
0.5,0.41,0,0,0,0,182,7,20.0,5,0,1.0,183,0
0.5,0.41,0,0,0,0,182,7,20.0,17,0,2.0,183,0
0.5,0.41,0,0,0,0,182,7,20.0,24,0,3.0,183,0
0.5,0.41,0,0,0,0,182,7,20.0,26,0,4.0,183,0
0.5,0.41,0,0,0,0,182,7,20.0,35,0,5.0,183,0
0.5,0.41,0,0,0,0,182,7,20.0,45,0,6.0,183,0
0.5,0.41,0,0,0,0,182,7,20.0,51,0,7.0,183,0
0.5,0.41,0,0,0,0,182,7,20.0,55,0,8.0,183,0
0.5,0.41,0,0,0,0,182,7,20.0,69,0,9.0,183,0
0.5,0.41,0,0,0,0,182,7,20.0,84,0,10.0,183,0
0.5,0.41,0,0,0,0,182,7,20.0,98,0,11.0,183,0
0.5,0.41,0,0,0,0,182,7,20.0,103,0,12.0,183,0
0.5,0.41,0,0,0,0,182,7,20.0,118,0,13.0,183,0
0.5,0.41,0,0,0,0,182,7,20.0,126,0,14.0,183,0
0.5,0.41,0,0,0,0,182,7,20.0,135,0,15.0,183,0
0.5,0.41,0,0,0,0,182,7,20.0,137,1,16.0,183,0
0.5,0.41,0,0,0,0,182,7,20.0,147,1,17.0,183,0
0.5,0.41,0,0,0,0,182,7,20.0,160,1,18.0,183,0
0.5,0.41,0,0,0,0,182,7,20.0,173,1,19.0,183,0
0.5,0.41,0,0,0,0,182,7,20.0,182,1,20.0,183,0
0.38,0.53,1,1,1,1,8,0,1.0,0,0,0.0,0,1
0.38,0.53,1,1,1,1,18,0,2.0,0,0,0.0,0,1
0.38,0.53,1,1,1,1,23,0,3.0,0,0,0.0,0,1
0.38,0.53,1,1,1,1,29,0,4.0,0,0,0.0,0,1
0.38,0.53,1,1,1,1,32,0,5.0,0,0,0.0,0,1
0.38,0.53,1,1,1,1,34,1,6.0,0,0,0.0,0,1
0.38,0.53,1,1,1,1,40,2,7.0,0,0,0.0,0,1
0.38,0.53,1,1,1,1,44,2,8.0,0,0,0.0,0,1
0.38,0.53,1,1,1,1,54,2,9.0,0,0,0.0,0,1
0.38,0.53,1,1,1,1,60,2,10.0,0,0,0.0,0,1
0.38,0.53,1,1,1,1,62,2,11.0,0,0,0.0,0,1
0.38,0.53,1,1,1,1,76,2,12.0,0,0,0.0,0,1
0.38,0.53,1,1,1,1,79,2,13.0,0,0,0.0,0,1
0.38,0.53,1,1,1,1,90,2,14.0,0,0,0.0,0,1
0.38,0.53,1,1,1,1,99,2,15.0,0,0,0.0,0,1
0.38,0.53,1,1,1,1,104,3,16.0,0,0,0.0,0,1
0.38,0.53,1,1,1,1,112,4,17.0,0,0,0.0,0,1
0.38,0.53,1,1,1,1,122,4,18.0,0,0,0.0,0,1
0.38,0.53,1,1,1,1,133,4,19.0,0,0,0.0,0,1
0.38,0.53,1,1,1,1,145,4,20.0,0,0,0.0,0,1
0.38,0.53,1,1,0,0,145,4,20.0,1,3,1.0,146,1
0.38,0.53,1,1,0,0,145,4,20.0,14,3,2.0,146,1
0.38,0.53,1,1,0,0,145,4,20.0,25,3,3.0,146,1
0.38,0.53,1,1,0,0,145,4,20.0,27,5,4.0,146,1
0.38,0.53,1,1,0,0,145,4,20.0,31,6,5.0,146,1
0.38,0.53,1,1,0,0,145,4,20.0,36,6,6.0,146,1
0.38,0.53,1,1,0,0,145,4,20.0,44,6,7.0,146,1
0.38,0.53,1,1,0,0,145,4,20.0,48,6,8.0,146,1
0.38,0.53,1,1,0,0,145,4,20.0,56,6,9.0,146,1
0.38,0.53,1,1,0,0,145,4,20.0,68,6,10.0,146,1
0.38,0.53,1,1,0,0,145,4,20.0,75,6,11.0,146,1
0.38,0.53,1,1,0,0,145,4,20.0,78,7,12.0,146,1
0.38,0.53,1,1,0,0,145,4,20.0,85,7,13.0,146,1
0.38,0.53,1,1,0,0,145,4,20.0,92,7,14.0,146,1
0.38,0.53,1,1,0,0,145,4,20.0,100,7,15.0,146,1
0.38,0.53,1,1,0,0,145,4,20.0,104,7,16.0,146,1
0.38,0.53,1,1,0,0,145,4,20.0,116,7,17.0,146,1
0.38,0.53,1,1,0,0,145,4,20.0,130,7,18.0,146,1
0.38,0.53,1,1,0,0,145,4,20.0,137,7,19.0,146,1
0.38,0.53,1,1,0,0,145,4,20.0,141,9,20.0,146,1
0.45,0.39,1,0,1,0,0,0,0.0,9,0,1.0,0,0
0.45,0.39,1,0,1,0,0,0,0.0,17,1,2.0,0,0
0.45,0.39,1,0,1,0,0,0,0.0,26,1,3.0,0,0
0.45,0.39,1,0,1,0,0,0,0.0,35,1,4.0,0,0
0.45,0.39,1,0,1,0,0,0,0.0,39,1,5.0,0,0
0.45,0.39,1,0,1,0,0,0,0.0,48,1,6.0,0,0
0.45,0.39,1,0,1,0,0,0,0.0,56,1,7.0,0,0
0.45,0.39,1,0,1,0,0,0,0.0,65,1,8.0,0,0
0.45,0.39,1,0,1,0,0,0,0.0,66,3,9.0,0,0
0.45,0.39,1,0,1,0,0,0,0.0,71,3,10.0,0,0
0.45,0.39,1,0,1,0,0,0,0.0,75,3,11.0,0,0
0.45,0.39,1,0,1,0,0,0,0.0,85,3,12.0,0,0
0.45,0.39,1,0,1,0,0,0,0.0,90,3,13.0,0,0
0.45,0.39,1,0,1,0,0,0,0.0,98,4,14.0,0,0
0.45,0.39,1,0,1,0,0,0,0.0,102,5,15.0,0,0
0.45,0.39,1,0,1,0,0,0,0.0,106,6,16.0,0,0
0.45,0.39,1,0,1,0,0,0,0.0,108,6,17.0,0,0
0.45,0.39,1,0,1,0,0,0,0.0,113,6,18.0,0,0
0.45,0.39,1,0,1,0,0,0,0.0,120,7,19.0,0,0
0.45,0.39,1,0,1,0,0,0,0.0,127,7,20.0,0,0
0.45,0.39,1,0,0,1,15,0,1.0,127,7,20.0,128,0
0.45,0.39,1,0,0,1,18,0,2.0,127,7,20.0,128,0
0.45,0.39,1,0,0,1,20,0,3.0,127,7,20.0,128,0
0.45,0.39,1,0,0,1,28,0,4.0,127,7,20.0,128,0
0.45,0.39,1,0,0,1,30,3,5.0,127,7,20.0,128,0
0.45,0.39,1,0,0,1,38,3,6.0,127,7,20.0,128,0
0.45,0.39,1,0,0,1,43,3,7.0,127,7,20.0,128,0
0.45,0.39,1,0,0,1,49,4,8.0,127,7,20.0,128,0
0.45,0.39,1,0,0,1,54,4,9.0,127,7,20.0,128,0
0.45,0.39,1,0,0,1,57,6,10.0,127,7,20.0,128,0
0.45,0.39,1,0,0,1,60,6,11.0,127,7,20.0,128,0
0.45,0.39,1,0,0,1,67,6,12.0,127,7,20.0,128,0
0.45,0.39,1,0,0,1,71,6,13.0,127,7,20.0,128,0
0.45,0.39,1,0,0,1,80,6,14.0,127,7,20.0,128,0
0.45,0.39,1,0,0,1,87,7,15.0,127,7,20.0,128,0
0.45,0.39,1,0,0,1,92,8,16.0,127,7,20.0,128,0
0.45,0.39,1,0,0,1,95,8,17.0,127,7,20.0,128,0
0.45,0.39,1,0,0,1,95,10,17.67,127,7,20.0,128,0
0.63,0.41,0,1,1,0,0,0,0.0,2,1,1.0,0,1
0.63,0.41,0,1,1,0,0,0,0.0,15,1,2.0,0,1
0.63,0.41,0,1,1,0,0,0,0.0,17,1,3.0,0,1
0.63,0.41,0,1,1,0,0,0,0.0,19,1,4.0,0,1
0.63,0.41,0,1,1,0,0,0,0.0,22,3,5.0,0,1
0.63,0.41,0,1,1,0,0,0,0.0,25,4,6.0,0,1
0.63,0.41,0,1,1,0,0,0,0.0,30,4,7.0,0,1
0.63,0.41,0,1,1,0,0,0,0.0,31,5,8.0,0,1
0.63,0.41,0,1,1,0,0,0,0.0,39,5,9.0,0,1
0.63,0.41,0,1,1,0,0,0,0.0,43,5,10.0,0,1
0.63,0.41,0,1,1,0,0,0,0.0,47,5,11.0,0,1
0.63,0.41,0,1,1,0,0,0,0.0,52,7,12.0,0,1
0.63,0.41,0,1,1,0,0,0,0.0,56,8,13.0,0,1
0.63,0.41,0,1,1,0,0,0,0.0,63,9,14.0,0,1
0.63,0.41,0,1,1,0,0,0,0.0,70,9,15.0,0,1
0.63,0.41,0,1,1,0,0,0,0.0,80,9,16.0,0,1
0.63,0.41,0,1,1,0,0,0,0.0,85,9,17.0,0,1
0.63,0.41,0,1,1,0,0,0,0.0,85,10,17.5,0,1
0.63,0.41,0,1,0,1,13,0,1.0,85,10,18.0,86,1
0.63,0.41,0,1,0,1,20,0,2.0,85,10,18.0,86,1
0.63,0.41,0,1,0,1,26,0,3.0,85,10,18.0,86,1
0.63,0.41,0,1,0,1,37,0,4.0,85,10,18.0,86,1
0.63,0.41,0,1,0,1,48,0,5.0,85,10,18.0,86,1
0.63,0.41,0,1,0,1,65,0,6.0,85,10,18.0,86,1
0.63,0.41,0,1,0,1,80,0,7.0,85,10,18.0,86,1
0.63,0.41,0,1,0,1,84,0,8.0,85,10,18.0,86,1
0.63,0.41,0,1,0,1,91,0,8.33,85,10,18.0,86,1
0.4,0.6,0,0,1,1,4,0,1.0,0,0,0.0,0,0
0.4,0.6,0,0,1,1,11,0,2.0,0,0,0.0,0,0
0.4,0.6,0,0,1,1,14,0,3.0,0,0,0.0,0,0
0.4,0.6,0,0,1,1,17,1,4.0,0,0,0.0,0,0
0.4,0.6,0,0,1,1,19,2,5.0,0,0,0.0,0,0
0.4,0.6,0,0,1,1,22,2,6.0,0,0,0.0,0,0
0.4,0.6,0,0,1,1,23,2,7.0,0,0,0.0,0,0
0.4,0.6,0,0,1,1,32,2,8.0,0,0,0.0,0,0
0.4,0.6,0,0,1,1,41,2,9.0,0,0,0.0,0,0
0.4,0.6,0,0,1,1,46,2,10.0,0,0,0.0,0,0
0.4,0.6,0,0,1,1,58,2,11.0,0,0,0.0,0,0
0.4,0.6,0,0,1,1,74,2,12.0,0,0,0.0,0,0
0.4,0.6,0,0,1,1,76,2,13.0,0,0,0.0,0,0
0.4,0.6,0,0,1,1,77,2,14.0,0,0,0.0,0,0
0.4,0.6,0,0,1,1,81,2,15.0,0,0,0.0,0,0
0.4,0.6,0,0,1,1,85,3,16.0,0,0,0.0,0,0
0.4,0.6,0,0,1,1,92,3,17.0,0,0,0.0,0,0
0.4,0.6,0,0,1,1,99,3,18.0,0,0,0.0,0,0
0.4,0.6,0,0,1,1,102,3,19.0,0,0,0.0,0,0
0.4,0.6,0,0,1,1,106,3,20.0,0,0,0.0,0,0
0.4,0.6,0,0,0,0,106,3,20.0,3,1,1.0,107,0
0.4,0.6,0,0,0,0,106,3,20.0,14,1,2.0,107,0
0.4,0.6,0,0,0,0,106,3,20.0,20,2,3.0,107,0
0.4,0.6,0,0,0,0,106,3,20.0,39,2,4.0,107,0
0.4,0.6,0,0,0,0,106,3,20.0,55,2,5.0,107,0
0.4,0.6,0,0,0,0,106,3,20.0,57,2,6.0,107,0
0.4,0.6,0,0,0,0,106,3,20.0,66,2,7.0,107,0
0.4,0.6,0,0,0,0,106,3,20.0,84,3,8.0,107,0
0.4,0.6,0,0,0,0,106,3,20.0,87,3,9.0,107,0
0.4,0.6,0,0,0,0,106,3,20.0,95,3,10.0,107,0
0.4,0.6,0,0,0,0,106,3,20.0,98,4,11.0,107,0
0.4,0.6,0,0,0,0,106,3,20.0,103,5,12.0,107,0
0.4,0.6,0,0,0,0,106,3,20.0,105,5,13.0,107,0
0.4,0.6,0,0,0,0,106,3,20.0,106,5,14.0,107,0
0.4,0.6,0,0,0,0,106,3,20.0,112,5,14.5,107,0
0.53,0.54,0,1,1,0,0,0,0.0,6,0,1.0,0,1
0.53,0.54,0,1,1,0,0,0,0.0,17,0,2.0,0,1
0.53,0.54,0,1,1,0,0,0,0.0,27,0,3.0,0,1
0.53,0.54,0,1,1,0,0,0,0.0,32,0,4.0,0,1
0.53,0.54,0,1,1,0,0,0,0.0,37,0,5.0,0,1
0.53,0.54,0,1,1,0,0,0,0.0,41,0,6.0,0,1
0.53,0.54,0,1,1,0,0,0,0.0,52,0,7.0,0,1
0.53,0.54,0,1,1,0,0,0,0.0,64,0,8.0,0,1
0.53,0.54,0,1,1,0,0,0,0.0,69,0,9.0,0,1
0.53,0.54,0,1,1,0,0,0,0.0,76,0,10.0,0,1
0.53,0.54,0,1,1,0,0,0,0.0,81,0,11.0,0,1
0.53,0.54,0,1,1,0,0,0,0.0,86,0,12.0,0,1
0.53,0.54,0,1,1,0,0,0,0.0,93,1,13.0,0,1
0.53,0.54,0,1,1,0,0,0,0.0,97,1,14.0,0,1
0.53,0.54,0,1,1,0,0,0,0.0,107,1,15.0,0,1
0.53,0.54,0,1,1,0,0,0,0.0,109,1,16.0,0,1
0.53,0.54,0,1,1,0,0,0,0.0,115,2,17.0,0,1
0.53,0.54,0,1,1,0,0,0,0.0,124,2,18.0,0,1
0.53,0.54,0,1,1,0,0,0,0.0,130,2,19.0,0,1
0.53,0.54,0,1,1,0,0,0,0.0,136,2,20.0,0,1
0.53,0.54,0,1,0,1,2,0,1.0,136,2,20.0,137,1
0.53,0.54,0,1,0,1,8,1,2.0,136,2,20.0,137,1
0.53,0.54,0,1,0,1,22,2,3.0,136,2,20.0,137,1
0.53,0.54,0,1,0,1,29,2,4.0,136,2,20.0,137,1
0.53,0.54,0,1,0,1,31,2,5.0,136,2,20.0,137,1
0.53,0.54,0,1,0,1,42,2,6.0,136,2,20.0,137,1
0.53,0.54,0,1,0,1,45,3,7.0,136,2,20.0,137,1
0.53,0.54,0,1,0,1,51,3,8.0,136,2,20.0,137,1
0.53,0.54,0,1,0,1,54,3,9.0,136,2,20.0,137,1
0.53,0.54,0,1,0,1,64,3,10.0,136,2,20.0,137,1
0.53,0.54,0,1,0,1,74,4,11.0,136,2,20.0,137,1
0.53,0.54,0,1,0,1,92,4,12.0,136,2,20.0,137,1
0.53,0.54,0,1,0,1,94,4,13.0,136,2,20.0,137,1
0.53,0.54,0,1,0,1,97,5,14.0,136,2,20.0,137,1
0.53,0.54,0,1,0,1,103,5,15.0,136,2,20.0,137,1
0.53,0.54,0,1,0,1,108,5,16.0,136,2,20.0,137,1
0.53,0.54,0,1,0,1,113,6,17.0,136,2,20.0,137,1
0.53,0.54,0,1,0,1,119,6,18.0,136,2,20.0,137,1
0.53,0.54,0,1,0,1,130,6,19.0,136,2,20.0,137,1
0.53,0.54,0,1,0,1,140,6,19.33,136,2,20.0,137,1
0.65,0.42,1,0,1,0,0,0,0.0,4,0,1.0,0,1
0.65,0.42,1,0,1,0,0,0,0.0,7,0,2.0,0,1
0.65,0.42,1,0,1,0,0,0,0.0,13,0,3.0,0,1
0.65,0.42,1,0,1,0,0,0,0.0,19,1,4.0,0,1
0.65,0.42,1,0,1,0,0,0,0.0,23,1,5.0,0,1
0.65,0.42,1,0,1,0,0,0,0.0,29,1,6.0,0,1
0.65,0.42,1,0,1,0,0,0,0.0,31,2,7.0,0,1
0.65,0.42,1,0,1,0,0,0,0.0,34,3,8.0,0,1
0.65,0.42,1,0,1,0,0,0,0.0,40,3,9.0,0,1
0.65,0.42,1,0,1,0,0,0,0.0,41,4,10.0,0,1
0.65,0.42,1,0,1,0,0,0,0.0,43,4,11.0,0,1
0.65,0.42,1,0,1,0,0,0,0.0,44,4,12.0,0,1
0.65,0.42,1,0,1,0,0,0,0.0,47,4,13.0,0,1
0.65,0.42,1,0,1,0,0,0,0.0,48,4,14.0,0,1
0.65,0.42,1,0,1,0,0,0,0.0,55,4,15.0,0,1
0.65,0.42,1,0,1,0,0,0,0.0,59,4,16.0,0,1
0.65,0.42,1,0,1,0,0,0,0.0,61,4,17.0,0,1
0.65,0.42,1,0,1,0,0,0,0.0,68,4,18.0,0,1
0.65,0.42,1,0,1,0,0,0,0.0,72,4,19.0,0,1
0.65,0.42,1,0,1,0,0,0,0.0,73,4,20.0,0,1
0.65,0.42,1,0,0,1,5,0,1.0,73,4,20.0,74,1
0.65,0.42,1,0,0,1,16,0,2.0,73,4,20.0,74,1
0.65,0.42,1,0,0,1,20,1,3.0,73,4,20.0,74,1
0.65,0.42,1,0,0,1,26,1,4.0,73,4,20.0,74,1
0.65,0.42,1,0,0,1,39,1,5.0,73,4,20.0,74,1
0.65,0.42,1,0,0,1,49,1,6.0,73,4,20.0,74,1
0.65,0.42,1,0,0,1,62,1,7.0,73,4,20.0,74,1
0.65,0.42,1,0,0,1,76,1,7.83,73,4,20.0,74,1
0.48,0.63,0,0,1,1,3,0,1.0,0,0,0.0,0,0
0.48,0.63,0,0,1,1,9,1,2.0,0,0,0.0,0,0
0.48,0.63,0,0,1,1,21,3,3.0,0,0,0.0,0,0
0.48,0.63,0,0,1,1,30,3,4.0,0,0,0.0,0,0
0.48,0.63,0,0,1,1,31,3,5.0,0,0,0.0,0,0
0.48,0.63,0,0,1,1,37,3,6.0,0,0,0.0,0,0
0.48,0.63,0,0,1,1,44,4,7.0,0,0,0.0,0,0
0.48,0.63,0,0,1,1,46,4,8.0,0,0,0.0,0,0
0.48,0.63,0,0,1,1,57,4,9.0,0,0,0.0,0,0
0.48,0.63,0,0,1,1,64,4,10.0,0,0,0.0,0,0
0.48,0.63,0,0,1,1,76,4,11.0,0,0,0.0,0,0
0.48,0.63,0,0,1,1,81,4,12.0,0,0,0.0,0,0
0.48,0.63,0,0,1,1,88,4,13.0,0,0,0.0,0,0
0.48,0.63,0,0,1,1,93,4,14.0,0,0,0.0,0,0
0.48,0.63,0,0,1,1,102,4,15.0,0,0,0.0,0,0
0.48,0.63,0,0,1,1,104,4,16.0,0,0,0.0,0,0
0.48,0.63,0,0,1,1,123,4,17.0,0,0,0.0,0,0
0.48,0.63,0,0,1,1,130,4,18.0,0,0,0.0,0,0
0.48,0.63,0,0,1,1,136,4,19.0,0,0,0.0,0,0
0.48,0.63,0,0,1,1,147,4,20.0,0,0,0.0,0,0
0.48,0.63,0,0,0,0,147,4,20.0,17,0,1.0,148,0
0.48,0.63,0,0,0,0,147,4,20.0,17,0,2.0,148,0
0.48,0.63,0,0,0,0,147,4,20.0,24,0,3.0,148,0
0.48,0.63,0,0,0,0,147,4,20.0,33,0,4.0,148,0
0.48,0.63,0,0,0,0,147,4,20.0,42,0,5.0,148,0
0.48,0.63,0,0,0,0,147,4,20.0,48,1,6.0,148,0
0.48,0.63,0,0,0,0,147,4,20.0,60,1,7.0,148,0
0.48,0.63,0,0,0,0,147,4,20.0,66,1,8.0,148,0
0.48,0.63,0,0,0,0,147,4,20.0,71,1,9.0,148,0
0.48,0.63,0,0,0,0,147,4,20.0,82,1,10.0,148,0
0.48,0.63,0,0,0,0,147,4,20.0,92,1,11.0,148,0
0.48,0.63,0,0,0,0,147,4,20.0,97,1,12.0,148,0
0.48,0.63,0,0,0,0,147,4,20.0,116,1,13.0,148,0
0.48,0.63,0,0,0,0,147,4,20.0,124,1,14.0,148,0
0.48,0.63,0,0,0,0,147,4,20.0,127,1,15.0,148,0
0.48,0.63,0,0,0,0,147,4,20.0,131,1,16.0,148,0
0.48,0.63,0,0,0,0,147,4,20.0,141,1,17.0,148,0
0.48,0.63,0,0,0,0,147,4,20.0,151,1,18.0,148,0
0.5,0.63,0,1,1,0,0,0,0.0,7,0,1.0,0,1
0.5,0.63,0,1,1,0,0,0,0.0,14,0,2.0,0,1
0.5,0.63,0,1,1,0,0,0,0.0,21,0,3.0,0,1
0.5,0.63,0,1,1,0,0,0,0.0,25,0,4.0,0,1
0.5,0.63,0,1,1,0,0,0,0.0,31,0,5.0,0,1
0.5,0.63,0,1,1,0,0,0,0.0,46,0,6.0,0,1
0.5,0.63,0,1,1,0,0,0,0.0,50,1,7.0,0,1
0.5,0.63,0,1,1,0,0,0,0.0,59,1,8.0,0,1
0.5,0.63,0,1,1,0,0,0,0.0,63,2,9.0,0,1
0.5,0.63,0,1,1,0,0,0,0.0,70,2,10.0,0,1
0.5,0.63,0,1,1,0,0,0,0.0,81,2,11.0,0,1
0.5,0.63,0,1,1,0,0,0,0.0,83,2,12.0,0,1
0.5,0.63,0,1,1,0,0,0,0.0,97,2,13.0,0,1
0.5,0.63,0,1,1,0,0,0,0.0,99,2,14.0,0,1
0.5,0.63,0,1,1,0,0,0,0.0,101,5,15.0,0,1
0.5,0.63,0,1,1,0,0,0,0.0,105,5,16.0,0,1
0.5,0.63,0,1,1,0,0,0,0.0,107,5,17.0,0,1
0.5,0.63,0,1,1,0,0,0,0.0,114,5,18.0,0,1
0.5,0.63,0,1,1,0,0,0,0.0,119,5,19.0,0,1
0.5,0.63,0,1,1,0,0,0,0.0,127,5,20.0,0,1
0.5,0.63,0,1,0,1,10,0,1.0,127,5,20.0,128,1
0.5,0.63,0,1,0,1,12,1,2.0,127,5,20.0,128,1
0.5,0.63,0,1,0,1,20,1,3.0,127,5,20.0,128,1
0.5,0.63,0,1,0,1,24,1,4.0,127,5,20.0,128,1
0.5,0.63,0,1,0,1,30,1,5.0,127,5,20.0,128,1
0.5,0.63,0,1,0,1,43,1,6.0,127,5,20.0,128,1
0.5,0.63,0,1,0,1,45,1,7.0,127,5,20.0,128,1
0.5,0.63,0,1,0,1,50,2,8.0,127,5,20.0,128,1
0.5,0.63,0,1,0,1,58,2,9.0,127,5,20.0,128,1
0.5,0.63,0,1,0,1,63,3,10.0,127,5,20.0,128,1
0.5,0.63,0,1,0,1,65,3,11.0,127,5,20.0,128,1
0.5,0.63,0,1,0,1,79,3,12.0,127,5,20.0,128,1
0.5,0.63,0,1,0,1,96,3,13.0,127,5,20.0,128,1
0.5,0.63,0,1,0,1,101,3,14.0,127,5,20.0,128,1
0.5,0.63,0,1,0,1,111,4,15.0,127,5,20.0,128,1
0.5,0.63,0,1,0,1,114,4,16.0,127,5,20.0,128,1
0.5,0.63,0,1,0,1,118,4,17.0,127,5,20.0,128,1
0.5,0.63,0,1,0,1,122,4,18.0,127,5,20.0,128,1
0.5,0.63,0,1,0,1,128,5,18.67,127,5,20.0,128,1
0.49,0.43,0,1,1,0,0,0,0.0,1,0,1.0,0,1
0.49,0.43,0,1,1,0,0,0,0.0,4,0,2.0,0,1
0.49,0.43,0,1,1,0,0,0,0.0,11,0,3.0,0,1
0.49,0.43,0,1,1,0,0,0,0.0,19,0,4.0,0,1
0.49,0.43,0,1,1,0,0,0,0.0,24,1,5.0,0,1
0.49,0.43,0,1,1,0,0,0,0.0,41,1,6.0,0,1
0.49,0.43,0,1,1,0,0,0,0.0,47,1,7.0,0,1
0.49,0.43,0,1,1,0,0,0,0.0,63,1,8.0,0,1
0.49,0.43,0,1,1,0,0,0,0.0,63,1,9.0,0,1
0.49,0.43,0,1,1,0,0,0,0.0,71,1,10.0,0,1
0.49,0.43,0,1,1,0,0,0,0.0,83,2,11.0,0,1
0.49,0.43,0,1,1,0,0,0,0.0,91,3,12.0,0,1
0.49,0.43,0,1,1,0,0,0,0.0,94,4,13.0,0,1
0.49,0.43,0,1,1,0,0,0,0.0,103,4,14.0,0,1
0.49,0.43,0,1,1,0,0,0,0.0,111,4,15.0,0,1
0.49,0.43,0,1,1,0,0,0,0.0,128,4,16.0,0,1
0.49,0.43,0,1,1,0,0,0,0.0,133,4,17.0,0,1
0.49,0.43,0,1,1,0,0,0,0.0,142,5,18.0,0,1
0.49,0.43,0,1,1,0,0,0,0.0,154,5,19.0,0,1
0.49,0.43,0,1,1,0,0,0,0.0,164,5,20.0,0,1
0.49,0.43,0,1,0,1,7,0,1.0,164,5,20.0,165,1
0.49,0.43,0,1,0,1,16,0,2.0,164,5,20.0,165,1
0.49,0.43,0,1,0,1,20,0,3.0,164,5,20.0,165,1
0.49,0.43,0,1,0,1,30,0,4.0,164,5,20.0,165,1
0.49,0.43,0,1,0,1,35,0,5.0,164,5,20.0,165,1
0.49,0.43,0,1,0,1,50,0,6.0,164,5,20.0,165,1
0.49,0.43,0,1,0,1,59,0,7.0,164,5,20.0,165,1
0.49,0.43,0,1,0,1,67,0,8.0,164,5,20.0,165,1
0.49,0.43,0,1,0,1,69,0,9.0,164,5,20.0,165,1
0.49,0.43,0,1,0,1,81,0,10.0,164,5,20.0,165,1
0.49,0.43,0,1,0,1,89,0,11.0,164,5,20.0,165,1
0.49,0.43,0,1,0,1,101,0,12.0,164,5,20.0,165,1
0.49,0.43,0,1,0,1,109,0,13.0,164,5,20.0,165,1
0.49,0.43,0,1,0,1,112,1,14.0,164,5,20.0,165,1
0.49,0.43,0,1,0,1,115,1,15.0,164,5,20.0,165,1
0.49,0.43,0,1,0,1,129,1,16.0,164,5,20.0,165,1
0.49,0.43,0,1,0,1,137,2,17.0,164,5,20.0,165,1
0.49,0.43,0,1,0,1,148,3,18.0,164,5,20.0,165,1
0.49,0.43,0,1,0,1,164,3,19.0,164,5,20.0,165,1
0.49,0.43,0,1,0,1,165,3,19.17,164,5,20.0,165,1
0.35,0.63,1,1,1,1,6,0,1.0,0,0,0.0,0,0
0.35,0.63,1,1,1,1,10,0,2.0,0,0,0.0,0,0
0.35,0.63,1,1,1,1,10,0,3.0,0,0,0.0,0,0
0.35,0.63,1,1,1,1,17,0,4.0,0,0,0.0,0,0
0.35,0.63,1,1,1,1,22,0,5.0,0,0,0.0,0,0
0.35,0.63,1,1,1,1,30,0,6.0,0,0,0.0,0,0
0.35,0.63,1,1,1,1,39,0,7.0,0,0,0.0,0,0
0.35,0.63,1,1,1,1,41,1,8.0,0,0,0.0,0,0
0.35,0.63,1,1,1,1,49,1,9.0,0,0,0.0,0,0
0.35,0.63,1,1,1,1,54,1,10.0,0,0,0.0,0,0
0.35,0.63,1,1,1,1,58,1,11.0,0,0,0.0,0,0
0.35,0.63,1,1,1,1,66,3,12.0,0,0,0.0,0,0
0.35,0.63,1,1,1,1,76,3,13.0,0,0,0.0,0,0
0.35,0.63,1,1,1,1,78,3,14.0,0,0,0.0,0,0
0.35,0.63,1,1,1,1,81,3,15.0,0,0,0.0,0,0
0.35,0.63,1,1,1,1,88,3,16.0,0,0,0.0,0,0
0.35,0.63,1,1,1,1,89,4,17.0,0,0,0.0,0,0
0.35,0.63,1,1,1,1,95,5,18.0,0,0,0.0,0,0
0.35,0.63,1,1,1,1,101,5,19.0,0,0,0.0,0,0
0.35,0.63,1,1,1,1,102,7,20.0,0,0,0.0,0,0
0.35,0.63,1,1,0,0,102,7,20.0,4,0,1.0,103,0
0.35,0.63,1,1,0,0,102,7,20.0,6,0,2.0,103,0
0.35,0.63,1,1,0,0,102,7,20.0,17,0,3.0,103,0
0.35,0.63,1,1,0,0,102,7,20.0,32,0,4.0,103,0
0.35,0.63,1,1,0,0,102,7,20.0,41,0,5.0,103,0
0.35,0.63,1,1,0,0,102,7,20.0,45,0,6.0,103,0
0.35,0.63,1,1,0,0,102,7,20.0,54,0,7.0,103,0
0.35,0.63,1,1,0,0,102,7,20.0,59,0,8.0,103,0
0.35,0.63,1,1,0,0,102,7,20.0,66,0,9.0,103,0
0.35,0.63,1,1,0,0,102,7,20.0,71,1,10.0,103,0
0.35,0.63,1,1,0,0,102,7,20.0,80,2,11.0,103,0
0.35,0.63,1,1,0,0,102,7,20.0,91,2,12.0,103,0
0.35,0.63,1,1,0,0,102,7,20.0,98,3,13.0,103,0
0.35,0.63,1,1,0,0,102,7,20.0,103,3,13.33,103,0
0.57,0.38,0,0,1,1,4,0,1.0,0,0,0.0,0,1
0.57,0.38,0,0,1,1,5,0,2.0,0,0,0.0,0,1
0.57,0.38,0,0,1,1,11,0,3.0,0,0,0.0,0,1
0.57,0.38,0,0,1,1,25,0,4.0,0,0,0.0,0,1
0.57,0.38,0,0,1,1,33,0,5.0,0,0,0.0,0,1
0.57,0.38,0,0,1,1,43,0,6.0,0,0,0.0,0,1
0.57,0.38,0,0,1,1,63,0,7.0,0,0,0.0,0,1
0.57,0.38,0,0,1,1,75,0,8.0,0,0,0.0,0,1
0.57,0.38,0,0,1,1,84,0,9.0,0,0,0.0,0,1
0.57,0.38,0,0,1,1,95,0,10.0,0,0,0.0,0,1
0.57,0.38,0,0,1,1,99,0,11.0,0,0,0.0,0,1
0.57,0.38,0,0,1,1,100,1,12.0,0,0,0.0,0,1
0.57,0.38,0,0,1,1,104,2,13.0,0,0,0.0,0,1
0.57,0.38,0,0,1,1,109,2,14.0,0,0,0.0,0,1
0.57,0.38,0,0,1,1,122,3,15.0,0,0,0.0,0,1
0.57,0.38,0,0,1,1,131,4,16.0,0,0,0.0,0,1
0.57,0.38,0,0,1,1,136,4,17.0,0,0,0.0,0,1
0.57,0.38,0,0,1,1,138,4,18.0,0,0,0.0,0,1
0.57,0.38,0,0,1,1,151,4,19.0,0,0,0.0,0,1
0.57,0.38,0,0,1,1,159,4,20.0,0,0,0.0,0,1
0.57,0.38,0,0,0,0,159,4,20.0,2,0,1.0,160,1
0.57,0.38,0,0,0,0,159,4,20.0,13,0,2.0,160,1
0.57,0.38,0,0,0,0,159,4,20.0,14,0,3.0,160,1
0.57,0.38,0,0,0,0,159,4,20.0,29,0,4.0,160,1
0.57,0.38,0,0,0,0,159,4,20.0,35,1,5.0,160,1
0.57,0.38,0,0,0,0,159,4,20.0,42,1,6.0,160,1
0.57,0.38,0,0,0,0,159,4,20.0,52,1,7.0,160,1
0.57,0.38,0,0,0,0,159,4,20.0,57,1,8.0,160,1
0.57,0.38,0,0,0,0,159,4,20.0,59,1,9.0,160,1
0.57,0.38,0,0,0,0,159,4,20.0,61,1,10.0,160,1
0.57,0.38,0,0,0,0,159,4,20.0,72,1,11.0,160,1
0.57,0.38,0,0,0,0,159,4,20.0,77,1,12.0,160,1
0.57,0.38,0,0,0,0,159,4,20.0,79,1,13.0,160,1
0.57,0.38,0,0,0,0,159,4,20.0,84,2,14.0,160,1
0.57,0.38,0,0,0,0,159,4,20.0,99,2,15.0,160,1
0.57,0.38,0,0,0,0,159,4,20.0,110,4,16.0,160,1
0.57,0.38,0,0,0,0,159,4,20.0,113,5,17.0,160,1
0.57,0.38,0,0,0,0,159,4,20.0,118,5,18.0,160,1
0.57,0.38,0,0,0,0,159,4,20.0,137,5,19.0,160,1
0.57,0.38,0,0,0,0,159,4,20.0,152,5,20.0,160,1
0.52,0.61,1,1,1,1,7,0,1.0,0,0,0.0,0,0
0.52,0.61,1,1,1,1,11,2,2.0,0,0,0.0,0,0
0.52,0.61,1,1,1,1,26,2,3.0,0,0,0.0,0,0
0.52,0.61,1,1,1,1,35,2,4.0,0,0,0.0,0,0
0.52,0.61,1,1,1,1,37,3,5.0,0,0,0.0,0,0
0.52,0.61,1,1,1,1,41,3,6.0,0,0,0.0,0,0
0.52,0.61,1,1,1,1,48,3,7.0,0,0,0.0,0,0
0.52,0.61,1,1,1,1,51,4,8.0,0,0,0.0,0,0
0.52,0.61,1,1,1,1,58,4,9.0,0,0,0.0,0,0
0.52,0.61,1,1,1,1,61,4,10.0,0,0,0.0,0,0
0.52,0.61,1,1,1,1,69,5,11.0,0,0,0.0,0,0
0.52,0.61,1,1,1,1,73,5,12.0,0,0,0.0,0,0
0.52,0.61,1,1,1,1,82,5,13.0,0,0,0.0,0,0
0.52,0.61,1,1,1,1,84,5,14.0,0,0,0.0,0,0
0.52,0.61,1,1,1,1,89,6,15.0,0,0,0.0,0,0
0.52,0.61,1,1,1,1,96,6,16.0,0,0,0.0,0,0
0.52,0.61,1,1,1,1,98,7,17.0,0,0,0.0,0,0
0.52,0.61,1,1,1,1,108,7,18.0,0,0,0.0,0,0
0.52,0.61,1,1,1,1,109,7,19.0,0,0,0.0,0,0
0.52,0.61,1,1,1,1,115,7,20.0,0,0,0.0,0,0
0.52,0.61,1,1,0,0,115,7,20.0,10,0,1.0,116,0
0.52,0.61,1,1,0,0,115,7,20.0,20,0,2.0,116,0
0.52,0.61,1,1,0,0,115,7,20.0,25,0,3.0,116,0
0.52,0.61,1,1,0,0,115,7,20.0,30,2,4.0,116,0
0.52,0.61,1,1,0,0,115,7,20.0,35,3,5.0,116,0
0.52,0.61,1,1,0,0,115,7,20.0,43,5,6.0,116,0
0.52,0.61,1,1,0,0,115,7,20.0,58,5,7.0,116,0
0.52,0.61,1,1,0,0,115,7,20.0,64,6,8.0,116,0
0.52,0.61,1,1,0,0,115,7,20.0,67,6,9.0,116,0
0.52,0.61,1,1,0,0,115,7,20.0,85,6,10.0,116,0
0.52,0.61,1,1,0,0,115,7,20.0,93,7,11.0,116,0
0.52,0.61,1,1,0,0,115,7,20.0,102,7,12.0,116,0
0.52,0.61,1,1,0,0,115,7,20.0,109,7,13.0,116,0
0.52,0.61,1,1,0,0,115,7,20.0,116,7,13.67,116,0
0.42,0.63,1,1,1,1,4,0,1.0,0,0,0.0,0,0
0.42,0.63,1,1,1,1,9,0,2.0,0,0,0.0,0,0
0.42,0.63,1,1,1,1,18,0,3.0,0,0,0.0,0,0
0.42,0.63,1,1,1,1,26,0,4.0,0,0,0.0,0,0
0.42,0.63,1,1,1,1,29,0,5.0,0,0,0.0,0,0
0.42,0.63,1,1,1,1,32,0,6.0,0,0,0.0,0,0
0.42,0.63,1,1,1,1,35,0,7.0,0,0,0.0,0,0
0.42,0.63,1,1,1,1,38,0,8.0,0,0,0.0,0,0
0.42,0.63,1,1,1,1,50,0,9.0,0,0,0.0,0,0
0.42,0.63,1,1,1,1,56,0,10.0,0,0,0.0,0,0
0.42,0.63,1,1,1,1,63,0,11.0,0,0,0.0,0,0
0.42,0.63,1,1,1,1,67,0,12.0,0,0,0.0,0,0
0.42,0.63,1,1,1,1,73,0,13.0,0,0,0.0,0,0
0.42,0.63,1,1,1,1,77,1,14.0,0,0,0.0,0,0
0.42,0.63,1,1,1,1,88,1,15.0,0,0,0.0,0,0
0.42,0.63,1,1,1,1,89,1,16.0,0,0,0.0,0,0
0.42,0.63,1,1,1,1,99,1,17.0,0,0,0.0,0,0
0.42,0.63,1,1,1,1,102,1,18.0,0,0,0.0,0,0
0.42,0.63,1,1,1,1,106,1,19.0,0,0,0.0,0,0
0.42,0.63,1,1,1,1,116,1,20.0,0,0,0.0,0,0
0.42,0.63,1,1,0,0,116,1,20.0,11,0,1.0,117,0
0.42,0.63,1,1,0,0,116,1,20.0,22,0,2.0,117,0
0.42,0.63,1,1,0,0,116,1,20.0,35,0,3.0,117,0
0.42,0.63,1,1,0,0,116,1,20.0,43,0,4.0,117,0
0.42,0.63,1,1,0,0,116,1,20.0,49,0,5.0,117,0
0.42,0.63,1,1,0,0,116,1,20.0,70,0,6.0,117,0
0.42,0.63,1,1,0,0,116,1,20.0,83,0,7.0,117,0
0.42,0.63,1,1,0,0,116,1,20.0,99,0,8.0,117,0
0.42,0.63,1,1,0,0,116,1,20.0,112,0,9.0,117,0
0.42,0.63,1,1,0,0,116,1,20.0,117,0,9.67,117,0
0.65,0.51,0,1,1,0,0,0,0.0,4,0,1.0,0,1
0.65,0.51,0,1,1,0,0,0,0.0,6,0,2.0,0,1
0.65,0.51,0,1,1,0,0,0,0.0,15,0,3.0,0,1
0.65,0.51,0,1,1,0,0,0,0.0,23,0,4.0,0,1
0.65,0.51,0,1,1,0,0,0,0.0,32,0,5.0,0,1
0.65,0.51,0,1,1,0,0,0,0.0,36,1,6.0,0,1
0.65,0.51,0,1,1,0,0,0,0.0,38,1,7.0,0,1
0.65,0.51,0,1,1,0,0,0,0.0,44,1,8.0,0,1
0.65,0.51,0,1,1,0,0,0,0.0,48,1,9.0,0,1
0.65,0.51,0,1,1,0,0,0,0.0,54,1,10.0,0,1
0.65,0.51,0,1,1,0,0,0,0.0,64,1,11.0,0,1
0.65,0.51,0,1,1,0,0,0,0.0,71,1,12.0,0,1
0.65,0.51,0,1,1,0,0,0,0.0,81,1,13.0,0,1
0.65,0.51,0,1,1,0,0,0,0.0,87,1,14.0,0,1
0.65,0.51,0,1,1,0,0,0,0.0,93,3,15.0,0,1
0.65,0.51,0,1,1,0,0,0,0.0,100,4,16.0,0,1
0.65,0.51,0,1,1,0,0,0,0.0,107,6,17.0,0,1
0.65,0.51,0,1,1,0,0,0,0.0,110,6,18.0,0,1
0.65,0.51,0,1,1,0,0,0,0.0,116,7,19.0,0,1
0.65,0.51,0,1,1,0,0,0,0.0,125,7,20.0,0,1
0.65,0.51,0,1,0,1,9,1,1.0,125,7,20.0,126,1
0.65,0.51,0,1,0,1,17,1,2.0,125,7,20.0,126,1
0.65,0.51,0,1,0,1,21,1,3.0,125,7,20.0,126,1
0.65,0.51,0,1,0,1,36,1,4.0,125,7,20.0,126,1
0.65,0.51,0,1,0,1,49,1,5.0,125,7,20.0,126,1
0.65,0.51,0,1,0,1,57,1,6.0,125,7,20.0,126,1
0.65,0.51,0,1,0,1,64,1,7.0,125,7,20.0,126,1
0.65,0.51,0,1,0,1,74,2,8.0,125,7,20.0,126,1
0.65,0.51,0,1,0,1,85,2,9.0,125,7,20.0,126,1
0.65,0.51,0,1,0,1,94,2,10.0,125,7,20.0,126,1
0.65,0.51,0,1,0,1,103,2,11.0,125,7,20.0,126,1
0.65,0.51,0,1,0,1,112,2,12.0,125,7,20.0,126,1
0.65,0.51,0,1,0,1,125,2,13.0,125,7,20.0,126,1
0.65,0.51,0,1,0,1,126,2,13.17,125,7,20.0,126,1
0.57,0.64,0,0,1,1,11,0,1.0,0,0,0.0,0,0
0.57,0.64,0,0,1,1,15,0,2.0,0,0,0.0,0,0
0.57,0.64,0,0,1,1,17,1,3.0,0,0,0.0,0,0
0.57,0.64,0,0,1,1,20,1,4.0,0,0,0.0,0,0
0.57,0.64,0,0,1,1,25,1,5.0,0,0,0.0,0,0
0.57,0.64,0,0,1,1,27,2,6.0,0,0,0.0,0,0
0.57,0.64,0,0,1,1,32,2,7.0,0,0,0.0,0,0
0.57,0.64,0,0,1,1,35,2,8.0,0,0,0.0,0,0
0.57,0.64,0,0,1,1,45,2,9.0,0,0,0.0,0,0
0.57,0.64,0,0,1,1,46,2,10.0,0,0,0.0,0,0
0.57,0.64,0,0,1,1,50,3,11.0,0,0,0.0,0,0
0.57,0.64,0,0,1,1,56,3,12.0,0,0,0.0,0,0
0.57,0.64,0,0,1,1,65,3,13.0,0,0,0.0,0,0
0.57,0.64,0,0,1,1,71,3,14.0,0,0,0.0,0,0
0.57,0.64,0,0,1,1,76,4,15.0,0,0,0.0,0,0
0.57,0.64,0,0,1,1,81,5,16.0,0,0,0.0,0,0
0.57,0.64,0,0,1,1,82,6,17.0,0,0,0.0,0,0
0.57,0.64,0,0,1,1,93,6,18.0,0,0,0.0,0,0
0.57,0.64,0,0,1,1,104,6,19.0,0,0,0.0,0,0
0.57,0.64,0,0,1,1,108,7,20.0,0,0,0.0,0,0
0.57,0.64,0,0,0,0,108,7,20.0,18,0,1.0,109,0
0.57,0.64,0,0,0,0,108,7,20.0,35,0,2.0,109,0
0.57,0.64,0,0,0,0,108,7,20.0,38,0,3.0,109,0
0.57,0.64,0,0,0,0,108,7,20.0,46,0,4.0,109,0
0.57,0.64,0,0,0,0,108,7,20.0,53,0,5.0,109,0
0.57,0.64,0,0,0,0,108,7,20.0,55,0,6.0,109,0
0.57,0.64,0,0,0,0,108,7,20.0,61,0,7.0,109,0
0.57,0.64,0,0,0,0,108,7,20.0,65,0,8.0,109,0
0.57,0.64,0,0,0,0,108,7,20.0,77,0,9.0,109,0
0.57,0.64,0,0,0,0,108,7,20.0,88,2,10.0,109,0
0.57,0.64,0,0,0,0,108,7,20.0,92,3,11.0,109,0
0.57,0.64,0,0,0,0,108,7,20.0,98,3,12.0,109,0
0.57,0.64,0,0,0,0,108,7,20.0,106,3,13.0,109,0
0.57,0.64,0,0,0,0,108,7,20.0,106,3,14.0,109,0
0.57,0.64,0,0,0,0,108,7,20.0,109,5,15.0,109,0
0.62,0.52,1,1,1,1,4,0,1.0,0,0,0.0,0,0
0.62,0.52,1,1,1,1,10,0,2.0,0,0,0.0,0,0
0.62,0.52,1,1,1,1,14,0,3.0,0,0,0.0,0,0
0.62,0.52,1,1,1,1,22,1,4.0,0,0,0.0,0,0
0.62,0.52,1,1,1,1,30,1,5.0,0,0,0.0,0,0
0.62,0.52,1,1,1,1,34,1,6.0,0,0,0.0,0,0
0.62,0.52,1,1,1,1,36,2,7.0,0,0,0.0,0,0
0.62,0.52,1,1,1,1,38,2,8.0,0,0,0.0,0,0
0.62,0.52,1,1,1,1,41,2,9.0,0,0,0.0,0,0
0.62,0.52,1,1,1,1,58,2,10.0,0,0,0.0,0,0
0.62,0.52,1,1,1,1,61,2,11.0,0,0,0.0,0,0
0.62,0.52,1,1,1,1,65,3,12.0,0,0,0.0,0,0
0.62,0.52,1,1,1,1,77,3,13.0,0,0,0.0,0,0
0.62,0.52,1,1,1,1,78,3,14.0,0,0,0.0,0,0
0.62,0.52,1,1,1,1,88,3,15.0,0,0,0.0,0,0
0.62,0.52,1,1,1,1,90,3,16.0,0,0,0.0,0,0
0.62,0.52,1,1,1,1,102,3,17.0,0,0,0.0,0,0
0.62,0.52,1,1,1,1,107,5,18.0,0,0,0.0,0,0
0.62,0.52,1,1,1,1,114,6,19.0,0,0,0.0,0,0
0.62,0.52,1,1,1,1,125,6,20.0,0,0,0.0,0,0
0.62,0.52,1,1,0,0,125,6,20.0,5,0,1.0,126,0
0.62,0.52,1,1,0,0,125,6,20.0,16,0,2.0,126,0
0.62,0.52,1,1,0,0,125,6,20.0,17,0,3.0,126,0
0.62,0.52,1,1,0,0,125,6,20.0,25,1,4.0,126,0
0.62,0.52,1,1,0,0,125,6,20.0,35,1,5.0,126,0
0.62,0.52,1,1,0,0,125,6,20.0,42,1,6.0,126,0
0.62,0.52,1,1,0,0,125,6,20.0,55,1,7.0,126,0
0.62,0.52,1,1,0,0,125,6,20.0,57,1,8.0,126,0
0.62,0.52,1,1,0,0,125,6,20.0,68,1,9.0,126,0
0.62,0.52,1,1,0,0,125,6,20.0,75,1,10.0,126,0
0.62,0.52,1,1,0,0,125,6,20.0,84,1,11.0,126,0
0.62,0.52,1,1,0,0,125,6,20.0,93,1,12.0,126,0
0.62,0.52,1,1,0,0,125,6,20.0,98,3,13.0,126,0
0.62,0.52,1,1,0,0,125,6,20.0,106,5,14.0,126,0
0.62,0.52,1,1,0,0,125,6,20.0,111,5,15.0,126,0
0.62,0.52,1,1,0,0,125,6,20.0,117,5,16.0,126,0
0.62,0.52,1,1,0,0,125,6,20.0,122,5,17.0,126,0
0.62,0.52,1,1,0,0,125,6,20.0,129,5,17.33,126,0
0.48,0.64,0,0,1,1,4,0,1.0,0,0,0.0,0,0
0.48,0.64,0,0,1,1,12,0,2.0,0,0,0.0,0,0
0.48,0.64,0,0,1,1,22,1,3.0,0,0,0.0,0,0
0.48,0.64,0,0,1,1,30,1,4.0,0,0,0.0,0,0
0.48,0.64,0,0,1,1,48,1,5.0,0,0,0.0,0,0
0.48,0.64,0,0,1,1,58,2,6.0,0,0,0.0,0,0
0.48,0.64,0,0,1,1,69,2,7.0,0,0,0.0,0,0
0.48,0.64,0,0,1,1,76,3,8.0,0,0,0.0,0,0
0.48,0.64,0,0,1,1,84,4,9.0,0,0,0.0,0,0
0.48,0.64,0,0,1,1,94,4,10.0,0,0,0.0,0,0
0.48,0.64,0,0,1,1,103,4,11.0,0,0,0.0,0,0
0.48,0.64,0,0,1,1,108,4,12.0,0,0,0.0,0,0
0.48,0.64,0,0,1,1,113,4,13.0,0,0,0.0,0,0
0.48,0.64,0,0,1,1,117,4,14.0,0,0,0.0,0,0
0.48,0.64,0,0,1,1,120,4,15.0,0,0,0.0,0,0
0.48,0.64,0,0,1,1,121,4,16.0,0,0,0.0,0,0
0.48,0.64,0,0,1,1,129,4,17.0,0,0,0.0,0,0
0.48,0.64,0,0,1,1,133,5,18.0,0,0,0.0,0,0
0.48,0.64,0,0,1,1,135,6,19.0,0,0,0.0,0,0
0.48,0.64,0,0,1,1,139,6,20.0,0,0,0.0,0,0
0.48,0.64,0,0,0,0,139,6,20.0,12,0,1.0,140,0
0.48,0.64,0,0,0,0,139,6,20.0,23,0,2.0,140,0
0.48,0.64,0,0,0,0,139,6,20.0,27,0,3.0,140,0
0.48,0.64,0,0,0,0,139,6,20.0,36,0,4.0,140,0
0.48,0.64,0,0,0,0,139,6,20.0,39,0,5.0,140,0
0.48,0.64,0,0,0,0,139,6,20.0,49,0,6.0,140,0
0.48,0.64,0,0,0,0,139,6,20.0,54,1,7.0,140,0
0.48,0.64,0,0,0,0,139,6,20.0,59,1,8.0,140,0
0.48,0.64,0,0,0,0,139,6,20.0,66,1,9.0,140,0
0.48,0.64,0,0,0,0,139,6,20.0,75,1,10.0,140,0
0.48,0.64,0,0,0,0,139,6,20.0,84,1,11.0,140,0
0.48,0.64,0,0,0,0,139,6,20.0,96,1,12.0,140,0
0.48,0.64,0,0,0,0,139,6,20.0,107,2,13.0,140,0
0.48,0.64,0,0,0,0,139,6,20.0,113,2,14.0,140,0
0.48,0.64,0,0,0,0,139,6,20.0,122,3,15.0,140,0
0.48,0.64,0,0,0,0,139,6,20.0,128,3,16.0,140,0
0.48,0.64,0,0,0,0,139,6,20.0,129,4,17.0,140,0
0.48,0.64,0,0,0,0,139,6,20.0,131,4,18.0,140,0
0.48,0.64,0,0,0,0,139,6,20.0,141,4,19.0,140,0
0.52,0.53,1,1,1,1,14,0,1.0,0,0,0.0,0,0
0.52,0.53,1,1,1,1,23,0,2.0,0,0,0.0,0,0
0.52,0.53,1,1,1,1,35,0,3.0,0,0,0.0,0,0
0.52,0.53,1,1,1,1,41,1,4.0,0,0,0.0,0,0
0.52,0.53,1,1,1,1,43,2,5.0,0,0,0.0,0,0
0.52,0.53,1,1,1,1,44,2,6.0,0,0,0.0,0,0
0.52,0.53,1,1,1,1,57,2,7.0,0,0,0.0,0,0
0.52,0.53,1,1,1,1,64,4,8.0,0,0,0.0,0,0
0.52,0.53,1,1,1,1,67,4,9.0,0,0,0.0,0,0
0.52,0.53,1,1,1,1,79,4,10.0,0,0,0.0,0,0
0.52,0.53,1,1,1,1,87,4,11.0,0,0,0.0,0,0
0.52,0.53,1,1,1,1,97,4,12.0,0,0,0.0,0,0
0.52,0.53,1,1,1,1,111,4,13.0,0,0,0.0,0,0
0.52,0.53,1,1,1,1,113,4,14.0,0,0,0.0,0,0
0.52,0.53,1,1,1,1,116,5,15.0,0,0,0.0,0,0
0.52,0.53,1,1,1,1,123,6,16.0,0,0,0.0,0,0
0.52,0.53,1,1,1,1,124,7,17.0,0,0,0.0,0,0
0.52,0.53,1,1,1,1,132,7,18.0,0,0,0.0,0,0
0.52,0.53,1,1,1,1,138,7,19.0,0,0,0.0,0,0
0.52,0.53,1,1,1,1,149,8,20.0,0,0,0.0,0,0
0.52,0.53,1,1,0,0,149,8,20.0,4,0,1.0,150,0
0.52,0.53,1,1,0,0,149,8,20.0,17,0,2.0,150,0
0.52,0.53,1,1,0,0,149,8,20.0,21,0,3.0,150,0
0.52,0.53,1,1,0,0,149,8,20.0,24,0,4.0,150,0
0.52,0.53,1,1,0,0,149,8,20.0,30,0,5.0,150,0
0.52,0.53,1,1,0,0,149,8,20.0,42,0,6.0,150,0
0.52,0.53,1,1,0,0,149,8,20.0,49,0,7.0,150,0
0.52,0.53,1,1,0,0,149,8,20.0,60,0,8.0,150,0
0.52,0.53,1,1,0,0,149,8,20.0,69,0,9.0,150,0
0.52,0.53,1,1,0,0,149,8,20.0,76,0,10.0,150,0
0.52,0.53,1,1,0,0,149,8,20.0,83,1,11.0,150,0
0.52,0.53,1,1,0,0,149,8,20.0,84,2,12.0,150,0
0.52,0.53,1,1,0,0,149,8,20.0,86,2,13.0,150,0
0.52,0.53,1,1,0,0,149,8,20.0,96,2,14.0,150,0
0.52,0.53,1,1,0,0,149,8,20.0,99,2,15.0,150,0
0.52,0.53,1,1,0,0,149,8,20.0,108,3,16.0,150,0
0.52,0.53,1,1,0,0,149,8,20.0,114,3,17.0,150,0
0.52,0.53,1,1,0,0,149,8,20.0,122,4,18.0,150,0
0.52,0.53,1,1,0,0,149,8,20.0,136,4,19.0,150,0
0.52,0.53,1,1,0,0,149,8,20.0,151,4,19.83,150,0
0.52,0.38,0,0,1,1,13,0,1.0,0,0,0.0,0,1
0.52,0.38,0,0,1,1,18,0,2.0,0,0,0.0,0,1
0.52,0.38,0,0,1,1,27,1,3.0,0,0,0.0,0,1
0.52,0.38,0,0,1,1,35,1,4.0,0,0,0.0,0,1
0.52,0.38,0,0,1,1,49,2,5.0,0,0,0.0,0,1
0.52,0.38,0,0,1,1,58,2,6.0,0,0,0.0,0,1
0.52,0.38,0,0,1,1,65,2,7.0,0,0,0.0,0,1
0.52,0.38,0,0,1,1,73,2,8.0,0,0,0.0,0,1
0.52,0.38,0,0,1,1,79,2,9.0,0,0,0.0,0,1
0.52,0.38,0,0,1,1,91,3,10.0,0,0,0.0,0,1
0.52,0.38,0,0,1,1,97,3,11.0,0,0,0.0,0,1
0.52,0.38,0,0,1,1,105,4,12.0,0,0,0.0,0,1
0.52,0.38,0,0,1,1,109,4,13.0,0,0,0.0,0,1
0.52,0.38,0,0,1,1,120,4,14.0,0,0,0.0,0,1
0.52,0.38,0,0,1,1,126,4,15.0,0,0,0.0,0,1
0.52,0.38,0,0,1,1,129,4,16.0,0,0,0.0,0,1
0.52,0.38,0,0,1,1,133,4,17.0,0,0,0.0,0,1
0.52,0.38,0,0,1,1,144,4,18.0,0,0,0.0,0,1
0.52,0.38,0,0,1,1,149,5,19.0,0,0,0.0,0,1
0.52,0.38,0,0,1,1,154,5,20.0,0,0,0.0,0,1
0.52,0.38,0,0,0,0,154,5,20.0,3,1,1.0,155,1
0.52,0.38,0,0,0,0,154,5,20.0,10,1,2.0,155,1
0.52,0.38,0,0,0,0,154,5,20.0,23,1,3.0,155,1
0.52,0.38,0,0,0,0,154,5,20.0,32,1,4.0,155,1
0.52,0.38,0,0,0,0,154,5,20.0,36,1,5.0,155,1
0.52,0.38,0,0,0,0,154,5,20.0,46,1,6.0,155,1
0.52,0.38,0,0,0,0,154,5,20.0,46,1,7.0,155,1
0.52,0.38,0,0,0,0,154,5,20.0,53,1,8.0,155,1
0.52,0.38,0,0,0,0,154,5,20.0,55,1,9.0,155,1
0.52,0.38,0,0,0,0,154,5,20.0,59,1,10.0,155,1
0.52,0.38,0,0,0,0,154,5,20.0,64,2,11.0,155,1
0.52,0.38,0,0,0,0,154,5,20.0,79,2,12.0,155,1
0.52,0.38,0,0,0,0,154,5,20.0,84,2,13.0,155,1
0.52,0.38,0,0,0,0,154,5,20.0,87,2,14.0,155,1
0.52,0.38,0,0,0,0,154,5,20.0,100,2,15.0,155,1
0.52,0.38,0,0,0,0,154,5,20.0,111,2,16.0,155,1
0.52,0.38,0,0,0,0,154,5,20.0,114,2,17.0,155,1
0.52,0.38,0,0,0,0,154,5,20.0,123,2,18.0,155,1
0.52,0.38,0,0,0,0,154,5,20.0,136,2,19.0,155,1
0.52,0.38,0,0,0,0,154,5,20.0,139,3,20.0,155,1
0.43,0.46,1,1,1,1,7,0,1.0,0,0,0.0,0,0
0.43,0.46,1,1,1,1,13,0,2.0,0,0,0.0,0,0
0.43,0.46,1,1,1,1,25,0,3.0,0,0,0.0,0,0
0.43,0.46,1,1,1,1,28,0,4.0,0,0,0.0,0,0
0.43,0.46,1,1,1,1,30,0,5.0,0,0,0.0,0,0
0.43,0.46,1,1,1,1,36,0,6.0,0,0,0.0,0,0
0.43,0.46,1,1,1,1,48,0,7.0,0,0,0.0,0,0
0.43,0.46,1,1,1,1,53,0,8.0,0,0,0.0,0,0
0.43,0.46,1,1,1,1,58,0,9.0,0,0,0.0,0,0
0.43,0.46,1,1,1,1,64,0,10.0,0,0,0.0,0,0
0.43,0.46,1,1,1,1,65,0,11.0,0,0,0.0,0,0
0.43,0.46,1,1,1,1,71,0,12.0,0,0,0.0,0,0
0.43,0.46,1,1,1,1,75,1,13.0,0,0,0.0,0,0
0.43,0.46,1,1,1,1,87,1,14.0,0,0,0.0,0,0
0.43,0.46,1,1,1,1,92,1,15.0,0,0,0.0,0,0
0.43,0.46,1,1,1,1,98,1,16.0,0,0,0.0,0,0
0.43,0.46,1,1,1,1,103,1,17.0,0,0,0.0,0,0
0.43,0.46,1,1,1,1,109,1,18.0,0,0,0.0,0,0
0.43,0.46,1,1,1,1,119,1,19.0,0,0,0.0,0,0
0.43,0.46,1,1,1,1,129,2,20.0,0,0,0.0,0,0
0.43,0.46,1,1,0,0,129,2,20.0,2,1,1.0,130,0
0.43,0.46,1,1,0,0,129,2,20.0,7,1,2.0,130,0
0.43,0.46,1,1,0,0,129,2,20.0,18,1,3.0,130,0
0.43,0.46,1,1,0,0,129,2,20.0,32,1,4.0,130,0
0.43,0.46,1,1,0,0,129,2,20.0,39,1,5.0,130,0
0.43,0.46,1,1,0,0,129,2,20.0,43,1,6.0,130,0
0.43,0.46,1,1,0,0,129,2,20.0,56,1,7.0,130,0
0.43,0.46,1,1,0,0,129,2,20.0,66,1,8.0,130,0
0.43,0.46,1,1,0,0,129,2,20.0,72,1,9.0,130,0
0.43,0.46,1,1,0,0,129,2,20.0,73,2,10.0,130,0
0.43,0.46,1,1,0,0,129,2,20.0,82,2,11.0,130,0
0.43,0.46,1,1,0,0,129,2,20.0,84,2,12.0,130,0
0.43,0.46,1,1,0,0,129,2,20.0,92,2,13.0,130,0
0.43,0.46,1,1,0,0,129,2,20.0,98,2,14.0,130,0
0.43,0.46,1,1,0,0,129,2,20.0,108,2,15.0,130,0
0.43,0.46,1,1,0,0,129,2,20.0,111,2,16.0,130,0
0.43,0.46,1,1,0,0,129,2,20.0,113,2,17.0,130,0
0.43,0.46,1,1,0,0,129,2,20.0,121,2,18.0,130,0
0.43,0.46,1,1,0,0,129,2,20.0,131,2,19.0,130,0
0.36,0.61,1,1,1,1,3,0,1.0,0,0,0.0,0,0
0.36,0.61,1,1,1,1,13,2,2.0,0,0,0.0,0,0
0.36,0.61,1,1,1,1,21,2,3.0,0,0,0.0,0,0
0.36,0.61,1,1,1,1,25,3,4.0,0,0,0.0,0,0
0.36,0.61,1,1,1,1,30,3,5.0,0,0,0.0,0,0
0.36,0.61,1,1,1,1,49,3,6.0,0,0,0.0,0,0
0.36,0.61,1,1,1,1,56,3,7.0,0,0,0.0,0,0
0.36,0.61,1,1,1,1,60,3,8.0,0,0,0.0,0,0
0.36,0.61,1,1,1,1,61,3,9.0,0,0,0.0,0,0
0.36,0.61,1,1,1,1,67,3,10.0,0,0,0.0,0,0
0.36,0.61,1,1,1,1,71,4,11.0,0,0,0.0,0,0
0.36,0.61,1,1,1,1,90,4,12.0,0,0,0.0,0,0
0.36,0.61,1,1,1,1,104,4,13.0,0,0,0.0,0,0
0.36,0.61,1,1,1,1,113,4,14.0,0,0,0.0,0,0
0.36,0.61,1,1,1,1,119,6,15.0,0,0,0.0,0,0
0.36,0.61,1,1,1,1,124,7,16.0,0,0,0.0,0,0
0.36,0.61,1,1,1,1,127,7,17.0,0,0,0.0,0,0
0.36,0.61,1,1,1,1,131,8,18.0,0,0,0.0,0,0
0.36,0.61,1,1,1,1,132,8,19.0,0,0,0.0,0,0
0.36,0.61,1,1,1,1,138,8,20.0,0,0,0.0,0,0
0.36,0.61,1,1,0,0,138,8,20.0,2,1,1.0,139,0
0.36,0.61,1,1,0,0,138,8,20.0,18,1,2.0,139,0
0.36,0.61,1,1,0,0,138,8,20.0,29,1,3.0,139,0
0.36,0.61,1,1,0,0,138,8,20.0,36,3,4.0,139,0
0.36,0.61,1,1,0,0,138,8,20.0,46,3,5.0,139,0
0.36,0.61,1,1,0,0,138,8,20.0,59,3,6.0,139,0
0.36,0.61,1,1,0,0,138,8,20.0,65,3,7.0,139,0
0.36,0.61,1,1,0,0,138,8,20.0,82,3,8.0,139,0
0.36,0.61,1,1,0,0,138,8,20.0,85,3,9.0,139,0
0.36,0.61,1,1,0,0,138,8,20.0,97,3,10.0,139,0
0.36,0.61,1,1,0,0,138,8,20.0,107,4,11.0,139,0
0.36,0.61,1,1,0,0,138,8,20.0,120,4,12.0,139,0
0.36,0.61,1,1,0,0,138,8,20.0,125,4,13.0,139,0
0.36,0.61,1,1,0,0,138,8,20.0,133,4,14.0,139,0
0.36,0.61,1,1,0,0,138,8,20.0,142,4,14.83,139,0
0.35,0.41,0,1,1,0,0,0,0.0,5,0,1.0,0,0
0.35,0.41,0,1,1,0,0,0,0.0,11,0,2.0,0,0
0.35,0.41,0,1,1,0,0,0,0.0,18,1,3.0,0,0
0.35,0.41,0,1,1,0,0,0,0.0,30,1,4.0,0,0
0.35,0.41,0,1,1,0,0,0,0.0,35,1,5.0,0,0
0.35,0.41,0,1,1,0,0,0,0.0,44,1,6.0,0,0
0.35,0.41,0,1,1,0,0,0,0.0,49,1,7.0,0,0
0.35,0.41,0,1,1,0,0,0,0.0,60,2,8.0,0,0
0.35,0.41,0,1,1,0,0,0,0.0,62,4,9.0,0,0
0.35,0.41,0,1,1,0,0,0,0.0,71,4,10.0,0,0
0.35,0.41,0,1,1,0,0,0,0.0,84,5,11.0,0,0
0.35,0.41,0,1,1,0,0,0,0.0,90,6,12.0,0,0
0.35,0.41,0,1,1,0,0,0,0.0,101,6,13.0,0,0
0.35,0.41,0,1,1,0,0,0,0.0,108,6,14.0,0,0
0.35,0.41,0,1,1,0,0,0,0.0,110,6,15.0,0,0
0.35,0.41,0,1,1,0,0,0,0.0,119,6,16.0,0,0
0.35,0.41,0,1,1,0,0,0,0.0,127,6,17.0,0,0
0.35,0.41,0,1,1,0,0,0,0.0,140,6,18.0,0,0
0.35,0.41,0,1,1,0,0,0,0.0,150,6,19.0,0,0
0.35,0.41,0,1,1,0,0,0,0.0,154,6,20.0,0,0
0.35,0.41,0,1,0,1,11,0,1.0,154,6,20.0,155,0
0.35,0.41,0,1,0,1,20,0,2.0,154,6,20.0,155,0
0.35,0.41,0,1,0,1,25,2,3.0,154,6,20.0,155,0
0.35,0.41,0,1,0,1,35,2,4.0,154,6,20.0,155,0
0.35,0.41,0,1,0,1,48,2,5.0,154,6,20.0,155,0
0.35,0.41,0,1,0,1,54,2,6.0,154,6,20.0,155,0
0.35,0.41,0,1,0,1,61,2,7.0,154,6,20.0,155,0
0.35,0.41,0,1,0,1,65,2,8.0,154,6,20.0,155,0
0.35,0.41,0,1,0,1,71,2,9.0,154,6,20.0,155,0
0.35,0.41,0,1,0,1,83,2,10.0,154,6,20.0,155,0
0.35,0.41,0,1,0,1,90,2,11.0,154,6,20.0,155,0
0.35,0.41,0,1,0,1,95,2,12.0,154,6,20.0,155,0
0.35,0.41,0,1,0,1,109,2,13.0,154,6,20.0,155,0
0.35,0.41,0,1,0,1,111,2,14.0,154,6,20.0,155,0
0.35,0.41,0,1,0,1,119,2,15.0,154,6,20.0,155,0
0.35,0.41,0,1,0,1,122,2,16.0,154,6,20.0,155,0
0.35,0.41,0,1,0,1,129,2,17.0,154,6,20.0,155,0
0.35,0.41,0,1,0,1,137,2,18.0,154,6,20.0,155,0
0.35,0.41,0,1,0,1,147,2,19.0,154,6,20.0,155,0
0.35,0.41,0,1,0,1,149,2,20.0,154,6,20.0,155,0
0.58,0.42,0,0,1,1,1,0,1.0,0,0,0.0,0,1
0.58,0.42,0,0,1,1,9,0,2.0,0,0,0.0,0,1
0.58,0.42,0,0,1,1,16,0,3.0,0,0,0.0,0,1
0.58,0.42,0,0,1,1,26,0,4.0,0,0,0.0,0,1
0.58,0.42,0,0,1,1,41,0,5.0,0,0,0.0,0,1
0.58,0.42,0,0,1,1,49,0,6.0,0,0,0.0,0,1
0.58,0.42,0,0,1,1,66,0,7.0,0,0,0.0,0,1
0.58,0.42,0,0,1,1,82,0,8.0,0,0,0.0,0,1
0.58,0.42,0,0,1,1,88,0,9.0,0,0,0.0,0,1
0.58,0.42,0,0,1,1,98,0,10.0,0,0,0.0,0,1
0.58,0.42,0,0,1,1,102,0,11.0,0,0,0.0,0,1
0.58,0.42,0,0,1,1,111,0,12.0,0,0,0.0,0,1
0.58,0.42,0,0,1,1,119,0,13.0,0,0,0.0,0,1
0.58,0.42,0,0,1,1,131,0,14.0,0,0,0.0,0,1
0.58,0.42,0,0,1,1,138,0,15.0,0,0,0.0,0,1
0.58,0.42,0,0,1,1,150,0,16.0,0,0,0.0,0,1
0.58,0.42,0,0,1,1,151,0,17.0,0,0,0.0,0,1
0.58,0.42,0,0,1,1,162,0,18.0,0,0,0.0,0,1
0.58,0.42,0,0,1,1,173,0,19.0,0,0,0.0,0,1
0.58,0.42,0,0,1,1,186,0,20.0,0,0,0.0,0,1
0.58,0.42,0,0,0,0,186,0,20.0,5,0,1.0,187,1
0.58,0.42,0,0,0,0,186,0,20.0,13,0,2.0,187,1
0.58,0.42,0,0,0,0,186,0,20.0,16,0,3.0,187,1
0.58,0.42,0,0,0,0,186,0,20.0,22,0,4.0,187,1
0.58,0.42,0,0,0,0,186,0,20.0,24,0,5.0,187,1
0.58,0.42,0,0,0,0,186,0,20.0,33,0,6.0,187,1
0.58,0.42,0,0,0,0,186,0,20.0,37,1,7.0,187,1
0.58,0.42,0,0,0,0,186,0,20.0,43,2,8.0,187,1
0.58,0.42,0,0,0,0,186,0,20.0,52,2,9.0,187,1
0.58,0.42,0,0,0,0,186,0,20.0,66,2,10.0,187,1
0.58,0.42,0,0,0,0,186,0,20.0,78,3,11.0,187,1
0.58,0.42,0,0,0,0,186,0,20.0,87,3,12.0,187,1
0.58,0.42,0,0,0,0,186,0,20.0,97,3,13.0,187,1
0.58,0.42,0,0,0,0,186,0,20.0,100,3,14.0,187,1
0.58,0.42,0,0,0,0,186,0,20.0,107,4,15.0,187,1
0.58,0.42,0,0,0,0,186,0,20.0,125,4,16.0,187,1
0.58,0.42,0,0,0,0,186,0,20.0,139,4,17.0,187,1
0.58,0.42,0,0,0,0,186,0,20.0,151,4,18.0,187,1
0.58,0.42,0,0,0,0,186,0,20.0,171,4,19.0,187,1
0.58,0.42,0,0,0,0,186,0,20.0,176,4,20.0,187,1
0.59,0.62,0,1,1,0,0,0,0.0,6,0,1.0,0,1
0.59,0.62,0,1,1,0,0,0,0.0,12,0,2.0,0,1
0.59,0.62,0,1,1,0,0,0,0.0,19,0,3.0,0,1
0.59,0.62,0,1,1,0,0,0,0.0,24,0,4.0,0,1
0.59,0.62,0,1,1,0,0,0,0.0,33,0,5.0,0,1
0.59,0.62,0,1,1,0,0,0,0.0,36,1,6.0,0,1
0.59,0.62,0,1,1,0,0,0,0.0,41,2,7.0,0,1
0.59,0.62,0,1,1,0,0,0,0.0,47,2,8.0,0,1
0.59,0.62,0,1,1,0,0,0,0.0,50,2,9.0,0,1
0.59,0.62,0,1,1,0,0,0,0.0,52,2,10.0,0,1
0.59,0.62,0,1,1,0,0,0,0.0,66,2,11.0,0,1
0.59,0.62,0,1,1,0,0,0,0.0,69,2,12.0,0,1
0.59,0.62,0,1,1,0,0,0,0.0,77,2,13.0,0,1
0.59,0.62,0,1,1,0,0,0,0.0,91,2,14.0,0,1
0.59,0.62,0,1,1,0,0,0,0.0,98,2,15.0,0,1
0.59,0.62,0,1,1,0,0,0,0.0,108,3,16.0,0,1
0.59,0.62,0,1,1,0,0,0,0.0,115,3,17.0,0,1
0.59,0.62,0,1,1,0,0,0,0.0,119,3,18.0,0,1
0.59,0.62,0,1,1,0,0,0,0.0,127,3,19.0,0,1
0.59,0.62,0,1,1,0,0,0,0.0,132,3,20.0,0,1
0.59,0.62,0,1,0,1,6,0,1.0,132,3,20.0,133,1
0.59,0.62,0,1,0,1,16,1,2.0,132,3,20.0,133,1
0.59,0.62,0,1,0,1,19,1,3.0,132,3,20.0,133,1
0.59,0.62,0,1,0,1,30,1,4.0,132,3,20.0,133,1
0.59,0.62,0,1,0,1,36,1,5.0,132,3,20.0,133,1
0.59,0.62,0,1,0,1,39,1,6.0,132,3,20.0,133,1
0.59,0.62,0,1,0,1,43,1,7.0,132,3,20.0,133,1
0.59,0.62,0,1,0,1,47,1,8.0,132,3,20.0,133,1
0.59,0.62,0,1,0,1,60,1,9.0,132,3,20.0,133,1
0.59,0.62,0,1,0,1,67,1,10.0,132,3,20.0,133,1
0.59,0.62,0,1,0,1,72,1,11.0,132,3,20.0,133,1
0.59,0.62,0,1,0,1,77,1,12.0,132,3,20.0,133,1
0.59,0.62,0,1,0,1,86,1,13.0,132,3,20.0,133,1
0.59,0.62,0,1,0,1,97,1,14.0,132,3,20.0,133,1
0.59,0.62,0,1,0,1,100,1,15.0,132,3,20.0,133,1
0.59,0.62,0,1,0,1,106,2,16.0,132,3,20.0,133,1
0.59,0.62,0,1,0,1,112,3,17.0,132,3,20.0,133,1
0.59,0.62,0,1,0,1,115,3,18.0,132,3,20.0,133,1
0.59,0.62,0,1,0,1,121,3,19.0,132,3,20.0,133,1
0.59,0.62,0,1,0,1,133,3,20.0,132,3,20.0,133,1
0.43,0.4,0,0,1,1,5,0,1.0,0,0,0.0,0,1
0.43,0.4,0,0,1,1,24,0,2.0,0,0,0.0,0,1
0.43,0.4,0,0,1,1,30,0,3.0,0,0,0.0,0,1
0.43,0.4,0,0,1,1,39,2,4.0,0,0,0.0,0,1
0.43,0.4,0,0,1,1,46,4,5.0,0,0,0.0,0,1
0.43,0.4,0,0,1,1,51,4,6.0,0,0,0.0,0,1
0.43,0.4,0,0,1,1,62,4,7.0,0,0,0.0,0,1
0.43,0.4,0,0,1,1,67,4,8.0,0,0,0.0,0,1
0.43,0.4,0,0,1,1,71,4,9.0,0,0,0.0,0,1
0.43,0.4,0,0,1,1,79,4,10.0,0,0,0.0,0,1
0.43,0.4,0,0,1,1,87,4,11.0,0,0,0.0,0,1
0.43,0.4,0,0,1,1,98,4,12.0,0,0,0.0,0,1
0.43,0.4,0,0,1,1,113,4,13.0,0,0,0.0,0,1
0.43,0.4,0,0,1,1,118,4,14.0,0,0,0.0,0,1
0.43,0.4,0,0,1,1,125,4,15.0,0,0,0.0,0,1
0.43,0.4,0,0,1,1,127,4,16.0,0,0,0.0,0,1
0.43,0.4,0,0,1,1,127,5,17.0,0,0,0.0,0,1
0.43,0.4,0,0,1,1,131,5,18.0,0,0,0.0,0,1
0.43,0.4,0,0,1,1,142,5,19.0,0,0,0.0,0,1
0.43,0.4,0,0,1,1,145,5,20.0,0,0,0.0,0,1
0.43,0.4,0,0,0,0,145,5,20.0,8,0,1.0,146,1
0.43,0.4,0,0,0,0,145,5,20.0,16,0,2.0,146,1
0.43,0.4,0,0,0,0,145,5,20.0,28,0,3.0,146,1
0.43,0.4,0,0,0,0,145,5,20.0,37,0,4.0,146,1
0.43,0.4,0,0,0,0,145,5,20.0,43,0,5.0,146,1
0.43,0.4,0,0,0,0,145,5,20.0,44,0,6.0,146,1
0.43,0.4,0,0,0,0,145,5,20.0,45,0,7.0,146,1
0.43,0.4,0,0,0,0,145,5,20.0,50,0,8.0,146,1
0.43,0.4,0,0,0,0,145,5,20.0,51,0,9.0,146,1
0.43,0.4,0,0,0,0,145,5,20.0,62,0,10.0,146,1
0.43,0.4,0,0,0,0,145,5,20.0,68,0,11.0,146,1
0.43,0.4,0,0,0,0,145,5,20.0,70,1,12.0,146,1
0.43,0.4,0,0,0,0,145,5,20.0,81,1,13.0,146,1
0.43,0.4,0,0,0,0,145,5,20.0,99,1,14.0,146,1
0.43,0.4,0,0,0,0,145,5,20.0,111,1,15.0,146,1
0.43,0.4,0,0,0,0,145,5,20.0,112,2,16.0,146,1
0.43,0.4,0,0,0,0,145,5,20.0,120,3,17.0,146,1
0.43,0.4,0,0,0,0,145,5,20.0,128,3,18.0,146,1
0.43,0.4,0,0,0,0,145,5,20.0,131,3,19.0,146,1
0.43,0.4,0,0,0,0,145,5,20.0,138,4,20.0,146,1
0.35,0.58,0,0,1,1,9,0,1.0,0,0,0.0,0,0
0.35,0.58,0,0,1,1,11,0,2.0,0,0,0.0,0,0
0.35,0.58,0,0,1,1,16,0,3.0,0,0,0.0,0,0
0.35,0.58,0,0,1,1,17,0,4.0,0,0,0.0,0,0
0.35,0.58,0,0,1,1,22,0,5.0,0,0,0.0,0,0
0.35,0.58,0,0,1,1,36,0,6.0,0,0,0.0,0,0
0.35,0.58,0,0,1,1,49,0,7.0,0,0,0.0,0,0
0.35,0.58,0,0,1,1,56,0,8.0,0,0,0.0,0,0
0.35,0.58,0,0,1,1,63,0,9.0,0,0,0.0,0,0
0.35,0.58,0,0,1,1,67,0,10.0,0,0,0.0,0,0
0.35,0.58,0,0,1,1,72,0,11.0,0,0,0.0,0,0
0.35,0.58,0,0,1,1,74,0,12.0,0,0,0.0,0,0
0.35,0.58,0,0,1,1,81,1,13.0,0,0,0.0,0,0
0.35,0.58,0,0,1,1,87,1,14.0,0,0,0.0,0,0
0.35,0.58,0,0,1,1,89,1,15.0,0,0,0.0,0,0
0.35,0.58,0,0,1,1,91,2,16.0,0,0,0.0,0,0
0.35,0.58,0,0,1,1,95,2,17.0,0,0,0.0,0,0
0.35,0.58,0,0,1,1,98,2,18.0,0,0,0.0,0,0
0.35,0.58,0,0,1,1,102,2,19.0,0,0,0.0,0,0
0.35,0.58,0,0,1,1,105,3,20.0,0,0,0.0,0,0
0.35,0.58,0,0,0,0,105,3,20.0,14,0,1.0,106,0
0.35,0.58,0,0,0,0,105,3,20.0,22,0,2.0,106,0
0.35,0.58,0,0,0,0,105,3,20.0,27,0,3.0,106,0
0.35,0.58,0,0,0,0,105,3,20.0,31,1,4.0,106,0
0.35,0.58,0,0,0,0,105,3,20.0,38,1,5.0,106,0
0.35,0.58,0,0,0,0,105,3,20.0,40,1,6.0,106,0
0.35,0.58,0,0,0,0,105,3,20.0,47,2,7.0,106,0
0.35,0.58,0,0,0,0,105,3,20.0,58,2,8.0,106,0
0.35,0.58,0,0,0,0,105,3,20.0,63,2,9.0,106,0
0.35,0.58,0,0,0,0,105,3,20.0,77,2,10.0,106,0
0.35,0.58,0,0,0,0,105,3,20.0,83,2,11.0,106,0
0.35,0.58,0,0,0,0,105,3,20.0,92,3,12.0,106,0
0.35,0.58,0,0,0,0,105,3,20.0,97,3,13.0,106,0
0.35,0.58,0,0,0,0,105,3,20.0,104,3,14.0,106,0
0.35,0.58,0,0,0,0,105,3,20.0,108,3,14.17,106,0
0.57,0.53,1,1,1,1,7,0,1.0,0,0,0.0,0,1
0.57,0.53,1,1,1,1,17,0,2.0,0,0,0.0,0,1
0.57,0.53,1,1,1,1,27,1,3.0,0,0,0.0,0,1
0.57,0.53,1,1,1,1,37,1,4.0,0,0,0.0,0,1
0.57,0.53,1,1,1,1,49,1,5.0,0,0,0.0,0,1
0.57,0.53,1,1,1,1,57,1,6.0,0,0,0.0,0,1
0.57,0.53,1,1,1,1,65,1,7.0,0,0,0.0,0,1
0.57,0.53,1,1,1,1,69,1,8.0,0,0,0.0,0,1
0.57,0.53,1,1,1,1,80,1,9.0,0,0,0.0,0,1
0.57,0.53,1,1,1,1,90,1,10.0,0,0,0.0,0,1
0.57,0.53,1,1,1,1,97,1,11.0,0,0,0.0,0,1
0.57,0.53,1,1,1,1,109,1,12.0,0,0,0.0,0,1
0.57,0.53,1,1,1,1,115,1,13.0,0,0,0.0,0,1
0.57,0.53,1,1,1,1,127,1,14.0,0,0,0.0,0,1
0.57,0.53,1,1,1,1,138,1,15.0,0,0,0.0,0,1
0.57,0.53,1,1,1,1,151,1,16.0,0,0,0.0,0,1
0.57,0.53,1,1,1,1,159,1,17.0,0,0,0.0,0,1
0.57,0.53,1,1,1,1,169,1,18.0,0,0,0.0,0,1
0.57,0.53,1,1,1,1,178,1,19.0,0,0,0.0,0,1
0.57,0.53,1,1,1,1,179,1,20.0,0,0,0.0,0,1
0.57,0.53,1,1,0,0,179,1,20.0,4,1,1.0,180,1
0.57,0.53,1,1,0,0,179,1,20.0,6,1,2.0,180,1
0.57,0.53,1,1,0,0,179,1,20.0,10,1,3.0,180,1
0.57,0.53,1,1,0,0,179,1,20.0,17,1,4.0,180,1
0.57,0.53,1,1,0,0,179,1,20.0,28,1,5.0,180,1
0.57,0.53,1,1,0,0,179,1,20.0,35,1,6.0,180,1
0.57,0.53,1,1,0,0,179,1,20.0,42,1,7.0,180,1
0.57,0.53,1,1,0,0,179,1,20.0,51,2,8.0,180,1
0.57,0.53,1,1,0,0,179,1,20.0,59,2,9.0,180,1
0.57,0.53,1,1,0,0,179,1,20.0,63,4,10.0,180,1
0.57,0.53,1,1,0,0,179,1,20.0,81,4,11.0,180,1
0.57,0.53,1,1,0,0,179,1,20.0,87,4,12.0,180,1
0.57,0.53,1,1,0,0,179,1,20.0,101,4,13.0,180,1
0.57,0.53,1,1,0,0,179,1,20.0,106,6,14.0,180,1
0.57,0.53,1,1,0,0,179,1,20.0,121,6,15.0,180,1
0.57,0.53,1,1,0,0,179,1,20.0,131,7,16.0,180,1
0.57,0.53,1,1,0,0,179,1,20.0,143,9,17.0,180,1
0.57,0.53,1,1,0,0,179,1,20.0,143,10,17.33,180,1
0.54,0.64,1,1,1,1,7,0,1.0,0,0,0.0,0,1
0.54,0.64,1,1,1,1,14,0,2.0,0,0,0.0,0,1
0.54,0.64,1,1,1,1,24,0,3.0,0,0,0.0,0,1
0.54,0.64,1,1,1,1,29,0,4.0,0,0,0.0,0,1
0.54,0.64,1,1,1,1,45,0,5.0,0,0,0.0,0,1
0.54,0.64,1,1,1,1,46,0,6.0,0,0,0.0,0,1
0.54,0.64,1,1,1,1,54,0,7.0,0,0,0.0,0,1
0.54,0.64,1,1,1,1,55,0,8.0,0,0,0.0,0,1
0.54,0.64,1,1,1,1,66,0,9.0,0,0,0.0,0,1
0.54,0.64,1,1,1,1,74,0,10.0,0,0,0.0,0,1
0.54,0.64,1,1,1,1,80,1,11.0,0,0,0.0,0,1
0.54,0.64,1,1,1,1,90,2,12.0,0,0,0.0,0,1
0.54,0.64,1,1,1,1,104,2,13.0,0,0,0.0,0,1
0.54,0.64,1,1,1,1,107,3,14.0,0,0,0.0,0,1
0.54,0.64,1,1,1,1,124,3,15.0,0,0,0.0,0,1
0.54,0.64,1,1,1,1,129,3,16.0,0,0,0.0,0,1
0.54,0.64,1,1,1,1,135,3,17.0,0,0,0.0,0,1
0.54,0.64,1,1,1,1,145,3,18.0,0,0,0.0,0,1
0.54,0.64,1,1,1,1,151,3,19.0,0,0,0.0,0,1
0.54,0.64,1,1,1,1,159,4,20.0,0,0,0.0,0,1
0.54,0.64,1,1,0,0,159,4,20.0,4,0,1.0,160,1
0.54,0.64,1,1,0,0,159,4,20.0,10,0,2.0,160,1
0.54,0.64,1,1,0,0,159,4,20.0,13,0,3.0,160,1
0.54,0.64,1,1,0,0,159,4,20.0,17,1,4.0,160,1
0.54,0.64,1,1,0,0,159,4,20.0,22,1,5.0,160,1
0.54,0.64,1,1,0,0,159,4,20.0,28,1,6.0,160,1
0.54,0.64,1,1,0,0,159,4,20.0,38,1,7.0,160,1
0.54,0.64,1,1,0,0,159,4,20.0,46,1,8.0,160,1
0.54,0.64,1,1,0,0,159,4,20.0,48,1,9.0,160,1
0.54,0.64,1,1,0,0,159,4,20.0,56,1,10.0,160,1
0.54,0.64,1,1,0,0,159,4,20.0,63,1,11.0,160,1
0.54,0.64,1,1,0,0,159,4,20.0,73,1,12.0,160,1
0.54,0.64,1,1,0,0,159,4,20.0,82,1,13.0,160,1
0.54,0.64,1,1,0,0,159,4,20.0,93,1,14.0,160,1
0.54,0.64,1,1,0,0,159,4,20.0,106,1,15.0,160,1
0.54,0.64,1,1,0,0,159,4,20.0,108,3,16.0,160,1
0.54,0.64,1,1,0,0,159,4,20.0,119,4,17.0,160,1
0.54,0.64,1,1,0,0,159,4,20.0,128,4,18.0,160,1
0.54,0.64,1,1,0,0,159,4,20.0,145,4,19.0,160,1
0.54,0.64,1,1,0,0,159,4,20.0,157,4,20.0,160,1
0.56,0.36,0,0,1,1,11,1,1.0,0,0,0.0,0,1
0.56,0.36,0,0,1,1,21,1,2.0,0,0,0.0,0,1
0.56,0.36,0,0,1,1,28,1,3.0,0,0,0.0,0,1
0.56,0.36,0,0,1,1,37,1,4.0,0,0,0.0,0,1
0.56,0.36,0,0,1,1,39,2,5.0,0,0,0.0,0,1
0.56,0.36,0,0,1,1,44,2,6.0,0,0,0.0,0,1
0.56,0.36,0,0,1,1,51,3,7.0,0,0,0.0,0,1
0.56,0.36,0,0,1,1,58,6,8.0,0,0,0.0,0,1
0.56,0.36,0,0,1,1,63,6,9.0,0,0,0.0,0,1
0.56,0.36,0,0,1,1,80,6,10.0,0,0,0.0,0,1
0.56,0.36,0,0,1,1,87,7,11.0,0,0,0.0,0,1
0.56,0.36,0,0,1,1,93,7,12.0,0,0,0.0,0,1
0.56,0.36,0,0,1,1,105,7,13.0,0,0,0.0,0,1
0.56,0.36,0,0,1,1,115,7,14.0,0,0,0.0,0,1
0.56,0.36,0,0,1,1,118,7,15.0,0,0,0.0,0,1
0.56,0.36,0,0,1,1,132,7,16.0,0,0,0.0,0,1
0.56,0.36,0,0,1,1,140,7,17.0,0,0,0.0,0,1
0.56,0.36,0,0,1,1,145,7,18.0,0,0,0.0,0,1
0.56,0.36,0,0,1,1,152,7,19.0,0,0,0.0,0,1
0.56,0.36,0,0,1,1,158,7,20.0,0,0,0.0,0,1
0.56,0.36,0,0,0,0,158,7,20.0,6,0,1.0,159,1
0.56,0.36,0,0,0,0,158,7,20.0,12,0,2.0,159,1
0.56,0.36,0,0,0,0,158,7,20.0,13,1,3.0,159,1
0.56,0.36,0,0,0,0,158,7,20.0,17,2,4.0,159,1
0.56,0.36,0,0,0,0,158,7,20.0,20,2,5.0,159,1
0.56,0.36,0,0,0,0,158,7,20.0,23,2,6.0,159,1
0.56,0.36,0,0,0,0,158,7,20.0,30,3,7.0,159,1
0.56,0.36,0,0,0,0,158,7,20.0,37,3,8.0,159,1
0.56,0.36,0,0,0,0,158,7,20.0,40,3,9.0,159,1
0.56,0.36,0,0,0,0,158,7,20.0,49,3,10.0,159,1
0.56,0.36,0,0,0,0,158,7,20.0,60,3,11.0,159,1
0.56,0.36,0,0,0,0,158,7,20.0,66,3,12.0,159,1
0.56,0.36,0,0,0,0,158,7,20.0,69,4,13.0,159,1
0.56,0.36,0,0,0,0,158,7,20.0,89,5,14.0,159,1
0.56,0.36,0,0,0,0,158,7,20.0,96,6,15.0,159,1
0.56,0.36,0,0,0,0,158,7,20.0,100,7,16.0,159,1
0.56,0.36,0,0,0,0,158,7,20.0,115,7,17.0,159,1
0.56,0.36,0,0,0,0,158,7,20.0,120,7,18.0,159,1
0.56,0.36,0,0,0,0,158,7,20.0,134,7,19.0,159,1
0.56,0.36,0,0,0,0,158,7,20.0,145,7,20.0,159,1
0.39,0.45,1,1,1,1,5,0,1.0,0,0,0.0,0,0
0.39,0.45,1,1,1,1,10,0,2.0,0,0,0.0,0,0
0.39,0.45,1,1,1,1,12,0,3.0,0,0,0.0,0,0
0.39,0.45,1,1,1,1,22,0,4.0,0,0,0.0,0,0
0.39,0.45,1,1,1,1,29,0,5.0,0,0,0.0,0,0
0.39,0.45,1,1,1,1,36,0,6.0,0,0,0.0,0,0
0.39,0.45,1,1,1,1,42,0,7.0,0,0,0.0,0,0
0.39,0.45,1,1,1,1,49,0,8.0,0,0,0.0,0,0
0.39,0.45,1,1,1,1,59,1,9.0,0,0,0.0,0,0
0.39,0.45,1,1,1,1,65,1,10.0,0,0,0.0,0,0
0.39,0.45,1,1,1,1,72,1,11.0,0,0,0.0,0,0
0.39,0.45,1,1,1,1,75,1,12.0,0,0,0.0,0,0
0.39,0.45,1,1,1,1,86,1,13.0,0,0,0.0,0,0
0.39,0.45,1,1,1,1,90,1,14.0,0,0,0.0,0,0
0.39,0.45,1,1,1,1,92,1,15.0,0,0,0.0,0,0
0.39,0.45,1,1,1,1,102,2,16.0,0,0,0.0,0,0
0.39,0.45,1,1,1,1,105,2,17.0,0,0,0.0,0,0
0.39,0.45,1,1,1,1,116,2,18.0,0,0,0.0,0,0
0.39,0.45,1,1,1,1,117,2,19.0,0,0,0.0,0,0
0.39,0.45,1,1,1,1,123,2,20.0,0,0,0.0,0,0
0.39,0.45,1,1,0,0,123,2,20.0,4,0,1.0,124,0
0.39,0.45,1,1,0,0,123,2,20.0,8,0,2.0,124,0
0.39,0.45,1,1,0,0,123,2,20.0,18,0,3.0,124,0
0.39,0.45,1,1,0,0,123,2,20.0,29,0,4.0,124,0
0.39,0.45,1,1,0,0,123,2,20.0,44,0,5.0,124,0
0.39,0.45,1,1,0,0,123,2,20.0,51,0,6.0,124,0
0.39,0.45,1,1,0,0,123,2,20.0,61,0,7.0,124,0
0.39,0.45,1,1,0,0,123,2,20.0,74,0,8.0,124,0
0.39,0.45,1,1,0,0,123,2,20.0,87,0,9.0,124,0
0.39,0.45,1,1,0,0,123,2,20.0,92,1,10.0,124,0
0.39,0.45,1,1,0,0,123,2,20.0,100,1,11.0,124,0
0.39,0.45,1,1,0,0,123,2,20.0,114,1,12.0,124,0
0.39,0.45,1,1,0,0,123,2,20.0,120,2,13.0,124,0
0.39,0.45,1,1,0,0,123,2,20.0,126,2,13.33,124,0
0.38,0.51,1,0,1,0,0,0,0.0,8,0,1.0,0,0
0.38,0.51,1,0,1,0,0,0,0.0,14,0,2.0,0,0
0.38,0.51,1,0,1,0,0,0,0.0,22,0,3.0,0,0
0.38,0.51,1,0,1,0,0,0,0.0,32,0,4.0,0,0
0.38,0.51,1,0,1,0,0,0,0.0,45,0,5.0,0,0
0.38,0.51,1,0,1,0,0,0,0.0,50,0,6.0,0,0
0.38,0.51,1,0,1,0,0,0,0.0,67,0,7.0,0,0
0.38,0.51,1,0,1,0,0,0,0.0,83,0,8.0,0,0
0.38,0.51,1,0,1,0,0,0,0.0,90,0,9.0,0,0
0.38,0.51,1,0,1,0,0,0,0.0,101,1,10.0,0,0
0.38,0.51,1,0,1,0,0,0,0.0,107,1,11.0,0,0
0.38,0.51,1,0,1,0,0,0,0.0,126,1,12.0,0,0
0.38,0.51,1,0,1,0,0,0,0.0,130,1,13.0,0,0
0.38,0.51,1,0,1,0,0,0,0.0,146,1,14.0,0,0
0.38,0.51,1,0,1,0,0,0,0.0,148,1,15.0,0,0
0.38,0.51,1,0,1,0,0,0,0.0,153,1,16.0,0,0
0.38,0.51,1,0,1,0,0,0,0.0,158,1,17.0,0,0
0.38,0.51,1,0,1,0,0,0,0.0,166,2,18.0,0,0
0.38,0.51,1,0,1,0,0,0,0.0,179,2,19.0,0,0
0.38,0.51,1,0,1,0,0,0,0.0,181,2,20.0,0,0
0.38,0.51,1,0,0,1,7,0,1.0,181,2,20.0,182,0
0.38,0.51,1,0,0,1,15,1,2.0,181,2,20.0,182,0
0.38,0.51,1,0,0,1,23,1,3.0,181,2,20.0,182,0
0.38,0.51,1,0,0,1,33,1,4.0,181,2,20.0,182,0
0.38,0.51,1,0,0,1,42,1,5.0,181,2,20.0,182,0
0.38,0.51,1,0,0,1,46,1,6.0,181,2,20.0,182,0
0.38,0.51,1,0,0,1,61,2,7.0,181,2,20.0,182,0
0.38,0.51,1,0,0,1,72,2,8.0,181,2,20.0,182,0
0.38,0.51,1,0,0,1,86,3,9.0,181,2,20.0,182,0
0.38,0.51,1,0,0,1,97,3,10.0,181,2,20.0,182,0
0.38,0.51,1,0,0,1,103,3,11.0,181,2,20.0,182,0
0.38,0.51,1,0,0,1,112,3,12.0,181,2,20.0,182,0
0.38,0.51,1,0,0,1,117,3,13.0,181,2,20.0,182,0
0.38,0.51,1,0,0,1,122,3,14.0,181,2,20.0,182,0
0.38,0.51,1,0,0,1,129,3,15.0,181,2,20.0,182,0
0.38,0.51,1,0,0,1,136,4,16.0,181,2,20.0,182,0
0.38,0.51,1,0,0,1,145,4,17.0,181,2,20.0,182,0
0.38,0.51,1,0,0,1,159,5,18.0,181,2,20.0,182,0
0.38,0.51,1,0,0,1,171,5,19.0,181,2,20.0,182,0
0.38,0.51,1,0,0,1,179,5,20.0,181,2,20.0,182,0
0.36,0.52,0,1,1,0,0,0,0.0,15,0,1.0,0,0
0.36,0.52,0,1,1,0,0,0,0.0,19,1,2.0,0,0
0.36,0.52,0,1,1,0,0,0,0.0,22,1,3.0,0,0
0.36,0.52,0,1,1,0,0,0,0.0,36,1,4.0,0,0
0.36,0.52,0,1,1,0,0,0,0.0,37,1,5.0,0,0
0.36,0.52,0,1,1,0,0,0,0.0,46,1,6.0,0,0
0.36,0.52,0,1,1,0,0,0,0.0,65,1,7.0,0,0
0.36,0.52,0,1,1,0,0,0,0.0,73,1,8.0,0,0
0.36,0.52,0,1,1,0,0,0,0.0,84,1,9.0,0,0
0.36,0.52,0,1,1,0,0,0,0.0,88,1,10.0,0,0
0.36,0.52,0,1,1,0,0,0,0.0,90,1,11.0,0,0
0.36,0.52,0,1,1,0,0,0,0.0,109,1,12.0,0,0
0.36,0.52,0,1,1,0,0,0,0.0,122,1,13.0,0,0
0.36,0.52,0,1,1,0,0,0,0.0,125,3,14.0,0,0
0.36,0.52,0,1,1,0,0,0,0.0,133,3,15.0,0,0
0.36,0.52,0,1,1,0,0,0,0.0,145,3,16.0,0,0
0.36,0.52,0,1,1,0,0,0,0.0,153,3,17.0,0,0
0.36,0.52,0,1,1,0,0,0,0.0,158,3,18.0,0,0
0.36,0.52,0,1,1,0,0,0,0.0,167,3,19.0,0,0
0.36,0.52,0,1,1,0,0,0,0.0,180,4,20.0,0,0
0.36,0.52,0,1,0,1,4,0,1.0,180,4,20.0,181,0
0.36,0.52,0,1,0,1,11,1,2.0,180,4,20.0,181,0
0.36,0.52,0,1,0,1,17,1,3.0,180,4,20.0,181,0
0.36,0.52,0,1,0,1,20,2,4.0,180,4,20.0,181,0
0.36,0.52,0,1,0,1,23,3,5.0,180,4,20.0,181,0
0.36,0.52,0,1,0,1,27,3,6.0,180,4,20.0,181,0
0.36,0.52,0,1,0,1,34,6,7.0,180,4,20.0,181,0
0.36,0.52,0,1,0,1,48,6,8.0,180,4,20.0,181,0
0.36,0.52,0,1,0,1,67,6,9.0,180,4,20.0,181,0
0.36,0.52,0,1,0,1,68,6,10.0,180,4,20.0,181,0
0.36,0.52,0,1,0,1,72,6,11.0,180,4,20.0,181,0
0.36,0.52,0,1,0,1,77,7,12.0,180,4,20.0,181,0
0.36,0.52,0,1,0,1,85,7,13.0,180,4,20.0,181,0
0.36,0.52,0,1,0,1,92,8,14.0,180,4,20.0,181,0
0.36,0.52,0,1,0,1,103,8,15.0,180,4,20.0,181,0
0.36,0.52,0,1,0,1,117,9,16.0,180,4,20.0,181,0
0.36,0.52,0,1,0,1,124,9,17.0,180,4,20.0,181,0
0.36,0.52,0,1,0,1,139,9,18.0,180,4,20.0,181,0
0.36,0.52,0,1,0,1,153,9,19.0,180,4,20.0,181,0
0.36,0.52,0,1,0,1,153,10,19.33,180,4,20.0,181,0
0.58,0.5,0,1,1,0,0,0,0.0,0,0,1.0,0,1
0.58,0.5,0,1,1,0,0,0,0.0,2,0,2.0,0,1
0.58,0.5,0,1,1,0,0,0,0.0,7,0,3.0,0,1
0.58,0.5,0,1,1,0,0,0,0.0,14,2,4.0,0,1
0.58,0.5,0,1,1,0,0,0,0.0,17,2,5.0,0,1
0.58,0.5,0,1,1,0,0,0,0.0,22,2,6.0,0,1
0.58,0.5,0,1,1,0,0,0,0.0,25,2,7.0,0,1
0.58,0.5,0,1,1,0,0,0,0.0,32,2,8.0,0,1
0.58,0.5,0,1,1,0,0,0,0.0,47,2,9.0,0,1
0.58,0.5,0,1,1,0,0,0,0.0,52,3,10.0,0,1
0.58,0.5,0,1,1,0,0,0,0.0,61,3,11.0,0,1
0.58,0.5,0,1,1,0,0,0,0.0,67,3,12.0,0,1
0.58,0.5,0,1,1,0,0,0,0.0,76,3,13.0,0,1
0.58,0.5,0,1,1,0,0,0,0.0,84,3,14.0,0,1
0.58,0.5,0,1,1,0,0,0,0.0,92,3,15.0,0,1
0.58,0.5,0,1,1,0,0,0,0.0,109,3,16.0,0,1
0.58,0.5,0,1,1,0,0,0,0.0,114,3,17.0,0,1
0.58,0.5,0,1,1,0,0,0,0.0,119,5,18.0,0,1
0.58,0.5,0,1,1,0,0,0,0.0,128,6,19.0,0,1
0.58,0.5,0,1,1,0,0,0,0.0,135,6,20.0,0,1
0.58,0.5,0,1,0,1,5,0,1.0,135,6,20.0,136,1
0.58,0.5,0,1,0,1,8,0,2.0,135,6,20.0,136,1
0.58,0.5,0,1,0,1,20,0,3.0,135,6,20.0,136,1
0.58,0.5,0,1,0,1,23,1,4.0,135,6,20.0,136,1
0.58,0.5,0,1,0,1,34,1,5.0,135,6,20.0,136,1
0.58,0.5,0,1,0,1,41,1,6.0,135,6,20.0,136,1
0.58,0.5,0,1,0,1,50,1,7.0,135,6,20.0,136,1
0.58,0.5,0,1,0,1,53,1,8.0,135,6,20.0,136,1
0.58,0.5,0,1,0,1,57,1,9.0,135,6,20.0,136,1
0.58,0.5,0,1,0,1,63,2,10.0,135,6,20.0,136,1
0.58,0.5,0,1,0,1,66,2,11.0,135,6,20.0,136,1
0.58,0.5,0,1,0,1,79,2,12.0,135,6,20.0,136,1
0.58,0.5,0,1,0,1,84,2,13.0,135,6,20.0,136,1
0.58,0.5,0,1,0,1,87,3,14.0,135,6,20.0,136,1
0.58,0.5,0,1,0,1,96,4,15.0,135,6,20.0,136,1
0.58,0.5,0,1,0,1,111,4,16.0,135,6,20.0,136,1
0.58,0.5,0,1,0,1,118,4,17.0,135,6,20.0,136,1
0.58,0.5,0,1,0,1,125,4,18.0,135,6,20.0,136,1
0.58,0.5,0,1,0,1,133,4,19.0,135,6,20.0,136,1
0.58,0.5,0,1,0,1,139,4,19.33,135,6,20.0,136,1
0.59,0.37,1,0,1,0,0,0,0.0,14,0,1.0,0,1
0.59,0.37,1,0,1,0,0,0,0.0,21,0,2.0,0,1
0.59,0.37,1,0,1,0,0,0,0.0,22,0,3.0,0,1
0.59,0.37,1,0,1,0,0,0,0.0,30,0,4.0,0,1
0.59,0.37,1,0,1,0,0,0,0.0,33,0,5.0,0,1
0.59,0.37,1,0,1,0,0,0,0.0,38,1,6.0,0,1
0.59,0.37,1,0,1,0,0,0,0.0,41,1,7.0,0,1
0.59,0.37,1,0,1,0,0,0,0.0,45,1,8.0,0,1
0.59,0.37,1,0,1,0,0,0,0.0,55,1,9.0,0,1
0.59,0.37,1,0,1,0,0,0,0.0,62,1,10.0,0,1
0.59,0.37,1,0,1,0,0,0,0.0,69,1,11.0,0,1
0.59,0.37,1,0,1,0,0,0,0.0,72,1,12.0,0,1
0.59,0.37,1,0,1,0,0,0,0.0,74,1,13.0,0,1
0.59,0.37,1,0,1,0,0,0,0.0,76,1,14.0,0,1
0.59,0.37,1,0,1,0,0,0,0.0,77,1,15.0,0,1
0.59,0.37,1,0,1,0,0,0,0.0,88,1,16.0,0,1
0.59,0.37,1,0,1,0,0,0,0.0,97,1,17.0,0,1
0.59,0.37,1,0,1,0,0,0,0.0,103,1,18.0,0,1
0.59,0.37,1,0,1,0,0,0,0.0,110,1,19.0,0,1
0.59,0.37,1,0,1,0,0,0,0.0,115,1,20.0,0,1
0.59,0.37,1,0,0,1,6,0,1.0,115,1,20.0,116,1
0.59,0.37,1,0,0,1,11,1,2.0,115,1,20.0,116,1
0.59,0.37,1,0,0,1,15,2,3.0,115,1,20.0,116,1
0.59,0.37,1,0,0,1,21,2,4.0,115,1,20.0,116,1
0.59,0.37,1,0,0,1,24,2,5.0,115,1,20.0,116,1
0.59,0.37,1,0,0,1,32,3,6.0,115,1,20.0,116,1
0.59,0.37,1,0,0,1,34,3,7.0,115,1,20.0,116,1
0.59,0.37,1,0,0,1,45,3,8.0,115,1,20.0,116,1
0.59,0.37,1,0,0,1,61,3,9.0,115,1,20.0,116,1
0.59,0.37,1,0,0,1,76,3,10.0,115,1,20.0,116,1
0.59,0.37,1,0,0,1,84,3,11.0,115,1,20.0,116,1
0.59,0.37,1,0,0,1,93,3,12.0,115,1,20.0,116,1
0.59,0.37,1,0,0,1,96,4,13.0,115,1,20.0,116,1
0.59,0.37,1,0,0,1,98,4,14.0,115,1,20.0,116,1
0.59,0.37,1,0,0,1,106,4,15.0,115,1,20.0,116,1
0.59,0.37,1,0,0,1,117,5,15.67,115,1,20.0,116,1
0.5,0.46,0,0,1,1,9,0,1.0,0,0,0.0,0,1
0.5,0.46,0,0,1,1,13,0,2.0,0,0,0.0,0,1
0.5,0.46,0,0,1,1,27,0,3.0,0,0,0.0,0,1
0.5,0.46,0,0,1,1,37,0,4.0,0,0,0.0,0,1
0.5,0.46,0,0,1,1,39,0,5.0,0,0,0.0,0,1
0.5,0.46,0,0,1,1,47,0,6.0,0,0,0.0,0,1
0.5,0.46,0,0,1,1,56,0,7.0,0,0,0.0,0,1
0.5,0.46,0,0,1,1,66,0,8.0,0,0,0.0,0,1
0.5,0.46,0,0,1,1,74,0,9.0,0,0,0.0,0,1
0.5,0.46,0,0,1,1,80,0,10.0,0,0,0.0,0,1
0.5,0.46,0,0,1,1,84,0,11.0,0,0,0.0,0,1
0.5,0.46,0,0,1,1,92,0,12.0,0,0,0.0,0,1
0.5,0.46,0,0,1,1,93,0,13.0,0,0,0.0,0,1
0.5,0.46,0,0,1,1,99,0,14.0,0,0,0.0,0,1
0.5,0.46,0,0,1,1,112,0,15.0,0,0,0.0,0,1
0.5,0.46,0,0,1,1,124,0,16.0,0,0,0.0,0,1
0.5,0.46,0,0,1,1,133,1,17.0,0,0,0.0,0,1
0.5,0.46,0,0,1,1,135,2,18.0,0,0,0.0,0,1
0.5,0.46,0,0,1,1,139,2,19.0,0,0,0.0,0,1
0.5,0.46,0,0,1,1,149,2,20.0,0,0,0.0,0,1
0.5,0.46,0,0,0,0,149,2,20.0,7,0,1.0,150,1
0.5,0.46,0,0,0,0,149,2,20.0,11,0,2.0,150,1
0.5,0.46,0,0,0,0,149,2,20.0,15,0,3.0,150,1
0.5,0.46,0,0,0,0,149,2,20.0,25,0,4.0,150,1
0.5,0.46,0,0,0,0,149,2,20.0,34,0,5.0,150,1
0.5,0.46,0,0,0,0,149,2,20.0,44,0,6.0,150,1
0.5,0.46,0,0,0,0,149,2,20.0,59,0,7.0,150,1
0.5,0.46,0,0,0,0,149,2,20.0,69,0,8.0,150,1
0.5,0.46,0,0,0,0,149,2,20.0,71,0,9.0,150,1
0.5,0.46,0,0,0,0,149,2,20.0,75,0,10.0,150,1
0.5,0.46,0,0,0,0,149,2,20.0,82,0,11.0,150,1
0.5,0.46,0,0,0,0,149,2,20.0,88,1,12.0,150,1
0.5,0.46,0,0,0,0,149,2,20.0,98,1,13.0,150,1
0.5,0.46,0,0,0,0,149,2,20.0,104,1,14.0,150,1
0.5,0.46,0,0,0,0,149,2,20.0,105,1,15.0,150,1
0.5,0.46,0,0,0,0,149,2,20.0,110,1,16.0,150,1
0.5,0.46,0,0,0,0,149,2,20.0,119,1,17.0,150,1
0.5,0.46,0,0,0,0,149,2,20.0,121,3,18.0,150,1
0.5,0.46,0,0,0,0,149,2,20.0,134,5,19.0,150,1
0.5,0.46,0,0,0,0,149,2,20.0,137,6,20.0,150,1
0.53,0.43,1,1,1,1,7,0,1.0,0,0,0.0,0,1
0.53,0.43,1,1,1,1,11,0,2.0,0,0,0.0,0,1
0.53,0.43,1,1,1,1,25,0,3.0,0,0,0.0,0,1
0.53,0.43,1,1,1,1,29,0,4.0,0,0,0.0,0,1
0.53,0.43,1,1,1,1,35,0,5.0,0,0,0.0,0,1
0.53,0.43,1,1,1,1,38,0,6.0,0,0,0.0,0,1
0.53,0.43,1,1,1,1,51,0,7.0,0,0,0.0,0,1
0.53,0.43,1,1,1,1,59,0,8.0,0,0,0.0,0,1
0.53,0.43,1,1,1,1,66,0,9.0,0,0,0.0,0,1
0.53,0.43,1,1,1,1,83,0,10.0,0,0,0.0,0,1
0.53,0.43,1,1,1,1,91,0,11.0,0,0,0.0,0,1
0.53,0.43,1,1,1,1,94,1,12.0,0,0,0.0,0,1
0.53,0.43,1,1,1,1,103,1,13.0,0,0,0.0,0,1
0.53,0.43,1,1,1,1,114,1,14.0,0,0,0.0,0,1
0.53,0.43,1,1,1,1,120,1,15.0,0,0,0.0,0,1
0.53,0.43,1,1,1,1,123,1,16.0,0,0,0.0,0,1
0.53,0.43,1,1,1,1,134,1,17.0,0,0,0.0,0,1
0.53,0.43,1,1,1,1,149,1,18.0,0,0,0.0,0,1
0.53,0.43,1,1,1,1,160,1,19.0,0,0,0.0,0,1
0.53,0.43,1,1,1,1,166,1,20.0,0,0,0.0,0,1
0.53,0.43,1,1,0,0,166,1,20.0,2,1,1.0,167,1
0.53,0.43,1,1,0,0,166,1,20.0,4,1,2.0,167,1
0.53,0.43,1,1,0,0,166,1,20.0,10,1,3.0,167,1
0.53,0.43,1,1,0,0,166,1,20.0,14,2,4.0,167,1
0.53,0.43,1,1,0,0,166,1,20.0,22,2,5.0,167,1
0.53,0.43,1,1,0,0,166,1,20.0,24,2,6.0,167,1
0.53,0.43,1,1,0,0,166,1,20.0,37,3,7.0,167,1
0.53,0.43,1,1,0,0,166,1,20.0,39,3,8.0,167,1
0.53,0.43,1,1,0,0,166,1,20.0,44,3,9.0,167,1
0.53,0.43,1,1,0,0,166,1,20.0,53,5,10.0,167,1
0.53,0.43,1,1,0,0,166,1,20.0,61,6,11.0,167,1
0.53,0.43,1,1,0,0,166,1,20.0,65,7,12.0,167,1
0.53,0.43,1,1,0,0,166,1,20.0,72,8,13.0,167,1
0.53,0.43,1,1,0,0,166,1,20.0,81,8,14.0,167,1
0.53,0.43,1,1,0,0,166,1,20.0,85,10,14.83,167,1
0.55,0.57,1,1,1,1,8,0,1.0,0,0,0.0,0,0
0.55,0.57,1,1,1,1,19,0,2.0,0,0,0.0,0,0
0.55,0.57,1,1,1,1,28,0,3.0,0,0,0.0,0,0
0.55,0.57,1,1,1,1,31,0,4.0,0,0,0.0,0,0
0.55,0.57,1,1,1,1,37,0,5.0,0,0,0.0,0,0
0.55,0.57,1,1,1,1,43,0,6.0,0,0,0.0,0,0
0.55,0.57,1,1,1,1,50,0,7.0,0,0,0.0,0,0
0.55,0.57,1,1,1,1,52,1,8.0,0,0,0.0,0,0
0.55,0.57,1,1,1,1,59,1,9.0,0,0,0.0,0,0
0.55,0.57,1,1,1,1,64,2,10.0,0,0,0.0,0,0
0.55,0.57,1,1,1,1,70,3,11.0,0,0,0.0,0,0
0.55,0.57,1,1,1,1,75,3,12.0,0,0,0.0,0,0
0.55,0.57,1,1,1,1,81,3,13.0,0,0,0.0,0,0
0.55,0.57,1,1,1,1,91,3,14.0,0,0,0.0,0,0
0.55,0.57,1,1,1,1,96,4,15.0,0,0,0.0,0,0
0.55,0.57,1,1,1,1,112,4,16.0,0,0,0.0,0,0
0.55,0.57,1,1,1,1,119,4,17.0,0,0,0.0,0,0
0.55,0.57,1,1,1,1,126,4,18.0,0,0,0.0,0,0
0.55,0.57,1,1,1,1,133,4,19.0,0,0,0.0,0,0
0.55,0.57,1,1,1,1,137,5,20.0,0,0,0.0,0,0
0.55,0.57,1,1,0,0,137,5,20.0,6,0,1.0,138,0
0.55,0.57,1,1,0,0,137,5,20.0,23,0,2.0,138,0
0.55,0.57,1,1,0,0,137,5,20.0,36,0,3.0,138,0
0.55,0.57,1,1,0,0,137,5,20.0,40,0,4.0,138,0
0.55,0.57,1,1,0,0,137,5,20.0,47,0,5.0,138,0
0.55,0.57,1,1,0,0,137,5,20.0,52,0,6.0,138,0
0.55,0.57,1,1,0,0,137,5,20.0,61,0,7.0,138,0
0.55,0.57,1,1,0,0,137,5,20.0,62,0,8.0,138,0
0.55,0.57,1,1,0,0,137,5,20.0,65,0,9.0,138,0
0.55,0.57,1,1,0,0,137,5,20.0,67,0,10.0,138,0
0.55,0.57,1,1,0,0,137,5,20.0,75,0,11.0,138,0
0.55,0.57,1,1,0,0,137,5,20.0,84,0,12.0,138,0
0.55,0.57,1,1,0,0,137,5,20.0,92,0,13.0,138,0
0.55,0.57,1,1,0,0,137,5,20.0,105,0,14.0,138,0
0.55,0.57,1,1,0,0,137,5,20.0,110,0,15.0,138,0
0.55,0.57,1,1,0,0,137,5,20.0,118,1,16.0,138,0
0.55,0.57,1,1,0,0,137,5,20.0,125,1,17.0,138,0
0.55,0.57,1,1,0,0,137,5,20.0,131,2,18.0,138,0
0.55,0.57,1,1,0,0,137,5,20.0,138,2,18.5,138,0
0.57,0.6,1,1,1,1,7,0,1.0,0,0,0.0,0,0
0.57,0.6,1,1,1,1,13,1,2.0,0,0,0.0,0,0
0.57,0.6,1,1,1,1,24,1,3.0,0,0,0.0,0,0
0.57,0.6,1,1,1,1,28,1,4.0,0,0,0.0,0,0
0.57,0.6,1,1,1,1,39,1,5.0,0,0,0.0,0,0
0.57,0.6,1,1,1,1,44,1,6.0,0,0,0.0,0,0
0.57,0.6,1,1,1,1,49,1,7.0,0,0,0.0,0,0
0.57,0.6,1,1,1,1,54,1,8.0,0,0,0.0,0,0
0.57,0.6,1,1,1,1,58,1,9.0,0,0,0.0,0,0
0.57,0.6,1,1,1,1,63,1,10.0,0,0,0.0,0,0
0.57,0.6,1,1,1,1,70,2,11.0,0,0,0.0,0,0
0.57,0.6,1,1,1,1,78,2,12.0,0,0,0.0,0,0
0.57,0.6,1,1,1,1,81,2,13.0,0,0,0.0,0,0
0.57,0.6,1,1,1,1,87,2,14.0,0,0,0.0,0,0
0.57,0.6,1,1,1,1,94,2,15.0,0,0,0.0,0,0
0.57,0.6,1,1,1,1,100,2,16.0,0,0,0.0,0,0
0.57,0.6,1,1,1,1,107,2,17.0,0,0,0.0,0,0
0.57,0.6,1,1,1,1,118,2,18.0,0,0,0.0,0,0
0.57,0.6,1,1,1,1,127,2,19.0,0,0,0.0,0,0
0.57,0.6,1,1,1,1,130,2,20.0,0,0,0.0,0,0
0.57,0.6,1,1,0,0,130,2,20.0,9,0,1.0,131,0
0.57,0.6,1,1,0,0,130,2,20.0,15,0,2.0,131,0
0.57,0.6,1,1,0,0,130,2,20.0,25,0,3.0,131,0
0.57,0.6,1,1,0,0,130,2,20.0,28,1,4.0,131,0
0.57,0.6,1,1,0,0,130,2,20.0,38,1,5.0,131,0
0.57,0.6,1,1,0,0,130,2,20.0,49,1,6.0,131,0
0.57,0.6,1,1,0,0,130,2,20.0,59,1,7.0,131,0
0.57,0.6,1,1,0,0,130,2,20.0,64,1,8.0,131,0
0.57,0.6,1,1,0,0,130,2,20.0,82,1,9.0,131,0
0.57,0.6,1,1,0,0,130,2,20.0,93,1,10.0,131,0
0.57,0.6,1,1,0,0,130,2,20.0,98,1,11.0,131,0
0.57,0.6,1,1,0,0,130,2,20.0,108,2,12.0,131,0
0.57,0.6,1,1,0,0,130,2,20.0,110,3,13.0,131,0
0.57,0.6,1,1,0,0,130,2,20.0,114,3,14.0,131,0
0.57,0.6,1,1,0,0,130,2,20.0,125,3,15.0,131,0
0.57,0.6,1,1,0,0,130,2,20.0,136,3,16.0,131,0
0.53,0.36,0,0,1,1,2,0,1.0,0,0,0.0,0,1
0.53,0.36,0,0,1,1,19,0,2.0,0,0,0.0,0,1
0.53,0.36,0,0,1,1,23,0,3.0,0,0,0.0,0,1
0.53,0.36,0,0,1,1,25,0,4.0,0,0,0.0,0,1
0.53,0.36,0,0,1,1,37,0,5.0,0,0,0.0,0,1
0.53,0.36,0,0,1,1,39,0,6.0,0,0,0.0,0,1
0.53,0.36,0,0,1,1,43,0,7.0,0,0,0.0,0,1
0.53,0.36,0,0,1,1,46,2,8.0,0,0,0.0,0,1
0.53,0.36,0,0,1,1,58,2,9.0,0,0,0.0,0,1
0.53,0.36,0,0,1,1,65,3,10.0,0,0,0.0,0,1
0.53,0.36,0,0,1,1,71,3,11.0,0,0,0.0,0,1
0.53,0.36,0,0,1,1,78,3,12.0,0,0,0.0,0,1
0.53,0.36,0,0,1,1,81,3,13.0,0,0,0.0,0,1
0.53,0.36,0,0,1,1,88,3,14.0,0,0,0.0,0,1
0.53,0.36,0,0,1,1,96,3,15.0,0,0,0.0,0,1
0.53,0.36,0,0,1,1,104,4,16.0,0,0,0.0,0,1
0.53,0.36,0,0,1,1,113,4,17.0,0,0,0.0,0,1
0.53,0.36,0,0,1,1,124,4,18.0,0,0,0.0,0,1
0.53,0.36,0,0,1,1,132,5,19.0,0,0,0.0,0,1
0.53,0.36,0,0,1,1,137,5,20.0,0,0,0.0,0,1
0.53,0.36,0,0,0,0,137,5,20.0,7,0,1.0,138,1
0.53,0.36,0,0,0,0,137,5,20.0,15,0,2.0,138,1
0.53,0.36,0,0,0,0,137,5,20.0,22,0,3.0,138,1
0.53,0.36,0,0,0,0,137,5,20.0,27,0,4.0,138,1
0.53,0.36,0,0,0,0,137,5,20.0,32,0,5.0,138,1
0.53,0.36,0,0,0,0,137,5,20.0,51,0,6.0,138,1
0.53,0.36,0,0,0,0,137,5,20.0,51,0,7.0,138,1
0.53,0.36,0,0,0,0,137,5,20.0,61,0,8.0,138,1
0.53,0.36,0,0,0,0,137,5,20.0,73,0,9.0,138,1
0.53,0.36,0,0,0,0,137,5,20.0,83,0,10.0,138,1
0.53,0.36,0,0,0,0,137,5,20.0,86,0,11.0,138,1
0.53,0.36,0,0,0,0,137,5,20.0,95,1,12.0,138,1
0.53,0.36,0,0,0,0,137,5,20.0,99,3,13.0,138,1
0.53,0.36,0,0,0,0,137,5,20.0,111,4,14.0,138,1
0.53,0.36,0,0,0,0,137,5,20.0,115,5,15.0,138,1
0.53,0.36,0,0,0,0,137,5,20.0,120,5,16.0,138,1
0.53,0.36,0,0,0,0,137,5,20.0,122,5,17.0,138,1
0.53,0.36,0,0,0,0,137,5,20.0,128,5,18.0,138,1
0.53,0.36,0,0,0,0,137,5,20.0,132,5,19.0,138,1
0.53,0.36,0,0,0,0,137,5,20.0,135,5,20.0,138,1
0.6,0.38,0,0,1,1,5,1,1.0,0,0,0.0,0,1
0.6,0.38,0,0,1,1,9,1,2.0,0,0,0.0,0,1
0.6,0.38,0,0,1,1,16,1,3.0,0,0,0.0,0,1
0.6,0.38,0,0,1,1,24,1,4.0,0,0,0.0,0,1
0.6,0.38,0,0,1,1,43,1,5.0,0,0,0.0,0,1
0.6,0.38,0,0,1,1,50,1,6.0,0,0,0.0,0,1
0.6,0.38,0,0,1,1,57,2,7.0,0,0,0.0,0,1
0.6,0.38,0,0,1,1,61,2,8.0,0,0,0.0,0,1
0.6,0.38,0,0,1,1,67,2,9.0,0,0,0.0,0,1
0.6,0.38,0,0,1,1,84,2,10.0,0,0,0.0,0,1
0.6,0.38,0,0,1,1,94,4,11.0,0,0,0.0,0,1
0.6,0.38,0,0,1,1,102,4,12.0,0,0,0.0,0,1
0.6,0.38,0,0,1,1,111,4,13.0,0,0,0.0,0,1
0.6,0.38,0,0,1,1,122,4,14.0,0,0,0.0,0,1
0.6,0.38,0,0,1,1,138,4,15.0,0,0,0.0,0,1
0.6,0.38,0,0,1,1,144,4,16.0,0,0,0.0,0,1
0.6,0.38,0,0,1,1,158,4,17.0,0,0,0.0,0,1
0.6,0.38,0,0,1,1,175,4,18.0,0,0,0.0,0,1
0.6,0.38,0,0,1,1,183,4,19.0,0,0,0.0,0,1
0.6,0.38,0,0,1,1,195,4,20.0,0,0,0.0,0,1
0.6,0.38,0,0,0,0,195,4,20.0,4,0,1.0,196,1
0.6,0.38,0,0,0,0,195,4,20.0,8,0,2.0,196,1
0.6,0.38,0,0,0,0,195,4,20.0,16,0,3.0,196,1
0.6,0.38,0,0,0,0,195,4,20.0,22,0,4.0,196,1
0.6,0.38,0,0,0,0,195,4,20.0,35,1,5.0,196,1
0.6,0.38,0,0,0,0,195,4,20.0,41,1,6.0,196,1
0.6,0.38,0,0,0,0,195,4,20.0,48,1,7.0,196,1
0.6,0.38,0,0,0,0,195,4,20.0,67,1,8.0,196,1
0.6,0.38,0,0,0,0,195,4,20.0,74,1,9.0,196,1
0.6,0.38,0,0,0,0,195,4,20.0,80,1,10.0,196,1
0.6,0.38,0,0,0,0,195,4,20.0,95,1,11.0,196,1
0.6,0.38,0,0,0,0,195,4,20.0,106,1,12.0,196,1
0.6,0.38,0,0,0,0,195,4,20.0,121,1,13.0,196,1
0.6,0.38,0,0,0,0,195,4,20.0,133,1,14.0,196,1
0.6,0.38,0,0,0,0,195,4,20.0,139,2,15.0,196,1
0.6,0.38,0,0,0,0,195,4,20.0,153,2,16.0,196,1
0.6,0.38,0,0,0,0,195,4,20.0,162,2,17.0,196,1
0.6,0.38,0,0,0,0,195,4,20.0,167,4,18.0,196,1
0.6,0.38,0,0,0,0,195,4,20.0,177,4,19.0,196,1
0.6,0.38,0,0,0,0,195,4,20.0,181,4,20.0,196,1
0.36,0.58,1,1,1,1,6,0,1.0,0,0,0.0,0,0
0.36,0.58,1,1,1,1,10,1,2.0,0,0,0.0,0,0
0.36,0.58,1,1,1,1,17,1,3.0,0,0,0.0,0,0
0.36,0.58,1,1,1,1,17,1,4.0,0,0,0.0,0,0
0.36,0.58,1,1,1,1,26,1,5.0,0,0,0.0,0,0
0.36,0.58,1,1,1,1,28,1,6.0,0,0,0.0,0,0
0.36,0.58,1,1,1,1,34,2,7.0,0,0,0.0,0,0
0.36,0.58,1,1,1,1,40,2,8.0,0,0,0.0,0,0
0.36,0.58,1,1,1,1,47,3,9.0,0,0,0.0,0,0
0.36,0.58,1,1,1,1,50,3,10.0,0,0,0.0,0,0
0.36,0.58,1,1,1,1,62,3,11.0,0,0,0.0,0,0
0.36,0.58,1,1,1,1,68,4,12.0,0,0,0.0,0,0
0.36,0.58,1,1,1,1,72,5,13.0,0,0,0.0,0,0
0.36,0.58,1,1,1,1,75,5,14.0,0,0,0.0,0,0
0.36,0.58,1,1,1,1,79,5,15.0,0,0,0.0,0,0
0.36,0.58,1,1,1,1,81,5,16.0,0,0,0.0,0,0
0.36,0.58,1,1,1,1,93,5,17.0,0,0,0.0,0,0
0.36,0.58,1,1,1,1,96,5,18.0,0,0,0.0,0,0
0.36,0.58,1,1,1,1,101,5,19.0,0,0,0.0,0,0
0.36,0.58,1,1,1,1,104,5,20.0,0,0,0.0,0,0
0.36,0.58,1,1,0,0,104,5,20.0,13,0,1.0,105,0
0.36,0.58,1,1,0,0,104,5,20.0,25,0,2.0,105,0
0.36,0.58,1,1,0,0,104,5,20.0,33,0,3.0,105,0
0.36,0.58,1,1,0,0,104,5,20.0,40,0,4.0,105,0
0.36,0.58,1,1,0,0,104,5,20.0,44,0,5.0,105,0
0.36,0.58,1,1,0,0,104,5,20.0,55,1,6.0,105,0
0.36,0.58,1,1,0,0,104,5,20.0,56,1,7.0,105,0
0.36,0.58,1,1,0,0,104,5,20.0,65,1,8.0,105,0
0.36,0.58,1,1,0,0,104,5,20.0,75,2,9.0,105,0
0.36,0.58,1,1,0,0,104,5,20.0,77,2,10.0,105,0
0.36,0.58,1,1,0,0,104,5,20.0,84,2,11.0,105,0
0.36,0.58,1,1,0,0,104,5,20.0,93,2,12.0,105,0
0.36,0.58,1,1,0,0,104,5,20.0,98,2,13.0,105,0
0.36,0.58,1,1,0,0,104,5,20.0,105,2,13.5,105,0
0.56,0.6,0,0,1,1,8,0,1.0,0,0,0.0,0,0
0.56,0.6,0,0,1,1,15,0,2.0,0,0,0.0,0,0
0.56,0.6,0,0,1,1,24,1,3.0,0,0,0.0,0,0
0.56,0.6,0,0,1,1,28,1,4.0,0,0,0.0,0,0
0.56,0.6,0,0,1,1,31,1,5.0,0,0,0.0,0,0
0.56,0.6,0,0,1,1,32,1,6.0,0,0,0.0,0,0
0.56,0.6,0,0,1,1,35,1,7.0,0,0,0.0,0,0
0.56,0.6,0,0,1,1,43,1,8.0,0,0,0.0,0,0
0.56,0.6,0,0,1,1,47,1,9.0,0,0,0.0,0,0
0.56,0.6,0,0,1,1,52,1,10.0,0,0,0.0,0,0
0.56,0.6,0,0,1,1,57,2,11.0,0,0,0.0,0,0
0.56,0.6,0,0,1,1,58,2,12.0,0,0,0.0,0,0
0.56,0.6,0,0,1,1,72,2,13.0,0,0,0.0,0,0
0.56,0.6,0,0,1,1,76,2,14.0,0,0,0.0,0,0
0.56,0.6,0,0,1,1,82,2,15.0,0,0,0.0,0,0
0.56,0.6,0,0,1,1,89,3,16.0,0,0,0.0,0,0
0.56,0.6,0,0,1,1,101,3,17.0,0,0,0.0,0,0
0.56,0.6,0,0,1,1,107,4,18.0,0,0,0.0,0,0
0.56,0.6,0,0,1,1,119,4,19.0,0,0,0.0,0,0
0.56,0.6,0,0,1,1,130,5,20.0,0,0,0.0,0,0
0.56,0.6,0,0,0,0,130,5,20.0,4,0,1.0,131,0
0.56,0.6,0,0,0,0,130,5,20.0,5,1,2.0,131,0
0.56,0.6,0,0,0,0,130,5,20.0,13,1,3.0,131,0
0.56,0.6,0,0,0,0,130,5,20.0,15,1,4.0,131,0
0.56,0.6,0,0,0,0,130,5,20.0,19,1,5.0,131,0
0.56,0.6,0,0,0,0,130,5,20.0,28,1,6.0,131,0
0.56,0.6,0,0,0,0,130,5,20.0,33,2,7.0,131,0
0.56,0.6,0,0,0,0,130,5,20.0,41,2,8.0,131,0
0.56,0.6,0,0,0,0,130,5,20.0,41,2,9.0,131,0
0.56,0.6,0,0,0,0,130,5,20.0,45,3,10.0,131,0
0.56,0.6,0,0,0,0,130,5,20.0,54,4,11.0,131,0
0.56,0.6,0,0,0,0,130,5,20.0,59,4,12.0,131,0
0.56,0.6,0,0,0,0,130,5,20.0,77,4,13.0,131,0
0.56,0.6,0,0,0,0,130,5,20.0,80,4,14.0,131,0
0.56,0.6,0,0,0,0,130,5,20.0,87,4,15.0,131,0
0.56,0.6,0,0,0,0,130,5,20.0,97,4,16.0,131,0
0.56,0.6,0,0,0,0,130,5,20.0,108,4,17.0,131,0
0.56,0.6,0,0,0,0,130,5,20.0,116,5,18.0,131,0
0.56,0.6,0,0,0,0,130,5,20.0,118,6,19.0,131,0
0.56,0.6,0,0,0,0,130,5,20.0,132,6,20.0,131,0
0.59,0.46,0,1,1,0,0,0,0.0,7,0,1.0,0,1
0.59,0.46,0,1,1,0,0,0,0.0,9,0,2.0,0,1
0.59,0.46,0,1,1,0,0,0,0.0,17,0,3.0,0,1
0.59,0.46,0,1,1,0,0,0,0.0,20,2,4.0,0,1
0.59,0.46,0,1,1,0,0,0,0.0,28,2,5.0,0,1
0.59,0.46,0,1,1,0,0,0,0.0,36,2,6.0,0,1
0.59,0.46,0,1,1,0,0,0,0.0,40,2,7.0,0,1
0.59,0.46,0,1,1,0,0,0,0.0,45,3,8.0,0,1
0.59,0.46,0,1,1,0,0,0,0.0,45,4,9.0,0,1
0.59,0.46,0,1,1,0,0,0,0.0,50,4,10.0,0,1
0.59,0.46,0,1,1,0,0,0,0.0,66,4,11.0,0,1
0.59,0.46,0,1,1,0,0,0,0.0,68,4,12.0,0,1
0.59,0.46,0,1,1,0,0,0,0.0,85,4,13.0,0,1
0.59,0.46,0,1,1,0,0,0,0.0,93,5,14.0,0,1
0.59,0.46,0,1,1,0,0,0,0.0,100,6,15.0,0,1
0.59,0.46,0,1,1,0,0,0,0.0,103,6,16.0,0,1
0.59,0.46,0,1,1,0,0,0,0.0,107,6,17.0,0,1
0.59,0.46,0,1,1,0,0,0,0.0,111,6,18.0,0,1
0.59,0.46,0,1,1,0,0,0,0.0,122,6,19.0,0,1
0.59,0.46,0,1,1,0,0,0,0.0,131,6,20.0,0,1
0.59,0.46,0,1,0,1,4,0,1.0,131,6,20.0,132,1
0.59,0.46,0,1,0,1,18,0,2.0,131,6,20.0,132,1
0.59,0.46,0,1,0,1,23,0,3.0,131,6,20.0,132,1
0.59,0.46,0,1,0,1,42,0,4.0,131,6,20.0,132,1
0.59,0.46,0,1,0,1,53,0,5.0,131,6,20.0,132,1
0.59,0.46,0,1,0,1,61,0,6.0,131,6,20.0,132,1
0.59,0.46,0,1,0,1,66,0,7.0,131,6,20.0,132,1
0.59,0.46,0,1,0,1,76,0,8.0,131,6,20.0,132,1
0.59,0.46,0,1,0,1,82,0,9.0,131,6,20.0,132,1
0.59,0.46,0,1,0,1,84,0,10.0,131,6,20.0,132,1
0.59,0.46,0,1,0,1,96,0,11.0,131,6,20.0,132,1
0.59,0.46,0,1,0,1,100,0,12.0,131,6,20.0,132,1
0.59,0.46,0,1,0,1,114,0,13.0,131,6,20.0,132,1
0.59,0.46,0,1,0,1,132,1,14.0,131,6,20.0,132,1
0.53,0.64,0,0,1,1,6,0,1.0,0,0,0.0,0,0
0.53,0.64,0,0,1,1,8,1,2.0,0,0,0.0,0,0
0.53,0.64,0,0,1,1,17,1,3.0,0,0,0.0,0,0
0.53,0.64,0,0,1,1,19,1,4.0,0,0,0.0,0,0
0.53,0.64,0,0,1,1,23,1,5.0,0,0,0.0,0,0
0.53,0.64,0,0,1,1,26,2,6.0,0,0,0.0,0,0
0.53,0.64,0,0,1,1,34,2,7.0,0,0,0.0,0,0
0.53,0.64,0,0,1,1,36,2,8.0,0,0,0.0,0,0
0.53,0.64,0,0,1,1,38,2,9.0,0,0,0.0,0,0
0.53,0.64,0,0,1,1,52,3,10.0,0,0,0.0,0,0
0.53,0.64,0,0,1,1,64,3,11.0,0,0,0.0,0,0
0.53,0.64,0,0,1,1,78,3,12.0,0,0,0.0,0,0
0.53,0.64,0,0,1,1,79,3,13.0,0,0,0.0,0,0
0.53,0.64,0,0,1,1,82,4,14.0,0,0,0.0,0,0
0.53,0.64,0,0,1,1,88,4,15.0,0,0,0.0,0,0
0.53,0.64,0,0,1,1,93,4,16.0,0,0,0.0,0,0
0.53,0.64,0,0,1,1,97,4,17.0,0,0,0.0,0,0
0.53,0.64,0,0,1,1,110,4,18.0,0,0,0.0,0,0
0.53,0.64,0,0,1,1,115,4,19.0,0,0,0.0,0,0
0.53,0.64,0,0,1,1,122,4,20.0,0,0,0.0,0,0
0.53,0.64,0,0,0,0,122,4,20.0,5,0,1.0,123,0
0.53,0.64,0,0,0,0,122,4,20.0,12,0,2.0,123,0
0.53,0.64,0,0,0,0,122,4,20.0,19,0,3.0,123,0
0.53,0.64,0,0,0,0,122,4,20.0,27,0,4.0,123,0
0.53,0.64,0,0,0,0,122,4,20.0,37,0,5.0,123,0
0.53,0.64,0,0,0,0,122,4,20.0,45,0,6.0,123,0
0.53,0.64,0,0,0,0,122,4,20.0,49,0,7.0,123,0
0.53,0.64,0,0,0,0,122,4,20.0,55,1,8.0,123,0
0.53,0.64,0,0,0,0,122,4,20.0,67,1,9.0,123,0
0.53,0.64,0,0,0,0,122,4,20.0,75,1,10.0,123,0
0.53,0.64,0,0,0,0,122,4,20.0,81,1,11.0,123,0
0.53,0.64,0,0,0,0,122,4,20.0,95,1,12.0,123,0
0.53,0.64,0,0,0,0,122,4,20.0,108,1,13.0,123,0
0.53,0.64,0,0,0,0,122,4,20.0,116,1,14.0,123,0
0.53,0.64,0,0,0,0,122,4,20.0,123,1,14.67,123,0
0.5,0.45,1,0,1,0,0,0,0.0,3,0,1.0,0,1
0.5,0.45,1,0,1,0,0,0,0.0,11,0,2.0,0,1
0.5,0.45,1,0,1,0,0,0,0.0,14,1,3.0,0,1
0.5,0.45,1,0,1,0,0,0,0.0,19,1,4.0,0,1
0.5,0.45,1,0,1,0,0,0,0.0,24,1,5.0,0,1
0.5,0.45,1,0,1,0,0,0,0.0,32,1,6.0,0,1
0.5,0.45,1,0,1,0,0,0,0.0,40,2,7.0,0,1
0.5,0.45,1,0,1,0,0,0,0.0,42,2,8.0,0,1
0.5,0.45,1,0,1,0,0,0,0.0,49,2,9.0,0,1
0.5,0.45,1,0,1,0,0,0,0.0,61,2,10.0,0,1
0.5,0.45,1,0,1,0,0,0,0.0,76,3,11.0,0,1
0.5,0.45,1,0,1,0,0,0,0.0,83,3,12.0,0,1
0.5,0.45,1,0,1,0,0,0,0.0,99,4,13.0,0,1
0.5,0.45,1,0,1,0,0,0,0.0,106,4,14.0,0,1
0.5,0.45,1,0,1,0,0,0,0.0,106,4,15.0,0,1
0.5,0.45,1,0,1,0,0,0,0.0,107,4,16.0,0,1
0.5,0.45,1,0,1,0,0,0,0.0,113,4,17.0,0,1
0.5,0.45,1,0,1,0,0,0,0.0,120,4,18.0,0,1
0.5,0.45,1,0,1,0,0,0,0.0,122,5,19.0,0,1
0.5,0.45,1,0,1,0,0,0,0.0,127,6,20.0,0,1
0.5,0.45,1,0,0,1,8,0,1.0,127,6,20.0,128,1
0.5,0.45,1,0,0,1,12,0,2.0,127,6,20.0,128,1
0.5,0.45,1,0,0,1,22,0,3.0,127,6,20.0,128,1
0.5,0.45,1,0,0,1,27,1,4.0,127,6,20.0,128,1
0.5,0.45,1,0,0,1,34,1,5.0,127,6,20.0,128,1
0.5,0.45,1,0,0,1,39,3,6.0,127,6,20.0,128,1
0.5,0.45,1,0,0,1,42,3,7.0,127,6,20.0,128,1
0.5,0.45,1,0,0,1,49,3,8.0,127,6,20.0,128,1
0.5,0.45,1,0,0,1,59,4,9.0,127,6,20.0,128,1
0.5,0.45,1,0,0,1,64,4,10.0,127,6,20.0,128,1
0.5,0.45,1,0,0,1,73,4,11.0,127,6,20.0,128,1
0.5,0.45,1,0,0,1,80,5,12.0,127,6,20.0,128,1
0.5,0.45,1,0,0,1,83,5,13.0,127,6,20.0,128,1
0.5,0.45,1,0,0,1,88,6,14.0,127,6,20.0,128,1
0.5,0.45,1,0,0,1,94,6,15.0,127,6,20.0,128,1
0.5,0.45,1,0,0,1,107,6,16.0,127,6,20.0,128,1
0.5,0.45,1,0,0,1,123,6,17.0,127,6,20.0,128,1
0.5,0.45,1,0,0,1,128,6,17.83,127,6,20.0,128,1
0.58,0.52,0,1,1,0,0,0,0.0,0,1,1.0,0,1
0.58,0.52,0,1,1,0,0,0,0.0,1,1,2.0,0,1
0.58,0.52,0,1,1,0,0,0,0.0,4,1,3.0,0,1
0.58,0.52,0,1,1,0,0,0,0.0,7,3,4.0,0,1
0.58,0.52,0,1,1,0,0,0,0.0,10,3,5.0,0,1
0.58,0.52,0,1,1,0,0,0,0.0,17,4,6.0,0,1
0.58,0.52,0,1,1,0,0,0,0.0,22,4,7.0,0,1
0.58,0.52,0,1,1,0,0,0,0.0,24,4,8.0,0,1
0.58,0.52,0,1,1,0,0,0,0.0,26,5,9.0,0,1
0.58,0.52,0,1,1,0,0,0,0.0,30,5,10.0,0,1
0.58,0.52,0,1,1,0,0,0,0.0,33,5,11.0,0,1
0.58,0.52,0,1,1,0,0,0,0.0,36,5,12.0,0,1
0.58,0.52,0,1,1,0,0,0,0.0,40,5,13.0,0,1
0.58,0.52,0,1,1,0,0,0,0.0,59,5,14.0,0,1
0.58,0.52,0,1,1,0,0,0,0.0,62,5,15.0,0,1
0.58,0.52,0,1,1,0,0,0,0.0,69,5,16.0,0,1
0.58,0.52,0,1,1,0,0,0,0.0,72,6,17.0,0,1
0.58,0.52,0,1,1,0,0,0,0.0,78,6,18.0,0,1
0.58,0.52,0,1,1,0,0,0,0.0,80,6,19.0,0,1
0.58,0.52,0,1,1,0,0,0,0.0,82,6,20.0,0,1
0.58,0.52,0,1,0,1,9,0,1.0,82,6,20.0,83,1
0.58,0.52,0,1,0,1,11,0,2.0,82,6,20.0,83,1
0.58,0.52,0,1,0,1,20,0,3.0,82,6,20.0,83,1
0.58,0.52,0,1,0,1,36,0,4.0,82,6,20.0,83,1
0.58,0.52,0,1,0,1,44,0,5.0,82,6,20.0,83,1
0.58,0.52,0,1,0,1,45,2,6.0,82,6,20.0,83,1
0.58,0.52,0,1,0,1,48,3,7.0,82,6,20.0,83,1
0.58,0.52,0,1,0,1,58,3,8.0,82,6,20.0,83,1
0.58,0.52,0,1,0,1,69,3,9.0,82,6,20.0,83,1
0.58,0.52,0,1,0,1,72,3,10.0,82,6,20.0,83,1
0.58,0.52,0,1,0,1,77,3,11.0,82,6,20.0,83,1
0.58,0.52,0,1,0,1,81,3,12.0,82,6,20.0,83,1
0.58,0.52,0,1,0,1,83,3,12.83,82,6,20.0,83,1
0.64,0.45,0,0,1,1,10,0,1.0,0,0,0.0,0,1
0.64,0.45,0,0,1,1,16,0,2.0,0,0,0.0,0,1
0.64,0.45,0,0,1,1,21,0,3.0,0,0,0.0,0,1
0.64,0.45,0,0,1,1,35,0,4.0,0,0,0.0,0,1
0.64,0.45,0,0,1,1,42,0,5.0,0,0,0.0,0,1
0.64,0.45,0,0,1,1,50,0,6.0,0,0,0.0,0,1
0.64,0.45,0,0,1,1,65,0,7.0,0,0,0.0,0,1
0.64,0.45,0,0,1,1,76,0,8.0,0,0,0.0,0,1
0.64,0.45,0,0,1,1,90,0,9.0,0,0,0.0,0,1
0.64,0.45,0,0,1,1,97,0,10.0,0,0,0.0,0,1
0.64,0.45,0,0,1,1,109,0,11.0,0,0,0.0,0,1
0.64,0.45,0,0,1,1,112,0,12.0,0,0,0.0,0,1
0.64,0.45,0,0,1,1,117,0,13.0,0,0,0.0,0,1
0.64,0.45,0,0,1,1,125,0,14.0,0,0,0.0,0,1
0.64,0.45,0,0,1,1,131,0,15.0,0,0,0.0,0,1
0.64,0.45,0,0,1,1,139,0,16.0,0,0,0.0,0,1
0.64,0.45,0,0,1,1,146,0,17.0,0,0,0.0,0,1
0.64,0.45,0,0,1,1,154,0,18.0,0,0,0.0,0,1
0.64,0.45,0,0,1,1,169,0,19.0,0,0,0.0,0,1
0.64,0.45,0,0,1,1,178,0,20.0,0,0,0.0,0,1
0.64,0.45,0,0,0,0,178,0,20.0,7,0,1.0,179,1
0.64,0.45,0,0,0,0,178,0,20.0,17,0,2.0,179,1
0.64,0.45,0,0,0,0,178,0,20.0,23,0,3.0,179,1
0.64,0.45,0,0,0,0,178,0,20.0,26,1,4.0,179,1
0.64,0.45,0,0,0,0,178,0,20.0,33,1,5.0,179,1
0.64,0.45,0,0,0,0,178,0,20.0,35,3,6.0,179,1
0.64,0.45,0,0,0,0,178,0,20.0,49,4,7.0,179,1
0.64,0.45,0,0,0,0,178,0,20.0,58,4,8.0,179,1
0.64,0.45,0,0,0,0,178,0,20.0,65,4,9.0,179,1
0.64,0.45,0,0,0,0,178,0,20.0,74,5,10.0,179,1
0.64,0.45,0,0,0,0,178,0,20.0,88,5,11.0,179,1
0.64,0.45,0,0,0,0,178,0,20.0,102,5,12.0,179,1
0.64,0.45,0,0,0,0,178,0,20.0,115,5,13.0,179,1
0.64,0.45,0,0,0,0,178,0,20.0,125,5,14.0,179,1
0.64,0.45,0,0,0,0,178,0,20.0,133,5,15.0,179,1
0.64,0.45,0,0,0,0,178,0,20.0,137,6,16.0,179,1
0.64,0.45,0,0,0,0,178,0,20.0,149,7,17.0,179,1
0.64,0.45,0,0,0,0,178,0,20.0,151,9,18.0,179,1
0.64,0.45,0,0,0,0,178,0,20.0,162,9,19.0,179,1
0.64,0.45,0,0,0,0,178,0,20.0,176,9,20.0,179,1
0.38,0.45,1,1,1,1,2,0,1.0,0,0,0.0,0,0
0.38,0.45,1,1,1,1,6,0,2.0,0,0,0.0,0,0
0.38,0.45,1,1,1,1,6,0,3.0,0,0,0.0,0,0
0.38,0.45,1,1,1,1,16,0,4.0,0,0,0.0,0,0
0.38,0.45,1,1,1,1,25,1,5.0,0,0,0.0,0,0
0.38,0.45,1,1,1,1,33,1,6.0,0,0,0.0,0,0
0.38,0.45,1,1,1,1,36,1,7.0,0,0,0.0,0,0
0.38,0.45,1,1,1,1,49,1,8.0,0,0,0.0,0,0
0.38,0.45,1,1,1,1,55,1,9.0,0,0,0.0,0,0
0.38,0.45,1,1,1,1,62,1,10.0,0,0,0.0,0,0
0.38,0.45,1,1,1,1,66,1,11.0,0,0,0.0,0,0
0.38,0.45,1,1,1,1,73,1,12.0,0,0,0.0,0,0
0.38,0.45,1,1,1,1,78,2,13.0,0,0,0.0,0,0
0.38,0.45,1,1,1,1,83,3,14.0,0,0,0.0,0,0
0.38,0.45,1,1,1,1,89,3,15.0,0,0,0.0,0,0
0.38,0.45,1,1,1,1,106,3,16.0,0,0,0.0,0,0
0.38,0.45,1,1,1,1,119,3,17.0,0,0,0.0,0,0
0.38,0.45,1,1,1,1,127,4,18.0,0,0,0.0,0,0
0.38,0.45,1,1,1,1,137,4,19.0,0,0,0.0,0,0
0.38,0.45,1,1,1,1,142,4,20.0,0,0,0.0,0,0
0.38,0.45,1,1,0,0,142,4,20.0,9,0,1.0,143,0
0.38,0.45,1,1,0,0,142,4,20.0,14,0,2.0,143,0
0.38,0.45,1,1,0,0,142,4,20.0,17,0,3.0,143,0
0.38,0.45,1,1,0,0,142,4,20.0,31,0,4.0,143,0
0.38,0.45,1,1,0,0,142,4,20.0,33,1,5.0,143,0
0.38,0.45,1,1,0,0,142,4,20.0,50,1,6.0,143,0
0.38,0.45,1,1,0,0,142,4,20.0,52,3,7.0,143,0
0.38,0.45,1,1,0,0,142,4,20.0,57,5,8.0,143,0
0.38,0.45,1,1,0,0,142,4,20.0,68,5,9.0,143,0
0.38,0.45,1,1,0,0,142,4,20.0,75,5,10.0,143,0
0.38,0.45,1,1,0,0,142,4,20.0,89,5,11.0,143,0
0.38,0.45,1,1,0,0,142,4,20.0,95,5,12.0,143,0
0.38,0.45,1,1,0,0,142,4,20.0,104,5,13.0,143,0
0.38,0.45,1,1,0,0,142,4,20.0,113,6,14.0,143,0
0.38,0.45,1,1,0,0,142,4,20.0,122,7,15.0,143,0
0.38,0.45,1,1,0,0,142,4,20.0,142,8,16.0,143,0
0.38,0.45,1,1,0,0,142,4,20.0,143,8,16.17,143,0
0.35,0.56,1,1,1,1,5,1,1.0,0,0,0.0,0,0
0.35,0.56,1,1,1,1,8,2,2.0,0,0,0.0,0,0
0.35,0.56,1,1,1,1,17,2,3.0,0,0,0.0,0,0
0.35,0.56,1,1,1,1,22,3,4.0,0,0,0.0,0,0
0.35,0.56,1,1,1,1,25,3,5.0,0,0,0.0,0,0
0.35,0.56,1,1,1,1,30,4,6.0,0,0,0.0,0,0
0.35,0.56,1,1,1,1,38,4,7.0,0,0,0.0,0,0
0.35,0.56,1,1,1,1,38,5,8.0,0,0,0.0,0,0
0.35,0.56,1,1,1,1,43,5,9.0,0,0,0.0,0,0
0.35,0.56,1,1,1,1,50,5,10.0,0,0,0.0,0,0
0.35,0.56,1,1,1,1,62,6,11.0,0,0,0.0,0,0
0.35,0.56,1,1,1,1,68,6,12.0,0,0,0.0,0,0
0.35,0.56,1,1,1,1,79,6,13.0,0,0,0.0,0,0
0.35,0.56,1,1,1,1,81,6,14.0,0,0,0.0,0,0
0.35,0.56,1,1,1,1,89,7,15.0,0,0,0.0,0,0
0.35,0.56,1,1,1,1,102,8,16.0,0,0,0.0,0,0
0.35,0.56,1,1,1,1,103,8,17.0,0,0,0.0,0,0
0.35,0.56,1,1,1,1,113,8,18.0,0,0,0.0,0,0
0.35,0.56,1,1,1,1,114,8,19.0,0,0,0.0,0,0
0.35,0.56,1,1,1,1,122,9,20.0,0,0,0.0,0,0
0.35,0.56,1,1,0,0,122,9,20.0,6,0,1.0,123,0
0.35,0.56,1,1,0,0,122,9,20.0,11,0,2.0,123,0
0.35,0.56,1,1,0,0,122,9,20.0,20,1,3.0,123,0
0.35,0.56,1,1,0,0,122,9,20.0,30,1,4.0,123,0
0.35,0.56,1,1,0,0,122,9,20.0,33,1,5.0,123,0
0.35,0.56,1,1,0,0,122,9,20.0,42,1,6.0,123,0
0.35,0.56,1,1,0,0,122,9,20.0,51,2,7.0,123,0
0.35,0.56,1,1,0,0,122,9,20.0,60,2,8.0,123,0
0.35,0.56,1,1,0,0,122,9,20.0,65,3,9.0,123,0
0.35,0.56,1,1,0,0,122,9,20.0,68,3,10.0,123,0
0.35,0.56,1,1,0,0,122,9,20.0,80,3,11.0,123,0
0.35,0.56,1,1,0,0,122,9,20.0,93,3,12.0,123,0
0.35,0.56,1,1,0,0,122,9,20.0,102,3,13.0,123,0
0.35,0.56,1,1,0,0,122,9,20.0,116,3,14.0,123,0
0.35,0.56,1,1,0,0,122,9,20.0,119,3,15.0,123,0
0.35,0.56,1,1,0,0,122,9,20.0,122,3,16.0,123,0
0.35,0.56,1,1,0,0,122,9,20.0,126,3,16.17,123,0
0.62,0.59,1,0,1,0,0,0,0.0,12,0,1.0,0,1
0.62,0.59,1,0,1,0,0,0,0.0,23,1,2.0,0,1
0.62,0.59,1,0,1,0,0,0,0.0,41,1,3.0,0,1
0.62,0.59,1,0,1,0,0,0,0.0,51,1,4.0,0,1
0.62,0.59,1,0,1,0,0,0,0.0,54,1,5.0,0,1
0.62,0.59,1,0,1,0,0,0,0.0,63,3,6.0,0,1
0.62,0.59,1,0,1,0,0,0,0.0,69,3,7.0,0,1
0.62,0.59,1,0,1,0,0,0,0.0,78,3,8.0,0,1
0.62,0.59,1,0,1,0,0,0,0.0,81,3,9.0,0,1
0.62,0.59,1,0,1,0,0,0,0.0,85,3,10.0,0,1
0.62,0.59,1,0,1,0,0,0,0.0,89,3,11.0,0,1
0.62,0.59,1,0,1,0,0,0,0.0,99,3,12.0,0,1
0.62,0.59,1,0,1,0,0,0,0.0,108,3,13.0,0,1
0.62,0.59,1,0,1,0,0,0,0.0,116,3,14.0,0,1
0.62,0.59,1,0,1,0,0,0,0.0,120,3,15.0,0,1
0.62,0.59,1,0,1,0,0,0,0.0,127,3,16.0,0,1
0.62,0.59,1,0,1,0,0,0,0.0,132,4,17.0,0,1
0.62,0.59,1,0,1,0,0,0,0.0,141,4,18.0,0,1
0.62,0.59,1,0,1,0,0,0,0.0,154,4,19.0,0,1
0.62,0.59,1,0,1,0,0,0,0.0,158,4,20.0,0,1
0.62,0.59,1,0,0,1,5,0,1.0,158,4,20.0,159,1
0.62,0.59,1,0,0,1,12,1,2.0,158,4,20.0,159,1
0.62,0.59,1,0,0,1,20,1,3.0,158,4,20.0,159,1
0.62,0.59,1,0,0,1,31,1,4.0,158,4,20.0,159,1
0.62,0.59,1,0,0,1,41,1,5.0,158,4,20.0,159,1
0.62,0.59,1,0,0,1,55,1,6.0,158,4,20.0,159,1
0.62,0.59,1,0,0,1,69,1,7.0,158,4,20.0,159,1
0.62,0.59,1,0,0,1,74,1,8.0,158,4,20.0,159,1
0.62,0.59,1,0,0,1,83,1,9.0,158,4,20.0,159,1
0.62,0.59,1,0,0,1,85,1,10.0,158,4,20.0,159,1
0.62,0.59,1,0,0,1,102,2,11.0,158,4,20.0,159,1
0.62,0.59,1,0,0,1,108,3,12.0,158,4,20.0,159,1
0.62,0.59,1,0,0,1,113,3,13.0,158,4,20.0,159,1
0.62,0.59,1,0,0,1,121,3,14.0,158,4,20.0,159,1
0.62,0.59,1,0,0,1,131,3,15.0,158,4,20.0,159,1
0.62,0.59,1,0,0,1,137,3,16.0,158,4,20.0,159,1
0.62,0.59,1,0,0,1,148,3,17.0,158,4,20.0,159,1
0.62,0.59,1,0,0,1,151,3,18.0,158,4,20.0,159,1
0.62,0.59,1,0,0,1,158,3,19.0,158,4,20.0,159,1
0.62,0.59,1,0,0,1,159,3,19.33,158,4,20.0,159,1
0.43,0.63,0,0,1,1,3,1,1.0,0,0,0.0,0,0
0.43,0.63,0,0,1,1,6,1,2.0,0,0,0.0,0,0
0.43,0.63,0,0,1,1,14,2,3.0,0,0,0.0,0,0
0.43,0.63,0,0,1,1,18,2,4.0,0,0,0.0,0,0
0.43,0.63,0,0,1,1,20,3,5.0,0,0,0.0,0,0
0.43,0.63,0,0,1,1,28,3,6.0,0,0,0.0,0,0
0.43,0.63,0,0,1,1,34,3,7.0,0,0,0.0,0,0
0.43,0.63,0,0,1,1,40,3,8.0,0,0,0.0,0,0
0.43,0.63,0,0,1,1,41,4,9.0,0,0,0.0,0,0
0.43,0.63,0,0,1,1,46,4,10.0,0,0,0.0,0,0
0.43,0.63,0,0,1,1,52,4,11.0,0,0,0.0,0,0
0.43,0.63,0,0,1,1,67,4,12.0,0,0,0.0,0,0
0.43,0.63,0,0,1,1,69,6,13.0,0,0,0.0,0,0
0.43,0.63,0,0,1,1,77,6,14.0,0,0,0.0,0,0
0.43,0.63,0,0,1,1,82,6,15.0,0,0,0.0,0,0
0.43,0.63,0,0,1,1,83,7,16.0,0,0,0.0,0,0
0.43,0.63,0,0,1,1,90,7,17.0,0,0,0.0,0,0
0.43,0.63,0,0,1,1,99,8,18.0,0,0,0.0,0,0
0.43,0.63,0,0,1,1,106,8,19.0,0,0,0.0,0,0
0.43,0.63,0,0,1,1,111,8,20.0,0,0,0.0,0,0
0.43,0.63,0,0,0,0,111,8,20.0,3,0,1.0,112,0
0.43,0.63,0,0,0,0,111,8,20.0,17,0,2.0,112,0
0.43,0.63,0,0,0,0,111,8,20.0,22,0,3.0,112,0
0.43,0.63,0,0,0,0,111,8,20.0,25,1,4.0,112,0
0.43,0.63,0,0,0,0,111,8,20.0,28,2,5.0,112,0
0.43,0.63,0,0,0,0,111,8,20.0,41,2,6.0,112,0
0.43,0.63,0,0,0,0,111,8,20.0,49,3,7.0,112,0
0.43,0.63,0,0,0,0,111,8,20.0,55,4,8.0,112,0
0.43,0.63,0,0,0,0,111,8,20.0,60,4,9.0,112,0
0.43,0.63,0,0,0,0,111,8,20.0,67,6,10.0,112,0
0.43,0.63,0,0,0,0,111,8,20.0,78,6,11.0,112,0
0.43,0.63,0,0,0,0,111,8,20.0,83,7,12.0,112,0
0.43,0.63,0,0,0,0,111,8,20.0,95,7,13.0,112,0
0.43,0.63,0,0,0,0,111,8,20.0,104,7,14.0,112,0
0.43,0.63,0,0,0,0,111,8,20.0,107,7,15.0,112,0
0.43,0.63,0,0,0,0,111,8,20.0,112,7,15.5,112,0
0.56,0.49,1,1,1,1,7,0,1.0,0,0,0.0,0,0
0.56,0.49,1,1,1,1,16,0,2.0,0,0,0.0,0,0
0.56,0.49,1,1,1,1,17,0,3.0,0,0,0.0,0,0
0.56,0.49,1,1,1,1,28,0,4.0,0,0,0.0,0,0
0.56,0.49,1,1,1,1,37,0,5.0,0,0,0.0,0,0
0.56,0.49,1,1,1,1,44,0,6.0,0,0,0.0,0,0
0.56,0.49,1,1,1,1,54,0,7.0,0,0,0.0,0,0
0.56,0.49,1,1,1,1,63,0,8.0,0,0,0.0,0,0
0.56,0.49,1,1,1,1,66,0,9.0,0,0,0.0,0,0
0.56,0.49,1,1,1,1,69,0,10.0,0,0,0.0,0,0
0.56,0.49,1,1,1,1,75,0,11.0,0,0,0.0,0,0
0.56,0.49,1,1,1,1,80,1,12.0,0,0,0.0,0,0
0.56,0.49,1,1,1,1,86,1,13.0,0,0,0.0,0,0
0.56,0.49,1,1,1,1,88,1,14.0,0,0,0.0,0,0
0.56,0.49,1,1,1,1,103,1,15.0,0,0,0.0,0,0
0.56,0.49,1,1,1,1,115,1,16.0,0,0,0.0,0,0
0.56,0.49,1,1,1,1,119,1,17.0,0,0,0.0,0,0
0.56,0.49,1,1,1,1,122,1,18.0,0,0,0.0,0,0
0.56,0.49,1,1,1,1,129,1,19.0,0,0,0.0,0,0
0.56,0.49,1,1,1,1,135,1,20.0,0,0,0.0,0,0
0.56,0.49,1,1,0,0,135,1,20.0,12,1,1.0,136,0
0.56,0.49,1,1,0,0,135,1,20.0,15,1,2.0,136,0
0.56,0.49,1,1,0,0,135,1,20.0,23,1,3.0,136,0
0.56,0.49,1,1,0,0,135,1,20.0,26,1,4.0,136,0
0.56,0.49,1,1,0,0,135,1,20.0,31,1,5.0,136,0
0.56,0.49,1,1,0,0,135,1,20.0,38,1,6.0,136,0
0.56,0.49,1,1,0,0,135,1,20.0,43,1,7.0,136,0
0.56,0.49,1,1,0,0,135,1,20.0,57,1,8.0,136,0
0.56,0.49,1,1,0,0,135,1,20.0,71,2,9.0,136,0
0.56,0.49,1,1,0,0,135,1,20.0,76,2,10.0,136,0
0.56,0.49,1,1,0,0,135,1,20.0,84,2,11.0,136,0
0.56,0.49,1,1,0,0,135,1,20.0,95,2,12.0,136,0
0.56,0.49,1,1,0,0,135,1,20.0,100,2,13.0,136,0
0.56,0.49,1,1,0,0,135,1,20.0,109,2,14.0,136,0
0.56,0.49,1,1,0,0,135,1,20.0,110,3,15.0,136,0
0.56,0.49,1,1,0,0,135,1,20.0,120,3,16.0,136,0
0.56,0.49,1,1,0,0,135,1,20.0,128,4,17.0,136,0
0.56,0.49,1,1,0,0,135,1,20.0,136,4,17.5,136,0
0.53,0.46,0,0,1,1,2,0,1.0,0,0,0.0,0,0
0.53,0.46,0,0,1,1,15,0,2.0,0,0,0.0,0,0
0.53,0.46,0,0,1,1,28,0,3.0,0,0,0.0,0,0
0.53,0.46,0,0,1,1,49,0,4.0,0,0,0.0,0,0
0.53,0.46,0,0,1,1,57,0,5.0,0,0,0.0,0,0
0.53,0.46,0,0,1,1,65,0,6.0,0,0,0.0,0,0
0.53,0.46,0,0,1,1,72,0,7.0,0,0,0.0,0,0
0.53,0.46,0,0,1,1,83,0,8.0,0,0,0.0,0,0
0.53,0.46,0,0,1,1,90,0,9.0,0,0,0.0,0,0
0.53,0.46,0,0,1,1,102,0,10.0,0,0,0.0,0,0
0.53,0.46,0,0,1,1,108,0,11.0,0,0,0.0,0,0
0.53,0.46,0,0,1,1,118,0,12.0,0,0,0.0,0,0
0.53,0.46,0,0,1,1,124,0,13.0,0,0,0.0,0,0
0.53,0.46,0,0,1,1,130,0,14.0,0,0,0.0,0,0
0.53,0.46,0,0,1,1,139,0,15.0,0,0,0.0,0,0
0.53,0.46,0,0,1,1,151,0,16.0,0,0,0.0,0,0
0.53,0.46,0,0,1,1,161,0,17.0,0,0,0.0,0,0
0.53,0.46,0,0,1,1,166,0,18.0,0,0,0.0,0,0
0.53,0.46,0,0,1,1,171,0,19.0,0,0,0.0,0,0
0.53,0.46,0,0,1,1,186,0,20.0,0,0,0.0,0,0
0.53,0.46,0,0,0,0,186,0,20.0,10,0,1.0,187,0
0.53,0.46,0,0,0,0,186,0,20.0,18,1,2.0,187,0
0.53,0.46,0,0,0,0,186,0,20.0,24,2,3.0,187,0
0.53,0.46,0,0,0,0,186,0,20.0,31,2,4.0,187,0
0.53,0.46,0,0,0,0,186,0,20.0,40,2,5.0,187,0
0.53,0.46,0,0,0,0,186,0,20.0,49,3,6.0,187,0
0.53,0.46,0,0,0,0,186,0,20.0,58,3,7.0,187,0
0.53,0.46,0,0,0,0,186,0,20.0,61,3,8.0,187,0
0.53,0.46,0,0,0,0,186,0,20.0,65,3,9.0,187,0
0.53,0.46,0,0,0,0,186,0,20.0,74,3,10.0,187,0
0.53,0.46,0,0,0,0,186,0,20.0,91,3,11.0,187,0
0.53,0.46,0,0,0,0,186,0,20.0,97,3,12.0,187,0
0.53,0.46,0,0,0,0,186,0,20.0,107,4,13.0,187,0
0.53,0.46,0,0,0,0,186,0,20.0,116,5,14.0,187,0
0.53,0.46,0,0,0,0,186,0,20.0,124,6,15.0,187,0
0.53,0.46,0,0,0,0,186,0,20.0,134,6,16.0,187,0
0.53,0.46,0,0,0,0,186,0,20.0,140,7,17.0,187,0
0.53,0.46,0,0,0,0,186,0,20.0,155,7,18.0,187,0
0.53,0.46,0,0,0,0,186,0,20.0,172,7,19.0,187,0
0.53,0.46,0,0,0,0,186,0,20.0,191,8,20.0,187,0
0.37,0.6,0,1,1,0,0,0,0.0,7,0,1.0,0,0
0.37,0.6,0,1,1,0,0,0,0.0,21,0,2.0,0,0
0.37,0.6,0,1,1,0,0,0,0.0,26,0,3.0,0,0
0.37,0.6,0,1,1,0,0,0,0.0,31,0,4.0,0,0
0.37,0.6,0,1,1,0,0,0,0.0,43,0,5.0,0,0
0.37,0.6,0,1,1,0,0,0,0.0,58,0,6.0,0,0
0.37,0.6,0,1,1,0,0,0,0.0,65,0,7.0,0,0
0.37,0.6,0,1,1,0,0,0,0.0,73,0,8.0,0,0
0.37,0.6,0,1,1,0,0,0,0.0,78,0,9.0,0,0
0.37,0.6,0,1,1,0,0,0,0.0,91,0,10.0,0,0
0.37,0.6,0,1,1,0,0,0,0.0,97,0,11.0,0,0
0.37,0.6,0,1,1,0,0,0,0.0,106,0,12.0,0,0
0.37,0.6,0,1,1,0,0,0,0.0,118,0,13.0,0,0
0.37,0.6,0,1,1,0,0,0,0.0,122,0,14.0,0,0
0.37,0.6,0,1,1,0,0,0,0.0,136,0,15.0,0,0
0.37,0.6,0,1,1,0,0,0,0.0,147,0,16.0,0,0
0.37,0.6,0,1,1,0,0,0,0.0,160,0,17.0,0,0
0.37,0.6,0,1,1,0,0,0,0.0,166,0,18.0,0,0
0.37,0.6,0,1,1,0,0,0,0.0,172,0,19.0,0,0
0.37,0.6,0,1,1,0,0,0,0.0,175,0,20.0,0,0
0.37,0.6,0,1,0,1,2,0,1.0,175,0,20.0,176,0
0.37,0.6,0,1,0,1,9,0,2.0,175,0,20.0,176,0
0.37,0.6,0,1,0,1,9,0,3.0,175,0,20.0,176,0
0.37,0.6,0,1,0,1,18,0,4.0,175,0,20.0,176,0
0.37,0.6,0,1,0,1,28,0,5.0,175,0,20.0,176,0
0.37,0.6,0,1,0,1,42,0,6.0,175,0,20.0,176,0
0.37,0.6,0,1,0,1,51,0,7.0,175,0,20.0,176,0
0.37,0.6,0,1,0,1,59,0,8.0,175,0,20.0,176,0
0.37,0.6,0,1,0,1,71,0,9.0,175,0,20.0,176,0
0.37,0.6,0,1,0,1,79,1,10.0,175,0,20.0,176,0
0.37,0.6,0,1,0,1,82,1,11.0,175,0,20.0,176,0
0.37,0.6,0,1,0,1,88,1,12.0,175,0,20.0,176,0
0.37,0.6,0,1,0,1,98,1,13.0,175,0,20.0,176,0
0.37,0.6,0,1,0,1,105,1,14.0,175,0,20.0,176,0
0.37,0.6,0,1,0,1,123,1,15.0,175,0,20.0,176,0
0.37,0.6,0,1,0,1,133,1,16.0,175,0,20.0,176,0
0.37,0.6,0,1,0,1,147,1,17.0,175,0,20.0,176,0
0.37,0.6,0,1,0,1,156,1,18.0,175,0,20.0,176,0
0.37,0.6,0,1,0,1,162,1,19.0,175,0,20.0,176,0
0.37,0.6,0,1,0,1,172,2,20.0,175,0,20.0,176,0
0.48,0.54,1,1,1,1,8,0,1.0,0,0,0.0,0,0
0.48,0.54,1,1,1,1,14,0,2.0,0,0,0.0,0,0
0.48,0.54,1,1,1,1,20,0,3.0,0,0,0.0,0,0
0.48,0.54,1,1,1,1,29,0,4.0,0,0,0.0,0,0
0.48,0.54,1,1,1,1,38,0,5.0,0,0,0.0,0,0
0.48,0.54,1,1,1,1,43,0,6.0,0,0,0.0,0,0
0.48,0.54,1,1,1,1,46,1,7.0,0,0,0.0,0,0
0.48,0.54,1,1,1,1,49,1,8.0,0,0,0.0,0,0
0.48,0.54,1,1,1,1,52,2,9.0,0,0,0.0,0,0
0.48,0.54,1,1,1,1,62,2,10.0,0,0,0.0,0,0
0.48,0.54,1,1,1,1,67,2,11.0,0,0,0.0,0,0
0.48,0.54,1,1,1,1,76,2,12.0,0,0,0.0,0,0
0.48,0.54,1,1,1,1,87,2,13.0,0,0,0.0,0,0
0.48,0.54,1,1,1,1,91,2,14.0,0,0,0.0,0,0
0.48,0.54,1,1,1,1,96,2,15.0,0,0,0.0,0,0
0.48,0.54,1,1,1,1,97,2,16.0,0,0,0.0,0,0
0.48,0.54,1,1,1,1,108,2,17.0,0,0,0.0,0,0
0.48,0.54,1,1,1,1,111,3,18.0,0,0,0.0,0,0
0.48,0.54,1,1,1,1,115,3,19.0,0,0,0.0,0,0
0.48,0.54,1,1,1,1,121,3,20.0,0,0,0.0,0,0
0.48,0.54,1,1,0,0,121,3,20.0,13,0,1.0,122,0
0.48,0.54,1,1,0,0,121,3,20.0,17,0,2.0,122,0
0.48,0.54,1,1,0,0,121,3,20.0,25,0,3.0,122,0
0.48,0.54,1,1,0,0,121,3,20.0,34,0,4.0,122,0
0.48,0.54,1,1,0,0,121,3,20.0,41,0,5.0,122,0
0.48,0.54,1,1,0,0,121,3,20.0,58,0,6.0,122,0
0.48,0.54,1,1,0,0,121,3,20.0,65,1,7.0,122,0
0.48,0.54,1,1,0,0,121,3,20.0,77,1,8.0,122,0
0.48,0.54,1,1,0,0,121,3,20.0,90,1,9.0,122,0
0.48,0.54,1,1,0,0,121,3,20.0,95,1,10.0,122,0
0.48,0.54,1,1,0,0,121,3,20.0,104,2,11.0,122,0
0.48,0.54,1,1,0,0,121,3,20.0,110,2,12.0,122,0
0.48,0.54,1,1,0,0,121,3,20.0,114,2,13.0,122,0
0.48,0.54,1,1,0,0,121,3,20.0,122,2,13.83,122,0
0.49,0.5,0,0,1,1,11,0,1.0,0,0,0.0,0,1
0.49,0.5,0,0,1,1,21,1,2.0,0,0,0.0,0,1
0.49,0.5,0,0,1,1,29,1,3.0,0,0,0.0,0,1
0.49,0.5,0,0,1,1,34,2,4.0,0,0,0.0,0,1
0.49,0.5,0,0,1,1,38,3,5.0,0,0,0.0,0,1
0.49,0.5,0,0,1,1,50,3,6.0,0,0,0.0,0,1
0.49,0.5,0,0,1,1,60,3,7.0,0,0,0.0,0,1
0.49,0.5,0,0,1,1,68,3,8.0,0,0,0.0,0,1
0.49,0.5,0,0,1,1,70,4,9.0,0,0,0.0,0,1
0.49,0.5,0,0,1,1,73,5,10.0,0,0,0.0,0,1
0.49,0.5,0,0,1,1,74,6,11.0,0,0,0.0,0,1
0.49,0.5,0,0,1,1,77,6,12.0,0,0,0.0,0,1
0.49,0.5,0,0,1,1,86,6,13.0,0,0,0.0,0,1
0.49,0.5,0,0,1,1,97,6,14.0,0,0,0.0,0,1
0.49,0.5,0,0,1,1,98,6,15.0,0,0,0.0,0,1
0.49,0.5,0,0,1,1,109,6,16.0,0,0,0.0,0,1
0.49,0.5,0,0,1,1,123,6,17.0,0,0,0.0,0,1
0.49,0.5,0,0,1,1,131,6,18.0,0,0,0.0,0,1
0.49,0.5,0,0,1,1,145,6,19.0,0,0,0.0,0,1
0.49,0.5,0,0,1,1,150,6,20.0,0,0,0.0,0,1
0.49,0.5,0,0,0,0,150,6,20.0,5,1,1.0,151,1
0.49,0.5,0,0,0,0,150,6,20.0,12,1,2.0,151,1
0.49,0.5,0,0,0,0,150,6,20.0,16,1,3.0,151,1
0.49,0.5,0,0,0,0,150,6,20.0,28,2,4.0,151,1
0.49,0.5,0,0,0,0,150,6,20.0,40,2,5.0,151,1
0.49,0.5,0,0,0,0,150,6,20.0,53,2,6.0,151,1
0.49,0.5,0,0,0,0,150,6,20.0,63,2,7.0,151,1
0.49,0.5,0,0,0,0,150,6,20.0,76,2,8.0,151,1
0.49,0.5,0,0,0,0,150,6,20.0,77,2,9.0,151,1
0.49,0.5,0,0,0,0,150,6,20.0,85,2,10.0,151,1
0.49,0.5,0,0,0,0,150,6,20.0,90,2,11.0,151,1
0.49,0.5,0,0,0,0,150,6,20.0,94,2,12.0,151,1
0.49,0.5,0,0,0,0,150,6,20.0,99,2,13.0,151,1
0.49,0.5,0,0,0,0,150,6,20.0,109,3,14.0,151,1
0.49,0.5,0,0,0,0,150,6,20.0,112,3,15.0,151,1
0.49,0.5,0,0,0,0,150,6,20.0,116,3,16.0,151,1
0.49,0.5,0,0,0,0,150,6,20.0,123,3,17.0,151,1
0.49,0.5,0,0,0,0,150,6,20.0,130,3,18.0,151,1
0.49,0.5,0,0,0,0,150,6,20.0,141,3,19.0,151,1
0.49,0.5,0,0,0,0,150,6,20.0,146,3,20.0,151,1
0.36,0.54,1,0,1,0,0,0,0.0,8,0,1.0,0,0
0.36,0.54,1,0,1,0,0,0,0.0,13,0,2.0,0,0
0.36,0.54,1,0,1,0,0,0,0.0,19,0,3.0,0,0
0.36,0.54,1,0,1,0,0,0,0.0,32,0,4.0,0,0
0.36,0.54,1,0,1,0,0,0,0.0,38,0,5.0,0,0
0.36,0.54,1,0,1,0,0,0,0.0,46,1,6.0,0,0
0.36,0.54,1,0,1,0,0,0,0.0,53,3,7.0,0,0
0.36,0.54,1,0,1,0,0,0,0.0,63,3,8.0,0,0
0.36,0.54,1,0,1,0,0,0,0.0,77,3,9.0,0,0
0.36,0.54,1,0,1,0,0,0,0.0,91,3,10.0,0,0
0.36,0.54,1,0,1,0,0,0,0.0,100,3,11.0,0,0
0.36,0.54,1,0,1,0,0,0,0.0,121,3,12.0,0,0
0.36,0.54,1,0,1,0,0,0,0.0,133,4,13.0,0,0
0.36,0.54,1,0,1,0,0,0,0.0,139,4,14.0,0,0
0.36,0.54,1,0,1,0,0,0,0.0,143,6,15.0,0,0
0.36,0.54,1,0,1,0,0,0,0.0,146,6,16.0,0,0
0.36,0.54,1,0,1,0,0,0,0.0,154,6,17.0,0,0
0.36,0.54,1,0,1,0,0,0,0.0,163,8,18.0,0,0
0.36,0.54,1,0,1,0,0,0,0.0,170,8,19.0,0,0
0.36,0.54,1,0,1,0,0,0,0.0,176,10,20.0,0,0
0.36,0.54,1,0,0,1,7,0,1.0,176,10,20.0,177,0
0.36,0.54,1,0,0,1,9,1,2.0,176,10,20.0,177,0
0.36,0.54,1,0,0,1,14,1,3.0,176,10,20.0,177,0
0.36,0.54,1,0,0,1,16,1,4.0,176,10,20.0,177,0
0.36,0.54,1,0,0,1,27,1,5.0,176,10,20.0,177,0
0.36,0.54,1,0,0,1,34,1,6.0,176,10,20.0,177,0
0.36,0.54,1,0,0,1,42,2,7.0,176,10,20.0,177,0
0.36,0.54,1,0,0,1,54,2,8.0,176,10,20.0,177,0
0.36,0.54,1,0,0,1,61,3,9.0,176,10,20.0,177,0
0.36,0.54,1,0,0,1,71,5,10.0,176,10,20.0,177,0
0.36,0.54,1,0,0,1,77,6,11.0,176,10,20.0,177,0
0.36,0.54,1,0,0,1,84,6,12.0,176,10,20.0,177,0
0.36,0.54,1,0,0,1,87,7,13.0,176,10,20.0,177,0
0.36,0.54,1,0,0,1,101,7,14.0,176,10,20.0,177,0
0.36,0.54,1,0,0,1,105,7,15.0,176,10,20.0,177,0
0.36,0.54,1,0,0,1,114,7,16.0,176,10,20.0,177,0
0.36,0.54,1,0,0,1,114,10,16.83,176,10,20.0,177,0
0.65,0.48,1,1,1,1,10,0,1.0,0,0,0.0,0,1
0.65,0.48,1,1,1,1,21,0,2.0,0,0,0.0,0,1
0.65,0.48,1,1,1,1,27,1,3.0,0,0,0.0,0,1
0.65,0.48,1,1,1,1,34,1,4.0,0,0,0.0,0,1
0.65,0.48,1,1,1,1,44,1,5.0,0,0,0.0,0,1
0.65,0.48,1,1,1,1,50,1,6.0,0,0,0.0,0,1
0.65,0.48,1,1,1,1,56,1,7.0,0,0,0.0,0,1
0.65,0.48,1,1,1,1,64,1,8.0,0,0,0.0,0,1
0.65,0.48,1,1,1,1,74,1,9.0,0,0,0.0,0,1
0.65,0.48,1,1,1,1,81,1,10.0,0,0,0.0,0,1
0.65,0.48,1,1,1,1,86,1,11.0,0,0,0.0,0,1
0.65,0.48,1,1,1,1,92,1,12.0,0,0,0.0,0,1
0.65,0.48,1,1,1,1,99,1,13.0,0,0,0.0,0,1
0.65,0.48,1,1,1,1,107,1,14.0,0,0,0.0,0,1
0.65,0.48,1,1,1,1,114,1,15.0,0,0,0.0,0,1
0.65,0.48,1,1,1,1,121,1,16.0,0,0,0.0,0,1
0.65,0.48,1,1,1,1,124,2,17.0,0,0,0.0,0,1
0.65,0.48,1,1,1,1,132,3,18.0,0,0,0.0,0,1
0.65,0.48,1,1,1,1,144,3,19.0,0,0,0.0,0,1
0.65,0.48,1,1,1,1,147,3,20.0,0,0,0.0,0,1
0.65,0.48,1,1,0,0,147,3,20.0,2,2,1.0,148,1
0.65,0.48,1,1,0,0,147,3,20.0,9,2,2.0,148,1
0.65,0.48,1,1,0,0,147,3,20.0,12,2,3.0,148,1
0.65,0.48,1,1,0,0,147,3,20.0,17,3,4.0,148,1
0.65,0.48,1,1,0,0,147,3,20.0,23,3,5.0,148,1
0.65,0.48,1,1,0,0,147,3,20.0,25,4,6.0,148,1
0.65,0.48,1,1,0,0,147,3,20.0,31,4,7.0,148,1
0.65,0.48,1,1,0,0,147,3,20.0,35,5,8.0,148,1
0.65,0.48,1,1,0,0,147,3,20.0,44,6,9.0,148,1
0.65,0.48,1,1,0,0,147,3,20.0,48,7,10.0,148,1
0.65,0.48,1,1,0,0,147,3,20.0,61,7,11.0,148,1
0.65,0.48,1,1,0,0,147,3,20.0,69,7,12.0,148,1
0.65,0.48,1,1,0,0,147,3,20.0,80,7,13.0,148,1
0.65,0.48,1,1,0,0,147,3,20.0,93,8,14.0,148,1
0.65,0.48,1,1,0,0,147,3,20.0,96,9,15.0,148,1
0.65,0.48,1,1,0,0,147,3,20.0,100,10,16.0,148,1
0.65,0.48,1,1,0,0,147,3,20.0,100,10,16.17,148,1
0.47,0.62,1,1,1,1,3,0,1.0,0,0,0.0,0,0
0.47,0.62,1,1,1,1,4,1,2.0,0,0,0.0,0,0
0.47,0.62,1,1,1,1,9,1,3.0,0,0,0.0,0,0
0.47,0.62,1,1,1,1,21,1,4.0,0,0,0.0,0,0
0.47,0.62,1,1,1,1,24,1,5.0,0,0,0.0,0,0
0.47,0.62,1,1,1,1,26,1,6.0,0,0,0.0,0,0
0.47,0.62,1,1,1,1,34,3,7.0,0,0,0.0,0,0
0.47,0.62,1,1,1,1,40,3,8.0,0,0,0.0,0,0
0.47,0.62,1,1,1,1,45,3,9.0,0,0,0.0,0,0
0.47,0.62,1,1,1,1,54,3,10.0,0,0,0.0,0,0
0.47,0.62,1,1,1,1,58,4,11.0,0,0,0.0,0,0
0.47,0.62,1,1,1,1,61,4,12.0,0,0,0.0,0,0
0.47,0.62,1,1,1,1,69,5,13.0,0,0,0.0,0,0
0.47,0.62,1,1,1,1,72,5,14.0,0,0,0.0,0,0
0.47,0.62,1,1,1,1,80,5,15.0,0,0,0.0,0,0
0.47,0.62,1,1,1,1,82,5,16.0,0,0,0.0,0,0
0.47,0.62,1,1,1,1,87,6,17.0,0,0,0.0,0,0
0.47,0.62,1,1,1,1,90,6,18.0,0,0,0.0,0,0
0.47,0.62,1,1,1,1,102,6,19.0,0,0,0.0,0,0
0.47,0.62,1,1,1,1,110,6,20.0,0,0,0.0,0,0
0.47,0.62,1,1,0,0,110,6,20.0,6,0,1.0,111,0
0.47,0.62,1,1,0,0,110,6,20.0,15,0,2.0,111,0
0.47,0.62,1,1,0,0,110,6,20.0,17,1,3.0,111,0
0.47,0.62,1,1,0,0,110,6,20.0,26,2,4.0,111,0
0.47,0.62,1,1,0,0,110,6,20.0,39,3,5.0,111,0
0.47,0.62,1,1,0,0,110,6,20.0,46,3,6.0,111,0
0.47,0.62,1,1,0,0,110,6,20.0,54,4,7.0,111,0
0.47,0.62,1,1,0,0,110,6,20.0,60,4,8.0,111,0
0.47,0.62,1,1,0,0,110,6,20.0,74,4,9.0,111,0
0.47,0.62,1,1,0,0,110,6,20.0,78,4,10.0,111,0
0.47,0.62,1,1,0,0,110,6,20.0,84,5,11.0,111,0
0.47,0.62,1,1,0,0,110,6,20.0,99,5,12.0,111,0
0.47,0.62,1,1,0,0,110,6,20.0,111,5,12.83,111,0
0.64,0.42,0,1,1,0,0,0,0.0,12,0,1.0,0,1
0.64,0.42,0,1,1,0,0,0,0.0,17,0,2.0,0,1
0.64,0.42,0,1,1,0,0,0,0.0,19,0,3.0,0,1
0.64,0.42,0,1,1,0,0,0,0.0,26,0,4.0,0,1
0.64,0.42,0,1,1,0,0,0,0.0,30,0,5.0,0,1
0.64,0.42,0,1,1,0,0,0,0.0,38,0,6.0,0,1
0.64,0.42,0,1,1,0,0,0,0.0,51,0,7.0,0,1
0.64,0.42,0,1,1,0,0,0,0.0,58,1,8.0,0,1
0.64,0.42,0,1,1,0,0,0,0.0,65,1,9.0,0,1
0.64,0.42,0,1,1,0,0,0,0.0,68,2,10.0,0,1
0.64,0.42,0,1,1,0,0,0,0.0,72,3,11.0,0,1
0.64,0.42,0,1,1,0,0,0,0.0,76,5,12.0,0,1
0.64,0.42,0,1,1,0,0,0,0.0,83,5,13.0,0,1
0.64,0.42,0,1,1,0,0,0,0.0,85,5,14.0,0,1
0.64,0.42,0,1,1,0,0,0,0.0,89,5,15.0,0,1
0.64,0.42,0,1,1,0,0,0,0.0,98,5,16.0,0,1
0.64,0.42,0,1,1,0,0,0,0.0,113,5,17.0,0,1
0.64,0.42,0,1,1,0,0,0,0.0,116,5,18.0,0,1
0.64,0.42,0,1,1,0,0,0,0.0,120,6,19.0,0,1
0.64,0.42,0,1,1,0,0,0,0.0,126,6,20.0,0,1
0.64,0.42,0,1,0,1,17,1,1.0,126,6,20.0,127,1
0.64,0.42,0,1,0,1,22,1,2.0,126,6,20.0,127,1
0.64,0.42,0,1,0,1,29,1,3.0,126,6,20.0,127,1
0.64,0.42,0,1,0,1,45,1,4.0,126,6,20.0,127,1
0.64,0.42,0,1,0,1,50,1,5.0,126,6,20.0,127,1
0.64,0.42,0,1,0,1,61,1,6.0,126,6,20.0,127,1
0.64,0.42,0,1,0,1,65,1,7.0,126,6,20.0,127,1
0.64,0.42,0,1,0,1,69,1,8.0,126,6,20.0,127,1
0.64,0.42,0,1,0,1,78,1,9.0,126,6,20.0,127,1
0.64,0.42,0,1,0,1,82,1,10.0,126,6,20.0,127,1
0.64,0.42,0,1,0,1,83,1,11.0,126,6,20.0,127,1
0.64,0.42,0,1,0,1,92,1,12.0,126,6,20.0,127,1
0.64,0.42,0,1,0,1,97,1,13.0,126,6,20.0,127,1
0.64,0.42,0,1,0,1,105,1,14.0,126,6,20.0,127,1
0.64,0.42,0,1,0,1,109,1,15.0,126,6,20.0,127,1
0.64,0.42,0,1,0,1,125,1,16.0,126,6,20.0,127,1
0.64,0.42,0,1,0,1,127,1,16.33,126,6,20.0,127,1
0.38,0.54,0,1,1,0,0,0,0.0,10,0,1.0,0,0
0.38,0.54,0,1,1,0,0,0,0.0,21,0,2.0,0,0
0.38,0.54,0,1,1,0,0,0,0.0,26,0,3.0,0,0
0.38,0.54,0,1,1,0,0,0,0.0,34,0,4.0,0,0
0.38,0.54,0,1,1,0,0,0,0.0,40,0,5.0,0,0
0.38,0.54,0,1,1,0,0,0,0.0,48,0,6.0,0,0
0.38,0.54,0,1,1,0,0,0,0.0,59,1,7.0,0,0
0.38,0.54,0,1,1,0,0,0,0.0,75,2,8.0,0,0
0.38,0.54,0,1,1,0,0,0,0.0,83,3,9.0,0,0
0.38,0.54,0,1,1,0,0,0,0.0,98,3,10.0,0,0
0.38,0.54,0,1,1,0,0,0,0.0,110,3,11.0,0,0
0.38,0.54,0,1,1,0,0,0,0.0,124,3,12.0,0,0
0.38,0.54,0,1,1,0,0,0,0.0,133,4,13.0,0,0
0.38,0.54,0,1,1,0,0,0,0.0,139,4,14.0,0,0
0.38,0.54,0,1,1,0,0,0,0.0,152,4,15.0,0,0
0.38,0.54,0,1,1,0,0,0,0.0,161,4,16.0,0,0
0.38,0.54,0,1,1,0,0,0,0.0,167,4,17.0,0,0
0.38,0.54,0,1,1,0,0,0,0.0,180,4,18.0,0,0
0.38,0.54,0,1,1,0,0,0,0.0,192,4,19.0,0,0
0.38,0.54,0,1,1,0,0,0,0.0,201,4,20.0,0,0
0.38,0.54,0,1,0,1,5,0,1.0,201,4,20.0,202,0
0.38,0.54,0,1,0,1,10,1,2.0,201,4,20.0,202,0
0.38,0.54,0,1,0,1,29,1,3.0,201,4,20.0,202,0
0.38,0.54,0,1,0,1,33,1,4.0,201,4,20.0,202,0
0.38,0.54,0,1,0,1,37,1,5.0,201,4,20.0,202,0
0.38,0.54,0,1,0,1,41,1,6.0,201,4,20.0,202,0
0.38,0.54,0,1,0,1,54,2,7.0,201,4,20.0,202,0
0.38,0.54,0,1,0,1,59,2,8.0,201,4,20.0,202,0
0.38,0.54,0,1,0,1,72,2,9.0,201,4,20.0,202,0
0.38,0.54,0,1,0,1,83,2,10.0,201,4,20.0,202,0
0.38,0.54,0,1,0,1,92,3,11.0,201,4,20.0,202,0
0.38,0.54,0,1,0,1,103,3,12.0,201,4,20.0,202,0
0.38,0.54,0,1,0,1,128,3,13.0,201,4,20.0,202,0
0.38,0.54,0,1,0,1,134,3,14.0,201,4,20.0,202,0
0.38,0.54,0,1,0,1,147,3,15.0,201,4,20.0,202,0
0.38,0.54,0,1,0,1,160,3,16.0,201,4,20.0,202,0
0.38,0.54,0,1,0,1,165,6,17.0,201,4,20.0,202,0
0.38,0.54,0,1,0,1,175,7,18.0,201,4,20.0,202,0
0.38,0.54,0,1,0,1,182,7,19.0,201,4,20.0,202,0
0.38,0.54,0,1,0,1,192,7,20.0,201,4,20.0,202,0
0.4,0.36,1,0,1,0,0,0,0.0,5,0,1.0,0,1
0.4,0.36,1,0,1,0,0,0,0.0,12,1,2.0,0,1
0.4,0.36,1,0,1,0,0,0,0.0,17,1,3.0,0,1
0.4,0.36,1,0,1,0,0,0,0.0,19,1,4.0,0,1
0.4,0.36,1,0,1,0,0,0,0.0,23,1,5.0,0,1
0.4,0.36,1,0,1,0,0,0,0.0,28,1,6.0,0,1
0.4,0.36,1,0,1,0,0,0,0.0,40,1,7.0,0,1
0.4,0.36,1,0,1,0,0,0,0.0,52,1,8.0,0,1
0.4,0.36,1,0,1,0,0,0,0.0,59,2,9.0,0,1
0.4,0.36,1,0,1,0,0,0,0.0,68,2,10.0,0,1
0.4,0.36,1,0,1,0,0,0,0.0,76,2,11.0,0,1
0.4,0.36,1,0,1,0,0,0,0.0,79,2,12.0,0,1
0.4,0.36,1,0,1,0,0,0,0.0,89,2,13.0,0,1
0.4,0.36,1,0,1,0,0,0,0.0,93,2,14.0,0,1
0.4,0.36,1,0,1,0,0,0,0.0,97,2,15.0,0,1
0.4,0.36,1,0,1,0,0,0,0.0,104,2,16.0,0,1
0.4,0.36,1,0,1,0,0,0,0.0,106,2,17.0,0,1
0.4,0.36,1,0,1,0,0,0,0.0,114,2,18.0,0,1
0.4,0.36,1,0,1,0,0,0,0.0,125,2,19.0,0,1
0.4,0.36,1,0,1,0,0,0,0.0,135,2,20.0,0,1
0.4,0.36,1,0,0,1,13,0,1.0,135,2,20.0,136,1
0.4,0.36,1,0,0,1,27,0,2.0,135,2,20.0,136,1
0.4,0.36,1,0,0,1,36,0,3.0,135,2,20.0,136,1
0.4,0.36,1,0,0,1,44,0,4.0,135,2,20.0,136,1
0.4,0.36,1,0,0,1,59,0,5.0,135,2,20.0,136,1
0.4,0.36,1,0,0,1,64,0,6.0,135,2,20.0,136,1
0.4,0.36,1,0,0,1,67,0,7.0,135,2,20.0,136,1
0.4,0.36,1,0,0,1,74,0,8.0,135,2,20.0,136,1
0.4,0.36,1,0,0,1,87,0,9.0,135,2,20.0,136,1
0.4,0.36,1,0,0,1,89,1,10.0,135,2,20.0,136,1
0.4,0.36,1,0,0,1,94,2,11.0,135,2,20.0,136,1
0.4,0.36,1,0,0,1,106,3,12.0,135,2,20.0,136,1
0.4,0.36,1,0,0,1,118,3,13.0,135,2,20.0,136,1
0.4,0.36,1,0,0,1,130,3,14.0,135,2,20.0,136,1
0.4,0.36,1,0,0,1,139,3,15.0,135,2,20.0,136,1
0.47,0.57,0,0,1,1,4,1,1.0,0,0,0.0,0,0
0.47,0.57,0,0,1,1,7,2,2.0,0,0,0.0,0,0
0.47,0.57,0,0,1,1,13,2,3.0,0,0,0.0,0,0
0.47,0.57,0,0,1,1,20,2,4.0,0,0,0.0,0,0
0.47,0.57,0,0,1,1,22,2,5.0,0,0,0.0,0,0
0.47,0.57,0,0,1,1,30,2,6.0,0,0,0.0,0,0
0.47,0.57,0,0,1,1,33,2,7.0,0,0,0.0,0,0
0.47,0.57,0,0,1,1,35,2,8.0,0,0,0.0,0,0
0.47,0.57,0,0,1,1,41,3,9.0,0,0,0.0,0,0
0.47,0.57,0,0,1,1,46,3,10.0,0,0,0.0,0,0
0.47,0.57,0,0,1,1,54,3,11.0,0,0,0.0,0,0
0.47,0.57,0,0,1,1,66,3,12.0,0,0,0.0,0,0
0.47,0.57,0,0,1,1,77,3,13.0,0,0,0.0,0,0
0.47,0.57,0,0,1,1,87,3,14.0,0,0,0.0,0,0
0.47,0.57,0,0,1,1,98,3,15.0,0,0,0.0,0,0
0.47,0.57,0,0,1,1,104,3,16.0,0,0,0.0,0,0
0.47,0.57,0,0,1,1,108,3,17.0,0,0,0.0,0,0
0.47,0.57,0,0,1,1,115,3,18.0,0,0,0.0,0,0
0.47,0.57,0,0,1,1,119,3,19.0,0,0,0.0,0,0
0.47,0.57,0,0,1,1,130,3,20.0,0,0,0.0,0,0
0.47,0.57,0,0,0,0,130,3,20.0,8,0,1.0,131,0
0.47,0.57,0,0,0,0,130,3,20.0,18,0,2.0,131,0
0.47,0.57,0,0,0,0,130,3,20.0,25,2,3.0,131,0
0.47,0.57,0,0,0,0,130,3,20.0,33,2,4.0,131,0
0.47,0.57,0,0,0,0,130,3,20.0,40,2,5.0,131,0
0.47,0.57,0,0,0,0,130,3,20.0,45,2,6.0,131,0
0.47,0.57,0,0,0,0,130,3,20.0,54,2,7.0,131,0
0.47,0.57,0,0,0,0,130,3,20.0,59,2,8.0,131,0
0.47,0.57,0,0,0,0,130,3,20.0,67,2,9.0,131,0
0.47,0.57,0,0,0,0,130,3,20.0,73,2,10.0,131,0
0.47,0.57,0,0,0,0,130,3,20.0,82,3,11.0,131,0
0.47,0.57,0,0,0,0,130,3,20.0,103,3,12.0,131,0
0.47,0.57,0,0,0,0,130,3,20.0,105,3,13.0,131,0
0.47,0.57,0,0,0,0,130,3,20.0,110,3,14.0,131,0
0.47,0.57,0,0,0,0,130,3,20.0,119,3,15.0,131,0
0.47,0.57,0,0,0,0,130,3,20.0,129,3,16.0,131,0
0.47,0.57,0,0,0,0,130,3,20.0,135,3,16.17,131,0
0.59,0.55,1,0,1,0,0,0,0.0,12,0,1.0,0,1
0.59,0.55,1,0,1,0,0,0,0.0,21,0,2.0,0,1
0.59,0.55,1,0,1,0,0,0,0.0,23,0,3.0,0,1
0.59,0.55,1,0,1,0,0,0,0.0,28,0,4.0,0,1
0.59,0.55,1,0,1,0,0,0,0.0,32,0,5.0,0,1
0.59,0.55,1,0,1,0,0,0,0.0,34,1,6.0,0,1
0.59,0.55,1,0,1,0,0,0,0.0,37,1,7.0,0,1
0.59,0.55,1,0,1,0,0,0,0.0,43,1,8.0,0,1
0.59,0.55,1,0,1,0,0,0,0.0,49,1,9.0,0,1
0.59,0.55,1,0,1,0,0,0,0.0,53,1,10.0,0,1
0.59,0.55,1,0,1,0,0,0,0.0,66,1,11.0,0,1
0.59,0.55,1,0,1,0,0,0,0.0,72,1,12.0,0,1
0.59,0.55,1,0,1,0,0,0,0.0,75,1,13.0,0,1
0.59,0.55,1,0,1,0,0,0,0.0,84,2,14.0,0,1
0.59,0.55,1,0,1,0,0,0,0.0,92,3,15.0,0,1
0.59,0.55,1,0,1,0,0,0,0.0,102,3,16.0,0,1
0.59,0.55,1,0,1,0,0,0,0.0,109,4,17.0,0,1
0.59,0.55,1,0,1,0,0,0,0.0,117,4,18.0,0,1
0.59,0.55,1,0,1,0,0,0,0.0,120,5,19.0,0,1
0.59,0.55,1,0,1,0,0,0,0.0,130,5,20.0,0,1
0.59,0.55,1,0,0,1,8,0,1.0,130,5,20.0,131,1
0.59,0.55,1,0,0,1,11,0,2.0,130,5,20.0,131,1
0.59,0.55,1,0,0,1,25,0,3.0,130,5,20.0,131,1
0.59,0.55,1,0,0,1,32,0,4.0,130,5,20.0,131,1
0.59,0.55,1,0,0,1,41,1,5.0,130,5,20.0,131,1
0.59,0.55,1,0,0,1,49,1,6.0,130,5,20.0,131,1
0.59,0.55,1,0,0,1,55,1,7.0,130,5,20.0,131,1
0.59,0.55,1,0,0,1,60,1,8.0,130,5,20.0,131,1
0.59,0.55,1,0,0,1,69,1,9.0,130,5,20.0,131,1
0.59,0.55,1,0,0,1,74,1,10.0,130,5,20.0,131,1
0.59,0.55,1,0,0,1,84,1,11.0,130,5,20.0,131,1
0.59,0.55,1,0,0,1,92,1,12.0,130,5,20.0,131,1
0.59,0.55,1,0,0,1,99,1,13.0,130,5,20.0,131,1
0.59,0.55,1,0,0,1,109,2,14.0,130,5,20.0,131,1
0.59,0.55,1,0,0,1,120,2,15.0,130,5,20.0,131,1
0.59,0.55,1,0,0,1,125,3,16.0,130,5,20.0,131,1
0.59,0.55,1,0,0,1,128,3,17.0,130,5,20.0,131,1
0.59,0.55,1,0,0,1,136,3,17.5,130,5,20.0,131,1
0.64,0.44,1,1,1,1,9,0,1.0,0,0,0.0,0,1
0.64,0.44,1,1,1,1,18,0,2.0,0,0,0.0,0,1
0.64,0.44,1,1,1,1,25,0,3.0,0,0,0.0,0,1
0.64,0.44,1,1,1,1,39,0,4.0,0,0,0.0,0,1
0.64,0.44,1,1,1,1,54,0,5.0,0,0,0.0,0,1
0.64,0.44,1,1,1,1,62,0,6.0,0,0,0.0,0,1
0.64,0.44,1,1,1,1,76,0,7.0,0,0,0.0,0,1
0.64,0.44,1,1,1,1,88,0,8.0,0,0,0.0,0,1
0.64,0.44,1,1,1,1,99,0,9.0,0,0,0.0,0,1
0.64,0.44,1,1,1,1,101,0,10.0,0,0,0.0,0,1
0.64,0.44,1,1,1,1,109,0,11.0,0,0,0.0,0,1
0.64,0.44,1,1,1,1,116,1,12.0,0,0,0.0,0,1
0.64,0.44,1,1,1,1,120,2,13.0,0,0,0.0,0,1
0.64,0.44,1,1,1,1,122,2,14.0,0,0,0.0,0,1
0.64,0.44,1,1,1,1,127,2,15.0,0,0,0.0,0,1
0.64,0.44,1,1,1,1,141,2,16.0,0,0,0.0,0,1
0.64,0.44,1,1,1,1,153,2,17.0,0,0,0.0,0,1
0.64,0.44,1,1,1,1,160,2,18.0,0,0,0.0,0,1
0.64,0.44,1,1,1,1,170,2,19.0,0,0,0.0,0,1
0.64,0.44,1,1,1,1,179,2,20.0,0,0,0.0,0,1
0.64,0.44,1,1,0,0,179,2,20.0,2,0,1.0,180,1
0.64,0.44,1,1,0,0,179,2,20.0,9,0,2.0,180,1
0.64,0.44,1,1,0,0,179,2,20.0,15,0,3.0,180,1
0.64,0.44,1,1,0,0,179,2,20.0,21,0,4.0,180,1
0.64,0.44,1,1,0,0,179,2,20.0,27,0,5.0,180,1
0.64,0.44,1,1,0,0,179,2,20.0,38,0,6.0,180,1
0.64,0.44,1,1,0,0,179,2,20.0,45,0,7.0,180,1
0.64,0.44,1,1,0,0,179,2,20.0,55,2,8.0,180,1
0.64,0.44,1,1,0,0,179,2,20.0,59,2,9.0,180,1
0.64,0.44,1,1,0,0,179,2,20.0,65,2,10.0,180,1
0.64,0.44,1,1,0,0,179,2,20.0,71,2,11.0,180,1
0.64,0.44,1,1,0,0,179,2,20.0,77,2,12.0,180,1
0.64,0.44,1,1,0,0,179,2,20.0,83,3,13.0,180,1
0.64,0.44,1,1,0,0,179,2,20.0,93,3,14.0,180,1
0.64,0.44,1,1,0,0,179,2,20.0,106,3,15.0,180,1
0.64,0.44,1,1,0,0,179,2,20.0,109,3,16.0,180,1
0.64,0.44,1,1,0,0,179,2,20.0,120,3,17.0,180,1
0.64,0.44,1,1,0,0,179,2,20.0,135,3,18.0,180,1
0.64,0.44,1,1,0,0,179,2,20.0,147,3,19.0,180,1
0.64,0.44,1,1,0,0,179,2,20.0,166,3,20.0,180,1
0.58,0.49,1,1,1,1,4,0,1.0,0,0,0.0,0,1
0.58,0.49,1,1,1,1,10,0,2.0,0,0,0.0,0,1
0.58,0.49,1,1,1,1,21,0,3.0,0,0,0.0,0,1
0.58,0.49,1,1,1,1,31,0,4.0,0,0,0.0,0,1
0.58,0.49,1,1,1,1,39,0,5.0,0,0,0.0,0,1
0.58,0.49,1,1,1,1,43,0,6.0,0,0,0.0,0,1
0.58,0.49,1,1,1,1,52,0,7.0,0,0,0.0,0,1
0.58,0.49,1,1,1,1,58,0,8.0,0,0,0.0,0,1
0.58,0.49,1,1,1,1,61,0,9.0,0,0,0.0,0,1
0.58,0.49,1,1,1,1,73,0,10.0,0,0,0.0,0,1
0.58,0.49,1,1,1,1,82,0,11.0,0,0,0.0,0,1
0.58,0.49,1,1,1,1,84,0,12.0,0,0,0.0,0,1
0.58,0.49,1,1,1,1,92,0,13.0,0,0,0.0,0,1
0.58,0.49,1,1,1,1,95,0,14.0,0,0,0.0,0,1
0.58,0.49,1,1,1,1,108,0,15.0,0,0,0.0,0,1
0.58,0.49,1,1,1,1,110,1,16.0,0,0,0.0,0,1
0.58,0.49,1,1,1,1,120,1,17.0,0,0,0.0,0,1
0.58,0.49,1,1,1,1,131,1,18.0,0,0,0.0,0,1
0.58,0.49,1,1,1,1,140,1,19.0,0,0,0.0,0,1
0.58,0.49,1,1,1,1,146,1,20.0,0,0,0.0,0,1
0.58,0.49,1,1,0,0,146,1,20.0,2,0,1.0,147,1
0.58,0.49,1,1,0,0,146,1,20.0,7,0,2.0,147,1
0.58,0.49,1,1,0,0,146,1,20.0,14,1,3.0,147,1
0.58,0.49,1,1,0,0,146,1,20.0,21,2,4.0,147,1
0.58,0.49,1,1,0,0,146,1,20.0,32,2,5.0,147,1
0.58,0.49,1,1,0,0,146,1,20.0,39,2,6.0,147,1
0.58,0.49,1,1,0,0,146,1,20.0,46,2,7.0,147,1
0.58,0.49,1,1,0,0,146,1,20.0,47,3,8.0,147,1
0.58,0.49,1,1,0,0,146,1,20.0,50,3,9.0,147,1
0.58,0.49,1,1,0,0,146,1,20.0,58,3,10.0,147,1
0.58,0.49,1,1,0,0,146,1,20.0,58,3,11.0,147,1
0.58,0.49,1,1,0,0,146,1,20.0,61,3,12.0,147,1
0.58,0.49,1,1,0,0,146,1,20.0,71,3,13.0,147,1
0.58,0.49,1,1,0,0,146,1,20.0,84,3,14.0,147,1
0.58,0.49,1,1,0,0,146,1,20.0,95,3,15.0,147,1
0.58,0.49,1,1,0,0,146,1,20.0,101,5,16.0,147,1
0.58,0.49,1,1,0,0,146,1,20.0,113,6,17.0,147,1
0.58,0.49,1,1,0,0,146,1,20.0,126,6,18.0,147,1
0.58,0.49,1,1,0,0,146,1,20.0,134,6,19.0,147,1
0.58,0.49,1,1,0,0,146,1,20.0,140,6,20.0,147,1
0.48,0.45,0,1,1,0,0,0,0.0,13,0,1.0,0,0
0.48,0.45,0,1,1,0,0,0,0.0,23,0,2.0,0,0
0.48,0.45,0,1,1,0,0,0,0.0,28,1,3.0,0,0
0.48,0.45,0,1,1,0,0,0,0.0,36,1,4.0,0,0
0.48,0.45,0,1,1,0,0,0,0.0,40,1,5.0,0,0
0.48,0.45,0,1,1,0,0,0,0.0,45,1,6.0,0,0
0.48,0.45,0,1,1,0,0,0,0.0,53,1,7.0,0,0
0.48,0.45,0,1,1,0,0,0,0.0,64,1,8.0,0,0
0.48,0.45,0,1,1,0,0,0,0.0,69,1,9.0,0,0
0.48,0.45,0,1,1,0,0,0,0.0,73,1,10.0,0,0
0.48,0.45,0,1,1,0,0,0,0.0,80,1,11.0,0,0
0.48,0.45,0,1,1,0,0,0,0.0,83,1,12.0,0,0
0.48,0.45,0,1,1,0,0,0,0.0,89,1,13.0,0,0
0.48,0.45,0,1,1,0,0,0,0.0,98,1,14.0,0,0
0.48,0.45,0,1,1,0,0,0,0.0,110,1,15.0,0,0
0.48,0.45,0,1,1,0,0,0,0.0,123,1,16.0,0,0
0.48,0.45,0,1,1,0,0,0,0.0,130,1,17.0,0,0
0.48,0.45,0,1,1,0,0,0,0.0,137,1,18.0,0,0
0.48,0.45,0,1,1,0,0,0,0.0,141,1,19.0,0,0
0.48,0.45,0,1,1,0,0,0,0.0,149,2,20.0,0,0
0.48,0.45,0,1,0,1,5,0,1.0,149,2,20.0,150,0
0.48,0.45,0,1,0,1,10,0,2.0,149,2,20.0,150,0
0.48,0.45,0,1,0,1,15,0,3.0,149,2,20.0,150,0
0.48,0.45,0,1,0,1,24,1,4.0,149,2,20.0,150,0
0.48,0.45,0,1,0,1,34,1,5.0,149,2,20.0,150,0
0.48,0.45,0,1,0,1,38,2,6.0,149,2,20.0,150,0
0.48,0.45,0,1,0,1,44,2,7.0,149,2,20.0,150,0
0.48,0.45,0,1,0,1,57,2,8.0,149,2,20.0,150,0
0.48,0.45,0,1,0,1,59,2,9.0,149,2,20.0,150,0
0.48,0.45,0,1,0,1,62,2,10.0,149,2,20.0,150,0
0.48,0.45,0,1,0,1,65,2,11.0,149,2,20.0,150,0
0.48,0.45,0,1,0,1,76,2,12.0,149,2,20.0,150,0
0.48,0.45,0,1,0,1,85,2,13.0,149,2,20.0,150,0
0.48,0.45,0,1,0,1,94,2,14.0,149,2,20.0,150,0
0.48,0.45,0,1,0,1,94,3,15.0,149,2,20.0,150,0
0.48,0.45,0,1,0,1,104,5,16.0,149,2,20.0,150,0
0.48,0.45,0,1,0,1,109,5,17.0,149,2,20.0,150,0
0.48,0.45,0,1,0,1,120,5,18.0,149,2,20.0,150,0
0.48,0.45,0,1,0,1,133,5,19.0,149,2,20.0,150,0
0.48,0.45,0,1,0,1,149,5,20.0,149,2,20.0,150,0
0.44,0.36,0,0,1,1,11,0,1.0,0,0,0.0,0,0
0.44,0.36,0,0,1,1,24,0,2.0,0,0,0.0,0,0
0.44,0.36,0,0,1,1,26,0,3.0,0,0,0.0,0,0
0.44,0.36,0,0,1,1,32,0,4.0,0,0,0.0,0,0
0.44,0.36,0,0,1,1,41,0,5.0,0,0,0.0,0,0
0.44,0.36,0,0,1,1,56,0,6.0,0,0,0.0,0,0
0.44,0.36,0,0,1,1,64,0,7.0,0,0,0.0,0,0
0.44,0.36,0,0,1,1,74,0,8.0,0,0,0.0,0,0
0.44,0.36,0,0,1,1,81,0,9.0,0,0,0.0,0,0
0.44,0.36,0,0,1,1,89,0,10.0,0,0,0.0,0,0
0.44,0.36,0,0,1,1,101,0,11.0,0,0,0.0,0,0
0.44,0.36,0,0,1,1,112,0,12.0,0,0,0.0,0,0
0.44,0.36,0,0,1,1,121,0,13.0,0,0,0.0,0,0
0.44,0.36,0,0,1,1,137,0,14.0,0,0,0.0,0,0
0.44,0.36,0,0,1,1,145,1,15.0,0,0,0.0,0,0
0.44,0.36,0,0,1,1,155,1,16.0,0,0,0.0,0,0
0.44,0.36,0,0,1,1,161,1,17.0,0,0,0.0,0,0
0.44,0.36,0,0,1,1,170,1,18.0,0,0,0.0,0,0
0.44,0.36,0,0,1,1,175,1,19.0,0,0,0.0,0,0
0.44,0.36,0,0,1,1,177,1,20.0,0,0,0.0,0,0
0.44,0.36,0,0,0,0,177,1,20.0,6,0,1.0,178,0
0.44,0.36,0,0,0,0,177,1,20.0,9,0,2.0,178,0
0.44,0.36,0,0,0,0,177,1,20.0,13,1,3.0,178,0
0.44,0.36,0,0,0,0,177,1,20.0,19,1,4.0,178,0
0.44,0.36,0,0,0,0,177,1,20.0,24,1,5.0,178,0
0.44,0.36,0,0,0,0,177,1,20.0,32,1,6.0,178,0
0.44,0.36,0,0,0,0,177,1,20.0,39,1,7.0,178,0
0.44,0.36,0,0,0,0,177,1,20.0,50,1,8.0,178,0
0.44,0.36,0,0,0,0,177,1,20.0,64,1,9.0,178,0
0.44,0.36,0,0,0,0,177,1,20.0,72,2,10.0,178,0
0.44,0.36,0,0,0,0,177,1,20.0,92,2,11.0,178,0
0.44,0.36,0,0,0,0,177,1,20.0,106,3,12.0,178,0
0.44,0.36,0,0,0,0,177,1,20.0,118,3,13.0,178,0
0.44,0.36,0,0,0,0,177,1,20.0,124,3,14.0,178,0
0.44,0.36,0,0,0,0,177,1,20.0,137,3,15.0,178,0
0.44,0.36,0,0,0,0,177,1,20.0,144,3,16.0,178,0
0.44,0.36,0,0,0,0,177,1,20.0,154,4,17.0,178,0
0.44,0.36,0,0,0,0,177,1,20.0,161,4,18.0,178,0
0.44,0.36,0,0,0,0,177,1,20.0,169,4,19.0,178,0
0.44,0.36,0,0,0,0,177,1,20.0,179,4,19.67,178,0
0.42,0.42,1,1,1,1,9,0,1.0,0,0,0.0,0,0
0.42,0.42,1,1,1,1,11,0,2.0,0,0,0.0,0,0
0.42,0.42,1,1,1,1,15,1,3.0,0,0,0.0,0,0
0.42,0.42,1,1,1,1,26,1,4.0,0,0,0.0,0,0
0.42,0.42,1,1,1,1,29,1,5.0,0,0,0.0,0,0
0.42,0.42,1,1,1,1,36,1,6.0,0,0,0.0,0,0
0.42,0.42,1,1,1,1,42,1,7.0,0,0,0.0,0,0
0.42,0.42,1,1,1,1,47,1,8.0,0,0,0.0,0,0
0.42,0.42,1,1,1,1,57,1,9.0,0,0,0.0,0,0
0.42,0.42,1,1,1,1,62,1,10.0,0,0,0.0,0,0
0.42,0.42,1,1,1,1,68,2,11.0,0,0,0.0,0,0
0.42,0.42,1,1,1,1,70,2,12.0,0,0,0.0,0,0
0.42,0.42,1,1,1,1,81,3,13.0,0,0,0.0,0,0
0.42,0.42,1,1,1,1,89,3,14.0,0,0,0.0,0,0
0.42,0.42,1,1,1,1,100,3,15.0,0,0,0.0,0,0
0.42,0.42,1,1,1,1,105,4,16.0,0,0,0.0,0,0
0.42,0.42,1,1,1,1,116,4,17.0,0,0,0.0,0,0
0.42,0.42,1,1,1,1,122,4,18.0,0,0,0.0,0,0
0.42,0.42,1,1,1,1,124,4,19.0,0,0,0.0,0,0
0.42,0.42,1,1,1,1,131,4,20.0,0,0,0.0,0,0
0.42,0.42,1,1,0,0,131,4,20.0,8,0,1.0,132,0
0.42,0.42,1,1,0,0,131,4,20.0,14,0,2.0,132,0
0.42,0.42,1,1,0,0,131,4,20.0,22,1,3.0,132,0
0.42,0.42,1,1,0,0,131,4,20.0,27,1,4.0,132,0
0.42,0.42,1,1,0,0,131,4,20.0,38,1,5.0,132,0
0.42,0.42,1,1,0,0,131,4,20.0,41,2,6.0,132,0
0.42,0.42,1,1,0,0,131,4,20.0,49,2,7.0,132,0
0.42,0.42,1,1,0,0,131,4,20.0,56,2,8.0,132,0
0.42,0.42,1,1,0,0,131,4,20.0,57,2,9.0,132,0
0.42,0.42,1,1,0,0,131,4,20.0,60,2,10.0,132,0
0.42,0.42,1,1,0,0,131,4,20.0,68,2,11.0,132,0
0.42,0.42,1,1,0,0,131,4,20.0,76,4,12.0,132,0
0.42,0.42,1,1,0,0,131,4,20.0,78,4,13.0,132,0
0.42,0.42,1,1,0,0,131,4,20.0,80,4,14.0,132,0
0.42,0.42,1,1,0,0,131,4,20.0,85,5,15.0,132,0
0.42,0.42,1,1,0,0,131,4,20.0,99,5,16.0,132,0
0.42,0.42,1,1,0,0,131,4,20.0,116,5,17.0,132,0
0.42,0.42,1,1,0,0,131,4,20.0,124,5,18.0,132,0
0.42,0.42,1,1,0,0,131,4,20.0,133,5,18.67,132,0
0.35,0.44,1,0,1,0,0,0,0.0,9,0,1.0,0,1
0.35,0.44,1,0,1,0,0,0,0.0,15,0,2.0,0,1
0.35,0.44,1,0,1,0,0,0,0.0,20,1,3.0,0,1
0.35,0.44,1,0,1,0,0,0,0.0,27,1,4.0,0,1
0.35,0.44,1,0,1,0,0,0,0.0,31,1,5.0,0,1
0.35,0.44,1,0,1,0,0,0,0.0,33,2,6.0,0,1
0.35,0.44,1,0,1,0,0,0,0.0,40,2,7.0,0,1
0.35,0.44,1,0,1,0,0,0,0.0,46,2,8.0,0,1
0.35,0.44,1,0,1,0,0,0,0.0,48,2,9.0,0,1
0.35,0.44,1,0,1,0,0,0,0.0,49,3,10.0,0,1
0.35,0.44,1,0,1,0,0,0,0.0,51,3,11.0,0,1
0.35,0.44,1,0,1,0,0,0,0.0,56,3,12.0,0,1
0.35,0.44,1,0,1,0,0,0,0.0,62,3,13.0,0,1
0.35,0.44,1,0,1,0,0,0,0.0,70,4,14.0,0,1
0.35,0.44,1,0,1,0,0,0,0.0,72,4,15.0,0,1
0.35,0.44,1,0,1,0,0,0,0.0,86,4,16.0,0,1
0.35,0.44,1,0,1,0,0,0,0.0,102,4,17.0,0,1
0.35,0.44,1,0,1,0,0,0,0.0,108,4,18.0,0,1
0.35,0.44,1,0,1,0,0,0,0.0,115,4,19.0,0,1
0.35,0.44,1,0,1,0,0,0,0.0,135,4,20.0,0,1
0.35,0.44,1,0,0,1,6,0,1.0,135,4,20.0,136,1
0.35,0.44,1,0,0,1,10,1,2.0,135,4,20.0,136,1
0.35,0.44,1,0,0,1,12,2,3.0,135,4,20.0,136,1
0.35,0.44,1,0,0,1,16,2,4.0,135,4,20.0,136,1
0.35,0.44,1,0,0,1,20,2,5.0,135,4,20.0,136,1
0.35,0.44,1,0,0,1,27,2,6.0,135,4,20.0,136,1
0.35,0.44,1,0,0,1,39,2,7.0,135,4,20.0,136,1
0.35,0.44,1,0,0,1,46,2,8.0,135,4,20.0,136,1
0.35,0.44,1,0,0,1,48,2,9.0,135,4,20.0,136,1
0.35,0.44,1,0,0,1,50,2,10.0,135,4,20.0,136,1
0.35,0.44,1,0,0,1,65,3,11.0,135,4,20.0,136,1
0.35,0.44,1,0,0,1,73,3,12.0,135,4,20.0,136,1
0.35,0.44,1,0,0,1,76,3,13.0,135,4,20.0,136,1
0.35,0.44,1,0,0,1,80,3,14.0,135,4,20.0,136,1
0.35,0.44,1,0,0,1,88,3,15.0,135,4,20.0,136,1
0.35,0.44,1,0,0,1,93,3,16.0,135,4,20.0,136,1
0.35,0.44,1,0,0,1,99,3,17.0,135,4,20.0,136,1
0.35,0.44,1,0,0,1,116,3,18.0,135,4,20.0,136,1
0.35,0.44,1,0,0,1,126,3,19.0,135,4,20.0,136,1
0.35,0.44,1,0,0,1,136,3,20.0,135,4,20.0,136,1
0.42,0.51,0,0,1,1,6,0,1.0,0,0,0.0,0,0
0.42,0.51,0,0,1,1,12,0,2.0,0,0,0.0,0,0
0.42,0.51,0,0,1,1,21,0,3.0,0,0,0.0,0,0
0.42,0.51,0,0,1,1,24,0,4.0,0,0,0.0,0,0
0.42,0.51,0,0,1,1,35,0,5.0,0,0,0.0,0,0
0.42,0.51,0,0,1,1,42,0,6.0,0,0,0.0,0,0
0.42,0.51,0,0,1,1,52,0,7.0,0,0,0.0,0,0
0.42,0.51,0,0,1,1,67,0,8.0,0,0,0.0,0,0
0.42,0.51,0,0,1,1,73,1,9.0,0,0,0.0,0,0
0.42,0.51,0,0,1,1,81,1,10.0,0,0,0.0,0,0
0.42,0.51,0,0,1,1,88,1,11.0,0,0,0.0,0,0
0.42,0.51,0,0,1,1,94,1,12.0,0,0,0.0,0,0
0.42,0.51,0,0,1,1,96,1,13.0,0,0,0.0,0,0
0.42,0.51,0,0,1,1,108,1,14.0,0,0,0.0,0,0
0.42,0.51,0,0,1,1,115,2,15.0,0,0,0.0,0,0
0.42,0.51,0,0,1,1,119,4,16.0,0,0,0.0,0,0
0.42,0.51,0,0,1,1,122,4,17.0,0,0,0.0,0,0
0.42,0.51,0,0,1,1,123,5,18.0,0,0,0.0,0,0
0.42,0.51,0,0,1,1,134,5,19.0,0,0,0.0,0,0
0.42,0.51,0,0,1,1,153,5,20.0,0,0,0.0,0,0
0.42,0.51,0,0,0,0,153,5,20.0,6,1,1.0,154,0
0.42,0.51,0,0,0,0,153,5,20.0,7,1,2.0,154,0
0.42,0.51,0,0,0,0,153,5,20.0,14,1,3.0,154,0
0.42,0.51,0,0,0,0,153,5,20.0,19,1,4.0,154,0
0.42,0.51,0,0,0,0,153,5,20.0,28,1,5.0,154,0
0.42,0.51,0,0,0,0,153,5,20.0,30,3,6.0,154,0
0.42,0.51,0,0,0,0,153,5,20.0,42,3,7.0,154,0
0.42,0.51,0,0,0,0,153,5,20.0,46,4,8.0,154,0
0.42,0.51,0,0,0,0,153,5,20.0,57,4,9.0,154,0
0.42,0.51,0,0,0,0,153,5,20.0,66,4,10.0,154,0
0.42,0.51,0,0,0,0,153,5,20.0,76,4,11.0,154,0
0.42,0.51,0,0,0,0,153,5,20.0,79,4,12.0,154,0
0.42,0.51,0,0,0,0,153,5,20.0,87,4,13.0,154,0
0.42,0.51,0,0,0,0,153,5,20.0,96,4,14.0,154,0
0.42,0.51,0,0,0,0,153,5,20.0,102,4,15.0,154,0
0.42,0.51,0,0,0,0,153,5,20.0,110,4,16.0,154,0
0.42,0.51,0,0,0,0,153,5,20.0,124,4,17.0,154,0
0.42,0.51,0,0,0,0,153,5,20.0,130,5,18.0,154,0
0.42,0.51,0,0,0,0,153,5,20.0,141,6,19.0,154,0
0.42,0.51,0,0,0,0,153,5,20.0,156,6,20.0,154,0
0.47,0.53,1,0,1,0,0,0,0.0,2,0,1.0,0,0
0.47,0.53,1,0,1,0,0,0,0.0,12,0,2.0,0,0
0.47,0.53,1,0,1,0,0,0,0.0,22,0,3.0,0,0
0.47,0.53,1,0,1,0,0,0,0.0,25,0,4.0,0,0
0.47,0.53,1,0,1,0,0,0,0.0,28,1,5.0,0,0
0.47,0.53,1,0,1,0,0,0,0.0,43,1,6.0,0,0
0.47,0.53,1,0,1,0,0,0,0.0,47,2,7.0,0,0
0.47,0.53,1,0,1,0,0,0,0.0,54,2,8.0,0,0
0.47,0.53,1,0,1,0,0,0,0.0,59,2,9.0,0,0
0.47,0.53,1,0,1,0,0,0,0.0,67,3,10.0,0,0
0.47,0.53,1,0,1,0,0,0,0.0,76,3,11.0,0,0
0.47,0.53,1,0,1,0,0,0,0.0,89,3,12.0,0,0
0.47,0.53,1,0,1,0,0,0,0.0,94,3,13.0,0,0
0.47,0.53,1,0,1,0,0,0,0.0,99,5,14.0,0,0
0.47,0.53,1,0,1,0,0,0,0.0,104,5,15.0,0,0
0.47,0.53,1,0,1,0,0,0,0.0,110,5,16.0,0,0
0.47,0.53,1,0,1,0,0,0,0.0,126,5,17.0,0,0
0.47,0.53,1,0,1,0,0,0,0.0,130,5,18.0,0,0
0.47,0.53,1,0,1,0,0,0,0.0,139,5,19.0,0,0
0.47,0.53,1,0,1,0,0,0,0.0,145,6,20.0,0,0
0.47,0.53,1,0,0,1,6,0,1.0,145,6,20.0,146,0
0.47,0.53,1,0,0,1,13,1,2.0,145,6,20.0,146,0
0.47,0.53,1,0,0,1,31,1,3.0,145,6,20.0,146,0
0.47,0.53,1,0,0,1,34,2,4.0,145,6,20.0,146,0
0.47,0.53,1,0,0,1,38,2,5.0,145,6,20.0,146,0
0.47,0.53,1,0,0,1,41,2,6.0,145,6,20.0,146,0
0.47,0.53,1,0,0,1,44,2,7.0,145,6,20.0,146,0
0.47,0.53,1,0,0,1,49,2,8.0,145,6,20.0,146,0
0.47,0.53,1,0,0,1,64,2,9.0,145,6,20.0,146,0
0.47,0.53,1,0,0,1,66,3,10.0,145,6,20.0,146,0
0.47,0.53,1,0,0,1,70,3,11.0,145,6,20.0,146,0
0.47,0.53,1,0,0,1,81,3,12.0,145,6,20.0,146,0
0.47,0.53,1,0,0,1,85,4,13.0,145,6,20.0,146,0
0.47,0.53,1,0,0,1,89,4,14.0,145,6,20.0,146,0
0.47,0.53,1,0,0,1,97,4,15.0,145,6,20.0,146,0
0.47,0.53,1,0,0,1,111,4,16.0,145,6,20.0,146,0
0.47,0.53,1,0,0,1,114,5,17.0,145,6,20.0,146,0
0.47,0.53,1,0,0,1,127,5,18.0,145,6,20.0,146,0
0.47,0.53,1,0,0,1,133,5,19.0,145,6,20.0,146,0
0.47,0.53,1,0,0,1,139,6,20.0,145,6,20.0,146,0
0.53,0.59,1,1,1,1,7,0,1.0,0,0,0.0,0,0
0.53,0.59,1,1,1,1,13,1,2.0,0,0,0.0,0,0
0.53,0.59,1,1,1,1,24,1,3.0,0,0,0.0,0,0
0.53,0.59,1,1,1,1,33,2,4.0,0,0,0.0,0,0
0.53,0.59,1,1,1,1,39,2,5.0,0,0,0.0,0,0
0.53,0.59,1,1,1,1,43,3,6.0,0,0,0.0,0,0
0.53,0.59,1,1,1,1,44,3,7.0,0,0,0.0,0,0
0.53,0.59,1,1,1,1,49,4,8.0,0,0,0.0,0,0
0.53,0.59,1,1,1,1,56,4,9.0,0,0,0.0,0,0
0.53,0.59,1,1,1,1,61,5,10.0,0,0,0.0,0,0
0.53,0.59,1,1,1,1,67,5,11.0,0,0,0.0,0,0
0.53,0.59,1,1,1,1,75,5,12.0,0,0,0.0,0,0
0.53,0.59,1,1,1,1,79,5,13.0,0,0,0.0,0,0
0.53,0.59,1,1,1,1,81,5,14.0,0,0,0.0,0,0
0.53,0.59,1,1,1,1,83,5,15.0,0,0,0.0,0,0
0.53,0.59,1,1,1,1,89,5,16.0,0,0,0.0,0,0
0.53,0.59,1,1,1,1,91,7,17.0,0,0,0.0,0,0
0.53,0.59,1,1,1,1,102,7,18.0,0,0,0.0,0,0
0.53,0.59,1,1,1,1,109,7,19.0,0,0,0.0,0,0
0.53,0.59,1,1,1,1,113,7,20.0,0,0,0.0,0,0
0.53,0.59,1,1,0,0,113,7,20.0,9,0,1.0,114,0
0.53,0.59,1,1,0,0,113,7,20.0,12,0,2.0,114,0
0.53,0.59,1,1,0,0,113,7,20.0,18,0,3.0,114,0
0.53,0.59,1,1,0,0,113,7,20.0,30,0,4.0,114,0
0.53,0.59,1,1,0,0,113,7,20.0,32,0,5.0,114,0
0.53,0.59,1,1,0,0,113,7,20.0,38,1,6.0,114,0
0.53,0.59,1,1,0,0,113,7,20.0,46,1,7.0,114,0
0.53,0.59,1,1,0,0,113,7,20.0,49,1,8.0,114,0
0.53,0.59,1,1,0,0,113,7,20.0,64,1,9.0,114,0
0.53,0.59,1,1,0,0,113,7,20.0,67,1,10.0,114,0
0.53,0.59,1,1,0,0,113,7,20.0,73,1,11.0,114,0
0.53,0.59,1,1,0,0,113,7,20.0,80,2,12.0,114,0
0.53,0.59,1,1,0,0,113,7,20.0,88,2,13.0,114,0
0.53,0.59,1,1,0,0,113,7,20.0,89,3,14.0,114,0
0.53,0.59,1,1,0,0,113,7,20.0,99,3,15.0,114,0
0.53,0.59,1,1,0,0,113,7,20.0,110,3,16.0,114,0
0.53,0.59,1,1,0,0,113,7,20.0,115,3,16.33,114,0
0.42,0.36,0,1,1,0,0,0,0.0,13,1,1.0,0,1
0.42,0.36,0,1,1,0,0,0,0.0,30,1,2.0,0,1
0.42,0.36,0,1,1,0,0,0,0.0,34,1,3.0,0,1
0.42,0.36,0,1,1,0,0,0,0.0,41,1,4.0,0,1
0.42,0.36,0,1,1,0,0,0,0.0,45,3,5.0,0,1
0.42,0.36,0,1,1,0,0,0,0.0,54,3,6.0,0,1
0.42,0.36,0,1,1,0,0,0,0.0,63,3,7.0,0,1
0.42,0.36,0,1,1,0,0,0,0.0,70,3,8.0,0,1
0.42,0.36,0,1,1,0,0,0,0.0,72,3,9.0,0,1
0.42,0.36,0,1,1,0,0,0,0.0,88,3,10.0,0,1
0.42,0.36,0,1,1,0,0,0,0.0,91,3,11.0,0,1
0.42,0.36,0,1,1,0,0,0,0.0,97,3,12.0,0,1
0.42,0.36,0,1,1,0,0,0,0.0,100,4,13.0,0,1
0.42,0.36,0,1,1,0,0,0,0.0,103,4,14.0,0,1
0.42,0.36,0,1,1,0,0,0,0.0,109,4,15.0,0,1
0.42,0.36,0,1,1,0,0,0,0.0,112,4,16.0,0,1
0.42,0.36,0,1,1,0,0,0,0.0,120,5,17.0,0,1
0.42,0.36,0,1,1,0,0,0,0.0,132,5,18.0,0,1
0.42,0.36,0,1,1,0,0,0,0.0,134,6,19.0,0,1
0.42,0.36,0,1,1,0,0,0,0.0,143,6,20.0,0,1
0.42,0.36,0,1,0,1,9,0,1.0,143,6,20.0,144,1
0.42,0.36,0,1,0,1,14,1,2.0,143,6,20.0,144,1
0.42,0.36,0,1,0,1,27,1,3.0,143,6,20.0,144,1
0.42,0.36,0,1,0,1,31,3,4.0,143,6,20.0,144,1
0.42,0.36,0,1,0,1,37,4,5.0,143,6,20.0,144,1
0.42,0.36,0,1,0,1,45,4,6.0,143,6,20.0,144,1
0.42,0.36,0,1,0,1,57,4,7.0,143,6,20.0,144,1
0.42,0.36,0,1,0,1,64,4,8.0,143,6,20.0,144,1
0.42,0.36,0,1,0,1,70,4,9.0,143,6,20.0,144,1
0.42,0.36,0,1,0,1,76,4,10.0,143,6,20.0,144,1
0.42,0.36,0,1,0,1,88,4,11.0,143,6,20.0,144,1
0.42,0.36,0,1,0,1,95,5,12.0,143,6,20.0,144,1
0.42,0.36,0,1,0,1,104,5,13.0,143,6,20.0,144,1
0.42,0.36,0,1,0,1,113,5,14.0,143,6,20.0,144,1
0.42,0.36,0,1,0,1,123,5,15.0,143,6,20.0,144,1
0.42,0.36,0,1,0,1,127,5,16.0,143,6,20.0,144,1
0.42,0.36,0,1,0,1,130,5,17.0,143,6,20.0,144,1
0.42,0.36,0,1,0,1,139,6,18.0,143,6,20.0,144,1
0.42,0.36,0,1,0,1,140,6,19.0,143,6,20.0,144,1
0.42,0.36,0,1,0,1,146,6,19.17,143,6,20.0,144,1
0.39,0.38,1,0,1,0,0,0,0.0,2,0,1.0,0,0
0.39,0.38,1,0,1,0,0,0,0.0,10,0,2.0,0,0
0.39,0.38,1,0,1,0,0,0,0.0,16,1,3.0,0,0
0.39,0.38,1,0,1,0,0,0,0.0,24,2,4.0,0,0
0.39,0.38,1,0,1,0,0,0,0.0,29,2,5.0,0,0
0.39,0.38,1,0,1,0,0,0,0.0,38,3,6.0,0,0
0.39,0.38,1,0,1,0,0,0,0.0,40,4,7.0,0,0
0.39,0.38,1,0,1,0,0,0,0.0,52,4,8.0,0,0
0.39,0.38,1,0,1,0,0,0,0.0,56,4,9.0,0,0
0.39,0.38,1,0,1,0,0,0,0.0,66,4,10.0,0,0
0.39,0.38,1,0,1,0,0,0,0.0,70,4,11.0,0,0
0.39,0.38,1,0,1,0,0,0,0.0,79,4,12.0,0,0
0.39,0.38,1,0,1,0,0,0,0.0,82,5,13.0,0,0
0.39,0.38,1,0,1,0,0,0,0.0,90,5,14.0,0,0
0.39,0.38,1,0,1,0,0,0,0.0,96,6,15.0,0,0
0.39,0.38,1,0,1,0,0,0,0.0,108,6,16.0,0,0
0.39,0.38,1,0,1,0,0,0,0.0,114,6,17.0,0,0
0.39,0.38,1,0,1,0,0,0,0.0,129,6,18.0,0,0
0.39,0.38,1,0,1,0,0,0,0.0,138,7,19.0,0,0
0.39,0.38,1,0,1,0,0,0,0.0,150,7,20.0,0,0
0.39,0.38,1,0,0,1,8,0,1.0,150,7,20.0,151,0
0.39,0.38,1,0,0,1,12,0,2.0,150,7,20.0,151,0
0.39,0.38,1,0,0,1,22,2,3.0,150,7,20.0,151,0
0.39,0.38,1,0,0,1,28,2,4.0,150,7,20.0,151,0
0.39,0.38,1,0,0,1,33,2,5.0,150,7,20.0,151,0
0.39,0.38,1,0,0,1,39,2,6.0,150,7,20.0,151,0
0.39,0.38,1,0,0,1,51,2,7.0,150,7,20.0,151,0
0.39,0.38,1,0,0,1,55,2,8.0,150,7,20.0,151,0
0.39,0.38,1,0,0,1,65,2,9.0,150,7,20.0,151,0
0.39,0.38,1,0,0,1,76,2,10.0,150,7,20.0,151,0
0.39,0.38,1,0,0,1,88,2,11.0,150,7,20.0,151,0
0.39,0.38,1,0,0,1,94,2,12.0,150,7,20.0,151,0
0.39,0.38,1,0,0,1,102,3,13.0,150,7,20.0,151,0
0.39,0.38,1,0,0,1,104,3,14.0,150,7,20.0,151,0
0.39,0.38,1,0,0,1,108,4,15.0,150,7,20.0,151,0
0.39,0.38,1,0,0,1,113,4,16.0,150,7,20.0,151,0
0.39,0.38,1,0,0,1,117,5,17.0,150,7,20.0,151,0
0.39,0.38,1,0,0,1,122,5,18.0,150,7,20.0,151,0
0.39,0.38,1,0,0,1,135,5,19.0,150,7,20.0,151,0
0.39,0.38,1,0,0,1,144,6,20.0,150,7,20.0,151,0
0.38,0.63,0,0,1,1,6,0,1.0,0,0,0.0,0,0
0.38,0.63,0,0,1,1,9,0,2.0,0,0,0.0,0,0
0.38,0.63,0,0,1,1,12,0,3.0,0,0,0.0,0,0
0.38,0.63,0,0,1,1,23,0,4.0,0,0,0.0,0,0
0.38,0.63,0,0,1,1,28,1,5.0,0,0,0.0,0,0
0.38,0.63,0,0,1,1,35,1,6.0,0,0,0.0,0,0
0.38,0.63,0,0,1,1,43,1,7.0,0,0,0.0,0,0
0.38,0.63,0,0,1,1,50,1,8.0,0,0,0.0,0,0
0.38,0.63,0,0,1,1,53,1,9.0,0,0,0.0,0,0
0.38,0.63,0,0,1,1,59,1,10.0,0,0,0.0,0,0
0.38,0.63,0,0,1,1,65,1,11.0,0,0,0.0,0,0
0.38,0.63,0,0,1,1,68,1,12.0,0,0,0.0,0,0
0.38,0.63,0,0,1,1,70,2,13.0,0,0,0.0,0,0
0.38,0.63,0,0,1,1,79,2,14.0,0,0,0.0,0,0
0.38,0.63,0,0,1,1,86,2,15.0,0,0,0.0,0,0
0.38,0.63,0,0,1,1,91,2,16.0,0,0,0.0,0,0
0.38,0.63,0,0,1,1,95,2,17.0,0,0,0.0,0,0
0.38,0.63,0,0,1,1,102,2,18.0,0,0,0.0,0,0
0.38,0.63,0,0,1,1,105,2,19.0,0,0,0.0,0,0
0.38,0.63,0,0,1,1,111,2,20.0,0,0,0.0,0,0
0.38,0.63,0,0,0,0,111,2,20.0,13,0,1.0,112,0
0.38,0.63,0,0,0,0,111,2,20.0,24,0,2.0,112,0
0.38,0.63,0,0,0,0,111,2,20.0,32,0,3.0,112,0
0.38,0.63,0,0,0,0,111,2,20.0,37,0,4.0,112,0
0.38,0.63,0,0,0,0,111,2,20.0,46,1,5.0,112,0
0.38,0.63,0,0,0,0,111,2,20.0,53,1,6.0,112,0
0.38,0.63,0,0,0,0,111,2,20.0,62,1,7.0,112,0
0.38,0.63,0,0,0,0,111,2,20.0,73,1,8.0,112,0
0.38,0.63,0,0,0,0,111,2,20.0,78,1,9.0,112,0
0.38,0.63,0,0,0,0,111,2,20.0,85,1,10.0,112,0
0.38,0.63,0,0,0,0,111,2,20.0,95,2,11.0,112,0
0.38,0.63,0,0,0,0,111,2,20.0,107,2,12.0,112,0
0.38,0.63,0,0,0,0,111,2,20.0,115,2,12.67,112,0
0.39,0.5,1,1,1,1,4,1,1.0,0,0,0.0,0,1
0.39,0.5,1,1,1,1,10,3,2.0,0,0,0.0,0,1
0.39,0.5,1,1,1,1,15,4,3.0,0,0,0.0,0,1
0.39,0.5,1,1,1,1,18,4,4.0,0,0,0.0,0,1
0.39,0.5,1,1,1,1,32,4,5.0,0,0,0.0,0,1
0.39,0.5,1,1,1,1,38,4,6.0,0,0,0.0,0,1
0.39,0.5,1,1,1,1,41,4,7.0,0,0,0.0,0,1
0.39,0.5,1,1,1,1,51,4,8.0,0,0,0.0,0,1
0.39,0.5,1,1,1,1,63,4,9.0,0,0,0.0,0,1
0.39,0.5,1,1,1,1,70,5,10.0,0,0,0.0,0,1
0.39,0.5,1,1,1,1,77,6,11.0,0,0,0.0,0,1
0.39,0.5,1,1,1,1,85,7,12.0,0,0,0.0,0,1
0.39,0.5,1,1,1,1,92,7,13.0,0,0,0.0,0,1
0.39,0.5,1,1,1,1,104,7,14.0,0,0,0.0,0,1
0.39,0.5,1,1,1,1,113,7,15.0,0,0,0.0,0,1
0.39,0.5,1,1,1,1,117,7,16.0,0,0,0.0,0,1
0.39,0.5,1,1,1,1,125,8,17.0,0,0,0.0,0,1
0.39,0.5,1,1,1,1,135,8,18.0,0,0,0.0,0,1
0.39,0.5,1,1,1,1,139,8,19.0,0,0,0.0,0,1
0.39,0.5,1,1,1,1,143,9,20.0,0,0,0.0,0,1
0.39,0.5,1,1,0,0,143,9,20.0,1,0,1.0,144,1
0.39,0.5,1,1,0,0,143,9,20.0,5,0,2.0,144,1
0.39,0.5,1,1,0,0,143,9,20.0,13,0,3.0,144,1
0.39,0.5,1,1,0,0,143,9,20.0,25,0,4.0,144,1
0.39,0.5,1,1,0,0,143,9,20.0,32,1,5.0,144,1
0.39,0.5,1,1,0,0,143,9,20.0,36,2,6.0,144,1
0.39,0.5,1,1,0,0,143,9,20.0,47,2,7.0,144,1
0.39,0.5,1,1,0,0,143,9,20.0,51,3,8.0,144,1
0.39,0.5,1,1,0,0,143,9,20.0,59,3,9.0,144,1
0.39,0.5,1,1,0,0,143,9,20.0,60,3,10.0,144,1
0.39,0.5,1,1,0,0,143,9,20.0,65,3,11.0,144,1
0.39,0.5,1,1,0,0,143,9,20.0,72,3,12.0,144,1
0.39,0.5,1,1,0,0,143,9,20.0,76,3,13.0,144,1
0.39,0.5,1,1,0,0,143,9,20.0,81,3,14.0,144,1
0.39,0.5,1,1,0,0,143,9,20.0,90,3,15.0,144,1
0.39,0.5,1,1,0,0,143,9,20.0,96,4,16.0,144,1
0.39,0.5,1,1,0,0,143,9,20.0,103,4,17.0,144,1
0.39,0.5,1,1,0,0,143,9,20.0,122,4,18.0,144,1
0.39,0.5,1,1,0,0,143,9,20.0,131,4,19.0,144,1
0.39,0.5,1,1,0,0,143,9,20.0,141,4,20.0,144,1
0.47,0.47,1,1,1,1,9,1,1.0,0,0,0.0,0,1
0.47,0.47,1,1,1,1,18,1,2.0,0,0,0.0,0,1
0.47,0.47,1,1,1,1,23,1,3.0,0,0,0.0,0,1
0.47,0.47,1,1,1,1,34,1,4.0,0,0,0.0,0,1
0.47,0.47,1,1,1,1,45,1,5.0,0,0,0.0,0,1
0.47,0.47,1,1,1,1,53,1,6.0,0,0,0.0,0,1
0.47,0.47,1,1,1,1,59,1,7.0,0,0,0.0,0,1
0.47,0.47,1,1,1,1,66,1,8.0,0,0,0.0,0,1
0.47,0.47,1,1,1,1,72,1,9.0,0,0,0.0,0,1
0.47,0.47,1,1,1,1,75,2,10.0,0,0,0.0,0,1
0.47,0.47,1,1,1,1,85,3,11.0,0,0,0.0,0,1
0.47,0.47,1,1,1,1,96,3,12.0,0,0,0.0,0,1
0.47,0.47,1,1,1,1,100,3,13.0,0,0,0.0,0,1
0.47,0.47,1,1,1,1,103,3,14.0,0,0,0.0,0,1
0.47,0.47,1,1,1,1,110,3,15.0,0,0,0.0,0,1
0.47,0.47,1,1,1,1,123,3,16.0,0,0,0.0,0,1
0.47,0.47,1,1,1,1,131,3,17.0,0,0,0.0,0,1
0.47,0.47,1,1,1,1,134,3,18.0,0,0,0.0,0,1
0.47,0.47,1,1,1,1,141,3,19.0,0,0,0.0,0,1
0.47,0.47,1,1,1,1,145,3,20.0,0,0,0.0,0,1
0.47,0.47,1,1,0,0,145,3,20.0,9,0,1.0,146,1
0.47,0.47,1,1,0,0,145,3,20.0,11,0,2.0,146,1
0.47,0.47,1,1,0,0,145,3,20.0,14,0,3.0,146,1
0.47,0.47,1,1,0,0,145,3,20.0,18,0,4.0,146,1
0.47,0.47,1,1,0,0,145,3,20.0,20,0,5.0,146,1
0.47,0.47,1,1,0,0,145,3,20.0,31,1,6.0,146,1
0.47,0.47,1,1,0,0,145,3,20.0,33,2,7.0,146,1
0.47,0.47,1,1,0,0,145,3,20.0,35,2,8.0,146,1
0.47,0.47,1,1,0,0,145,3,20.0,38,2,9.0,146,1
0.47,0.47,1,1,0,0,145,3,20.0,41,2,10.0,146,1
0.47,0.47,1,1,0,0,145,3,20.0,51,2,11.0,146,1
0.47,0.47,1,1,0,0,145,3,20.0,55,2,12.0,146,1
0.47,0.47,1,1,0,0,145,3,20.0,60,2,13.0,146,1
0.47,0.47,1,1,0,0,145,3,20.0,68,4,14.0,146,1
0.47,0.47,1,1,0,0,145,3,20.0,81,5,15.0,146,1
0.47,0.47,1,1,0,0,145,3,20.0,93,5,16.0,146,1
0.47,0.47,1,1,0,0,145,3,20.0,111,7,17.0,146,1
0.47,0.47,1,1,0,0,145,3,20.0,120,7,18.0,146,1
0.47,0.47,1,1,0,0,145,3,20.0,132,7,19.0,146,1
0.47,0.47,1,1,0,0,145,3,20.0,142,7,20.0,146,1
0.59,0.5,1,0,1,0,0,0,0.0,15,0,1.0,0,1
0.59,0.5,1,0,1,0,0,0,0.0,26,0,2.0,0,1
0.59,0.5,1,0,1,0,0,0,0.0,41,0,3.0,0,1
0.59,0.5,1,0,1,0,0,0,0.0,49,0,4.0,0,1
0.59,0.5,1,0,1,0,0,0,0.0,52,1,5.0,0,1
0.59,0.5,1,0,1,0,0,0,0.0,55,1,6.0,0,1
0.59,0.5,1,0,1,0,0,0,0.0,58,1,7.0,0,1
0.59,0.5,1,0,1,0,0,0,0.0,60,1,8.0,0,1
0.59,0.5,1,0,1,0,0,0,0.0,66,1,9.0,0,1
0.59,0.5,1,0,1,0,0,0,0.0,73,2,10.0,0,1
0.59,0.5,1,0,1,0,0,0,0.0,79,2,11.0,0,1
0.59,0.5,1,0,1,0,0,0,0.0,85,2,12.0,0,1
0.59,0.5,1,0,1,0,0,0,0.0,88,3,13.0,0,1
0.59,0.5,1,0,1,0,0,0,0.0,90,3,14.0,0,1
0.59,0.5,1,0,1,0,0,0,0.0,97,3,15.0,0,1
0.59,0.5,1,0,1,0,0,0,0.0,108,3,16.0,0,1
0.59,0.5,1,0,1,0,0,0,0.0,113,4,17.0,0,1
0.59,0.5,1,0,1,0,0,0,0.0,117,4,18.0,0,1
0.59,0.5,1,0,1,0,0,0,0.0,121,5,19.0,0,1
0.59,0.5,1,0,1,0,0,0,0.0,124,5,20.0,0,1
0.59,0.5,1,0,0,1,13,0,1.0,124,5,20.0,125,1
0.59,0.5,1,0,0,1,19,0,2.0,124,5,20.0,125,1
0.59,0.5,1,0,0,1,21,0,3.0,124,5,20.0,125,1
0.59,0.5,1,0,0,1,33,1,4.0,124,5,20.0,125,1
0.59,0.5,1,0,0,1,43,1,5.0,124,5,20.0,125,1
0.59,0.5,1,0,0,1,54,2,6.0,124,5,20.0,125,1
0.59,0.5,1,0,0,1,61,3,7.0,124,5,20.0,125,1
0.59,0.5,1,0,0,1,70,3,8.0,124,5,20.0,125,1
0.59,0.5,1,0,0,1,78,3,9.0,124,5,20.0,125,1
0.59,0.5,1,0,0,1,78,4,10.0,124,5,20.0,125,1
0.59,0.5,1,0,0,1,88,5,11.0,124,5,20.0,125,1
0.59,0.5,1,0,0,1,98,5,12.0,124,5,20.0,125,1
0.59,0.5,1,0,0,1,105,5,13.0,124,5,20.0,125,1
0.59,0.5,1,0,0,1,117,5,14.0,124,5,20.0,125,1
0.59,0.5,1,0,0,1,125,5,14.83,124,5,20.0,125,1
0.39,0.39,0,1,1,0,0,0,0.0,3,0,1.0,0,0
0.39,0.39,0,1,1,0,0,0,0.0,13,0,2.0,0,0
0.39,0.39,0,1,1,0,0,0,0.0,21,0,3.0,0,0
0.39,0.39,0,1,1,0,0,0,0.0,24,0,4.0,0,0
0.39,0.39,0,1,1,0,0,0,0.0,33,0,5.0,0,0
0.39,0.39,0,1,1,0,0,0,0.0,43,0,6.0,0,0
0.39,0.39,0,1,1,0,0,0,0.0,53,0,7.0,0,0
0.39,0.39,0,1,1,0,0,0,0.0,62,1,8.0,0,0
0.39,0.39,0,1,1,0,0,0,0.0,68,2,9.0,0,0
0.39,0.39,0,1,1,0,0,0,0.0,72,4,10.0,0,0
0.39,0.39,0,1,1,0,0,0,0.0,80,5,11.0,0,0
0.39,0.39,0,1,1,0,0,0,0.0,96,6,12.0,0,0
0.39,0.39,0,1,1,0,0,0,0.0,104,6,13.0,0,0
0.39,0.39,0,1,1,0,0,0,0.0,107,8,14.0,0,0
0.39,0.39,0,1,1,0,0,0,0.0,115,8,15.0,0,0
0.39,0.39,0,1,1,0,0,0,0.0,128,8,16.0,0,0
0.39,0.39,0,1,1,0,0,0,0.0,133,8,17.0,0,0
0.39,0.39,0,1,1,0,0,0,0.0,133,8,18.0,0,0
0.39,0.39,0,1,1,0,0,0,0.0,145,8,19.0,0,0
0.39,0.39,0,1,1,0,0,0,0.0,152,8,20.0,0,0
0.39,0.39,0,1,0,1,11,0,1.0,152,8,20.0,153,0
0.39,0.39,0,1,0,1,28,0,2.0,152,8,20.0,153,0
0.39,0.39,0,1,0,1,35,0,3.0,152,8,20.0,153,0
0.39,0.39,0,1,0,1,37,0,4.0,152,8,20.0,153,0
0.39,0.39,0,1,0,1,42,0,5.0,152,8,20.0,153,0
0.39,0.39,0,1,0,1,48,0,6.0,152,8,20.0,153,0
0.39,0.39,0,1,0,1,56,1,7.0,152,8,20.0,153,0
0.39,0.39,0,1,0,1,62,1,8.0,152,8,20.0,153,0
0.39,0.39,0,1,0,1,76,1,9.0,152,8,20.0,153,0
0.39,0.39,0,1,0,1,79,1,10.0,152,8,20.0,153,0
0.39,0.39,0,1,0,1,89,1,11.0,152,8,20.0,153,0
0.39,0.39,0,1,0,1,97,1,12.0,152,8,20.0,153,0
0.39,0.39,0,1,0,1,106,1,13.0,152,8,20.0,153,0
0.39,0.39,0,1,0,1,115,1,14.0,152,8,20.0,153,0
0.39,0.39,0,1,0,1,128,1,15.0,152,8,20.0,153,0
0.39,0.39,0,1,0,1,129,2,16.0,152,8,20.0,153,0
0.39,0.39,0,1,0,1,133,2,17.0,152,8,20.0,153,0
0.39,0.39,0,1,0,1,138,2,18.0,152,8,20.0,153,0
0.39,0.39,0,1,0,1,145,2,19.0,152,8,20.0,153,0
0.39,0.39,0,1,0,1,152,3,20.0,152,8,20.0,153,0
0.58,0.4,0,1,1,0,0,0,0.0,5,0,1.0,0,1
0.58,0.4,0,1,1,0,0,0,0.0,17,0,2.0,0,1
0.58,0.4,0,1,1,0,0,0,0.0,22,1,3.0,0,1
0.58,0.4,0,1,1,0,0,0,0.0,23,1,4.0,0,1
0.58,0.4,0,1,1,0,0,0,0.0,30,2,5.0,0,1
0.58,0.4,0,1,1,0,0,0,0.0,31,2,6.0,0,1
0.58,0.4,0,1,1,0,0,0,0.0,35,2,7.0,0,1
0.58,0.4,0,1,1,0,0,0,0.0,37,2,8.0,0,1
0.58,0.4,0,1,1,0,0,0,0.0,42,2,9.0,0,1
0.58,0.4,0,1,1,0,0,0,0.0,47,2,10.0,0,1
0.58,0.4,0,1,1,0,0,0,0.0,54,3,11.0,0,1
0.58,0.4,0,1,1,0,0,0,0.0,57,3,12.0,0,1
0.58,0.4,0,1,1,0,0,0,0.0,62,3,13.0,0,1
0.58,0.4,0,1,1,0,0,0,0.0,65,3,14.0,0,1
0.58,0.4,0,1,1,0,0,0,0.0,69,3,15.0,0,1
0.58,0.4,0,1,1,0,0,0,0.0,81,3,16.0,0,1
0.58,0.4,0,1,1,0,0,0,0.0,86,3,17.0,0,1
0.58,0.4,0,1,1,0,0,0,0.0,88,3,18.0,0,1
0.58,0.4,0,1,1,0,0,0,0.0,90,4,19.0,0,1
0.58,0.4,0,1,1,0,0,0,0.0,98,4,20.0,0,1
0.58,0.4,0,1,0,1,5,0,1.0,98,4,20.0,99,1
0.58,0.4,0,1,0,1,13,0,2.0,98,4,20.0,99,1
0.58,0.4,0,1,0,1,28,0,3.0,98,4,20.0,99,1
0.58,0.4,0,1,0,1,40,0,4.0,98,4,20.0,99,1
0.58,0.4,0,1,0,1,52,0,5.0,98,4,20.0,99,1
0.58,0.4,0,1,0,1,66,0,6.0,98,4,20.0,99,1
0.58,0.4,0,1,0,1,77,2,7.0,98,4,20.0,99,1
0.58,0.4,0,1,0,1,89,2,8.0,98,4,20.0,99,1
0.58,0.4,0,1,0,1,92,2,9.0,98,4,20.0,99,1
0.58,0.4,0,1,0,1,94,3,10.0,98,4,20.0,99,1
0.58,0.4,0,1,0,1,99,3,10.33,98,4,20.0,99,1
0.57,0.4,1,1,1,1,7,0,1.0,0,0,0.0,0,1
0.57,0.4,1,1,1,1,23,0,2.0,0,0,0.0,0,1
0.57,0.4,1,1,1,1,30,0,3.0,0,0,0.0,0,1
0.57,0.4,1,1,1,1,37,0,4.0,0,0,0.0,0,1
0.57,0.4,1,1,1,1,43,2,5.0,0,0,0.0,0,1
0.57,0.4,1,1,1,1,48,2,6.0,0,0,0.0,0,1
0.57,0.4,1,1,1,1,52,2,7.0,0,0,0.0,0,1
0.57,0.4,1,1,1,1,61,2,8.0,0,0,0.0,0,1
0.57,0.4,1,1,1,1,72,3,9.0,0,0,0.0,0,1
0.57,0.4,1,1,1,1,80,4,10.0,0,0,0.0,0,1
0.57,0.4,1,1,1,1,84,4,11.0,0,0,0.0,0,1
0.57,0.4,1,1,1,1,94,4,12.0,0,0,0.0,0,1
0.57,0.4,1,1,1,1,102,4,13.0,0,0,0.0,0,1
0.57,0.4,1,1,1,1,106,4,14.0,0,0,0.0,0,1
0.57,0.4,1,1,1,1,121,4,15.0,0,0,0.0,0,1
0.57,0.4,1,1,1,1,125,4,16.0,0,0,0.0,0,1
0.57,0.4,1,1,1,1,135,4,17.0,0,0,0.0,0,1
0.57,0.4,1,1,1,1,146,4,18.0,0,0,0.0,0,1
0.57,0.4,1,1,1,1,156,4,19.0,0,0,0.0,0,1
0.57,0.4,1,1,1,1,159,4,20.0,0,0,0.0,0,1
0.57,0.4,1,1,0,0,159,4,20.0,9,0,1.0,160,1
0.57,0.4,1,1,0,0,159,4,20.0,17,2,2.0,160,1
0.57,0.4,1,1,0,0,159,4,20.0,28,2,3.0,160,1
0.57,0.4,1,1,0,0,159,4,20.0,31,2,4.0,160,1
0.57,0.4,1,1,0,0,159,4,20.0,37,2,5.0,160,1
0.57,0.4,1,1,0,0,159,4,20.0,39,2,6.0,160,1
0.57,0.4,1,1,0,0,159,4,20.0,51,3,7.0,160,1
0.57,0.4,1,1,0,0,159,4,20.0,63,3,8.0,160,1
0.57,0.4,1,1,0,0,159,4,20.0,65,3,9.0,160,1
0.57,0.4,1,1,0,0,159,4,20.0,72,3,10.0,160,1
0.57,0.4,1,1,0,0,159,4,20.0,80,3,11.0,160,1
0.57,0.4,1,1,0,0,159,4,20.0,83,3,12.0,160,1
0.57,0.4,1,1,0,0,159,4,20.0,90,3,13.0,160,1
0.57,0.4,1,1,0,0,159,4,20.0,107,3,14.0,160,1
0.57,0.4,1,1,0,0,159,4,20.0,116,3,15.0,160,1
0.57,0.4,1,1,0,0,159,4,20.0,122,4,16.0,160,1
0.57,0.4,1,1,0,0,159,4,20.0,130,4,17.0,160,1
0.57,0.4,1,1,0,0,159,4,20.0,138,4,18.0,160,1
0.57,0.4,1,1,0,0,159,4,20.0,141,5,19.0,160,1
0.57,0.4,1,1,0,0,159,4,20.0,152,5,20.0,160,1
0.45,0.46,0,1,1,0,0,0,0.0,2,0,1.0,0,1
0.45,0.46,0,1,1,0,0,0,0.0,4,0,2.0,0,1
0.45,0.46,0,1,1,0,0,0,0.0,10,0,3.0,0,1
0.45,0.46,0,1,1,0,0,0,0.0,12,0,4.0,0,1
0.45,0.46,0,1,1,0,0,0,0.0,19,0,5.0,0,1
0.45,0.46,0,1,1,0,0,0,0.0,26,1,6.0,0,1
0.45,0.46,0,1,1,0,0,0,0.0,31,1,7.0,0,1
0.45,0.46,0,1,1,0,0,0,0.0,36,1,8.0,0,1
0.45,0.46,0,1,1,0,0,0,0.0,45,1,9.0,0,1
0.45,0.46,0,1,1,0,0,0,0.0,54,1,10.0,0,1
0.45,0.46,0,1,1,0,0,0,0.0,59,1,11.0,0,1
0.45,0.46,0,1,1,0,0,0,0.0,69,1,12.0,0,1
0.45,0.46,0,1,1,0,0,0,0.0,72,1,13.0,0,1
0.45,0.46,0,1,1,0,0,0,0.0,73,2,14.0,0,1
0.45,0.46,0,1,1,0,0,0,0.0,77,2,15.0,0,1
0.45,0.46,0,1,1,0,0,0,0.0,85,3,16.0,0,1
0.45,0.46,0,1,1,0,0,0,0.0,92,3,17.0,0,1
0.45,0.46,0,1,1,0,0,0,0.0,97,3,18.0,0,1
0.45,0.46,0,1,1,0,0,0,0.0,109,4,19.0,0,1
0.45,0.46,0,1,1,0,0,0,0.0,121,4,20.0,0,1
0.45,0.46,0,1,0,1,7,0,1.0,121,4,20.0,122,1
0.45,0.46,0,1,0,1,11,0,2.0,121,4,20.0,122,1
0.45,0.46,0,1,0,1,18,0,3.0,121,4,20.0,122,1
0.45,0.46,0,1,0,1,30,0,4.0,121,4,20.0,122,1
0.45,0.46,0,1,0,1,45,0,5.0,121,4,20.0,122,1
0.45,0.46,0,1,0,1,55,0,6.0,121,4,20.0,122,1
0.45,0.46,0,1,0,1,62,0,7.0,121,4,20.0,122,1
0.45,0.46,0,1,0,1,69,0,8.0,121,4,20.0,122,1
0.45,0.46,0,1,0,1,72,0,9.0,121,4,20.0,122,1
0.45,0.46,0,1,0,1,79,0,10.0,121,4,20.0,122,1
0.45,0.46,0,1,0,1,83,0,11.0,121,4,20.0,122,1
0.45,0.46,0,1,0,1,91,0,12.0,121,4,20.0,122,1
0.45,0.46,0,1,0,1,97,0,13.0,121,4,20.0,122,1
0.45,0.46,0,1,0,1,103,1,14.0,121,4,20.0,122,1
0.45,0.46,0,1,0,1,106,1,15.0,121,4,20.0,122,1
0.45,0.46,0,1,0,1,111,1,16.0,121,4,20.0,122,1
0.45,0.46,0,1,0,1,115,1,17.0,121,4,20.0,122,1
0.45,0.46,0,1,0,1,117,1,18.0,121,4,20.0,122,1
0.45,0.46,0,1,0,1,120,2,19.0,121,4,20.0,122,1
0.45,0.46,0,1,0,1,126,2,19.17,121,4,20.0,122,1
0.48,0.59,1,1,1,1,15,0,1.0,0,0,0.0,0,0
0.48,0.59,1,1,1,1,30,0,2.0,0,0,0.0,0,0
0.48,0.59,1,1,1,1,30,0,3.0,0,0,0.0,0,0
0.48,0.59,1,1,1,1,35,1,4.0,0,0,0.0,0,0
0.48,0.59,1,1,1,1,44,2,5.0,0,0,0.0,0,0
0.48,0.59,1,1,1,1,45,2,6.0,0,0,0.0,0,0
0.48,0.59,1,1,1,1,56,2,7.0,0,0,0.0,0,0
0.48,0.59,1,1,1,1,62,2,8.0,0,0,0.0,0,0
0.48,0.59,1,1,1,1,66,2,9.0,0,0,0.0,0,0
0.48,0.59,1,1,1,1,69,3,10.0,0,0,0.0,0,0
0.48,0.59,1,1,1,1,79,3,11.0,0,0,0.0,0,0
0.48,0.59,1,1,1,1,83,3,12.0,0,0,0.0,0,0
0.48,0.59,1,1,1,1,91,3,13.0,0,0,0.0,0,0
0.48,0.59,1,1,1,1,97,3,14.0,0,0,0.0,0,0
0.48,0.59,1,1,1,1,98,3,15.0,0,0,0.0,0,0
0.48,0.59,1,1,1,1,103,3,16.0,0,0,0.0,0,0
0.48,0.59,1,1,1,1,118,3,17.0,0,0,0.0,0,0
0.48,0.59,1,1,1,1,124,3,18.0,0,0,0.0,0,0
0.48,0.59,1,1,1,1,133,4,19.0,0,0,0.0,0,0
0.48,0.59,1,1,1,1,135,4,20.0,0,0,0.0,0,0
0.48,0.59,1,1,0,0,135,4,20.0,10,0,1.0,136,0
0.48,0.59,1,1,0,0,135,4,20.0,18,1,2.0,136,0
0.48,0.59,1,1,0,0,135,4,20.0,28,2,3.0,136,0
0.48,0.59,1,1,0,0,135,4,20.0,34,3,4.0,136,0
0.48,0.59,1,1,0,0,135,4,20.0,38,3,5.0,136,0
0.48,0.59,1,1,0,0,135,4,20.0,49,4,6.0,136,0
0.48,0.59,1,1,0,0,135,4,20.0,63,4,7.0,136,0
0.48,0.59,1,1,0,0,135,4,20.0,70,4,8.0,136,0
0.48,0.59,1,1,0,0,135,4,20.0,83,4,9.0,136,0
0.48,0.59,1,1,0,0,135,4,20.0,91,4,10.0,136,0
0.48,0.59,1,1,0,0,135,4,20.0,95,4,11.0,136,0
0.48,0.59,1,1,0,0,135,4,20.0,104,4,12.0,136,0
0.48,0.59,1,1,0,0,135,4,20.0,112,4,13.0,136,0
0.48,0.59,1,1,0,0,135,4,20.0,120,4,14.0,136,0
0.48,0.59,1,1,0,0,135,4,20.0,124,4,15.0,136,0
0.48,0.59,1,1,0,0,135,4,20.0,136,4,15.67,136,0
0.41,0.61,1,1,1,1,3,1,1.0,0,0,0.0,0,0
0.41,0.61,1,1,1,1,6,2,2.0,0,0,0.0,0,0
0.41,0.61,1,1,1,1,15,2,3.0,0,0,0.0,0,0
0.41,0.61,1,1,1,1,28,2,4.0,0,0,0.0,0,0
0.41,0.61,1,1,1,1,39,2,5.0,0,0,0.0,0,0
0.41,0.61,1,1,1,1,43,2,6.0,0,0,0.0,0,0
0.41,0.61,1,1,1,1,47,2,7.0,0,0,0.0,0,0
0.41,0.61,1,1,1,1,49,2,8.0,0,0,0.0,0,0
0.41,0.61,1,1,1,1,60,3,9.0,0,0,0.0,0,0
0.41,0.61,1,1,1,1,60,5,10.0,0,0,0.0,0,0
0.41,0.61,1,1,1,1,62,5,11.0,0,0,0.0,0,0
0.41,0.61,1,1,1,1,71,5,12.0,0,0,0.0,0,0
0.41,0.61,1,1,1,1,74,5,13.0,0,0,0.0,0,0
0.41,0.61,1,1,1,1,76,5,14.0,0,0,0.0,0,0
0.41,0.61,1,1,1,1,82,5,15.0,0,0,0.0,0,0
0.41,0.61,1,1,1,1,86,6,16.0,0,0,0.0,0,0
0.41,0.61,1,1,1,1,104,6,17.0,0,0,0.0,0,0
0.41,0.61,1,1,1,1,118,6,18.0,0,0,0.0,0,0
0.41,0.61,1,1,1,1,127,6,19.0,0,0,0.0,0,0
0.41,0.61,1,1,1,1,133,6,20.0,0,0,0.0,0,0
0.41,0.61,1,1,0,0,133,6,20.0,12,0,1.0,134,0
0.41,0.61,1,1,0,0,133,6,20.0,23,0,2.0,134,0
0.41,0.61,1,1,0,0,133,6,20.0,26,0,3.0,134,0
0.41,0.61,1,1,0,0,133,6,20.0,35,1,4.0,134,0
0.41,0.61,1,1,0,0,133,6,20.0,46,1,5.0,134,0
0.41,0.61,1,1,0,0,133,6,20.0,57,1,6.0,134,0
0.41,0.61,1,1,0,0,133,6,20.0,65,1,7.0,134,0
0.41,0.61,1,1,0,0,133,6,20.0,70,2,8.0,134,0
0.41,0.61,1,1,0,0,133,6,20.0,83,2,9.0,134,0
0.41,0.61,1,1,0,0,133,6,20.0,93,2,10.0,134,0
0.41,0.61,1,1,0,0,133,6,20.0,103,3,11.0,134,0
0.41,0.61,1,1,0,0,133,6,20.0,110,3,12.0,134,0
0.41,0.61,1,1,0,0,133,6,20.0,118,4,13.0,134,0
0.41,0.61,1,1,0,0,133,6,20.0,131,5,14.0,134,0
0.41,0.61,1,1,0,0,133,6,20.0,135,5,14.5,134,0
0.59,0.39,1,1,1,1,8,1,1.0,0,0,0.0,0,1
0.59,0.39,1,1,1,1,18,1,2.0,0,0,0.0,0,1
0.59,0.39,1,1,1,1,20,1,3.0,0,0,0.0,0,1
0.59,0.39,1,1,1,1,28,1,4.0,0,0,0.0,0,1
0.59,0.39,1,1,1,1,42,1,5.0,0,0,0.0,0,1
0.59,0.39,1,1,1,1,51,2,6.0,0,0,0.0,0,1
0.59,0.39,1,1,1,1,51,3,7.0,0,0,0.0,0,1
0.59,0.39,1,1,1,1,61,3,8.0,0,0,0.0,0,1
0.59,0.39,1,1,1,1,77,3,9.0,0,0,0.0,0,1
0.59,0.39,1,1,1,1,94,3,10.0,0,0,0.0,0,1
0.59,0.39,1,1,1,1,105,3,11.0,0,0,0.0,0,1
0.59,0.39,1,1,1,1,118,3,12.0,0,0,0.0,0,1
0.59,0.39,1,1,1,1,123,4,13.0,0,0,0.0,0,1
0.59,0.39,1,1,1,1,132,4,14.0,0,0,0.0,0,1
0.59,0.39,1,1,1,1,139,4,15.0,0,0,0.0,0,1
0.59,0.39,1,1,1,1,145,5,16.0,0,0,0.0,0,1
0.59,0.39,1,1,1,1,152,6,17.0,0,0,0.0,0,1
0.59,0.39,1,1,1,1,162,6,18.0,0,0,0.0,0,1
0.59,0.39,1,1,1,1,164,6,19.0,0,0,0.0,0,1
0.59,0.39,1,1,1,1,177,6,20.0,0,0,0.0,0,1
0.59,0.39,1,1,0,0,177,6,20.0,12,1,1.0,178,1
0.59,0.39,1,1,0,0,177,6,20.0,21,1,2.0,178,1
0.59,0.39,1,1,0,0,177,6,20.0,26,1,3.0,178,1
0.59,0.39,1,1,0,0,177,6,20.0,29,1,4.0,178,1
0.59,0.39,1,1,0,0,177,6,20.0,37,1,5.0,178,1
0.59,0.39,1,1,0,0,177,6,20.0,37,3,6.0,178,1
0.59,0.39,1,1,0,0,177,6,20.0,41,4,7.0,178,1
0.59,0.39,1,1,0,0,177,6,20.0,46,4,8.0,178,1
0.59,0.39,1,1,0,0,177,6,20.0,52,4,9.0,178,1
0.59,0.39,1,1,0,0,177,6,20.0,60,4,10.0,178,1
0.59,0.39,1,1,0,0,177,6,20.0,65,4,11.0,178,1
0.59,0.39,1,1,0,0,177,6,20.0,82,4,12.0,178,1
0.59,0.39,1,1,0,0,177,6,20.0,91,4,13.0,178,1
0.59,0.39,1,1,0,0,177,6,20.0,109,4,14.0,178,1
0.59,0.39,1,1,0,0,177,6,20.0,121,5,15.0,178,1
0.59,0.39,1,1,0,0,177,6,20.0,136,5,16.0,178,1
0.59,0.39,1,1,0,0,177,6,20.0,142,5,17.0,178,1
0.59,0.39,1,1,0,0,177,6,20.0,153,6,18.0,178,1
0.59,0.39,1,1,0,0,177,6,20.0,165,6,19.0,178,1
0.59,0.39,1,1,0,0,177,6,20.0,174,6,20.0,178,1
0.64,0.4,0,1,1,0,0,0,0.0,11,0,1.0,0,1
0.64,0.4,0,1,1,0,0,0,0.0,13,0,2.0,0,1
0.64,0.4,0,1,1,0,0,0,0.0,21,0,3.0,0,1
0.64,0.4,0,1,1,0,0,0,0.0,24,0,4.0,0,1
0.64,0.4,0,1,1,0,0,0,0.0,32,0,5.0,0,1
0.64,0.4,0,1,1,0,0,0,0.0,35,1,6.0,0,1
0.64,0.4,0,1,1,0,0,0,0.0,41,2,7.0,0,1
0.64,0.4,0,1,1,0,0,0,0.0,42,3,8.0,0,1
0.64,0.4,0,1,1,0,0,0,0.0,45,5,9.0,0,1
0.64,0.4,0,1,1,0,0,0,0.0,49,5,10.0,0,1
0.64,0.4,0,1,1,0,0,0,0.0,56,5,11.0,0,1
0.64,0.4,0,1,1,0,0,0,0.0,64,6,12.0,0,1
0.64,0.4,0,1,1,0,0,0,0.0,70,6,13.0,0,1
0.64,0.4,0,1,1,0,0,0,0.0,75,6,14.0,0,1
0.64,0.4,0,1,1,0,0,0,0.0,78,6,15.0,0,1
0.64,0.4,0,1,1,0,0,0,0.0,80,7,16.0,0,1
0.64,0.4,0,1,1,0,0,0,0.0,83,7,17.0,0,1
0.64,0.4,0,1,1,0,0,0,0.0,90,7,18.0,0,1
0.64,0.4,0,1,1,0,0,0,0.0,98,7,19.0,0,1
0.64,0.4,0,1,1,0,0,0,0.0,101,9,20.0,0,1
0.64,0.4,0,1,0,1,2,1,1.0,101,9,20.0,102,1
0.64,0.4,0,1,0,1,4,1,2.0,101,9,20.0,102,1
0.64,0.4,0,1,0,1,15,1,3.0,101,9,20.0,102,1
0.64,0.4,0,1,0,1,33,1,4.0,101,9,20.0,102,1
0.64,0.4,0,1,0,1,45,1,5.0,101,9,20.0,102,1
0.64,0.4,0,1,0,1,47,1,6.0,101,9,20.0,102,1
0.64,0.4,0,1,0,1,59,1,7.0,101,9,20.0,102,1
0.64,0.4,0,1,0,1,65,1,8.0,101,9,20.0,102,1
0.64,0.4,0,1,0,1,68,1,9.0,101,9,20.0,102,1
0.64,0.4,0,1,0,1,75,1,10.0,101,9,20.0,102,1
0.64,0.4,0,1,0,1,85,1,11.0,101,9,20.0,102,1
0.64,0.4,0,1,0,1,92,1,12.0,101,9,20.0,102,1
0.64,0.4,0,1,0,1,100,1,13.0,101,9,20.0,102,1
0.64,0.4,0,1,0,1,106,1,13.17,101,9,20.0,102,1
0.44,0.56,1,1,1,1,4,0,1.0,0,0,0.0,0,0
0.44,0.56,1,1,1,1,15,0,2.0,0,0,0.0,0,0
0.44,0.56,1,1,1,1,19,0,3.0,0,0,0.0,0,0
0.44,0.56,1,1,1,1,26,0,4.0,0,0,0.0,0,0
0.44,0.56,1,1,1,1,31,0,5.0,0,0,0.0,0,0
0.44,0.56,1,1,1,1,35,0,6.0,0,0,0.0,0,0
0.44,0.56,1,1,1,1,44,0,7.0,0,0,0.0,0,0
0.44,0.56,1,1,1,1,47,0,8.0,0,0,0.0,0,0
0.44,0.56,1,1,1,1,54,0,9.0,0,0,0.0,0,0
0.44,0.56,1,1,1,1,60,1,10.0,0,0,0.0,0,0
0.44,0.56,1,1,1,1,66,1,11.0,0,0,0.0,0,0
0.44,0.56,1,1,1,1,76,1,12.0,0,0,0.0,0,0
0.44,0.56,1,1,1,1,88,1,13.0,0,0,0.0,0,0
0.44,0.56,1,1,1,1,94,1,14.0,0,0,0.0,0,0
0.44,0.56,1,1,1,1,102,2,15.0,0,0,0.0,0,0
0.44,0.56,1,1,1,1,105,2,16.0,0,0,0.0,0,0
0.44,0.56,1,1,1,1,112,2,17.0,0,0,0.0,0,0
0.44,0.56,1,1,1,1,120,2,18.0,0,0,0.0,0,0
0.44,0.56,1,1,1,1,126,2,19.0,0,0,0.0,0,0
0.44,0.56,1,1,1,1,130,3,20.0,0,0,0.0,0,0
0.44,0.56,1,1,0,0,130,3,20.0,14,0,1.0,131,0
0.44,0.56,1,1,0,0,130,3,20.0,20,0,2.0,131,0
0.44,0.56,1,1,0,0,130,3,20.0,28,0,3.0,131,0
0.44,0.56,1,1,0,0,130,3,20.0,36,1,4.0,131,0
0.44,0.56,1,1,0,0,130,3,20.0,41,1,5.0,131,0
0.44,0.56,1,1,0,0,130,3,20.0,48,1,6.0,131,0
0.44,0.56,1,1,0,0,130,3,20.0,57,1,7.0,131,0
0.44,0.56,1,1,0,0,130,3,20.0,65,1,8.0,131,0
0.44,0.56,1,1,0,0,130,3,20.0,69,1,9.0,131,0
0.44,0.56,1,1,0,0,130,3,20.0,77,1,10.0,131,0
0.44,0.56,1,1,0,0,130,3,20.0,82,1,11.0,131,0
0.44,0.56,1,1,0,0,130,3,20.0,88,1,12.0,131,0
0.44,0.56,1,1,0,0,130,3,20.0,105,2,13.0,131,0
0.44,0.56,1,1,0,0,130,3,20.0,118,2,14.0,131,0
0.44,0.56,1,1,0,0,130,3,20.0,124,2,15.0,131,0
0.44,0.56,1,1,0,0,130,3,20.0,130,2,16.0,131,0
0.44,0.56,1,1,0,0,130,3,20.0,131,2,16.17,131,0
0.62,0.59,1,1,1,1,10,0,1.0,0,0,0.0,0,0
0.62,0.59,1,1,1,1,13,0,2.0,0,0,0.0,0,0
0.62,0.59,1,1,1,1,22,0,3.0,0,0,0.0,0,0
0.62,0.59,1,1,1,1,30,0,4.0,0,0,0.0,0,0
0.62,0.59,1,1,1,1,36,0,5.0,0,0,0.0,0,0
0.62,0.59,1,1,1,1,44,0,6.0,0,0,0.0,0,0
0.62,0.59,1,1,1,1,49,0,7.0,0,0,0.0,0,0
0.62,0.59,1,1,1,1,55,1,8.0,0,0,0.0,0,0
0.62,0.59,1,1,1,1,61,1,9.0,0,0,0.0,0,0
0.62,0.59,1,1,1,1,69,2,10.0,0,0,0.0,0,0
0.62,0.59,1,1,1,1,80,3,11.0,0,0,0.0,0,0
0.62,0.59,1,1,1,1,82,4,12.0,0,0,0.0,0,0
0.62,0.59,1,1,1,1,84,5,13.0,0,0,0.0,0,0
0.62,0.59,1,1,1,1,85,5,14.0,0,0,0.0,0,0
0.62,0.59,1,1,1,1,90,5,15.0,0,0,0.0,0,0
0.62,0.59,1,1,1,1,94,7,16.0,0,0,0.0,0,0
0.62,0.59,1,1,1,1,97,7,17.0,0,0,0.0,0,0
0.62,0.59,1,1,1,1,103,7,18.0,0,0,0.0,0,0
0.62,0.59,1,1,1,1,111,7,19.0,0,0,0.0,0,0
0.62,0.59,1,1,1,1,117,8,20.0,0,0,0.0,0,0
0.62,0.59,1,1,0,0,117,8,20.0,2,0,1.0,118,0
0.62,0.59,1,1,0,0,117,8,20.0,10,0,2.0,118,0
0.62,0.59,1,1,0,0,117,8,20.0,14,0,3.0,118,0
0.62,0.59,1,1,0,0,117,8,20.0,19,1,4.0,118,0
0.62,0.59,1,1,0,0,117,8,20.0,31,1,5.0,118,0
0.62,0.59,1,1,0,0,117,8,20.0,32,1,6.0,118,0
0.62,0.59,1,1,0,0,117,8,20.0,35,2,7.0,118,0
0.62,0.59,1,1,0,0,117,8,20.0,36,3,8.0,118,0
0.62,0.59,1,1,0,0,117,8,20.0,43,3,9.0,118,0
0.62,0.59,1,1,0,0,117,8,20.0,48,3,10.0,118,0
0.62,0.59,1,1,0,0,117,8,20.0,53,4,11.0,118,0
0.62,0.59,1,1,0,0,117,8,20.0,56,4,12.0,118,0
0.62,0.59,1,1,0,0,117,8,20.0,63,4,13.0,118,0
0.62,0.59,1,1,0,0,117,8,20.0,67,5,14.0,118,0
0.62,0.59,1,1,0,0,117,8,20.0,70,6,15.0,118,0
0.62,0.59,1,1,0,0,117,8,20.0,79,6,16.0,118,0
0.62,0.59,1,1,0,0,117,8,20.0,91,6,17.0,118,0
0.62,0.59,1,1,0,0,117,8,20.0,110,6,18.0,118,0
0.62,0.59,1,1,0,0,117,8,20.0,116,6,19.0,118,0
0.62,0.59,1,1,0,0,117,8,20.0,121,6,19.33,118,0
0.57,0.57,1,0,1,0,0,0,0.0,6,1,1.0,0,1
0.57,0.57,1,0,1,0,0,0,0.0,22,2,2.0,0,1
0.57,0.57,1,0,1,0,0,0,0.0,28,2,3.0,0,1
0.57,0.57,1,0,1,0,0,0,0.0,30,3,4.0,0,1
0.57,0.57,1,0,1,0,0,0,0.0,39,3,5.0,0,1
0.57,0.57,1,0,1,0,0,0,0.0,44,3,6.0,0,1
0.57,0.57,1,0,1,0,0,0,0.0,52,4,7.0,0,1
0.57,0.57,1,0,1,0,0,0,0.0,59,4,8.0,0,1
0.57,0.57,1,0,1,0,0,0,0.0,64,4,9.0,0,1
0.57,0.57,1,0,1,0,0,0,0.0,72,5,10.0,0,1
0.57,0.57,1,0,1,0,0,0,0.0,77,6,11.0,0,1
0.57,0.57,1,0,1,0,0,0,0.0,80,6,12.0,0,1
0.57,0.57,1,0,1,0,0,0,0.0,94,6,13.0,0,1
0.57,0.57,1,0,1,0,0,0,0.0,99,6,14.0,0,1
0.57,0.57,1,0,1,0,0,0,0.0,109,6,15.0,0,1
0.57,0.57,1,0,1,0,0,0,0.0,119,6,16.0,0,1
0.57,0.57,1,0,1,0,0,0,0.0,127,6,17.0,0,1
0.57,0.57,1,0,1,0,0,0,0.0,135,6,18.0,0,1
0.57,0.57,1,0,1,0,0,0,0.0,139,6,19.0,0,1
0.57,0.57,1,0,1,0,0,0,0.0,141,6,20.0,0,1
0.57,0.57,1,0,0,1,6,0,1.0,141,6,20.0,142,1
0.57,0.57,1,0,0,1,8,2,2.0,141,6,20.0,142,1
0.57,0.57,1,0,0,1,16,3,3.0,141,6,20.0,142,1
0.57,0.57,1,0,0,1,25,3,4.0,141,6,20.0,142,1
0.57,0.57,1,0,0,1,35,3,5.0,141,6,20.0,142,1
0.57,0.57,1,0,0,1,37,4,6.0,141,6,20.0,142,1
0.57,0.57,1,0,0,1,39,4,7.0,141,6,20.0,142,1
0.57,0.57,1,0,0,1,57,4,8.0,141,6,20.0,142,1
0.57,0.57,1,0,0,1,67,4,9.0,141,6,20.0,142,1
0.57,0.57,1,0,0,1,75,5,10.0,141,6,20.0,142,1
0.57,0.57,1,0,0,1,82,5,11.0,141,6,20.0,142,1
0.57,0.57,1,0,0,1,88,5,12.0,141,6,20.0,142,1
0.57,0.57,1,0,0,1,97,5,13.0,141,6,20.0,142,1
0.57,0.57,1,0,0,1,104,5,14.0,141,6,20.0,142,1
0.57,0.57,1,0,0,1,113,5,15.0,141,6,20.0,142,1
0.57,0.57,1,0,0,1,122,5,16.0,141,6,20.0,142,1
0.57,0.57,1,0,0,1,124,5,17.0,141,6,20.0,142,1
0.57,0.57,1,0,0,1,138,5,18.0,141,6,20.0,142,1
0.57,0.57,1,0,0,1,145,5,18.5,141,6,20.0,142,1
0.58,0.52,1,0,1,0,0,0,0.0,6,0,1.0,0,0
0.58,0.52,1,0,1,0,0,0,0.0,16,0,2.0,0,0
0.58,0.52,1,0,1,0,0,0,0.0,25,0,3.0,0,0
0.58,0.52,1,0,1,0,0,0,0.0,31,0,4.0,0,0
0.58,0.52,1,0,1,0,0,0,0.0,37,1,5.0,0,0
0.58,0.52,1,0,1,0,0,0,0.0,39,2,6.0,0,0
0.58,0.52,1,0,1,0,0,0,0.0,50,3,7.0,0,0
0.58,0.52,1,0,1,0,0,0,0.0,54,3,8.0,0,0
0.58,0.52,1,0,1,0,0,0,0.0,58,4,9.0,0,0
0.58,0.52,1,0,1,0,0,0,0.0,64,5,10.0,0,0
0.58,0.52,1,0,1,0,0,0,0.0,78,5,11.0,0,0
0.58,0.52,1,0,1,0,0,0,0.0,86,5,12.0,0,0
0.58,0.52,1,0,1,0,0,0,0.0,95,5,13.0,0,0
0.58,0.52,1,0,1,0,0,0,0.0,102,5,14.0,0,0
0.58,0.52,1,0,1,0,0,0,0.0,110,5,15.0,0,0
0.58,0.52,1,0,1,0,0,0,0.0,113,7,16.0,0,0
0.58,0.52,1,0,1,0,0,0,0.0,123,7,17.0,0,0
0.58,0.52,1,0,1,0,0,0,0.0,132,7,18.0,0,0
0.58,0.52,1,0,1,0,0,0,0.0,143,7,19.0,0,0
0.58,0.52,1,0,1,0,0,0,0.0,145,8,20.0,0,0
0.58,0.52,1,0,0,1,10,0,1.0,145,8,20.0,146,0
0.58,0.52,1,0,0,1,19,0,2.0,145,8,20.0,146,0
0.58,0.52,1,0,0,1,27,1,3.0,145,8,20.0,146,0
0.58,0.52,1,0,0,1,33,1,4.0,145,8,20.0,146,0
0.58,0.52,1,0,0,1,39,1,5.0,145,8,20.0,146,0
0.58,0.52,1,0,0,1,52,1,6.0,145,8,20.0,146,0
0.58,0.52,1,0,0,1,59,1,7.0,145,8,20.0,146,0
0.58,0.52,1,0,0,1,65,1,8.0,145,8,20.0,146,0
0.58,0.52,1,0,0,1,70,1,9.0,145,8,20.0,146,0
0.58,0.52,1,0,0,1,81,1,10.0,145,8,20.0,146,0
0.58,0.52,1,0,0,1,86,1,11.0,145,8,20.0,146,0
0.58,0.52,1,0,0,1,92,1,12.0,145,8,20.0,146,0
0.58,0.52,1,0,0,1,97,1,13.0,145,8,20.0,146,0
0.58,0.52,1,0,0,1,101,1,14.0,145,8,20.0,146,0
0.58,0.52,1,0,0,1,104,1,15.0,145,8,20.0,146,0
0.58,0.52,1,0,0,1,111,1,16.0,145,8,20.0,146,0
0.58,0.52,1,0,0,1,114,1,17.0,145,8,20.0,146,0
0.58,0.52,1,0,0,1,121,2,18.0,145,8,20.0,146,0
0.58,0.52,1,0,0,1,136,2,19.0,145,8,20.0,146,0
0.58,0.52,1,0,0,1,142,3,20.0,145,8,20.0,146,0
0.48,0.42,1,0,1,0,0,0,0.0,12,0,1.0,0,1
0.48,0.42,1,0,1,0,0,0,0.0,16,0,2.0,0,1
0.48,0.42,1,0,1,0,0,0,0.0,19,0,3.0,0,1
0.48,0.42,1,0,1,0,0,0,0.0,19,0,4.0,0,1
0.48,0.42,1,0,1,0,0,0,0.0,26,0,5.0,0,1
0.48,0.42,1,0,1,0,0,0,0.0,33,1,6.0,0,1
0.48,0.42,1,0,1,0,0,0,0.0,39,2,7.0,0,1
0.48,0.42,1,0,1,0,0,0,0.0,41,2,8.0,0,1
0.48,0.42,1,0,1,0,0,0,0.0,46,2,9.0,0,1
0.48,0.42,1,0,1,0,0,0,0.0,54,2,10.0,0,1
0.48,0.42,1,0,1,0,0,0,0.0,59,3,11.0,0,1
0.48,0.42,1,0,1,0,0,0,0.0,68,3,12.0,0,1
0.48,0.42,1,0,1,0,0,0,0.0,76,3,13.0,0,1
0.48,0.42,1,0,1,0,0,0,0.0,90,3,14.0,0,1
0.48,0.42,1,0,1,0,0,0,0.0,92,3,15.0,0,1
0.48,0.42,1,0,1,0,0,0,0.0,103,4,16.0,0,1
0.48,0.42,1,0,1,0,0,0,0.0,109,5,17.0,0,1
0.48,0.42,1,0,1,0,0,0,0.0,110,6,18.0,0,1
0.48,0.42,1,0,1,0,0,0,0.0,121,6,19.0,0,1
0.48,0.42,1,0,1,0,0,0,0.0,125,8,20.0,0,1
0.48,0.42,1,0,0,1,7,0,1.0,125,8,20.0,126,1
0.48,0.42,1,0,0,1,15,0,2.0,125,8,20.0,126,1
0.48,0.42,1,0,0,1,22,0,3.0,125,8,20.0,126,1
0.48,0.42,1,0,0,1,27,0,4.0,125,8,20.0,126,1
0.48,0.42,1,0,0,1,34,0,5.0,125,8,20.0,126,1
0.48,0.42,1,0,0,1,47,0,6.0,125,8,20.0,126,1
0.48,0.42,1,0,0,1,49,0,7.0,125,8,20.0,126,1
0.48,0.42,1,0,0,1,63,0,8.0,125,8,20.0,126,1
0.48,0.42,1,0,0,1,72,0,9.0,125,8,20.0,126,1
0.48,0.42,1,0,0,1,81,0,10.0,125,8,20.0,126,1
0.48,0.42,1,0,0,1,92,1,11.0,125,8,20.0,126,1
0.48,0.42,1,0,0,1,97,1,12.0,125,8,20.0,126,1
0.48,0.42,1,0,0,1,105,4,13.0,125,8,20.0,126,1
0.48,0.42,1,0,0,1,117,4,14.0,125,8,20.0,126,1
0.48,0.42,1,0,0,1,127,4,14.67,125,8,20.0,126,1
0.61,0.44,1,0,1,0,0,0,0.0,9,0,1.0,0,1
0.61,0.44,1,0,1,0,0,0,0.0,15,0,2.0,0,1
0.61,0.44,1,0,1,0,0,0,0.0,19,0,3.0,0,1
0.61,0.44,1,0,1,0,0,0,0.0,27,0,4.0,0,1
0.61,0.44,1,0,1,0,0,0,0.0,35,0,5.0,0,1
0.61,0.44,1,0,1,0,0,0,0.0,52,0,6.0,0,1
0.61,0.44,1,0,1,0,0,0,0.0,64,0,7.0,0,1
0.61,0.44,1,0,1,0,0,0,0.0,70,0,8.0,0,1
0.61,0.44,1,0,1,0,0,0,0.0,75,0,9.0,0,1
0.61,0.44,1,0,1,0,0,0,0.0,87,1,10.0,0,1
0.61,0.44,1,0,1,0,0,0,0.0,88,1,11.0,0,1
0.61,0.44,1,0,1,0,0,0,0.0,91,2,12.0,0,1
0.61,0.44,1,0,1,0,0,0,0.0,94,2,13.0,0,1
0.61,0.44,1,0,1,0,0,0,0.0,102,2,14.0,0,1
0.61,0.44,1,0,1,0,0,0,0.0,106,2,15.0,0,1
0.61,0.44,1,0,1,0,0,0,0.0,112,2,16.0,0,1
0.61,0.44,1,0,1,0,0,0,0.0,120,2,17.0,0,1
0.61,0.44,1,0,1,0,0,0,0.0,125,3,18.0,0,1
0.61,0.44,1,0,1,0,0,0,0.0,127,4,19.0,0,1
0.61,0.44,1,0,1,0,0,0,0.0,138,4,20.0,0,1
0.61,0.44,1,0,0,1,9,0,1.0,138,4,20.0,139,1
0.61,0.44,1,0,0,1,21,0,2.0,138,4,20.0,139,1
0.61,0.44,1,0,0,1,25,0,3.0,138,4,20.0,139,1
0.61,0.44,1,0,0,1,40,0,4.0,138,4,20.0,139,1
0.61,0.44,1,0,0,1,49,0,5.0,138,4,20.0,139,1
0.61,0.44,1,0,0,1,52,0,6.0,138,4,20.0,139,1
0.61,0.44,1,0,0,1,59,0,7.0,138,4,20.0,139,1
0.61,0.44,1,0,0,1,62,0,8.0,138,4,20.0,139,1
0.61,0.44,1,0,0,1,82,0,9.0,138,4,20.0,139,1
0.61,0.44,1,0,0,1,93,0,10.0,138,4,20.0,139,1
0.61,0.44,1,0,0,1,106,0,11.0,138,4,20.0,139,1
0.61,0.44,1,0,0,1,115,0,12.0,138,4,20.0,139,1
0.61,0.44,1,0,0,1,116,0,13.0,138,4,20.0,139,1
0.61,0.44,1,0,0,1,134,0,14.0,138,4,20.0,139,1
0.61,0.44,1,0,0,1,140,0,15.0,138,4,20.0,139,1
0.36,0.63,1,0,1,0,0,0,0.0,7,0,1.0,0,0
0.36,0.63,1,0,1,0,0,0,0.0,17,0,2.0,0,0
0.36,0.63,1,0,1,0,0,0,0.0,25,0,3.0,0,0
0.36,0.63,1,0,1,0,0,0,0.0,42,0,4.0,0,0
0.36,0.63,1,0,1,0,0,0,0.0,46,0,5.0,0,0
0.36,0.63,1,0,1,0,0,0,0.0,56,0,6.0,0,0
0.36,0.63,1,0,1,0,0,0,0.0,65,0,7.0,0,0
0.36,0.63,1,0,1,0,0,0,0.0,70,0,8.0,0,0
0.36,0.63,1,0,1,0,0,0,0.0,86,0,9.0,0,0
0.36,0.63,1,0,1,0,0,0,0.0,96,0,10.0,0,0
0.36,0.63,1,0,1,0,0,0,0.0,107,0,11.0,0,0
0.36,0.63,1,0,1,0,0,0,0.0,121,0,12.0,0,0
0.36,0.63,1,0,1,0,0,0,0.0,131,0,13.0,0,0
0.36,0.63,1,0,1,0,0,0,0.0,142,0,14.0,0,0
0.36,0.63,1,0,1,0,0,0,0.0,150,0,15.0,0,0
0.36,0.63,1,0,1,0,0,0,0.0,155,0,16.0,0,0
0.36,0.63,1,0,1,0,0,0,0.0,161,0,17.0,0,0
0.36,0.63,1,0,1,0,0,0,0.0,165,0,18.0,0,0
0.36,0.63,1,0,1,0,0,0,0.0,181,0,19.0,0,0
0.36,0.63,1,0,1,0,0,0,0.0,194,0,20.0,0,0
0.36,0.63,1,0,0,1,6,0,1.0,194,0,20.0,195,0
0.36,0.63,1,0,0,1,10,0,2.0,194,0,20.0,195,0
0.36,0.63,1,0,0,1,28,0,3.0,194,0,20.0,195,0
0.36,0.63,1,0,0,1,36,0,4.0,194,0,20.0,195,0
0.36,0.63,1,0,0,1,38,1,5.0,194,0,20.0,195,0
0.36,0.63,1,0,0,1,45,1,6.0,194,0,20.0,195,0
0.36,0.63,1,0,0,1,54,1,7.0,194,0,20.0,195,0
0.36,0.63,1,0,0,1,63,1,8.0,194,0,20.0,195,0
0.36,0.63,1,0,0,1,66,1,9.0,194,0,20.0,195,0
0.36,0.63,1,0,0,1,72,2,10.0,194,0,20.0,195,0
0.36,0.63,1,0,0,1,78,2,11.0,194,0,20.0,195,0
0.36,0.63,1,0,0,1,87,2,12.0,194,0,20.0,195,0
0.36,0.63,1,0,0,1,97,2,13.0,194,0,20.0,195,0
0.36,0.63,1,0,0,1,110,2,14.0,194,0,20.0,195,0
0.36,0.63,1,0,0,1,119,3,15.0,194,0,20.0,195,0
0.36,0.63,1,0,0,1,122,3,16.0,194,0,20.0,195,0
0.36,0.63,1,0,0,1,141,3,17.0,194,0,20.0,195,0
0.36,0.63,1,0,0,1,154,4,18.0,194,0,20.0,195,0
0.36,0.63,1,0,0,1,165,4,19.0,194,0,20.0,195,0
0.36,0.63,1,0,0,1,171,5,20.0,194,0,20.0,195,0
0.45,0.46,0,1,1,0,0,0,0.0,16,0,1.0,0,0
0.45,0.46,0,1,1,0,0,0,0.0,19,2,2.0,0,0
0.45,0.46,0,1,1,0,0,0,0.0,27,2,3.0,0,0
0.45,0.46,0,1,1,0,0,0,0.0,32,2,4.0,0,0
0.45,0.46,0,1,1,0,0,0,0.0,42,2,5.0,0,0
0.45,0.46,0,1,1,0,0,0,0.0,48,2,6.0,0,0
0.45,0.46,0,1,1,0,0,0,0.0,61,2,7.0,0,0
0.45,0.46,0,1,1,0,0,0,0.0,65,2,8.0,0,0
0.45,0.46,0,1,1,0,0,0,0.0,67,2,9.0,0,0
0.45,0.46,0,1,1,0,0,0,0.0,76,2,10.0,0,0
0.45,0.46,0,1,1,0,0,0,0.0,88,2,11.0,0,0
0.45,0.46,0,1,1,0,0,0,0.0,102,2,12.0,0,0
0.45,0.46,0,1,1,0,0,0,0.0,116,2,13.0,0,0
0.45,0.46,0,1,1,0,0,0,0.0,125,2,14.0,0,0
0.45,0.46,0,1,1,0,0,0,0.0,139,2,15.0,0,0
0.45,0.46,0,1,1,0,0,0,0.0,147,2,16.0,0,0
0.45,0.46,0,1,1,0,0,0,0.0,152,2,17.0,0,0
0.45,0.46,0,1,1,0,0,0,0.0,160,2,18.0,0,0
0.45,0.46,0,1,1,0,0,0,0.0,166,2,19.0,0,0
0.45,0.46,0,1,1,0,0,0,0.0,168,2,20.0,0,0
0.45,0.46,0,1,0,1,9,0,1.0,168,2,20.0,169,0
0.45,0.46,0,1,0,1,14,0,2.0,168,2,20.0,169,0
0.45,0.46,0,1,0,1,15,0,3.0,168,2,20.0,169,0
0.45,0.46,0,1,0,1,22,0,4.0,168,2,20.0,169,0
0.45,0.46,0,1,0,1,24,0,5.0,168,2,20.0,169,0
0.45,0.46,0,1,0,1,28,1,6.0,168,2,20.0,169,0
0.45,0.46,0,1,0,1,35,2,7.0,168,2,20.0,169,0
0.45,0.46,0,1,0,1,45,3,8.0,168,2,20.0,169,0
0.45,0.46,0,1,0,1,51,3,9.0,168,2,20.0,169,0
0.45,0.46,0,1,0,1,54,5,10.0,168,2,20.0,169,0
0.45,0.46,0,1,0,1,62,5,11.0,168,2,20.0,169,0
0.45,0.46,0,1,0,1,75,6,12.0,168,2,20.0,169,0
0.45,0.46,0,1,0,1,88,7,13.0,168,2,20.0,169,0
0.45,0.46,0,1,0,1,102,7,14.0,168,2,20.0,169,0
0.45,0.46,0,1,0,1,108,8,15.0,168,2,20.0,169,0
0.45,0.46,0,1,0,1,122,9,16.0,168,2,20.0,169,0
0.45,0.46,0,1,0,1,126,10,17.0,168,2,20.0,169,0
0.45,0.46,0,1,0,1,126,10,17.17,168,2,20.0,169,0
0.51,0.52,0,1,1,0,0,0,0.0,6,1,1.0,0,1
0.51,0.52,0,1,1,0,0,0,0.0,15,1,2.0,0,1
0.51,0.52,0,1,1,0,0,0,0.0,31,1,3.0,0,1
0.51,0.52,0,1,1,0,0,0,0.0,34,1,4.0,0,1
0.51,0.52,0,1,1,0,0,0,0.0,34,1,5.0,0,1
0.51,0.52,0,1,1,0,0,0,0.0,37,1,6.0,0,1
0.51,0.52,0,1,1,0,0,0,0.0,39,1,7.0,0,1
0.51,0.52,0,1,1,0,0,0,0.0,42,1,8.0,0,1
0.51,0.52,0,1,1,0,0,0,0.0,52,1,9.0,0,1
0.51,0.52,0,1,1,0,0,0,0.0,65,1,10.0,0,1
0.51,0.52,0,1,1,0,0,0,0.0,71,1,11.0,0,1
0.51,0.52,0,1,1,0,0,0,0.0,80,1,12.0,0,1
0.51,0.52,0,1,1,0,0,0,0.0,90,2,13.0,0,1
0.51,0.52,0,1,1,0,0,0,0.0,97,3,14.0,0,1
0.51,0.52,0,1,1,0,0,0,0.0,100,3,15.0,0,1
0.51,0.52,0,1,1,0,0,0,0.0,106,3,16.0,0,1
0.51,0.52,0,1,1,0,0,0,0.0,113,3,17.0,0,1
0.51,0.52,0,1,1,0,0,0,0.0,122,3,18.0,0,1
0.51,0.52,0,1,1,0,0,0,0.0,132,3,19.0,0,1
0.51,0.52,0,1,1,0,0,0,0.0,145,4,20.0,0,1
0.51,0.52,0,1,0,1,15,0,1.0,145,4,20.0,146,1
0.51,0.52,0,1,0,1,23,0,2.0,145,4,20.0,146,1
0.51,0.52,0,1,0,1,36,0,3.0,145,4,20.0,146,1
0.51,0.52,0,1,0,1,40,1,4.0,145,4,20.0,146,1
0.51,0.52,0,1,0,1,44,1,5.0,145,4,20.0,146,1
0.51,0.52,0,1,0,1,53,1,6.0,145,4,20.0,146,1
0.51,0.52,0,1,0,1,63,1,7.0,145,4,20.0,146,1
0.51,0.52,0,1,0,1,66,2,8.0,145,4,20.0,146,1
0.51,0.52,0,1,0,1,75,2,9.0,145,4,20.0,146,1
0.51,0.52,0,1,0,1,85,2,10.0,145,4,20.0,146,1
0.51,0.52,0,1,0,1,91,2,11.0,145,4,20.0,146,1
0.51,0.52,0,1,0,1,96,2,12.0,145,4,20.0,146,1
0.51,0.52,0,1,0,1,99,2,13.0,145,4,20.0,146,1
0.51,0.52,0,1,0,1,107,2,14.0,145,4,20.0,146,1
0.51,0.52,0,1,0,1,112,3,15.0,145,4,20.0,146,1
0.51,0.52,0,1,0,1,114,4,16.0,145,4,20.0,146,1
0.51,0.52,0,1,0,1,126,4,17.0,145,4,20.0,146,1
0.51,0.52,0,1,0,1,129,4,18.0,145,4,20.0,146,1
0.51,0.52,0,1,0,1,133,4,19.0,145,4,20.0,146,1
0.51,0.52,0,1,0,1,146,5,19.83,145,4,20.0,146,1
0.51,0.57,0,1,1,0,0,0,0.0,5,1,1.0,0,0
0.51,0.57,0,1,1,0,0,0,0.0,14,1,2.0,0,0
0.51,0.57,0,1,1,0,0,0,0.0,27,2,3.0,0,0
0.51,0.57,0,1,1,0,0,0,0.0,35,2,4.0,0,0
0.51,0.57,0,1,1,0,0,0,0.0,37,2,5.0,0,0
0.51,0.57,0,1,1,0,0,0,0.0,41,2,6.0,0,0
0.51,0.57,0,1,1,0,0,0,0.0,44,3,7.0,0,0
0.51,0.57,0,1,1,0,0,0,0.0,52,3,8.0,0,0
0.51,0.57,0,1,1,0,0,0,0.0,55,3,9.0,0,0
0.51,0.57,0,1,1,0,0,0,0.0,60,3,10.0,0,0
0.51,0.57,0,1,1,0,0,0,0.0,71,3,11.0,0,0
0.51,0.57,0,1,1,0,0,0,0.0,73,3,12.0,0,0
0.51,0.57,0,1,1,0,0,0,0.0,76,3,13.0,0,0
0.51,0.57,0,1,1,0,0,0,0.0,85,3,14.0,0,0
0.51,0.57,0,1,1,0,0,0,0.0,86,5,15.0,0,0
0.51,0.57,0,1,1,0,0,0,0.0,103,5,16.0,0,0
0.51,0.57,0,1,1,0,0,0,0.0,107,6,17.0,0,0
0.51,0.57,0,1,1,0,0,0,0.0,111,6,18.0,0,0
0.51,0.57,0,1,1,0,0,0,0.0,118,6,19.0,0,0
0.51,0.57,0,1,1,0,0,0,0.0,121,7,20.0,0,0
0.51,0.57,0,1,0,1,15,0,1.0,121,7,20.0,122,0
0.51,0.57,0,1,0,1,18,0,2.0,121,7,20.0,122,0
0.51,0.57,0,1,0,1,20,1,3.0,121,7,20.0,122,0
0.51,0.57,0,1,0,1,32,2,4.0,121,7,20.0,122,0
0.51,0.57,0,1,0,1,38,2,5.0,121,7,20.0,122,0
0.51,0.57,0,1,0,1,40,4,6.0,121,7,20.0,122,0
0.51,0.57,0,1,0,1,42,4,7.0,121,7,20.0,122,0
0.51,0.57,0,1,0,1,44,5,8.0,121,7,20.0,122,0
0.51,0.57,0,1,0,1,45,6,9.0,121,7,20.0,122,0
0.51,0.57,0,1,0,1,46,6,10.0,121,7,20.0,122,0
0.51,0.57,0,1,0,1,55,6,11.0,121,7,20.0,122,0
0.51,0.57,0,1,0,1,60,7,12.0,121,7,20.0,122,0
0.51,0.57,0,1,0,1,68,7,13.0,121,7,20.0,122,0
0.51,0.57,0,1,0,1,71,8,14.0,121,7,20.0,122,0
0.51,0.57,0,1,0,1,85,8,15.0,121,7,20.0,122,0
0.51,0.57,0,1,0,1,92,8,16.0,121,7,20.0,122,0
0.51,0.57,0,1,0,1,94,8,17.0,121,7,20.0,122,0
0.51,0.57,0,1,0,1,99,9,18.0,121,7,20.0,122,0
0.51,0.57,0,1,0,1,101,10,18.5,121,7,20.0,122,0
0.56,0.61,0,0,1,1,13,0,1.0,0,0,0.0,0,0
0.56,0.61,0,0,1,1,19,0,2.0,0,0,0.0,0,0
0.56,0.61,0,0,1,1,28,0,3.0,0,0,0.0,0,0
0.56,0.61,0,0,1,1,35,0,4.0,0,0,0.0,0,0
0.56,0.61,0,0,1,1,48,0,5.0,0,0,0.0,0,0
0.56,0.61,0,0,1,1,55,1,6.0,0,0,0.0,0,0
0.56,0.61,0,0,1,1,62,1,7.0,0,0,0.0,0,0
0.56,0.61,0,0,1,1,74,1,8.0,0,0,0.0,0,0
0.56,0.61,0,0,1,1,85,1,9.0,0,0,0.0,0,0
0.56,0.61,0,0,1,1,91,1,10.0,0,0,0.0,0,0
0.56,0.61,0,0,1,1,98,1,11.0,0,0,0.0,0,0
0.56,0.61,0,0,1,1,103,1,12.0,0,0,0.0,0,0
0.56,0.61,0,0,1,1,110,1,13.0,0,0,0.0,0,0
0.56,0.61,0,0,1,1,116,1,14.0,0,0,0.0,0,0
0.56,0.61,0,0,1,1,121,1,15.0,0,0,0.0,0,0
0.56,0.61,0,0,1,1,126,1,16.0,0,0,0.0,0,0
0.56,0.61,0,0,1,1,129,1,17.0,0,0,0.0,0,0
0.56,0.61,0,0,1,1,137,2,18.0,0,0,0.0,0,0
0.56,0.61,0,0,1,1,143,3,19.0,0,0,0.0,0,0
0.56,0.61,0,0,1,1,144,3,20.0,0,0,0.0,0,0
0.56,0.61,0,0,0,0,144,3,20.0,5,0,1.0,145,0
0.56,0.61,0,0,0,0,144,3,20.0,12,0,2.0,145,0
0.56,0.61,0,0,0,0,144,3,20.0,20,0,3.0,145,0
0.56,0.61,0,0,0,0,144,3,20.0,22,0,4.0,145,0
0.56,0.61,0,0,0,0,144,3,20.0,26,0,5.0,145,0
0.56,0.61,0,0,0,0,144,3,20.0,39,0,6.0,145,0
0.56,0.61,0,0,0,0,144,3,20.0,49,1,7.0,145,0
0.56,0.61,0,0,0,0,144,3,20.0,55,2,8.0,145,0
0.56,0.61,0,0,0,0,144,3,20.0,76,2,9.0,145,0
0.56,0.61,0,0,0,0,144,3,20.0,86,2,10.0,145,0
0.56,0.61,0,0,0,0,144,3,20.0,99,3,11.0,145,0
0.56,0.61,0,0,0,0,144,3,20.0,103,3,12.0,145,0
0.56,0.61,0,0,0,0,144,3,20.0,106,4,13.0,145,0
0.56,0.61,0,0,0,0,144,3,20.0,113,4,14.0,145,0
0.56,0.61,0,0,0,0,144,3,20.0,122,4,15.0,145,0
0.56,0.61,0,0,0,0,144,3,20.0,126,4,16.0,145,0
0.56,0.61,0,0,0,0,144,3,20.0,138,4,17.0,145,0
0.56,0.61,0,0,0,0,144,3,20.0,143,4,18.0,145,0
0.56,0.61,0,0,0,0,144,3,20.0,145,4,18.33,145,0
0.58,0.39,0,1,1,0,0,0,0.0,12,0,1.0,0,1
0.58,0.39,0,1,1,0,0,0,0.0,16,1,2.0,0,1
0.58,0.39,0,1,1,0,0,0,0.0,27,1,3.0,0,1
0.58,0.39,0,1,1,0,0,0,0.0,28,1,4.0,0,1
0.58,0.39,0,1,1,0,0,0,0.0,31,1,5.0,0,1
0.58,0.39,0,1,1,0,0,0,0.0,33,2,6.0,0,1
0.58,0.39,0,1,1,0,0,0,0.0,36,2,7.0,0,1
0.58,0.39,0,1,1,0,0,0,0.0,42,3,8.0,0,1
0.58,0.39,0,1,1,0,0,0,0.0,50,3,9.0,0,1
0.58,0.39,0,1,1,0,0,0,0.0,57,3,10.0,0,1
0.58,0.39,0,1,1,0,0,0,0.0,61,4,11.0,0,1
0.58,0.39,0,1,1,0,0,0,0.0,63,4,12.0,0,1
0.58,0.39,0,1,1,0,0,0,0.0,72,4,13.0,0,1
0.58,0.39,0,1,1,0,0,0,0.0,82,4,14.0,0,1
0.58,0.39,0,1,1,0,0,0,0.0,88,4,15.0,0,1
0.58,0.39,0,1,1,0,0,0,0.0,95,5,16.0,0,1
0.58,0.39,0,1,1,0,0,0,0.0,106,5,17.0,0,1
0.58,0.39,0,1,1,0,0,0,0.0,120,5,18.0,0,1
0.58,0.39,0,1,1,0,0,0,0.0,122,6,19.0,0,1
0.58,0.39,0,1,1,0,0,0,0.0,131,6,20.0,0,1
0.58,0.39,0,1,0,1,6,1,1.0,131,6,20.0,132,1
0.58,0.39,0,1,0,1,14,2,2.0,131,6,20.0,132,1
0.58,0.39,0,1,0,1,17,2,3.0,131,6,20.0,132,1
0.58,0.39,0,1,0,1,29,2,4.0,131,6,20.0,132,1
0.58,0.39,0,1,0,1,33,2,5.0,131,6,20.0,132,1
0.58,0.39,0,1,0,1,37,2,6.0,131,6,20.0,132,1
0.58,0.39,0,1,0,1,50,2,7.0,131,6,20.0,132,1
0.58,0.39,0,1,0,1,58,2,8.0,131,6,20.0,132,1
0.58,0.39,0,1,0,1,68,2,9.0,131,6,20.0,132,1
0.58,0.39,0,1,0,1,71,2,10.0,131,6,20.0,132,1
0.58,0.39,0,1,0,1,73,2,11.0,131,6,20.0,132,1
0.58,0.39,0,1,0,1,85,2,12.0,131,6,20.0,132,1
0.58,0.39,0,1,0,1,90,3,13.0,131,6,20.0,132,1
0.58,0.39,0,1,0,1,104,4,14.0,131,6,20.0,132,1
0.58,0.39,0,1,0,1,111,4,15.0,131,6,20.0,132,1
0.58,0.39,0,1,0,1,121,4,16.0,131,6,20.0,132,1
0.58,0.39,0,1,0,1,133,5,16.83,131,6,20.0,132,1
0.6,0.51,0,1,1,0,0,0,0.0,5,1,1.0,0,0
0.6,0.51,0,1,1,0,0,0,0.0,6,1,2.0,0,0
0.6,0.51,0,1,1,0,0,0,0.0,10,2,3.0,0,0
0.6,0.51,0,1,1,0,0,0,0.0,14,2,4.0,0,0
0.6,0.51,0,1,1,0,0,0,0.0,21,3,5.0,0,0
0.6,0.51,0,1,1,0,0,0,0.0,28,3,6.0,0,0
0.6,0.51,0,1,1,0,0,0,0.0,35,3,7.0,0,0
0.6,0.51,0,1,1,0,0,0,0.0,44,3,8.0,0,0
0.6,0.51,0,1,1,0,0,0,0.0,54,3,9.0,0,0
0.6,0.51,0,1,1,0,0,0,0.0,63,3,10.0,0,0
0.6,0.51,0,1,1,0,0,0,0.0,70,3,11.0,0,0
0.6,0.51,0,1,1,0,0,0,0.0,71,3,12.0,0,0
0.6,0.51,0,1,1,0,0,0,0.0,76,3,13.0,0,0
0.6,0.51,0,1,1,0,0,0,0.0,78,4,14.0,0,0
0.6,0.51,0,1,1,0,0,0,0.0,85,5,15.0,0,0
0.6,0.51,0,1,1,0,0,0,0.0,92,6,16.0,0,0
0.6,0.51,0,1,1,0,0,0,0.0,100,7,17.0,0,0
0.6,0.51,0,1,1,0,0,0,0.0,102,7,18.0,0,0
0.6,0.51,0,1,1,0,0,0,0.0,109,7,19.0,0,0
0.6,0.51,0,1,1,0,0,0,0.0,116,7,20.0,0,0
0.6,0.51,0,1,0,1,5,2,1.0,116,7,20.0,117,0
0.6,0.51,0,1,0,1,9,2,2.0,116,7,20.0,117,0
0.6,0.51,0,1,0,1,14,3,3.0,116,7,20.0,117,0
0.6,0.51,0,1,0,1,21,3,4.0,116,7,20.0,117,0
0.6,0.51,0,1,0,1,29,3,5.0,116,7,20.0,117,0
0.6,0.51,0,1,0,1,36,4,6.0,116,7,20.0,117,0
0.6,0.51,0,1,0,1,38,6,7.0,116,7,20.0,117,0
0.6,0.51,0,1,0,1,43,6,8.0,116,7,20.0,117,0
0.6,0.51,0,1,0,1,47,7,9.0,116,7,20.0,117,0
0.6,0.51,0,1,0,1,47,8,10.0,116,7,20.0,117,0
0.6,0.51,0,1,0,1,47,8,11.0,116,7,20.0,117,0
0.6,0.51,0,1,0,1,59,8,12.0,116,7,20.0,117,0
0.6,0.51,0,1,0,1,67,8,13.0,116,7,20.0,117,0
0.6,0.51,0,1,0,1,71,9,14.0,116,7,20.0,117,0
0.6,0.51,0,1,0,1,79,9,15.0,116,7,20.0,117,0
0.6,0.51,0,1,0,1,94,9,16.0,116,7,20.0,117,0
0.6,0.51,0,1,0,1,101,9,17.0,116,7,20.0,117,0
0.6,0.51,0,1,0,1,103,9,18.0,116,7,20.0,117,0
0.6,0.51,0,1,0,1,109,9,19.0,116,7,20.0,117,0
0.6,0.51,0,1,0,1,113,9,20.0,116,7,20.0,117,0
0.62,0.43,0,0,1,1,2,0,1.0,0,0,0.0,0,0
0.62,0.43,0,0,1,1,16,0,2.0,0,0,0.0,0,0
0.62,0.43,0,0,1,1,17,0,3.0,0,0,0.0,0,0
0.62,0.43,0,0,1,1,25,0,4.0,0,0,0.0,0,0
0.62,0.43,0,0,1,1,35,0,5.0,0,0,0.0,0,0
0.62,0.43,0,0,1,1,38,1,6.0,0,0,0.0,0,0
0.62,0.43,0,0,1,1,50,1,7.0,0,0,0.0,0,0
0.62,0.43,0,0,1,1,56,2,8.0,0,0,0.0,0,0
0.62,0.43,0,0,1,1,62,2,9.0,0,0,0.0,0,0
0.62,0.43,0,0,1,1,70,2,10.0,0,0,0.0,0,0
0.62,0.43,0,0,1,1,79,2,11.0,0,0,0.0,0,0
0.62,0.43,0,0,1,1,86,3,12.0,0,0,0.0,0,0
0.62,0.43,0,0,1,1,97,3,13.0,0,0,0.0,0,0
0.62,0.43,0,0,1,1,101,4,14.0,0,0,0.0,0,0
0.62,0.43,0,0,1,1,110,4,15.0,0,0,0.0,0,0
0.62,0.43,0,0,1,1,119,4,16.0,0,0,0.0,0,0
0.62,0.43,0,0,1,1,122,4,17.0,0,0,0.0,0,0
0.62,0.43,0,0,1,1,130,4,18.0,0,0,0.0,0,0
0.62,0.43,0,0,1,1,141,4,19.0,0,0,0.0,0,0
0.62,0.43,0,0,1,1,152,4,20.0,0,0,0.0,0,0
0.62,0.43,0,0,0,0,152,4,20.0,5,0,1.0,153,0
0.62,0.43,0,0,0,0,152,4,20.0,24,0,2.0,153,0
0.62,0.43,0,0,0,0,152,4,20.0,25,0,3.0,153,0
0.62,0.43,0,0,0,0,152,4,20.0,27,0,4.0,153,0
0.62,0.43,0,0,0,0,152,4,20.0,32,0,5.0,153,0
0.62,0.43,0,0,0,0,152,4,20.0,42,0,6.0,153,0
0.62,0.43,0,0,0,0,152,4,20.0,48,0,7.0,153,0
0.62,0.43,0,0,0,0,152,4,20.0,54,1,8.0,153,0
0.62,0.43,0,0,0,0,152,4,20.0,58,2,9.0,153,0
0.62,0.43,0,0,0,0,152,4,20.0,62,2,10.0,153,0
0.62,0.43,0,0,0,0,152,4,20.0,77,2,11.0,153,0
0.62,0.43,0,0,0,0,152,4,20.0,84,2,12.0,153,0
0.62,0.43,0,0,0,0,152,4,20.0,91,2,13.0,153,0
0.62,0.43,0,0,0,0,152,4,20.0,99,2,14.0,153,0
0.62,0.43,0,0,0,0,152,4,20.0,104,2,15.0,153,0
0.62,0.43,0,0,0,0,152,4,20.0,110,2,16.0,153,0
0.62,0.43,0,0,0,0,152,4,20.0,120,2,17.0,153,0
0.62,0.43,0,0,0,0,152,4,20.0,127,2,18.0,153,0
0.62,0.43,0,0,0,0,152,4,20.0,140,2,19.0,153,0
0.62,0.43,0,0,0,0,152,4,20.0,153,2,20.0,153,0
0.37,0.55,1,1,1,1,2,0,1.0,0,0,0.0,0,0
0.37,0.55,1,1,1,1,13,1,2.0,0,0,0.0,0,0
0.37,0.55,1,1,1,1,19,1,3.0,0,0,0.0,0,0
0.37,0.55,1,1,1,1,34,1,4.0,0,0,0.0,0,0
0.37,0.55,1,1,1,1,42,1,5.0,0,0,0.0,0,0
0.37,0.55,1,1,1,1,51,1,6.0,0,0,0.0,0,0
0.37,0.55,1,1,1,1,58,2,7.0,0,0,0.0,0,0
0.37,0.55,1,1,1,1,65,3,8.0,0,0,0.0,0,0
0.37,0.55,1,1,1,1,71,3,9.0,0,0,0.0,0,0
0.37,0.55,1,1,1,1,80,3,10.0,0,0,0.0,0,0
0.37,0.55,1,1,1,1,88,4,11.0,0,0,0.0,0,0
0.37,0.55,1,1,1,1,96,4,12.0,0,0,0.0,0,0
0.37,0.55,1,1,1,1,105,4,13.0,0,0,0.0,0,0
0.37,0.55,1,1,1,1,106,4,14.0,0,0,0.0,0,0
0.37,0.55,1,1,1,1,113,5,15.0,0,0,0.0,0,0
0.37,0.55,1,1,1,1,121,5,16.0,0,0,0.0,0,0
0.37,0.55,1,1,1,1,125,5,17.0,0,0,0.0,0,0
0.37,0.55,1,1,1,1,128,5,18.0,0,0,0.0,0,0
0.37,0.55,1,1,1,1,135,5,19.0,0,0,0.0,0,0
0.37,0.55,1,1,1,1,144,5,20.0,0,0,0.0,0,0
0.37,0.55,1,1,0,0,144,5,20.0,14,0,1.0,145,0
0.37,0.55,1,1,0,0,144,5,20.0,18,0,2.0,145,0
0.37,0.55,1,1,0,0,144,5,20.0,24,0,3.0,145,0
0.37,0.55,1,1,0,0,144,5,20.0,33,0,4.0,145,0
0.37,0.55,1,1,0,0,144,5,20.0,42,0,5.0,145,0
0.37,0.55,1,1,0,0,144,5,20.0,51,0,6.0,145,0
0.37,0.55,1,1,0,0,144,5,20.0,57,1,7.0,145,0
0.37,0.55,1,1,0,0,144,5,20.0,63,1,8.0,145,0
0.37,0.55,1,1,0,0,144,5,20.0,78,2,9.0,145,0
0.37,0.55,1,1,0,0,144,5,20.0,85,2,10.0,145,0
0.37,0.55,1,1,0,0,144,5,20.0,95,2,11.0,145,0
0.37,0.55,1,1,0,0,144,5,20.0,98,2,12.0,145,0
0.37,0.55,1,1,0,0,144,5,20.0,106,2,13.0,145,0
0.37,0.55,1,1,0,0,144,5,20.0,109,3,14.0,145,0
0.37,0.55,1,1,0,0,144,5,20.0,121,4,15.0,145,0
0.37,0.55,1,1,0,0,144,5,20.0,126,4,16.0,145,0
0.37,0.55,1,1,0,0,144,5,20.0,135,4,17.0,145,0
0.37,0.55,1,1,0,0,144,5,20.0,143,4,18.0,145,0
0.37,0.55,1,1,0,0,144,5,20.0,147,4,18.17,145,0
0.52,0.64,0,0,1,1,3,0,1.0,0,0,0.0,0,0
0.52,0.64,0,0,1,1,9,0,2.0,0,0,0.0,0,0
0.52,0.64,0,0,1,1,22,0,3.0,0,0,0.0,0,0
0.52,0.64,0,0,1,1,24,2,4.0,0,0,0.0,0,0
0.52,0.64,0,0,1,1,33,2,5.0,0,0,0.0,0,0
0.52,0.64,0,0,1,1,35,2,6.0,0,0,0.0,0,0
0.52,0.64,0,0,1,1,40,2,7.0,0,0,0.0,0,0
0.52,0.64,0,0,1,1,46,2,8.0,0,0,0.0,0,0
0.52,0.64,0,0,1,1,49,3,9.0,0,0,0.0,0,0
0.52,0.64,0,0,1,1,57,4,10.0,0,0,0.0,0,0
0.52,0.64,0,0,1,1,66,5,11.0,0,0,0.0,0,0
0.52,0.64,0,0,1,1,72,5,12.0,0,0,0.0,0,0
0.52,0.64,0,0,1,1,77,5,13.0,0,0,0.0,0,0
0.52,0.64,0,0,1,1,78,5,14.0,0,0,0.0,0,0
0.52,0.64,0,0,1,1,85,6,15.0,0,0,0.0,0,0
0.52,0.64,0,0,1,1,95,6,16.0,0,0,0.0,0,0
0.52,0.64,0,0,1,1,102,7,17.0,0,0,0.0,0,0
0.52,0.64,0,0,1,1,109,8,18.0,0,0,0.0,0,0
0.52,0.64,0,0,1,1,116,8,19.0,0,0,0.0,0,0
0.52,0.64,0,0,1,1,126,8,20.0,0,0,0.0,0,0
0.52,0.64,0,0,0,0,126,8,20.0,12,1,1.0,127,0
0.52,0.64,0,0,0,0,126,8,20.0,17,1,2.0,127,0
0.52,0.64,0,0,0,0,126,8,20.0,29,1,3.0,127,0
0.52,0.64,0,0,0,0,126,8,20.0,35,2,4.0,127,0
0.52,0.64,0,0,0,0,126,8,20.0,49,2,5.0,127,0
0.52,0.64,0,0,0,0,126,8,20.0,54,2,6.0,127,0
0.52,0.64,0,0,0,0,126,8,20.0,61,3,7.0,127,0
0.52,0.64,0,0,0,0,126,8,20.0,72,3,8.0,127,0
0.52,0.64,0,0,0,0,126,8,20.0,78,4,9.0,127,0
0.52,0.64,0,0,0,0,126,8,20.0,89,4,10.0,127,0
0.52,0.64,0,0,0,0,126,8,20.0,101,5,11.0,127,0
0.52,0.64,0,0,0,0,126,8,20.0,113,5,12.0,127,0
0.52,0.64,0,0,0,0,126,8,20.0,117,5,13.0,127,0
0.52,0.64,0,0,0,0,126,8,20.0,122,5,14.0,127,0
0.52,0.64,0,0,0,0,126,8,20.0,128,5,14.17,127,0
0.63,0.64,0,0,1,1,6,0,1.0,0,0,0.0,0,1
0.63,0.64,0,0,1,1,8,0,2.0,0,0,0.0,0,1
0.63,0.64,0,0,1,1,15,0,3.0,0,0,0.0,0,1
0.63,0.64,0,0,1,1,20,0,4.0,0,0,0.0,0,1
0.63,0.64,0,0,1,1,36,0,5.0,0,0,0.0,0,1
0.63,0.64,0,0,1,1,44,0,6.0,0,0,0.0,0,1
0.63,0.64,0,0,1,1,51,0,7.0,0,0,0.0,0,1
0.63,0.64,0,0,1,1,60,0,8.0,0,0,0.0,0,1
0.63,0.64,0,0,1,1,66,0,9.0,0,0,0.0,0,1
0.63,0.64,0,0,1,1,78,0,10.0,0,0,0.0,0,1
0.63,0.64,0,0,1,1,87,0,11.0,0,0,0.0,0,1
0.63,0.64,0,0,1,1,104,0,12.0,0,0,0.0,0,1
0.63,0.64,0,0,1,1,114,0,13.0,0,0,0.0,0,1
0.63,0.64,0,0,1,1,121,1,14.0,0,0,0.0,0,1
0.63,0.64,0,0,1,1,130,1,15.0,0,0,0.0,0,1
0.63,0.64,0,0,1,1,138,1,16.0,0,0,0.0,0,1
0.63,0.64,0,0,1,1,149,2,17.0,0,0,0.0,0,1
0.63,0.64,0,0,1,1,158,2,18.0,0,0,0.0,0,1
0.63,0.64,0,0,1,1,167,2,19.0,0,0,0.0,0,1
0.63,0.64,0,0,1,1,177,2,20.0,0,0,0.0,0,1
0.63,0.64,0,0,0,0,177,2,20.0,6,1,1.0,178,1
0.63,0.64,0,0,0,0,177,2,20.0,12,2,2.0,178,1
0.63,0.64,0,0,0,0,177,2,20.0,19,3,3.0,178,1
0.63,0.64,0,0,0,0,177,2,20.0,23,3,4.0,178,1
0.63,0.64,0,0,0,0,177,2,20.0,41,3,5.0,178,1
0.63,0.64,0,0,0,0,177,2,20.0,45,3,6.0,178,1
0.63,0.64,0,0,0,0,177,2,20.0,51,3,7.0,178,1
0.63,0.64,0,0,0,0,177,2,20.0,60,3,8.0,178,1
0.63,0.64,0,0,0,0,177,2,20.0,70,3,9.0,178,1
0.63,0.64,0,0,0,0,177,2,20.0,84,3,10.0,178,1
0.63,0.64,0,0,0,0,177,2,20.0,87,5,11.0,178,1
0.63,0.64,0,0,0,0,177,2,20.0,99,5,12.0,178,1
0.63,0.64,0,0,0,0,177,2,20.0,107,6,13.0,178,1
0.63,0.64,0,0,0,0,177,2,20.0,120,6,14.0,178,1
0.63,0.64,0,0,0,0,177,2,20.0,129,6,15.0,178,1
0.63,0.64,0,0,0,0,177,2,20.0,137,6,16.0,178,1
0.63,0.64,0,0,0,0,177,2,20.0,144,6,17.0,178,1
0.63,0.64,0,0,0,0,177,2,20.0,152,6,18.0,178,1
0.63,0.64,0,0,0,0,177,2,20.0,159,7,19.0,178,1
0.63,0.64,0,0,0,0,177,2,20.0,173,7,20.0,178,1
0.53,0.42,0,1,1,0,0,0,0.0,2,0,1.0,0,1
0.53,0.42,0,1,1,0,0,0,0.0,8,0,2.0,0,1
0.53,0.42,0,1,1,0,0,0,0.0,24,1,3.0,0,1
0.53,0.42,0,1,1,0,0,0,0.0,32,1,4.0,0,1
0.53,0.42,0,1,1,0,0,0,0.0,41,1,5.0,0,1
0.53,0.42,0,1,1,0,0,0,0.0,47,1,6.0,0,1
0.53,0.42,0,1,1,0,0,0,0.0,52,2,7.0,0,1
0.53,0.42,0,1,1,0,0,0,0.0,62,2,8.0,0,1
0.53,0.42,0,1,1,0,0,0,0.0,64,2,9.0,0,1
0.53,0.42,0,1,1,0,0,0,0.0,69,2,10.0,0,1
0.53,0.42,0,1,1,0,0,0,0.0,75,2,11.0,0,1
0.53,0.42,0,1,1,0,0,0,0.0,86,3,12.0,0,1
0.53,0.42,0,1,1,0,0,0,0.0,88,3,13.0,0,1
0.53,0.42,0,1,1,0,0,0,0.0,91,3,14.0,0,1
0.53,0.42,0,1,1,0,0,0,0.0,95,3,15.0,0,1
0.53,0.42,0,1,1,0,0,0,0.0,105,4,16.0,0,1
0.53,0.42,0,1,1,0,0,0,0.0,107,4,17.0,0,1
0.53,0.42,0,1,1,0,0,0,0.0,112,4,18.0,0,1
0.53,0.42,0,1,1,0,0,0,0.0,116,4,19.0,0,1
0.53,0.42,0,1,1,0,0,0,0.0,124,4,20.0,0,1
0.53,0.42,0,1,0,1,9,1,1.0,124,4,20.0,125,1
0.53,0.42,0,1,0,1,15,2,2.0,124,4,20.0,125,1
0.53,0.42,0,1,0,1,19,4,3.0,124,4,20.0,125,1
0.53,0.42,0,1,0,1,30,4,4.0,124,4,20.0,125,1
0.53,0.42,0,1,0,1,39,4,5.0,124,4,20.0,125,1
0.53,0.42,0,1,0,1,48,4,6.0,124,4,20.0,125,1
0.53,0.42,0,1,0,1,54,4,7.0,124,4,20.0,125,1
0.53,0.42,0,1,0,1,60,4,8.0,124,4,20.0,125,1
0.53,0.42,0,1,0,1,70,4,9.0,124,4,20.0,125,1
0.53,0.42,0,1,0,1,82,4,10.0,124,4,20.0,125,1
0.53,0.42,0,1,0,1,93,4,11.0,124,4,20.0,125,1
0.53,0.42,0,1,0,1,102,5,12.0,124,4,20.0,125,1
0.53,0.42,0,1,0,1,114,5,13.0,124,4,20.0,125,1
0.53,0.42,0,1,0,1,120,5,14.0,124,4,20.0,125,1
0.53,0.42,0,1,0,1,125,6,14.83,124,4,20.0,125,1
0.64,0.52,1,0,1,0,0,0,0.0,0,0,1.0,0,1
0.64,0.52,1,0,1,0,0,0,0.0,7,0,2.0,0,1
0.64,0.52,1,0,1,0,0,0,0.0,25,0,3.0,0,1
0.64,0.52,1,0,1,0,0,0,0.0,36,0,4.0,0,1
0.64,0.52,1,0,1,0,0,0,0.0,41,0,5.0,0,1
0.64,0.52,1,0,1,0,0,0,0.0,47,0,6.0,0,1
0.64,0.52,1,0,1,0,0,0,0.0,58,0,7.0,0,1
0.64,0.52,1,0,1,0,0,0,0.0,59,0,8.0,0,1
0.64,0.52,1,0,1,0,0,0,0.0,64,1,9.0,0,1
0.64,0.52,1,0,1,0,0,0,0.0,68,2,10.0,0,1
0.64,0.52,1,0,1,0,0,0,0.0,71,3,11.0,0,1
0.64,0.52,1,0,1,0,0,0,0.0,78,3,12.0,0,1
0.64,0.52,1,0,1,0,0,0,0.0,81,4,13.0,0,1
0.64,0.52,1,0,1,0,0,0,0.0,87,4,14.0,0,1
0.64,0.52,1,0,1,0,0,0,0.0,91,4,15.0,0,1
0.64,0.52,1,0,1,0,0,0,0.0,98,5,16.0,0,1
0.64,0.52,1,0,1,0,0,0,0.0,101,7,17.0,0,1
0.64,0.52,1,0,1,0,0,0,0.0,104,7,18.0,0,1
0.64,0.52,1,0,1,0,0,0,0.0,113,7,19.0,0,1
0.64,0.52,1,0,1,0,0,0,0.0,119,7,20.0,0,1
0.64,0.52,1,0,0,1,21,0,1.0,119,7,20.0,120,1
0.64,0.52,1,0,0,1,36,1,2.0,119,7,20.0,120,1
0.64,0.52,1,0,0,1,44,1,3.0,119,7,20.0,120,1
0.64,0.52,1,0,0,1,50,2,4.0,119,7,20.0,120,1
0.64,0.52,1,0,0,1,55,3,5.0,119,7,20.0,120,1
0.64,0.52,1,0,0,1,65,3,6.0,119,7,20.0,120,1
0.64,0.52,1,0,0,1,74,3,7.0,119,7,20.0,120,1
0.64,0.52,1,0,0,1,79,3,8.0,119,7,20.0,120,1
0.64,0.52,1,0,0,1,94,3,9.0,119,7,20.0,120,1
0.64,0.52,1,0,0,1,106,3,10.0,119,7,20.0,120,1
0.64,0.52,1,0,0,1,112,3,11.0,119,7,20.0,120,1
0.64,0.52,1,0,0,1,117,3,12.0,119,7,20.0,120,1
0.64,0.52,1,0,0,1,120,3,12.5,119,7,20.0,120,1
0.5,0.56,0,0,1,1,11,0,1.0,0,0,0.0,0,0
0.5,0.56,0,0,1,1,15,0,2.0,0,0,0.0,0,0
0.5,0.56,0,0,1,1,29,0,3.0,0,0,0.0,0,0
0.5,0.56,0,0,1,1,31,0,4.0,0,0,0.0,0,0
0.5,0.56,0,0,1,1,35,0,5.0,0,0,0.0,0,0
0.5,0.56,0,0,1,1,49,0,6.0,0,0,0.0,0,0
0.5,0.56,0,0,1,1,62,0,7.0,0,0,0.0,0,0
0.5,0.56,0,0,1,1,70,0,8.0,0,0,0.0,0,0
0.5,0.56,0,0,1,1,84,1,9.0,0,0,0.0,0,0
0.5,0.56,0,0,1,1,89,1,10.0,0,0,0.0,0,0
0.5,0.56,0,0,1,1,102,1,11.0,0,0,0.0,0,0
0.5,0.56,0,0,1,1,122,1,12.0,0,0,0.0,0,0
0.5,0.56,0,0,1,1,127,1,13.0,0,0,0.0,0,0
0.5,0.56,0,0,1,1,133,1,14.0,0,0,0.0,0,0
0.5,0.56,0,0,1,1,144,1,15.0,0,0,0.0,0,0
0.5,0.56,0,0,1,1,153,2,16.0,0,0,0.0,0,0
0.5,0.56,0,0,1,1,159,2,17.0,0,0,0.0,0,0
0.5,0.56,0,0,1,1,162,3,18.0,0,0,0.0,0,0
0.5,0.56,0,0,1,1,167,3,19.0,0,0,0.0,0,0
0.5,0.56,0,0,1,1,180,3,20.0,0,0,0.0,0,0
0.5,0.56,0,0,0,0,180,3,20.0,1,0,1.0,181,0
0.5,0.56,0,0,0,0,180,3,20.0,14,1,2.0,181,0
0.5,0.56,0,0,0,0,180,3,20.0,17,2,3.0,181,0
0.5,0.56,0,0,0,0,180,3,20.0,24,2,4.0,181,0
0.5,0.56,0,0,0,0,180,3,20.0,39,2,5.0,181,0
0.5,0.56,0,0,0,0,180,3,20.0,46,3,6.0,181,0
0.5,0.56,0,0,0,0,180,3,20.0,63,3,7.0,181,0
0.5,0.56,0,0,0,0,180,3,20.0,66,3,8.0,181,0
0.5,0.56,0,0,0,0,180,3,20.0,75,3,9.0,181,0
0.5,0.56,0,0,0,0,180,3,20.0,78,3,10.0,181,0
0.5,0.56,0,0,0,0,180,3,20.0,90,3,11.0,181,0
0.5,0.56,0,0,0,0,180,3,20.0,102,4,12.0,181,0
0.5,0.56,0,0,0,0,180,3,20.0,114,4,13.0,181,0
0.5,0.56,0,0,0,0,180,3,20.0,127,4,14.0,181,0
0.5,0.56,0,0,0,0,180,3,20.0,134,4,15.0,181,0
0.5,0.56,0,0,0,0,180,3,20.0,150,4,16.0,181,0
0.5,0.56,0,0,0,0,180,3,20.0,160,4,17.0,181,0
0.5,0.56,0,0,0,0,180,3,20.0,170,4,18.0,181,0
0.5,0.56,0,0,0,0,180,3,20.0,178,4,19.0,181,0
0.5,0.56,0,0,0,0,180,3,20.0,181,4,19.67,181,0
0.49,0.39,1,1,1,1,12,0,1.0,0,0,0.0,0,0
0.49,0.39,1,1,1,1,14,1,2.0,0,0,0.0,0,0
0.49,0.39,1,1,1,1,23,2,3.0,0,0,0.0,0,0
0.49,0.39,1,1,1,1,27,2,4.0,0,0,0.0,0,0
0.49,0.39,1,1,1,1,31,2,5.0,0,0,0.0,0,0
0.49,0.39,1,1,1,1,37,3,6.0,0,0,0.0,0,0
0.49,0.39,1,1,1,1,40,3,7.0,0,0,0.0,0,0
0.49,0.39,1,1,1,1,48,4,8.0,0,0,0.0,0,0
0.49,0.39,1,1,1,1,50,4,9.0,0,0,0.0,0,0
0.49,0.39,1,1,1,1,59,4,10.0,0,0,0.0,0,0
0.49,0.39,1,1,1,1,62,4,11.0,0,0,0.0,0,0
0.49,0.39,1,1,1,1,70,4,12.0,0,0,0.0,0,0
0.49,0.39,1,1,1,1,76,4,13.0,0,0,0.0,0,0
0.49,0.39,1,1,1,1,85,4,14.0,0,0,0.0,0,0
0.49,0.39,1,1,1,1,90,5,15.0,0,0,0.0,0,0
0.49,0.39,1,1,1,1,98,5,16.0,0,0,0.0,0,0
0.49,0.39,1,1,1,1,104,5,17.0,0,0,0.0,0,0
0.49,0.39,1,1,1,1,109,5,18.0,0,0,0.0,0,0
0.49,0.39,1,1,1,1,110,5,19.0,0,0,0.0,0,0
0.49,0.39,1,1,1,1,117,5,20.0,0,0,0.0,0,0
0.49,0.39,1,1,0,0,117,5,20.0,3,0,1.0,118,0
0.49,0.39,1,1,0,0,117,5,20.0,9,1,2.0,118,0
0.49,0.39,1,1,0,0,117,5,20.0,19,1,3.0,118,0
0.49,0.39,1,1,0,0,117,5,20.0,21,1,4.0,118,0
0.49,0.39,1,1,0,0,117,5,20.0,24,1,5.0,118,0
0.49,0.39,1,1,0,0,117,5,20.0,28,1,6.0,118,0
0.49,0.39,1,1,0,0,117,5,20.0,34,1,7.0,118,0
0.49,0.39,1,1,0,0,117,5,20.0,38,1,8.0,118,0
0.49,0.39,1,1,0,0,117,5,20.0,54,1,9.0,118,0
0.49,0.39,1,1,0,0,117,5,20.0,62,1,10.0,118,0
0.49,0.39,1,1,0,0,117,5,20.0,65,2,11.0,118,0
0.49,0.39,1,1,0,0,117,5,20.0,75,2,12.0,118,0
0.49,0.39,1,1,0,0,117,5,20.0,88,2,13.0,118,0
0.49,0.39,1,1,0,0,117,5,20.0,97,2,14.0,118,0
0.49,0.39,1,1,0,0,117,5,20.0,106,2,15.0,118,0
0.49,0.39,1,1,0,0,117,5,20.0,113,2,16.0,118,0
0.49,0.39,1,1,0,0,117,5,20.0,119,2,16.67,118,0
0.45,0.48,0,1,1,0,0,0,0.0,9,0,1.0,0,0
0.45,0.48,0,1,1,0,0,0,0.0,13,0,2.0,0,0
0.45,0.48,0,1,1,0,0,0,0.0,26,0,3.0,0,0
0.45,0.48,0,1,1,0,0,0,0.0,34,0,4.0,0,0
0.45,0.48,0,1,1,0,0,0,0.0,40,0,5.0,0,0
0.45,0.48,0,1,1,0,0,0,0.0,51,1,6.0,0,0
0.45,0.48,0,1,1,0,0,0,0.0,57,1,7.0,0,0
0.45,0.48,0,1,1,0,0,0,0.0,71,1,8.0,0,0
0.45,0.48,0,1,1,0,0,0,0.0,81,1,9.0,0,0
0.45,0.48,0,1,1,0,0,0,0.0,92,1,10.0,0,0
0.45,0.48,0,1,1,0,0,0,0.0,99,1,11.0,0,0
0.45,0.48,0,1,1,0,0,0,0.0,104,1,12.0,0,0
0.45,0.48,0,1,1,0,0,0,0.0,107,2,13.0,0,0
0.45,0.48,0,1,1,0,0,0,0.0,118,2,14.0,0,0
0.45,0.48,0,1,1,0,0,0,0.0,127,2,15.0,0,0
0.45,0.48,0,1,1,0,0,0,0.0,134,2,16.0,0,0
0.45,0.48,0,1,1,0,0,0,0.0,144,2,17.0,0,0
0.45,0.48,0,1,1,0,0,0,0.0,146,2,18.0,0,0
0.45,0.48,0,1,1,0,0,0,0.0,150,2,19.0,0,0
0.45,0.48,0,1,1,0,0,0,0.0,157,3,20.0,0,0
0.45,0.48,0,1,0,1,8,0,1.0,157,3,20.0,158,0
0.45,0.48,0,1,0,1,14,0,2.0,157,3,20.0,158,0
0.45,0.48,0,1,0,1,26,0,3.0,157,3,20.0,158,0
0.45,0.48,0,1,0,1,30,0,4.0,157,3,20.0,158,0
0.45,0.48,0,1,0,1,36,0,5.0,157,3,20.0,158,0
0.45,0.48,0,1,0,1,45,0,6.0,157,3,20.0,158,0
0.45,0.48,0,1,0,1,45,0,7.0,157,3,20.0,158,0
0.45,0.48,0,1,0,1,49,0,8.0,157,3,20.0,158,0
0.45,0.48,0,1,0,1,51,0,9.0,157,3,20.0,158,0
0.45,0.48,0,1,0,1,56,0,10.0,157,3,20.0,158,0
0.45,0.48,0,1,0,1,66,1,11.0,157,3,20.0,158,0
0.45,0.48,0,1,0,1,70,1,12.0,157,3,20.0,158,0
0.45,0.48,0,1,0,1,81,1,13.0,157,3,20.0,158,0
0.45,0.48,0,1,0,1,96,1,14.0,157,3,20.0,158,0
0.45,0.48,0,1,0,1,107,2,15.0,157,3,20.0,158,0
0.45,0.48,0,1,0,1,122,2,16.0,157,3,20.0,158,0
0.45,0.48,0,1,0,1,138,3,17.0,157,3,20.0,158,0
0.45,0.48,0,1,0,1,142,3,18.0,157,3,20.0,158,0
0.45,0.48,0,1,0,1,151,3,19.0,157,3,20.0,158,0
0.45,0.48,0,1,0,1,153,3,20.0,157,3,20.0,158,0
0.45,0.59,0,1,1,0,0,0,0.0,8,0,1.0,0,1
0.45,0.59,0,1,1,0,0,0,0.0,16,0,2.0,0,1
0.45,0.59,0,1,1,0,0,0,0.0,22,0,3.0,0,1
0.45,0.59,0,1,1,0,0,0,0.0,32,1,4.0,0,1
0.45,0.59,0,1,1,0,0,0,0.0,36,2,5.0,0,1
0.45,0.59,0,1,1,0,0,0,0.0,47,2,6.0,0,1
0.45,0.59,0,1,1,0,0,0,0.0,50,3,7.0,0,1
0.45,0.59,0,1,1,0,0,0,0.0,54,3,8.0,0,1
0.45,0.59,0,1,1,0,0,0,0.0,59,3,9.0,0,1
0.45,0.59,0,1,1,0,0,0,0.0,64,3,10.0,0,1
0.45,0.59,0,1,1,0,0,0,0.0,71,3,11.0,0,1
0.45,0.59,0,1,1,0,0,0,0.0,83,3,12.0,0,1
0.45,0.59,0,1,1,0,0,0,0.0,94,3,13.0,0,1
0.45,0.59,0,1,1,0,0,0,0.0,98,3,14.0,0,1
0.45,0.59,0,1,1,0,0,0,0.0,107,3,15.0,0,1
0.45,0.59,0,1,1,0,0,0,0.0,116,3,16.0,0,1
0.45,0.59,0,1,1,0,0,0,0.0,123,3,17.0,0,1
0.45,0.59,0,1,1,0,0,0,0.0,125,3,18.0,0,1
0.45,0.59,0,1,1,0,0,0,0.0,130,4,19.0,0,1
0.45,0.59,0,1,1,0,0,0,0.0,140,4,20.0,0,1
0.45,0.59,0,1,0,1,4,0,1.0,140,4,20.0,141,1
0.45,0.59,0,1,0,1,18,0,2.0,140,4,20.0,141,1
0.45,0.59,0,1,0,1,29,0,3.0,140,4,20.0,141,1
0.45,0.59,0,1,0,1,30,0,4.0,140,4,20.0,141,1
0.45,0.59,0,1,0,1,35,0,5.0,140,4,20.0,141,1
0.45,0.59,0,1,0,1,40,1,6.0,140,4,20.0,141,1
0.45,0.59,0,1,0,1,45,1,7.0,140,4,20.0,141,1
0.45,0.59,0,1,0,1,52,1,8.0,140,4,20.0,141,1
0.45,0.59,0,1,0,1,63,1,9.0,140,4,20.0,141,1
0.45,0.59,0,1,0,1,66,1,10.0,140,4,20.0,141,1
0.45,0.59,0,1,0,1,78,1,11.0,140,4,20.0,141,1
0.45,0.59,0,1,0,1,85,1,12.0,140,4,20.0,141,1
0.45,0.59,0,1,0,1,91,1,13.0,140,4,20.0,141,1
0.45,0.59,0,1,0,1,97,1,14.0,140,4,20.0,141,1
0.45,0.59,0,1,0,1,100,1,15.0,140,4,20.0,141,1
0.45,0.59,0,1,0,1,110,1,16.0,140,4,20.0,141,1
0.45,0.59,0,1,0,1,130,1,17.0,140,4,20.0,141,1
0.45,0.59,0,1,0,1,137,1,18.0,140,4,20.0,141,1
0.45,0.59,0,1,0,1,139,1,19.0,140,4,20.0,141,1
0.45,0.59,0,1,0,1,141,2,20.0,140,4,20.0,141,1
0.37,0.5,1,1,1,1,4,0,1.0,0,0,0.0,0,0
0.37,0.5,1,1,1,1,17,0,2.0,0,0,0.0,0,0
0.37,0.5,1,1,1,1,18,2,3.0,0,0,0.0,0,0
0.37,0.5,1,1,1,1,30,2,4.0,0,0,0.0,0,0
0.37,0.5,1,1,1,1,40,2,5.0,0,0,0.0,0,0
0.37,0.5,1,1,1,1,44,2,6.0,0,0,0.0,0,0
0.37,0.5,1,1,1,1,48,2,7.0,0,0,0.0,0,0
0.37,0.5,1,1,1,1,55,2,8.0,0,0,0.0,0,0
0.37,0.5,1,1,1,1,63,2,9.0,0,0,0.0,0,0
0.37,0.5,1,1,1,1,65,3,10.0,0,0,0.0,0,0
0.37,0.5,1,1,1,1,67,3,11.0,0,0,0.0,0,0
0.37,0.5,1,1,1,1,70,3,12.0,0,0,0.0,0,0
0.37,0.5,1,1,1,1,83,3,13.0,0,0,0.0,0,0
0.37,0.5,1,1,1,1,88,4,14.0,0,0,0.0,0,0
0.37,0.5,1,1,1,1,91,4,15.0,0,0,0.0,0,0
0.37,0.5,1,1,1,1,100,4,16.0,0,0,0.0,0,0
0.37,0.5,1,1,1,1,101,4,17.0,0,0,0.0,0,0
0.37,0.5,1,1,1,1,104,4,18.0,0,0,0.0,0,0
0.37,0.5,1,1,1,1,112,4,19.0,0,0,0.0,0,0
0.37,0.5,1,1,1,1,120,4,20.0,0,0,0.0,0,0
0.37,0.5,1,1,0,0,120,4,20.0,7,1,1.0,121,0
0.37,0.5,1,1,0,0,120,4,20.0,13,1,2.0,121,0
0.37,0.5,1,1,0,0,120,4,20.0,19,1,3.0,121,0
0.37,0.5,1,1,0,0,120,4,20.0,37,1,4.0,121,0
0.37,0.5,1,1,0,0,120,4,20.0,43,2,5.0,121,0
0.37,0.5,1,1,0,0,120,4,20.0,53,2,6.0,121,0
0.37,0.5,1,1,0,0,120,4,20.0,61,2,7.0,121,0
0.37,0.5,1,1,0,0,120,4,20.0,70,2,8.0,121,0
0.37,0.5,1,1,0,0,120,4,20.0,74,2,9.0,121,0
0.37,0.5,1,1,0,0,120,4,20.0,81,2,10.0,121,0
0.37,0.5,1,1,0,0,120,4,20.0,92,3,11.0,121,0
0.37,0.5,1,1,0,0,120,4,20.0,97,4,12.0,121,0
0.37,0.5,1,1,0,0,120,4,20.0,106,5,13.0,121,0
0.37,0.5,1,1,0,0,120,4,20.0,110,5,14.0,121,0
0.37,0.5,1,1,0,0,120,4,20.0,116,6,15.0,121,0
0.37,0.5,1,1,0,0,120,4,20.0,119,6,16.0,121,0
0.37,0.5,1,1,0,0,120,4,20.0,121,7,17.0,121,0
0.38,0.62,1,1,1,1,4,1,1.0,0,0,0.0,0,0
0.38,0.62,1,1,1,1,8,1,2.0,0,0,0.0,0,0
0.38,0.62,1,1,1,1,10,1,3.0,0,0,0.0,0,0
0.38,0.62,1,1,1,1,16,1,4.0,0,0,0.0,0,0
0.38,0.62,1,1,1,1,18,1,5.0,0,0,0.0,0,0
0.38,0.62,1,1,1,1,30,1,6.0,0,0,0.0,0,0
0.38,0.62,1,1,1,1,35,1,7.0,0,0,0.0,0,0
0.38,0.62,1,1,1,1,42,2,8.0,0,0,0.0,0,0
0.38,0.62,1,1,1,1,52,2,9.0,0,0,0.0,0,0
0.38,0.62,1,1,1,1,55,3,10.0,0,0,0.0,0,0
0.38,0.62,1,1,1,1,57,5,11.0,0,0,0.0,0,0
0.38,0.62,1,1,1,1,60,5,12.0,0,0,0.0,0,0
0.38,0.62,1,1,1,1,66,5,13.0,0,0,0.0,0,0
0.38,0.62,1,1,1,1,68,6,14.0,0,0,0.0,0,0
0.38,0.62,1,1,1,1,81,6,15.0,0,0,0.0,0,0
0.38,0.62,1,1,1,1,88,6,16.0,0,0,0.0,0,0
0.38,0.62,1,1,1,1,95,6,17.0,0,0,0.0,0,0
0.38,0.62,1,1,1,1,103,6,18.0,0,0,0.0,0,0
0.38,0.62,1,1,1,1,111,7,19.0,0,0,0.0,0,0
0.38,0.62,1,1,1,1,115,9,20.0,0,0,0.0,0,0
0.38,0.62,1,1,0,0,115,9,20.0,4,1,1.0,116,0
0.38,0.62,1,1,0,0,115,9,20.0,8,2,2.0,116,0
0.38,0.62,1,1,0,0,115,9,20.0,21,2,3.0,116,0
0.38,0.62,1,1,0,0,115,9,20.0,23,2,4.0,116,0
0.38,0.62,1,1,0,0,115,9,20.0,33,3,5.0,116,0
0.38,0.62,1,1,0,0,115,9,20.0,44,4,6.0,116,0
0.38,0.62,1,1,0,0,115,9,20.0,48,5,7.0,116,0
0.38,0.62,1,1,0,0,115,9,20.0,56,5,8.0,116,0
0.38,0.62,1,1,0,0,115,9,20.0,63,5,9.0,116,0
0.38,0.62,1,1,0,0,115,9,20.0,66,6,10.0,116,0
0.38,0.62,1,1,0,0,115,9,20.0,78,6,11.0,116,0
0.38,0.62,1,1,0,0,115,9,20.0,86,6,12.0,116,0
0.38,0.62,1,1,0,0,115,9,20.0,92,6,13.0,116,0
0.38,0.62,1,1,0,0,115,9,20.0,111,6,14.0,116,0
0.38,0.62,1,1,0,0,115,9,20.0,116,6,14.67,116,0
0.41,0.52,1,0,1,0,0,0,0.0,7,0,1.0,0,0
0.41,0.52,1,0,1,0,0,0,0.0,15,0,2.0,0,0
0.41,0.52,1,0,1,0,0,0,0.0,27,0,3.0,0,0
0.41,0.52,1,0,1,0,0,0,0.0,33,0,4.0,0,0
0.41,0.52,1,0,1,0,0,0,0.0,39,1,5.0,0,0
0.41,0.52,1,0,1,0,0,0,0.0,48,1,6.0,0,0
0.41,0.52,1,0,1,0,0,0,0.0,60,1,7.0,0,0
0.41,0.52,1,0,1,0,0,0,0.0,65,2,8.0,0,0
0.41,0.52,1,0,1,0,0,0,0.0,71,2,9.0,0,0
0.41,0.52,1,0,1,0,0,0,0.0,78,3,10.0,0,0
0.41,0.52,1,0,1,0,0,0,0.0,86,3,11.0,0,0
0.41,0.52,1,0,1,0,0,0,0.0,88,4,12.0,0,0
0.41,0.52,1,0,1,0,0,0,0.0,92,5,13.0,0,0
0.41,0.52,1,0,1,0,0,0,0.0,101,5,14.0,0,0
0.41,0.52,1,0,1,0,0,0,0.0,110,5,15.0,0,0
0.41,0.52,1,0,1,0,0,0,0.0,114,5,16.0,0,0
0.41,0.52,1,0,1,0,0,0,0.0,123,5,17.0,0,0
0.41,0.52,1,0,1,0,0,0,0.0,125,5,18.0,0,0
0.41,0.52,1,0,1,0,0,0,0.0,129,6,19.0,0,0
0.41,0.52,1,0,1,0,0,0,0.0,133,6,20.0,0,0
0.41,0.52,1,0,0,1,8,1,1.0,133,6,20.0,134,0
0.41,0.52,1,0,0,1,20,1,2.0,133,6,20.0,134,0
0.41,0.52,1,0,0,1,27,1,3.0,133,6,20.0,134,0
0.41,0.52,1,0,0,1,33,1,4.0,133,6,20.0,134,0
0.41,0.52,1,0,0,1,39,1,5.0,133,6,20.0,134,0
0.41,0.52,1,0,0,1,42,1,6.0,133,6,20.0,134,0
0.41,0.52,1,0,0,1,47,1,7.0,133,6,20.0,134,0
0.41,0.52,1,0,0,1,56,1,8.0,133,6,20.0,134,0
0.41,0.52,1,0,0,1,57,3,9.0,133,6,20.0,134,0
0.41,0.52,1,0,0,1,58,3,10.0,133,6,20.0,134,0
0.41,0.52,1,0,0,1,63,3,11.0,133,6,20.0,134,0
0.41,0.52,1,0,0,1,67,3,12.0,133,6,20.0,134,0
0.41,0.52,1,0,0,1,72,4,13.0,133,6,20.0,134,0
0.41,0.52,1,0,0,1,78,4,14.0,133,6,20.0,134,0
0.41,0.52,1,0,0,1,83,4,15.0,133,6,20.0,134,0
0.41,0.52,1,0,0,1,94,5,16.0,133,6,20.0,134,0
0.41,0.52,1,0,0,1,106,5,17.0,133,6,20.0,134,0
0.41,0.52,1,0,0,1,114,5,18.0,133,6,20.0,134,0
0.41,0.52,1,0,0,1,122,6,19.0,133,6,20.0,134,0
0.41,0.52,1,0,0,1,133,6,20.0,133,6,20.0,134,0
0.61,0.6,0,1,1,0,0,0,0.0,6,1,1.0,0,1
0.61,0.6,0,1,1,0,0,0,0.0,17,1,2.0,0,1
0.61,0.6,0,1,1,0,0,0,0.0,20,1,3.0,0,1
0.61,0.6,0,1,1,0,0,0,0.0,26,1,4.0,0,1
0.61,0.6,0,1,1,0,0,0,0.0,44,1,5.0,0,1
0.61,0.6,0,1,1,0,0,0,0.0,47,1,6.0,0,1
0.61,0.6,0,1,1,0,0,0,0.0,53,1,7.0,0,1
0.61,0.6,0,1,1,0,0,0,0.0,58,2,8.0,0,1
0.61,0.6,0,1,1,0,0,0,0.0,66,2,9.0,0,1
0.61,0.6,0,1,1,0,0,0,0.0,76,2,10.0,0,1
0.61,0.6,0,1,1,0,0,0,0.0,87,2,11.0,0,1
0.61,0.6,0,1,1,0,0,0,0.0,89,2,12.0,0,1
0.61,0.6,0,1,1,0,0,0,0.0,97,2,13.0,0,1
0.61,0.6,0,1,1,0,0,0,0.0,118,2,14.0,0,1
0.61,0.6,0,1,1,0,0,0,0.0,121,3,15.0,0,1
0.61,0.6,0,1,1,0,0,0,0.0,123,4,16.0,0,1
0.61,0.6,0,1,1,0,0,0,0.0,133,4,17.0,0,1
0.61,0.6,0,1,1,0,0,0,0.0,140,5,18.0,0,1
0.61,0.6,0,1,1,0,0,0,0.0,147,5,19.0,0,1
0.61,0.6,0,1,1,0,0,0,0.0,157,5,20.0,0,1
0.61,0.6,0,1,0,1,7,0,1.0,157,5,20.0,158,1
0.61,0.6,0,1,0,1,13,0,2.0,157,5,20.0,158,1
0.61,0.6,0,1,0,1,23,0,3.0,157,5,20.0,158,1
0.61,0.6,0,1,0,1,34,0,4.0,157,5,20.0,158,1
0.61,0.6,0,1,0,1,38,0,5.0,157,5,20.0,158,1
0.61,0.6,0,1,0,1,55,0,6.0,157,5,20.0,158,1
0.61,0.6,0,1,0,1,62,0,7.0,157,5,20.0,158,1
0.61,0.6,0,1,0,1,72,0,8.0,157,5,20.0,158,1
0.61,0.6,0,1,0,1,80,0,9.0,157,5,20.0,158,1
0.61,0.6,0,1,0,1,80,0,10.0,157,5,20.0,158,1
0.61,0.6,0,1,0,1,93,0,11.0,157,5,20.0,158,1
0.61,0.6,0,1,0,1,98,1,12.0,157,5,20.0,158,1
0.61,0.6,0,1,0,1,102,1,13.0,157,5,20.0,158,1
0.61,0.6,0,1,0,1,110,1,14.0,157,5,20.0,158,1
0.61,0.6,0,1,0,1,116,2,15.0,157,5,20.0,158,1
0.61,0.6,0,1,0,1,124,2,16.0,157,5,20.0,158,1
0.61,0.6,0,1,0,1,128,2,17.0,157,5,20.0,158,1
0.61,0.6,0,1,0,1,134,2,18.0,157,5,20.0,158,1
0.61,0.6,0,1,0,1,147,2,19.0,157,5,20.0,158,1
0.61,0.6,0,1,0,1,159,2,19.67,157,5,20.0,158,1
0.46,0.37,0,1,1,0,0,0,0.0,6,0,1.0,0,1
0.46,0.37,0,1,1,0,0,0,0.0,9,0,2.0,0,1
0.46,0.37,0,1,1,0,0,0,0.0,16,0,3.0,0,1
0.46,0.37,0,1,1,0,0,0,0.0,20,0,4.0,0,1
0.46,0.37,0,1,1,0,0,0,0.0,29,0,5.0,0,1
0.46,0.37,0,1,1,0,0,0,0.0,31,0,6.0,0,1
0.46,0.37,0,1,1,0,0,0,0.0,38,0,7.0,0,1
0.46,0.37,0,1,1,0,0,0,0.0,42,0,8.0,0,1
0.46,0.37,0,1,1,0,0,0,0.0,46,0,9.0,0,1
0.46,0.37,0,1,1,0,0,0,0.0,58,0,10.0,0,1
0.46,0.37,0,1,1,0,0,0,0.0,64,0,11.0,0,1
0.46,0.37,0,1,1,0,0,0,0.0,70,1,12.0,0,1
0.46,0.37,0,1,1,0,0,0,0.0,75,1,13.0,0,1
0.46,0.37,0,1,1,0,0,0,0.0,84,1,14.0,0,1
0.46,0.37,0,1,1,0,0,0,0.0,90,1,15.0,0,1
0.46,0.37,0,1,1,0,0,0,0.0,106,1,16.0,0,1
0.46,0.37,0,1,1,0,0,0,0.0,108,1,17.0,0,1
0.46,0.37,0,1,1,0,0,0,0.0,115,1,18.0,0,1
0.46,0.37,0,1,1,0,0,0,0.0,118,1,19.0,0,1
0.46,0.37,0,1,1,0,0,0,0.0,122,1,20.0,0,1
0.46,0.37,0,1,0,1,6,0,1.0,122,1,20.0,123,1
0.46,0.37,0,1,0,1,19,0,2.0,122,1,20.0,123,1
0.46,0.37,0,1,0,1,26,1,3.0,122,1,20.0,123,1
0.46,0.37,0,1,0,1,30,1,4.0,122,1,20.0,123,1
0.46,0.37,0,1,0,1,43,1,5.0,122,1,20.0,123,1
0.46,0.37,0,1,0,1,59,2,6.0,122,1,20.0,123,1
0.46,0.37,0,1,0,1,62,2,7.0,122,1,20.0,123,1
0.46,0.37,0,1,0,1,68,2,8.0,122,1,20.0,123,1
0.46,0.37,0,1,0,1,78,3,9.0,122,1,20.0,123,1
0.46,0.37,0,1,0,1,92,3,10.0,122,1,20.0,123,1
0.46,0.37,0,1,0,1,97,3,11.0,122,1,20.0,123,1
0.46,0.37,0,1,0,1,102,4,12.0,122,1,20.0,123,1
0.46,0.37,0,1,0,1,116,4,13.0,122,1,20.0,123,1
0.46,0.37,0,1,0,1,121,4,14.0,122,1,20.0,123,1
0.46,0.37,0,1,0,1,126,4,14.67,122,1,20.0,123,1
0.43,0.49,0,1,1,0,0,0,0.0,12,0,1.0,0,1
0.43,0.49,0,1,1,0,0,0,0.0,28,0,2.0,0,1
0.43,0.49,0,1,1,0,0,0,0.0,36,0,3.0,0,1
0.43,0.49,0,1,1,0,0,0,0.0,40,0,4.0,0,1
0.43,0.49,0,1,1,0,0,0,0.0,58,1,5.0,0,1
0.43,0.49,0,1,1,0,0,0,0.0,69,1,6.0,0,1
0.43,0.49,0,1,1,0,0,0,0.0,78,1,7.0,0,1
0.43,0.49,0,1,1,0,0,0,0.0,93,1,8.0,0,1
0.43,0.49,0,1,1,0,0,0,0.0,102,2,9.0,0,1
0.43,0.49,0,1,1,0,0,0,0.0,112,2,10.0,0,1
0.43,0.49,0,1,1,0,0,0,0.0,125,2,11.0,0,1
0.43,0.49,0,1,1,0,0,0,0.0,138,2,12.0,0,1
0.43,0.49,0,1,1,0,0,0,0.0,144,2,13.0,0,1
0.43,0.49,0,1,1,0,0,0,0.0,154,2,14.0,0,1
0.43,0.49,0,1,1,0,0,0,0.0,171,2,15.0,0,1
0.43,0.49,0,1,1,0,0,0,0.0,173,2,16.0,0,1
0.43,0.49,0,1,1,0,0,0,0.0,181,2,17.0,0,1
0.43,0.49,0,1,1,0,0,0,0.0,183,2,18.0,0,1
0.43,0.49,0,1,1,0,0,0,0.0,191,3,19.0,0,1
0.43,0.49,0,1,1,0,0,0,0.0,194,3,20.0,0,1
0.43,0.49,0,1,0,1,21,0,1.0,194,3,20.0,195,1
0.43,0.49,0,1,0,1,27,0,2.0,194,3,20.0,195,1
0.43,0.49,0,1,0,1,36,0,3.0,194,3,20.0,195,1
0.43,0.49,0,1,0,1,44,0,4.0,194,3,20.0,195,1
0.43,0.49,0,1,0,1,57,0,5.0,194,3,20.0,195,1
0.43,0.49,0,1,0,1,62,0,6.0,194,3,20.0,195,1
0.43,0.49,0,1,0,1,72,0,7.0,194,3,20.0,195,1
0.43,0.49,0,1,0,1,82,1,8.0,194,3,20.0,195,1
0.43,0.49,0,1,0,1,89,1,9.0,194,3,20.0,195,1
0.43,0.49,0,1,0,1,100,1,10.0,194,3,20.0,195,1
0.43,0.49,0,1,0,1,110,2,11.0,194,3,20.0,195,1
0.43,0.49,0,1,0,1,121,2,12.0,194,3,20.0,195,1
0.43,0.49,0,1,0,1,127,3,13.0,194,3,20.0,195,1
0.43,0.49,0,1,0,1,136,3,14.0,194,3,20.0,195,1
0.43,0.49,0,1,0,1,141,3,15.0,194,3,20.0,195,1
0.43,0.49,0,1,0,1,147,3,16.0,194,3,20.0,195,1
0.43,0.49,0,1,0,1,157,4,17.0,194,3,20.0,195,1
0.43,0.49,0,1,0,1,162,4,18.0,194,3,20.0,195,1
0.43,0.49,0,1,0,1,181,4,19.0,194,3,20.0,195,1
0.43,0.49,0,1,0,1,195,4,19.83,194,3,20.0,195,1
0.65,0.37,0,1,1,0,0,0,0.0,6,0,1.0,0,1
0.65,0.37,0,1,1,0,0,0,0.0,10,0,2.0,0,1
0.65,0.37,0,1,1,0,0,0,0.0,14,1,3.0,0,1
0.65,0.37,0,1,1,0,0,0,0.0,19,1,4.0,0,1
0.65,0.37,0,1,1,0,0,0,0.0,28,1,5.0,0,1
0.65,0.37,0,1,1,0,0,0,0.0,36,1,6.0,0,1
0.65,0.37,0,1,1,0,0,0,0.0,40,1,7.0,0,1
0.65,0.37,0,1,1,0,0,0,0.0,42,1,8.0,0,1
0.65,0.37,0,1,1,0,0,0,0.0,43,1,9.0,0,1
0.65,0.37,0,1,1,0,0,0,0.0,46,1,10.0,0,1
0.65,0.37,0,1,1,0,0,0,0.0,53,1,11.0,0,1
0.65,0.37,0,1,1,0,0,0,0.0,60,2,12.0,0,1
0.65,0.37,0,1,1,0,0,0,0.0,65,2,13.0,0,1
0.65,0.37,0,1,1,0,0,0,0.0,72,3,14.0,0,1
0.65,0.37,0,1,1,0,0,0,0.0,82,3,15.0,0,1
0.65,0.37,0,1,1,0,0,0,0.0,86,5,16.0,0,1
0.65,0.37,0,1,1,0,0,0,0.0,92,6,17.0,0,1
0.65,0.37,0,1,1,0,0,0,0.0,101,6,18.0,0,1
0.65,0.37,0,1,1,0,0,0,0.0,104,7,19.0,0,1
0.65,0.37,0,1,1,0,0,0,0.0,110,9,20.0,0,1
0.65,0.37,0,1,0,1,3,0,1.0,110,9,20.0,111,1
0.65,0.37,0,1,0,1,8,0,2.0,110,9,20.0,111,1
0.65,0.37,0,1,0,1,28,0,3.0,110,9,20.0,111,1
0.65,0.37,0,1,0,1,37,0,4.0,110,9,20.0,111,1
0.65,0.37,0,1,0,1,50,0,5.0,110,9,20.0,111,1
0.65,0.37,0,1,0,1,53,1,6.0,110,9,20.0,111,1
0.65,0.37,0,1,0,1,62,1,7.0,110,9,20.0,111,1
0.65,0.37,0,1,0,1,79,1,8.0,110,9,20.0,111,1
0.65,0.37,0,1,0,1,89,1,9.0,110,9,20.0,111,1
0.65,0.37,0,1,0,1,109,1,10.0,110,9,20.0,111,1
0.65,0.37,0,1,0,1,115,1,10.33,110,9,20.0,111,1
0.59,0.63,0,1,1,0,0,0,0.0,7,0,1.0,0,1
0.59,0.63,0,1,1,0,0,0,0.0,13,0,2.0,0,1
0.59,0.63,0,1,1,0,0,0,0.0,15,0,3.0,0,1
0.59,0.63,0,1,1,0,0,0,0.0,19,0,4.0,0,1
0.59,0.63,0,1,1,0,0,0,0.0,21,0,5.0,0,1
0.59,0.63,0,1,1,0,0,0,0.0,24,0,6.0,0,1
0.59,0.63,0,1,1,0,0,0,0.0,31,1,7.0,0,1
0.59,0.63,0,1,1,0,0,0,0.0,33,2,8.0,0,1
0.59,0.63,0,1,1,0,0,0,0.0,42,2,9.0,0,1
0.59,0.63,0,1,1,0,0,0,0.0,47,2,10.0,0,1
0.59,0.63,0,1,1,0,0,0,0.0,58,2,11.0,0,1
0.59,0.63,0,1,1,0,0,0,0.0,69,2,12.0,0,1
0.59,0.63,0,1,1,0,0,0,0.0,74,2,13.0,0,1
0.59,0.63,0,1,1,0,0,0,0.0,85,2,14.0,0,1
0.59,0.63,0,1,1,0,0,0,0.0,87,2,15.0,0,1
0.59,0.63,0,1,1,0,0,0,0.0,88,3,16.0,0,1
0.59,0.63,0,1,1,0,0,0,0.0,93,3,17.0,0,1
0.59,0.63,0,1,1,0,0,0,0.0,99,3,18.0,0,1
0.59,0.63,0,1,1,0,0,0,0.0,104,3,19.0,0,1
0.59,0.63,0,1,1,0,0,0,0.0,105,3,20.0,0,1
0.59,0.63,0,1,0,1,8,0,1.0,105,3,20.0,106,1
0.59,0.63,0,1,0,1,17,0,2.0,105,3,20.0,106,1
0.59,0.63,0,1,0,1,27,0,3.0,105,3,20.0,106,1
0.59,0.63,0,1,0,1,32,0,4.0,105,3,20.0,106,1
0.59,0.63,0,1,0,1,35,0,5.0,105,3,20.0,106,1
0.59,0.63,0,1,0,1,49,0,6.0,105,3,20.0,106,1
0.59,0.63,0,1,0,1,51,1,7.0,105,3,20.0,106,1
0.59,0.63,0,1,0,1,58,2,8.0,105,3,20.0,106,1
0.59,0.63,0,1,0,1,63,2,9.0,105,3,20.0,106,1
0.59,0.63,0,1,0,1,79,2,10.0,105,3,20.0,106,1
0.59,0.63,0,1,0,1,85,2,11.0,105,3,20.0,106,1
0.59,0.63,0,1,0,1,95,3,12.0,105,3,20.0,106,1
0.59,0.63,0,1,0,1,97,3,13.0,105,3,20.0,106,1
0.59,0.63,0,1,0,1,99,3,14.0,105,3,20.0,106,1
0.59,0.63,0,1,0,1,101,4,15.0,105,3,20.0,106,1
0.59,0.63,0,1,0,1,102,4,16.0,105,3,20.0,106,1
0.59,0.63,0,1,0,1,106,4,16.17,105,3,20.0,106,1
0.38,0.38,1,1,1,1,3,0,1.0,0,0,0.0,0,0
0.38,0.38,1,1,1,1,15,0,2.0,0,0,0.0,0,0
0.38,0.38,1,1,1,1,29,0,3.0,0,0,0.0,0,0
0.38,0.38,1,1,1,1,36,0,4.0,0,0,0.0,0,0
0.38,0.38,1,1,1,1,43,1,5.0,0,0,0.0,0,0
0.38,0.38,1,1,1,1,51,1,6.0,0,0,0.0,0,0
0.38,0.38,1,1,1,1,56,1,7.0,0,0,0.0,0,0
0.38,0.38,1,1,1,1,58,1,8.0,0,0,0.0,0,0
0.38,0.38,1,1,1,1,70,1,9.0,0,0,0.0,0,0
0.38,0.38,1,1,1,1,73,2,10.0,0,0,0.0,0,0
0.38,0.38,1,1,1,1,77,3,11.0,0,0,0.0,0,0
0.38,0.38,1,1,1,1,85,3,12.0,0,0,0.0,0,0
0.38,0.38,1,1,1,1,89,3,13.0,0,0,0.0,0,0
0.38,0.38,1,1,1,1,92,3,14.0,0,0,0.0,0,0
0.38,0.38,1,1,1,1,98,3,15.0,0,0,0.0,0,0
0.38,0.38,1,1,1,1,109,3,16.0,0,0,0.0,0,0
0.38,0.38,1,1,1,1,115,3,17.0,0,0,0.0,0,0
0.38,0.38,1,1,1,1,116,3,18.0,0,0,0.0,0,0
0.38,0.38,1,1,1,1,124,3,19.0,0,0,0.0,0,0
0.38,0.38,1,1,1,1,136,3,20.0,0,0,0.0,0,0
0.38,0.38,1,1,0,0,136,3,20.0,4,0,1.0,137,0
0.38,0.38,1,1,0,0,136,3,20.0,8,0,2.0,137,0
0.38,0.38,1,1,0,0,136,3,20.0,12,0,3.0,137,0
0.38,0.38,1,1,0,0,136,3,20.0,19,0,4.0,137,0
0.38,0.38,1,1,0,0,136,3,20.0,30,0,5.0,137,0
0.38,0.38,1,1,0,0,136,3,20.0,33,0,6.0,137,0
0.38,0.38,1,1,0,0,136,3,20.0,45,0,7.0,137,0
0.38,0.38,1,1,0,0,136,3,20.0,49,0,8.0,137,0
0.38,0.38,1,1,0,0,136,3,20.0,52,1,9.0,137,0
0.38,0.38,1,1,0,0,136,3,20.0,58,1,10.0,137,0
0.38,0.38,1,1,0,0,136,3,20.0,69,1,11.0,137,0
0.38,0.38,1,1,0,0,136,3,20.0,74,1,12.0,137,0
0.38,0.38,1,1,0,0,136,3,20.0,76,2,13.0,137,0
0.38,0.38,1,1,0,0,136,3,20.0,86,2,14.0,137,0
0.38,0.38,1,1,0,0,136,3,20.0,94,2,15.0,137,0
0.38,0.38,1,1,0,0,136,3,20.0,101,2,16.0,137,0
0.38,0.38,1,1,0,0,136,3,20.0,106,2,17.0,137,0
0.38,0.38,1,1,0,0,136,3,20.0,117,2,18.0,137,0
0.38,0.38,1,1,0,0,136,3,20.0,126,3,19.0,137,0
0.38,0.38,1,1,0,0,136,3,20.0,137,3,19.67,137,0
0.47,0.4,1,0,1,0,0,0,0.0,11,0,1.0,0,1
0.47,0.4,1,0,1,0,0,0,0.0,14,1,2.0,0,1
0.47,0.4,1,0,1,0,0,0,0.0,27,1,3.0,0,1
0.47,0.4,1,0,1,0,0,0,0.0,36,1,4.0,0,1
0.47,0.4,1,0,1,0,0,0,0.0,42,1,5.0,0,1
0.47,0.4,1,0,1,0,0,0,0.0,45,1,6.0,0,1
0.47,0.4,1,0,1,0,0,0,0.0,49,2,7.0,0,1
0.47,0.4,1,0,1,0,0,0,0.0,49,3,8.0,0,1
0.47,0.4,1,0,1,0,0,0,0.0,60,3,9.0,0,1
0.47,0.4,1,0,1,0,0,0,0.0,64,3,10.0,0,1
0.47,0.4,1,0,1,0,0,0,0.0,69,3,11.0,0,1
0.47,0.4,1,0,1,0,0,0,0.0,80,3,12.0,0,1
0.47,0.4,1,0,1,0,0,0,0.0,84,3,13.0,0,1
0.47,0.4,1,0,1,0,0,0,0.0,98,3,14.0,0,1
0.47,0.4,1,0,1,0,0,0,0.0,112,3,15.0,0,1
0.47,0.4,1,0,1,0,0,0,0.0,120,3,16.0,0,1
0.47,0.4,1,0,1,0,0,0,0.0,127,4,17.0,0,1
0.47,0.4,1,0,1,0,0,0,0.0,131,4,18.0,0,1
0.47,0.4,1,0,1,0,0,0,0.0,139,4,19.0,0,1
0.47,0.4,1,0,1,0,0,0,0.0,142,5,20.0,0,1
0.47,0.4,1,0,0,1,7,0,1.0,142,5,20.0,143,1
0.47,0.4,1,0,0,1,11,0,2.0,142,5,20.0,143,1
0.47,0.4,1,0,0,1,19,0,3.0,142,5,20.0,143,1
0.47,0.4,1,0,0,1,25,1,4.0,142,5,20.0,143,1
0.47,0.4,1,0,0,1,30,1,5.0,142,5,20.0,143,1
0.47,0.4,1,0,0,1,41,1,6.0,142,5,20.0,143,1
0.47,0.4,1,0,0,1,50,1,7.0,142,5,20.0,143,1
0.47,0.4,1,0,0,1,58,1,8.0,142,5,20.0,143,1
0.47,0.4,1,0,0,1,68,1,9.0,142,5,20.0,143,1
0.47,0.4,1,0,0,1,78,1,10.0,142,5,20.0,143,1
0.47,0.4,1,0,0,1,93,1,11.0,142,5,20.0,143,1
0.47,0.4,1,0,0,1,102,1,12.0,142,5,20.0,143,1
0.47,0.4,1,0,0,1,106,1,13.0,142,5,20.0,143,1
0.47,0.4,1,0,0,1,112,1,14.0,142,5,20.0,143,1
0.47,0.4,1,0,0,1,116,1,15.0,142,5,20.0,143,1
0.47,0.4,1,0,0,1,121,1,16.0,142,5,20.0,143,1
0.47,0.4,1,0,0,1,124,2,17.0,142,5,20.0,143,1
0.47,0.4,1,0,0,1,130,3,18.0,142,5,20.0,143,1
0.47,0.4,1,0,0,1,138,3,19.0,142,5,20.0,143,1
0.47,0.4,1,0,0,1,143,3,19.5,142,5,20.0,143,1
0.51,0.62,0,0,1,1,7,0,1.0,0,0,0.0,0,0
0.51,0.62,0,0,1,1,13,0,2.0,0,0,0.0,0,0
0.51,0.62,0,0,1,1,17,0,3.0,0,0,0.0,0,0
0.51,0.62,0,0,1,1,22,0,4.0,0,0,0.0,0,0
0.51,0.62,0,0,1,1,30,1,5.0,0,0,0.0,0,0
0.51,0.62,0,0,1,1,40,1,6.0,0,0,0.0,0,0
0.51,0.62,0,0,1,1,50,1,7.0,0,0,0.0,0,0
0.51,0.62,0,0,1,1,58,1,8.0,0,0,0.0,0,0
0.51,0.62,0,0,1,1,63,3,9.0,0,0,0.0,0,0
0.51,0.62,0,0,1,1,66,3,10.0,0,0,0.0,0,0
0.51,0.62,0,0,1,1,80,3,11.0,0,0,0.0,0,0
0.51,0.62,0,0,1,1,84,3,12.0,0,0,0.0,0,0
0.51,0.62,0,0,1,1,87,3,13.0,0,0,0.0,0,0
0.51,0.62,0,0,1,1,95,4,14.0,0,0,0.0,0,0
0.51,0.62,0,0,1,1,99,4,15.0,0,0,0.0,0,0
0.51,0.62,0,0,1,1,106,4,16.0,0,0,0.0,0,0
0.51,0.62,0,0,1,1,107,4,17.0,0,0,0.0,0,0
0.51,0.62,0,0,1,1,111,5,18.0,0,0,0.0,0,0
0.51,0.62,0,0,1,1,118,5,19.0,0,0,0.0,0,0
0.51,0.62,0,0,1,1,128,6,20.0,0,0,0.0,0,0
0.51,0.62,0,0,0,0,128,6,20.0,8,0,1.0,129,0
0.51,0.62,0,0,0,0,128,6,20.0,21,1,2.0,129,0
0.51,0.62,0,0,0,0,128,6,20.0,25,2,3.0,129,0
0.51,0.62,0,0,0,0,128,6,20.0,33,2,4.0,129,0
0.51,0.62,0,0,0,0,128,6,20.0,42,2,5.0,129,0
0.51,0.62,0,0,0,0,128,6,20.0,45,2,6.0,129,0
0.51,0.62,0,0,0,0,128,6,20.0,53,2,7.0,129,0
0.51,0.62,0,0,0,0,128,6,20.0,58,2,8.0,129,0
0.51,0.62,0,0,0,0,128,6,20.0,67,2,9.0,129,0
0.51,0.62,0,0,0,0,128,6,20.0,70,4,10.0,129,0
0.51,0.62,0,0,0,0,128,6,20.0,81,5,11.0,129,0
0.51,0.62,0,0,0,0,128,6,20.0,91,5,12.0,129,0
0.51,0.62,0,0,0,0,128,6,20.0,101,5,13.0,129,0
0.51,0.62,0,0,0,0,128,6,20.0,101,6,14.0,129,0
0.51,0.62,0,0,0,0,128,6,20.0,112,6,15.0,129,0
0.51,0.62,0,0,0,0,128,6,20.0,117,7,16.0,129,0
0.51,0.62,0,0,0,0,128,6,20.0,123,8,17.0,129,0
0.51,0.62,0,0,0,0,128,6,20.0,129,8,17.5,129,0
0.52,0.56,1,1,1,1,0,0,1.0,0,0,0.0,0,0
0.52,0.56,1,1,1,1,12,0,2.0,0,0,0.0,0,0
0.52,0.56,1,1,1,1,19,0,3.0,0,0,0.0,0,0
0.52,0.56,1,1,1,1,28,0,4.0,0,0,0.0,0,0
0.52,0.56,1,1,1,1,33,1,5.0,0,0,0.0,0,0
0.52,0.56,1,1,1,1,36,3,6.0,0,0,0.0,0,0
0.52,0.56,1,1,1,1,47,3,7.0,0,0,0.0,0,0
0.52,0.56,1,1,1,1,50,4,8.0,0,0,0.0,0,0
0.52,0.56,1,1,1,1,55,4,9.0,0,0,0.0,0,0
0.52,0.56,1,1,1,1,64,4,10.0,0,0,0.0,0,0
0.52,0.56,1,1,1,1,67,4,11.0,0,0,0.0,0,0
0.52,0.56,1,1,1,1,72,4,12.0,0,0,0.0,0,0
0.52,0.56,1,1,1,1,76,4,13.0,0,0,0.0,0,0
0.52,0.56,1,1,1,1,81,4,14.0,0,0,0.0,0,0
0.52,0.56,1,1,1,1,89,5,15.0,0,0,0.0,0,0
0.52,0.56,1,1,1,1,100,5,16.0,0,0,0.0,0,0
0.52,0.56,1,1,1,1,103,5,17.0,0,0,0.0,0,0
0.52,0.56,1,1,1,1,106,5,18.0,0,0,0.0,0,0
0.52,0.56,1,1,1,1,109,6,19.0,0,0,0.0,0,0
0.52,0.56,1,1,1,1,119,6,20.0,0,0,0.0,0,0
0.52,0.56,1,1,0,0,119,6,20.0,13,0,1.0,120,0
0.52,0.56,1,1,0,0,119,6,20.0,25,0,2.0,120,0
0.52,0.56,1,1,0,0,119,6,20.0,34,0,3.0,120,0
0.52,0.56,1,1,0,0,119,6,20.0,44,0,4.0,120,0
0.52,0.56,1,1,0,0,119,6,20.0,49,0,5.0,120,0
0.52,0.56,1,1,0,0,119,6,20.0,57,0,6.0,120,0
0.52,0.56,1,1,0,0,119,6,20.0,63,0,7.0,120,0
0.52,0.56,1,1,0,0,119,6,20.0,71,0,8.0,120,0
0.52,0.56,1,1,0,0,119,6,20.0,77,1,9.0,120,0
0.52,0.56,1,1,0,0,119,6,20.0,87,1,10.0,120,0
0.52,0.56,1,1,0,0,119,6,20.0,96,1,11.0,120,0
0.52,0.56,1,1,0,0,119,6,20.0,103,1,12.0,120,0
0.52,0.56,1,1,0,0,119,6,20.0,108,3,13.0,120,0
0.52,0.56,1,1,0,0,119,6,20.0,110,3,14.0,120,0
0.52,0.56,1,1,0,0,119,6,20.0,113,3,15.0,120,0
0.52,0.56,1,1,0,0,119,6,20.0,114,3,16.0,120,0
0.52,0.56,1,1,0,0,119,6,20.0,120,3,16.5,120,0
0.48,0.64,1,1,1,1,7,1,1.0,0,0,0.0,0,0
0.48,0.64,1,1,1,1,14,2,2.0,0,0,0.0,0,0
0.48,0.64,1,1,1,1,19,2,3.0,0,0,0.0,0,0
0.48,0.64,1,1,1,1,26,2,4.0,0,0,0.0,0,0
0.48,0.64,1,1,1,1,33,2,5.0,0,0,0.0,0,0
0.48,0.64,1,1,1,1,35,2,6.0,0,0,0.0,0,0
0.48,0.64,1,1,1,1,39,2,7.0,0,0,0.0,0,0
0.48,0.64,1,1,1,1,48,2,8.0,0,0,0.0,0,0
0.48,0.64,1,1,1,1,52,2,9.0,0,0,0.0,0,0
0.48,0.64,1,1,1,1,56,2,10.0,0,0,0.0,0,0
0.48,0.64,1,1,1,1,60,2,11.0,0,0,0.0,0,0
0.48,0.64,1,1,1,1,65,2,12.0,0,0,0.0,0,0
0.48,0.64,1,1,1,1,70,2,13.0,0,0,0.0,0,0
0.48,0.64,1,1,1,1,74,3,14.0,0,0,0.0,0,0
0.48,0.64,1,1,1,1,77,3,15.0,0,0,0.0,0,0
0.48,0.64,1,1,1,1,86,3,16.0,0,0,0.0,0,0
0.48,0.64,1,1,1,1,100,3,17.0,0,0,0.0,0,0
0.48,0.64,1,1,1,1,113,3,18.0,0,0,0.0,0,0
0.48,0.64,1,1,1,1,117,3,19.0,0,0,0.0,0,0
0.48,0.64,1,1,1,1,133,3,20.0,0,0,0.0,0,0
0.48,0.64,1,1,0,0,133,3,20.0,5,0,1.0,134,0
0.48,0.64,1,1,0,0,133,3,20.0,13,0,2.0,134,0
0.48,0.64,1,1,0,0,133,3,20.0,23,0,3.0,134,0
0.48,0.64,1,1,0,0,133,3,20.0,32,1,4.0,134,0
0.48,0.64,1,1,0,0,133,3,20.0,35,1,5.0,134,0
0.48,0.64,1,1,0,0,133,3,20.0,42,1,6.0,134,0
0.48,0.64,1,1,0,0,133,3,20.0,55,2,7.0,134,0
0.48,0.64,1,1,0,0,133,3,20.0,71,2,8.0,134,0
0.48,0.64,1,1,0,0,133,3,20.0,85,2,9.0,134,0
0.48,0.64,1,1,0,0,133,3,20.0,96,2,10.0,134,0
0.48,0.64,1,1,0,0,133,3,20.0,103,2,11.0,134,0
0.48,0.64,1,1,0,0,133,3,20.0,122,2,12.0,134,0
0.48,0.64,1,1,0,0,133,3,20.0,127,2,13.0,134,0
0.48,0.64,1,1,0,0,133,3,20.0,134,2,13.33,134,0
0.38,0.51,1,0,1,0,0,0,0.0,11,0,1.0,0,1
0.38,0.51,1,0,1,0,0,0,0.0,20,0,2.0,0,1
0.38,0.51,1,0,1,0,0,0,0.0,26,0,3.0,0,1
0.38,0.51,1,0,1,0,0,0,0.0,35,0,4.0,0,1
0.38,0.51,1,0,1,0,0,0,0.0,40,0,5.0,0,1
0.38,0.51,1,0,1,0,0,0,0.0,49,1,6.0,0,1
0.38,0.51,1,0,1,0,0,0,0.0,56,1,7.0,0,1
0.38,0.51,1,0,1,0,0,0,0.0,67,1,8.0,0,1
0.38,0.51,1,0,1,0,0,0,0.0,71,1,9.0,0,1
0.38,0.51,1,0,1,0,0,0,0.0,75,1,10.0,0,1
0.38,0.51,1,0,1,0,0,0,0.0,84,1,11.0,0,1
0.38,0.51,1,0,1,0,0,0,0.0,88,1,12.0,0,1
0.38,0.51,1,0,1,0,0,0,0.0,97,1,13.0,0,1
0.38,0.51,1,0,1,0,0,0,0.0,105,1,14.0,0,1
0.38,0.51,1,0,1,0,0,0,0.0,116,1,15.0,0,1
0.38,0.51,1,0,1,0,0,0,0.0,119,1,16.0,0,1
0.38,0.51,1,0,1,0,0,0,0.0,125,1,17.0,0,1
0.38,0.51,1,0,1,0,0,0,0.0,136,1,18.0,0,1
0.38,0.51,1,0,1,0,0,0,0.0,140,1,19.0,0,1
0.38,0.51,1,0,1,0,0,0,0.0,144,1,20.0,0,1
0.38,0.51,1,0,0,1,7,0,1.0,144,1,20.0,145,1
0.38,0.51,1,0,0,1,10,1,2.0,144,1,20.0,145,1
0.38,0.51,1,0,0,1,18,1,3.0,144,1,20.0,145,1
0.38,0.51,1,0,0,1,21,1,4.0,144,1,20.0,145,1
0.38,0.51,1,0,0,1,25,2,5.0,144,1,20.0,145,1
0.38,0.51,1,0,0,1,43,2,6.0,144,1,20.0,145,1
0.38,0.51,1,0,0,1,45,2,7.0,144,1,20.0,145,1
0.38,0.51,1,0,0,1,55,2,8.0,144,1,20.0,145,1
0.38,0.51,1,0,0,1,61,3,9.0,144,1,20.0,145,1
0.38,0.51,1,0,0,1,67,3,10.0,144,1,20.0,145,1
0.38,0.51,1,0,0,1,73,4,11.0,144,1,20.0,145,1
0.38,0.51,1,0,0,1,79,4,12.0,144,1,20.0,145,1
0.38,0.51,1,0,0,1,92,5,13.0,144,1,20.0,145,1
0.38,0.51,1,0,0,1,97,5,14.0,144,1,20.0,145,1
0.38,0.51,1,0,0,1,104,5,15.0,144,1,20.0,145,1
0.38,0.51,1,0,0,1,111,5,16.0,144,1,20.0,145,1
0.38,0.51,1,0,0,1,114,5,17.0,144,1,20.0,145,1
0.38,0.51,1,0,0,1,123,5,18.0,144,1,20.0,145,1
0.38,0.51,1,0,0,1,133,5,19.0,144,1,20.0,145,1
0.38,0.51,1,0,0,1,145,5,20.0,144,1,20.0,145,1
0.52,0.65,1,1,1,1,14,0,1.0,0,0,0.0,0,0
0.52,0.65,1,1,1,1,17,1,2.0,0,0,0.0,0,0
0.52,0.65,1,1,1,1,29,1,3.0,0,0,0.0,0,0
0.52,0.65,1,1,1,1,36,1,4.0,0,0,0.0,0,0
0.52,0.65,1,1,1,1,44,1,5.0,0,0,0.0,0,0
0.52,0.65,1,1,1,1,48,1,6.0,0,0,0.0,0,0
0.52,0.65,1,1,1,1,55,1,7.0,0,0,0.0,0,0
0.52,0.65,1,1,1,1,56,1,8.0,0,0,0.0,0,0
0.52,0.65,1,1,1,1,57,2,9.0,0,0,0.0,0,0
0.52,0.65,1,1,1,1,66,2,10.0,0,0,0.0,0,0
0.52,0.65,1,1,1,1,73,2,11.0,0,0,0.0,0,0
0.52,0.65,1,1,1,1,84,2,12.0,0,0,0.0,0,0
0.52,0.65,1,1,1,1,93,2,13.0,0,0,0.0,0,0
0.52,0.65,1,1,1,1,97,2,14.0,0,0,0.0,0,0
0.52,0.65,1,1,1,1,104,2,15.0,0,0,0.0,0,0
0.52,0.65,1,1,1,1,109,2,16.0,0,0,0.0,0,0
0.52,0.65,1,1,1,1,116,3,17.0,0,0,0.0,0,0
0.52,0.65,1,1,1,1,119,4,18.0,0,0,0.0,0,0
0.52,0.65,1,1,1,1,124,4,19.0,0,0,0.0,0,0
0.52,0.65,1,1,1,1,132,4,20.0,0,0,0.0,0,0
0.52,0.65,1,1,0,0,132,4,20.0,13,1,1.0,133,0
0.52,0.65,1,1,0,0,132,4,20.0,20,2,2.0,133,0
0.52,0.65,1,1,0,0,132,4,20.0,24,2,3.0,133,0
0.52,0.65,1,1,0,0,132,4,20.0,30,2,4.0,133,0
0.52,0.65,1,1,0,0,132,4,20.0,45,3,5.0,133,0
0.52,0.65,1,1,0,0,132,4,20.0,48,3,6.0,133,0
0.52,0.65,1,1,0,0,132,4,20.0,54,3,7.0,133,0
0.52,0.65,1,1,0,0,132,4,20.0,66,3,8.0,133,0
0.52,0.65,1,1,0,0,132,4,20.0,66,3,9.0,133,0
0.52,0.65,1,1,0,0,132,4,20.0,85,3,10.0,133,0
0.52,0.65,1,1,0,0,132,4,20.0,99,3,11.0,133,0
0.52,0.65,1,1,0,0,132,4,20.0,103,3,12.0,133,0
0.52,0.65,1,1,0,0,132,4,20.0,112,4,13.0,133,0
0.52,0.65,1,1,0,0,132,4,20.0,120,5,14.0,133,0
0.52,0.65,1,1,0,0,132,4,20.0,136,6,15.0,133,0
0.55,0.63,1,1,1,1,8,0,1.0,0,0,0.0,0,0
0.55,0.63,1,1,1,1,13,1,2.0,0,0,0.0,0,0
0.55,0.63,1,1,1,1,30,1,3.0,0,0,0.0,0,0
0.55,0.63,1,1,1,1,42,1,4.0,0,0,0.0,0,0
0.55,0.63,1,1,1,1,54,1,5.0,0,0,0.0,0,0
0.55,0.63,1,1,1,1,60,1,6.0,0,0,0.0,0,0
0.55,0.63,1,1,1,1,66,1,7.0,0,0,0.0,0,0
0.55,0.63,1,1,1,1,73,1,8.0,0,0,0.0,0,0
0.55,0.63,1,1,1,1,84,1,9.0,0,0,0.0,0,0
0.55,0.63,1,1,1,1,86,1,10.0,0,0,0.0,0,0
0.55,0.63,1,1,1,1,91,1,11.0,0,0,0.0,0,0
0.55,0.63,1,1,1,1,94,1,12.0,0,0,0.0,0,0
0.55,0.63,1,1,1,1,105,2,13.0,0,0,0.0,0,0
0.55,0.63,1,1,1,1,113,2,14.0,0,0,0.0,0,0
0.55,0.63,1,1,1,1,118,2,15.0,0,0,0.0,0,0
0.55,0.63,1,1,1,1,127,3,16.0,0,0,0.0,0,0
0.55,0.63,1,1,1,1,139,3,17.0,0,0,0.0,0,0
0.55,0.63,1,1,1,1,145,3,18.0,0,0,0.0,0,0
0.55,0.63,1,1,1,1,156,3,19.0,0,0,0.0,0,0
0.55,0.63,1,1,1,1,159,4,20.0,0,0,0.0,0,0
0.55,0.63,1,1,0,0,159,4,20.0,8,0,1.0,160,0
0.55,0.63,1,1,0,0,159,4,20.0,24,0,2.0,160,0
0.55,0.63,1,1,0,0,159,4,20.0,32,0,3.0,160,0
0.55,0.63,1,1,0,0,159,4,20.0,42,0,4.0,160,0
0.55,0.63,1,1,0,0,159,4,20.0,51,0,5.0,160,0
0.55,0.63,1,1,0,0,159,4,20.0,55,0,6.0,160,0
0.55,0.63,1,1,0,0,159,4,20.0,63,0,7.0,160,0
0.55,0.63,1,1,0,0,159,4,20.0,77,0,8.0,160,0
0.55,0.63,1,1,0,0,159,4,20.0,82,1,9.0,160,0
0.55,0.63,1,1,0,0,159,4,20.0,94,2,10.0,160,0
0.55,0.63,1,1,0,0,159,4,20.0,96,2,11.0,160,0
0.55,0.63,1,1,0,0,159,4,20.0,99,2,12.0,160,0
0.55,0.63,1,1,0,0,159,4,20.0,108,2,13.0,160,0
0.55,0.63,1,1,0,0,159,4,20.0,117,2,14.0,160,0
0.55,0.63,1,1,0,0,159,4,20.0,121,3,15.0,160,0
0.55,0.63,1,1,0,0,159,4,20.0,132,3,16.0,160,0
0.55,0.63,1,1,0,0,159,4,20.0,138,3,17.0,160,0
0.55,0.63,1,1,0,0,159,4,20.0,149,3,18.0,160,0
0.55,0.63,1,1,0,0,159,4,20.0,157,3,19.0,160,0
0.55,0.63,1,1,0,0,159,4,20.0,160,3,19.5,160,0
0.41,0.43,1,0,1,0,0,0,0.0,4,1,1.0,0,1
0.41,0.43,1,0,1,0,0,0,0.0,9,1,2.0,0,1
0.41,0.43,1,0,1,0,0,0,0.0,22,1,3.0,0,1
0.41,0.43,1,0,1,0,0,0,0.0,26,1,4.0,0,1
0.41,0.43,1,0,1,0,0,0,0.0,31,3,5.0,0,1
0.41,0.43,1,0,1,0,0,0,0.0,46,3,6.0,0,1
0.41,0.43,1,0,1,0,0,0,0.0,50,3,7.0,0,1
0.41,0.43,1,0,1,0,0,0,0.0,57,3,8.0,0,1
0.41,0.43,1,0,1,0,0,0,0.0,65,3,9.0,0,1
0.41,0.43,1,0,1,0,0,0,0.0,69,3,10.0,0,1
0.41,0.43,1,0,1,0,0,0,0.0,76,3,11.0,0,1
0.41,0.43,1,0,1,0,0,0,0.0,81,3,12.0,0,1
0.41,0.43,1,0,1,0,0,0,0.0,94,4,13.0,0,1
0.41,0.43,1,0,1,0,0,0,0.0,103,4,14.0,0,1
0.41,0.43,1,0,1,0,0,0,0.0,107,5,15.0,0,1
0.41,0.43,1,0,1,0,0,0,0.0,110,6,16.0,0,1
0.41,0.43,1,0,1,0,0,0,0.0,121,6,17.0,0,1
0.41,0.43,1,0,1,0,0,0,0.0,137,6,18.0,0,1
0.41,0.43,1,0,1,0,0,0,0.0,146,6,19.0,0,1
0.41,0.43,1,0,1,0,0,0,0.0,147,6,20.0,0,1
0.41,0.43,1,0,0,1,9,0,1.0,147,6,20.0,148,1
0.41,0.43,1,0,0,1,18,0,2.0,147,6,20.0,148,1
0.41,0.43,1,0,0,1,24,0,3.0,147,6,20.0,148,1
0.41,0.43,1,0,0,1,30,0,4.0,147,6,20.0,148,1
0.41,0.43,1,0,0,1,34,1,5.0,147,6,20.0,148,1
0.41,0.43,1,0,0,1,40,2,6.0,147,6,20.0,148,1
0.41,0.43,1,0,0,1,45,2,7.0,147,6,20.0,148,1
0.41,0.43,1,0,0,1,46,2,8.0,147,6,20.0,148,1
0.41,0.43,1,0,0,1,50,3,9.0,147,6,20.0,148,1
0.41,0.43,1,0,0,1,53,3,10.0,147,6,20.0,148,1
0.41,0.43,1,0,0,1,60,4,11.0,147,6,20.0,148,1
0.41,0.43,1,0,0,1,67,4,12.0,147,6,20.0,148,1
0.41,0.43,1,0,0,1,73,4,13.0,147,6,20.0,148,1
0.41,0.43,1,0,0,1,81,4,14.0,147,6,20.0,148,1
0.41,0.43,1,0,0,1,92,4,15.0,147,6,20.0,148,1
0.41,0.43,1,0,0,1,100,4,16.0,147,6,20.0,148,1
0.41,0.43,1,0,0,1,109,4,17.0,147,6,20.0,148,1
0.41,0.43,1,0,0,1,123,4,18.0,147,6,20.0,148,1
0.41,0.43,1,0,0,1,141,4,19.0,147,6,20.0,148,1
0.41,0.43,1,0,0,1,149,4,19.5,147,6,20.0,148,1
0.61,0.49,1,0,1,0,0,0,0.0,22,0,1.0,0,0
0.61,0.49,1,0,1,0,0,0,0.0,28,0,2.0,0,0
0.61,0.49,1,0,1,0,0,0,0.0,36,0,3.0,0,0
0.61,0.49,1,0,1,0,0,0,0.0,40,0,4.0,0,0
0.61,0.49,1,0,1,0,0,0,0.0,42,1,5.0,0,0
0.61,0.49,1,0,1,0,0,0,0.0,47,1,6.0,0,0
0.61,0.49,1,0,1,0,0,0,0.0,52,1,7.0,0,0
0.61,0.49,1,0,1,0,0,0,0.0,64,1,8.0,0,0
0.61,0.49,1,0,1,0,0,0,0.0,79,1,9.0,0,0
0.61,0.49,1,0,1,0,0,0,0.0,82,1,10.0,0,0
0.61,0.49,1,0,1,0,0,0,0.0,97,1,11.0,0,0
0.61,0.49,1,0,1,0,0,0,0.0,106,1,12.0,0,0
0.61,0.49,1,0,1,0,0,0,0.0,109,1,13.0,0,0
0.61,0.49,1,0,1,0,0,0,0.0,122,1,14.0,0,0
0.61,0.49,1,0,1,0,0,0,0.0,130,2,15.0,0,0
0.61,0.49,1,0,1,0,0,0,0.0,140,2,16.0,0,0
0.61,0.49,1,0,1,0,0,0,0.0,145,2,17.0,0,0
0.61,0.49,1,0,1,0,0,0,0.0,149,2,18.0,0,0
0.61,0.49,1,0,1,0,0,0,0.0,153,2,19.0,0,0
0.61,0.49,1,0,1,0,0,0,0.0,163,2,20.0,0,0
0.61,0.49,1,0,0,1,3,0,1.0,163,2,20.0,164,0
0.61,0.49,1,0,0,1,12,0,2.0,163,2,20.0,164,0
0.61,0.49,1,0,0,1,22,0,3.0,163,2,20.0,164,0
0.61,0.49,1,0,0,1,31,1,4.0,163,2,20.0,164,0
0.61,0.49,1,0,0,1,40,1,5.0,163,2,20.0,164,0
0.61,0.49,1,0,0,1,49,1,6.0,163,2,20.0,164,0
0.61,0.49,1,0,0,1,54,1,7.0,163,2,20.0,164,0
0.61,0.49,1,0,0,1,60,1,8.0,163,2,20.0,164,0
0.61,0.49,1,0,0,1,67,2,9.0,163,2,20.0,164,0
0.61,0.49,1,0,0,1,75,4,10.0,163,2,20.0,164,0
0.61,0.49,1,0,0,1,83,5,11.0,163,2,20.0,164,0
0.61,0.49,1,0,0,1,84,6,12.0,163,2,20.0,164,0
0.61,0.49,1,0,0,1,93,6,13.0,163,2,20.0,164,0
0.61,0.49,1,0,0,1,103,6,14.0,163,2,20.0,164,0
0.61,0.49,1,0,0,1,105,7,15.0,163,2,20.0,164,0
0.61,0.49,1,0,0,1,116,8,16.0,163,2,20.0,164,0
0.61,0.49,1,0,0,1,125,8,17.0,163,2,20.0,164,0
0.61,0.49,1,0,0,1,135,9,18.0,163,2,20.0,164,0
0.61,0.49,1,0,0,1,144,10,19.0,163,2,20.0,164,0
0.61,0.49,1,0,0,1,144,10,19.17,163,2,20.0,164,0
0.37,0.43,1,0,1,0,0,0,0.0,4,1,1.0,0,1
0.37,0.43,1,0,1,0,0,0,0.0,14,1,2.0,0,1
0.37,0.43,1,0,1,0,0,0,0.0,21,2,3.0,0,1
0.37,0.43,1,0,1,0,0,0,0.0,26,2,4.0,0,1
0.37,0.43,1,0,1,0,0,0,0.0,31,3,5.0,0,1
0.37,0.43,1,0,1,0,0,0,0.0,34,4,6.0,0,1
0.37,0.43,1,0,1,0,0,0,0.0,38,4,7.0,0,1
0.37,0.43,1,0,1,0,0,0,0.0,43,4,8.0,0,1
0.37,0.43,1,0,1,0,0,0,0.0,49,4,9.0,0,1
0.37,0.43,1,0,1,0,0,0,0.0,58,4,10.0,0,1
0.37,0.43,1,0,1,0,0,0,0.0,66,4,11.0,0,1
0.37,0.43,1,0,1,0,0,0,0.0,80,4,12.0,0,1
0.37,0.43,1,0,1,0,0,0,0.0,86,4,13.0,0,1
0.37,0.43,1,0,1,0,0,0,0.0,88,4,14.0,0,1
0.37,0.43,1,0,1,0,0,0,0.0,99,4,15.0,0,1
0.37,0.43,1,0,1,0,0,0,0.0,103,4,16.0,0,1
0.37,0.43,1,0,1,0,0,0,0.0,104,4,17.0,0,1
0.37,0.43,1,0,1,0,0,0,0.0,109,5,18.0,0,1
0.37,0.43,1,0,1,0,0,0,0.0,128,5,19.0,0,1
0.37,0.43,1,0,1,0,0,0,0.0,135,6,20.0,0,1
0.37,0.43,1,0,0,1,8,0,1.0,135,6,20.0,136,1
0.37,0.43,1,0,0,1,22,0,2.0,135,6,20.0,136,1
0.37,0.43,1,0,0,1,25,0,3.0,135,6,20.0,136,1
0.37,0.43,1,0,0,1,27,1,4.0,135,6,20.0,136,1
0.37,0.43,1,0,0,1,38,1,5.0,135,6,20.0,136,1
0.37,0.43,1,0,0,1,47,1,6.0,135,6,20.0,136,1
0.37,0.43,1,0,0,1,54,1,7.0,135,6,20.0,136,1
0.37,0.43,1,0,0,1,67,1,8.0,135,6,20.0,136,1
0.37,0.43,1,0,0,1,73,1,9.0,135,6,20.0,136,1
0.37,0.43,1,0,0,1,76,2,10.0,135,6,20.0,136,1
0.37,0.43,1,0,0,1,80,3,11.0,135,6,20.0,136,1
0.37,0.43,1,0,0,1,92,3,12.0,135,6,20.0,136,1
0.37,0.43,1,0,0,1,94,3,13.0,135,6,20.0,136,1
0.37,0.43,1,0,0,1,98,3,14.0,135,6,20.0,136,1
0.37,0.43,1,0,0,1,101,3,15.0,135,6,20.0,136,1
0.37,0.43,1,0,0,1,106,4,16.0,135,6,20.0,136,1
0.37,0.43,1,0,0,1,122,4,17.0,135,6,20.0,136,1
0.37,0.43,1,0,0,1,124,6,18.0,135,6,20.0,136,1
0.37,0.43,1,0,0,1,137,6,19.0,135,6,20.0,136,1
0.48,0.52,0,0,1,1,7,0,1.0,0,0,0.0,0,1
0.48,0.52,0,0,1,1,12,0,2.0,0,0,0.0,0,1
0.48,0.52,0,0,1,1,20,0,3.0,0,0,0.0,0,1
0.48,0.52,0,0,1,1,26,0,4.0,0,0,0.0,0,1
0.48,0.52,0,0,1,1,33,0,5.0,0,0,0.0,0,1
0.48,0.52,0,0,1,1,41,0,6.0,0,0,0.0,0,1
0.48,0.52,0,0,1,1,48,0,7.0,0,0,0.0,0,1
0.48,0.52,0,0,1,1,59,0,8.0,0,0,0.0,0,1
0.48,0.52,0,0,1,1,69,0,9.0,0,0,0.0,0,1
0.48,0.52,0,0,1,1,73,1,10.0,0,0,0.0,0,1
0.48,0.52,0,0,1,1,77,1,11.0,0,0,0.0,0,1
0.48,0.52,0,0,1,1,80,1,12.0,0,0,0.0,0,1
0.48,0.52,0,0,1,1,82,1,13.0,0,0,0.0,0,1
0.48,0.52,0,0,1,1,99,1,14.0,0,0,0.0,0,1
0.48,0.52,0,0,1,1,108,1,15.0,0,0,0.0,0,1
0.48,0.52,0,0,1,1,123,1,16.0,0,0,0.0,0,1
0.48,0.52,0,0,1,1,133,1,17.0,0,0,0.0,0,1
0.48,0.52,0,0,1,1,136,1,18.0,0,0,0.0,0,1
0.48,0.52,0,0,1,1,143,2,19.0,0,0,0.0,0,1
0.48,0.52,0,0,1,1,154,2,20.0,0,0,0.0,0,1
0.48,0.52,0,0,0,0,154,2,20.0,12,0,1.0,155,1
0.48,0.52,0,0,0,0,154,2,20.0,23,0,2.0,155,1
0.48,0.52,0,0,0,0,154,2,20.0,32,0,3.0,155,1
0.48,0.52,0,0,0,0,154,2,20.0,34,1,4.0,155,1
0.48,0.52,0,0,0,0,154,2,20.0,39,1,5.0,155,1
0.48,0.52,0,0,0,0,154,2,20.0,52,1,6.0,155,1
0.48,0.52,0,0,0,0,154,2,20.0,59,1,7.0,155,1
0.48,0.52,0,0,0,0,154,2,20.0,72,1,8.0,155,1
0.48,0.52,0,0,0,0,154,2,20.0,76,1,9.0,155,1
0.48,0.52,0,0,0,0,154,2,20.0,84,1,10.0,155,1
0.48,0.52,0,0,0,0,154,2,20.0,92,1,11.0,155,1
0.48,0.52,0,0,0,0,154,2,20.0,94,1,12.0,155,1
0.48,0.52,0,0,0,0,154,2,20.0,103,1,13.0,155,1
0.48,0.52,0,0,0,0,154,2,20.0,115,1,14.0,155,1
0.48,0.52,0,0,0,0,154,2,20.0,117,1,15.0,155,1
0.48,0.52,0,0,0,0,154,2,20.0,122,1,16.0,155,1
0.48,0.52,0,0,0,0,154,2,20.0,129,1,17.0,155,1
0.48,0.52,0,0,0,0,154,2,20.0,131,1,18.0,155,1
0.48,0.52,0,0,0,0,154,2,20.0,142,1,19.0,155,1
0.48,0.52,0,0,0,0,154,2,20.0,147,2,20.0,155,1
0.52,0.63,0,0,1,1,4,0,1.0,0,0,0.0,0,0
0.52,0.63,0,0,1,1,5,1,2.0,0,0,0.0,0,0
0.52,0.63,0,0,1,1,6,1,3.0,0,0,0.0,0,0
0.52,0.63,0,0,1,1,7,1,4.0,0,0,0.0,0,0
0.52,0.63,0,0,1,1,22,1,5.0,0,0,0.0,0,0
0.52,0.63,0,0,1,1,37,1,6.0,0,0,0.0,0,0
0.52,0.63,0,0,1,1,40,1,7.0,0,0,0.0,0,0
0.52,0.63,0,0,1,1,45,1,8.0,0,0,0.0,0,0
0.52,0.63,0,0,1,1,57,1,9.0,0,0,0.0,0,0
0.52,0.63,0,0,1,1,66,1,10.0,0,0,0.0,0,0
0.52,0.63,0,0,1,1,74,1,11.0,0,0,0.0,0,0
0.52,0.63,0,0,1,1,89,1,12.0,0,0,0.0,0,0
0.52,0.63,0,0,1,1,99,1,13.0,0,0,0.0,0,0
0.52,0.63,0,0,1,1,106,1,14.0,0,0,0.0,0,0
0.52,0.63,0,0,1,1,115,2,15.0,0,0,0.0,0,0
0.52,0.63,0,0,1,1,125,2,16.0,0,0,0.0,0,0
0.52,0.63,0,0,1,1,130,2,17.0,0,0,0.0,0,0
0.52,0.63,0,0,1,1,136,2,18.0,0,0,0.0,0,0
0.52,0.63,0,0,1,1,141,2,19.0,0,0,0.0,0,0
0.52,0.63,0,0,1,1,144,2,20.0,0,0,0.0,0,0
0.52,0.63,0,0,0,0,144,2,20.0,15,0,1.0,145,0
0.52,0.63,0,0,0,0,144,2,20.0,18,0,2.0,145,0
0.52,0.63,0,0,0,0,144,2,20.0,22,0,3.0,145,0
0.52,0.63,0,0,0,0,144,2,20.0,34,0,4.0,145,0
0.52,0.63,0,0,0,0,144,2,20.0,44,0,5.0,145,0
0.52,0.63,0,0,0,0,144,2,20.0,59,0,6.0,145,0
0.52,0.63,0,0,0,0,144,2,20.0,65,0,7.0,145,0
0.52,0.63,0,0,0,0,144,2,20.0,73,0,8.0,145,0
0.52,0.63,0,0,0,0,144,2,20.0,77,1,9.0,145,0
0.52,0.63,0,0,0,0,144,2,20.0,85,1,10.0,145,0
0.52,0.63,0,0,0,0,144,2,20.0,87,2,11.0,145,0
0.52,0.63,0,0,0,0,144,2,20.0,96,2,12.0,145,0
0.52,0.63,0,0,0,0,144,2,20.0,100,2,13.0,145,0
0.52,0.63,0,0,0,0,144,2,20.0,111,2,14.0,145,0
0.52,0.63,0,0,0,0,144,2,20.0,122,2,15.0,145,0
0.52,0.63,0,0,0,0,144,2,20.0,133,3,16.0,145,0
0.52,0.63,0,0,0,0,144,2,20.0,135,3,17.0,145,0
0.52,0.63,0,0,0,0,144,2,20.0,146,3,17.5,145,0
0.54,0.41,1,1,1,1,16,0,1.0,0,0,0.0,0,1
0.54,0.41,1,1,1,1,18,0,2.0,0,0,0.0,0,1
0.54,0.41,1,1,1,1,24,0,3.0,0,0,0.0,0,1
0.54,0.41,1,1,1,1,34,0,4.0,0,0,0.0,0,1
0.54,0.41,1,1,1,1,45,0,5.0,0,0,0.0,0,1
0.54,0.41,1,1,1,1,51,0,6.0,0,0,0.0,0,1
0.54,0.41,1,1,1,1,53,0,7.0,0,0,0.0,0,1
0.54,0.41,1,1,1,1,57,0,8.0,0,0,0.0,0,1
0.54,0.41,1,1,1,1,72,0,9.0,0,0,0.0,0,1
0.54,0.41,1,1,1,1,84,1,10.0,0,0,0.0,0,1
0.54,0.41,1,1,1,1,94,2,11.0,0,0,0.0,0,1
0.54,0.41,1,1,1,1,103,2,12.0,0,0,0.0,0,1
0.54,0.41,1,1,1,1,120,2,13.0,0,0,0.0,0,1
0.54,0.41,1,1,1,1,128,2,14.0,0,0,0.0,0,1
0.54,0.41,1,1,1,1,135,2,15.0,0,0,0.0,0,1
0.54,0.41,1,1,1,1,141,2,16.0,0,0,0.0,0,1
0.54,0.41,1,1,1,1,161,2,17.0,0,0,0.0,0,1
0.54,0.41,1,1,1,1,168,2,18.0,0,0,0.0,0,1
0.54,0.41,1,1,1,1,180,3,19.0,0,0,0.0,0,1
0.54,0.41,1,1,1,1,189,3,20.0,0,0,0.0,0,1
0.54,0.41,1,1,0,0,189,3,20.0,2,0,1.0,190,1
0.54,0.41,1,1,0,0,189,3,20.0,3,1,2.0,190,1
0.54,0.41,1,1,0,0,189,3,20.0,6,2,3.0,190,1
0.54,0.41,1,1,0,0,189,3,20.0,7,3,4.0,190,1
0.54,0.41,1,1,0,0,189,3,20.0,14,4,5.0,190,1
0.54,0.41,1,1,0,0,189,3,20.0,29,4,6.0,190,1
0.54,0.41,1,1,0,0,189,3,20.0,43,4,7.0,190,1
0.54,0.41,1,1,0,0,189,3,20.0,57,4,8.0,190,1
0.54,0.41,1,1,0,0,189,3,20.0,71,4,9.0,190,1
0.54,0.41,1,1,0,0,189,3,20.0,80,4,10.0,190,1
0.54,0.41,1,1,0,0,189,3,20.0,86,5,11.0,190,1
0.54,0.41,1,1,0,0,189,3,20.0,89,6,12.0,190,1
0.54,0.41,1,1,0,0,189,3,20.0,92,6,13.0,190,1
0.54,0.41,1,1,0,0,189,3,20.0,101,6,14.0,190,1
0.54,0.41,1,1,0,0,189,3,20.0,111,7,15.0,190,1
0.54,0.41,1,1,0,0,189,3,20.0,126,7,16.0,190,1
0.54,0.41,1,1,0,0,189,3,20.0,136,7,17.0,190,1
0.54,0.41,1,1,0,0,189,3,20.0,143,7,18.0,190,1
0.54,0.41,1,1,0,0,189,3,20.0,147,8,19.0,190,1
0.54,0.41,1,1,0,0,189,3,20.0,164,9,20.0,190,1
0.47,0.47,1,0,1,0,0,0,0.0,5,0,1.0,0,1
0.47,0.47,1,0,1,0,0,0,0.0,13,0,2.0,0,1
0.47,0.47,1,0,1,0,0,0,0.0,26,0,3.0,0,1
0.47,0.47,1,0,1,0,0,0,0.0,29,0,4.0,0,1
0.47,0.47,1,0,1,0,0,0,0.0,35,0,5.0,0,1
0.47,0.47,1,0,1,0,0,0,0.0,46,0,6.0,0,1
0.47,0.47,1,0,1,0,0,0,0.0,48,1,7.0,0,1
0.47,0.47,1,0,1,0,0,0,0.0,53,2,8.0,0,1
0.47,0.47,1,0,1,0,0,0,0.0,59,2,9.0,0,1
0.47,0.47,1,0,1,0,0,0,0.0,67,2,10.0,0,1
0.47,0.47,1,0,1,0,0,0,0.0,73,2,11.0,0,1
0.47,0.47,1,0,1,0,0,0,0.0,79,2,12.0,0,1
0.47,0.47,1,0,1,0,0,0,0.0,82,3,13.0,0,1
0.47,0.47,1,0,1,0,0,0,0.0,85,3,14.0,0,1
0.47,0.47,1,0,1,0,0,0,0.0,86,4,15.0,0,1
0.47,0.47,1,0,1,0,0,0,0.0,92,4,16.0,0,1
0.47,0.47,1,0,1,0,0,0,0.0,95,4,17.0,0,1
0.47,0.47,1,0,1,0,0,0,0.0,102,4,18.0,0,1
0.47,0.47,1,0,1,0,0,0,0.0,110,5,19.0,0,1
0.47,0.47,1,0,1,0,0,0,0.0,116,7,20.0,0,1
0.47,0.47,1,0,0,1,3,1,1.0,116,7,20.0,117,1
0.47,0.47,1,0,0,1,9,1,2.0,116,7,20.0,117,1
0.47,0.47,1,0,0,1,19,2,3.0,116,7,20.0,117,1
0.47,0.47,1,0,0,1,29,2,4.0,116,7,20.0,117,1
0.47,0.47,1,0,0,1,34,2,5.0,116,7,20.0,117,1
0.47,0.47,1,0,0,1,40,2,6.0,116,7,20.0,117,1
0.47,0.47,1,0,0,1,45,3,7.0,116,7,20.0,117,1
0.47,0.47,1,0,0,1,49,4,8.0,116,7,20.0,117,1
0.47,0.47,1,0,0,1,58,4,9.0,116,7,20.0,117,1
0.47,0.47,1,0,0,1,67,4,10.0,116,7,20.0,117,1
0.47,0.47,1,0,0,1,75,5,11.0,116,7,20.0,117,1
0.47,0.47,1,0,0,1,80,6,12.0,116,7,20.0,117,1
0.47,0.47,1,0,0,1,91,6,13.0,116,7,20.0,117,1
0.47,0.47,1,0,0,1,96,6,14.0,116,7,20.0,117,1
0.47,0.47,1,0,0,1,104,6,15.0,116,7,20.0,117,1
0.47,0.47,1,0,0,1,110,7,16.0,116,7,20.0,117,1
0.47,0.47,1,0,0,1,118,7,16.5,116,7,20.0,117,1
0.47,0.45,0,1,1,0,0,0,0.0,4,0,1.0,0,1
0.47,0.45,0,1,1,0,0,0,0.0,10,0,2.0,0,1
0.47,0.45,0,1,1,0,0,0,0.0,21,0,3.0,0,1
0.47,0.45,0,1,1,0,0,0,0.0,36,1,4.0,0,1
0.47,0.45,0,1,1,0,0,0,0.0,39,1,5.0,0,1
0.47,0.45,0,1,1,0,0,0,0.0,48,1,6.0,0,1
0.47,0.45,0,1,1,0,0,0,0.0,54,2,7.0,0,1
0.47,0.45,0,1,1,0,0,0,0.0,57,2,8.0,0,1
0.47,0.45,0,1,1,0,0,0,0.0,62,2,9.0,0,1
0.47,0.45,0,1,1,0,0,0,0.0,70,2,10.0,0,1
0.47,0.45,0,1,1,0,0,0,0.0,73,2,11.0,0,1
0.47,0.45,0,1,1,0,0,0,0.0,74,3,12.0,0,1
0.47,0.45,0,1,1,0,0,0,0.0,88,3,13.0,0,1
0.47,0.45,0,1,1,0,0,0,0.0,100,4,14.0,0,1
0.47,0.45,0,1,1,0,0,0,0.0,109,4,15.0,0,1
0.47,0.45,0,1,1,0,0,0,0.0,118,4,16.0,0,1
0.47,0.45,0,1,1,0,0,0,0.0,128,4,17.0,0,1
0.47,0.45,0,1,1,0,0,0,0.0,137,4,18.0,0,1
0.47,0.45,0,1,1,0,0,0,0.0,143,5,19.0,0,1
0.47,0.45,0,1,1,0,0,0,0.0,144,5,20.0,0,1
0.47,0.45,0,1,0,1,7,1,1.0,144,5,20.0,145,1
0.47,0.45,0,1,0,1,20,1,2.0,144,5,20.0,145,1
0.47,0.45,0,1,0,1,28,2,3.0,144,5,20.0,145,1
0.47,0.45,0,1,0,1,33,2,4.0,144,5,20.0,145,1
0.47,0.45,0,1,0,1,37,2,5.0,144,5,20.0,145,1
0.47,0.45,0,1,0,1,44,2,6.0,144,5,20.0,145,1
0.47,0.45,0,1,0,1,56,2,7.0,144,5,20.0,145,1
0.47,0.45,0,1,0,1,68,2,8.0,144,5,20.0,145,1
0.47,0.45,0,1,0,1,75,3,9.0,144,5,20.0,145,1
0.47,0.45,0,1,0,1,84,3,10.0,144,5,20.0,145,1
0.47,0.45,0,1,0,1,88,3,11.0,144,5,20.0,145,1
0.47,0.45,0,1,0,1,96,3,12.0,144,5,20.0,145,1
0.47,0.45,0,1,0,1,107,3,13.0,144,5,20.0,145,1
0.47,0.45,0,1,0,1,111,3,14.0,144,5,20.0,145,1
0.47,0.45,0,1,0,1,118,4,15.0,144,5,20.0,145,1
0.47,0.45,0,1,0,1,127,4,16.0,144,5,20.0,145,1
0.47,0.45,0,1,0,1,138,4,17.0,144,5,20.0,145,1
0.47,0.45,0,1,0,1,141,5,18.0,144,5,20.0,145,1
0.47,0.45,0,1,0,1,148,5,18.67,144,5,20.0,145,1
0.62,0.55,1,0,1,0,0,0,0.0,12,0,1.0,0,1
0.62,0.55,1,0,1,0,0,0,0.0,20,0,2.0,0,1
0.62,0.55,1,0,1,0,0,0,0.0,26,1,3.0,0,1
0.62,0.55,1,0,1,0,0,0,0.0,29,1,4.0,0,1
0.62,0.55,1,0,1,0,0,0,0.0,36,1,5.0,0,1
0.62,0.55,1,0,1,0,0,0,0.0,42,1,6.0,0,1
0.62,0.55,1,0,1,0,0,0,0.0,50,1,7.0,0,1
0.62,0.55,1,0,1,0,0,0,0.0,65,1,8.0,0,1
0.62,0.55,1,0,1,0,0,0,0.0,65,4,9.0,0,1
0.62,0.55,1,0,1,0,0,0,0.0,68,4,10.0,0,1
0.62,0.55,1,0,1,0,0,0,0.0,82,4,11.0,0,1
0.62,0.55,1,0,1,0,0,0,0.0,97,4,12.0,0,1
0.62,0.55,1,0,1,0,0,0,0.0,106,4,13.0,0,1
0.62,0.55,1,0,1,0,0,0,0.0,111,4,14.0,0,1
0.62,0.55,1,0,1,0,0,0,0.0,116,5,15.0,0,1
0.62,0.55,1,0,1,0,0,0,0.0,123,5,16.0,0,1
0.62,0.55,1,0,1,0,0,0,0.0,127,6,17.0,0,1
0.62,0.55,1,0,1,0,0,0,0.0,140,7,18.0,0,1
0.62,0.55,1,0,1,0,0,0,0.0,142,8,19.0,0,1
0.62,0.55,1,0,1,0,0,0,0.0,150,8,20.0,0,1
0.62,0.55,1,0,0,1,11,0,1.0,150,8,20.0,151,1
0.62,0.55,1,0,0,1,16,1,2.0,150,8,20.0,151,1
0.62,0.55,1,0,0,1,26,1,3.0,150,8,20.0,151,1
0.62,0.55,1,0,0,1,40,1,4.0,150,8,20.0,151,1
0.62,0.55,1,0,0,1,46,1,5.0,150,8,20.0,151,1
0.62,0.55,1,0,0,1,61,1,6.0,150,8,20.0,151,1
0.62,0.55,1,0,0,1,72,2,7.0,150,8,20.0,151,1
0.62,0.55,1,0,0,1,75,2,8.0,150,8,20.0,151,1
0.62,0.55,1,0,0,1,86,3,9.0,150,8,20.0,151,1
0.62,0.55,1,0,0,1,88,3,10.0,150,8,20.0,151,1
0.62,0.55,1,0,0,1,98,3,11.0,150,8,20.0,151,1
0.62,0.55,1,0,0,1,111,3,12.0,150,8,20.0,151,1
0.62,0.55,1,0,0,1,122,3,13.0,150,8,20.0,151,1
0.62,0.55,1,0,0,1,131,4,14.0,150,8,20.0,151,1
0.62,0.55,1,0,0,1,140,5,15.0,150,8,20.0,151,1
0.62,0.55,1,0,0,1,146,5,16.0,150,8,20.0,151,1
0.62,0.55,1,0,0,1,148,5,17.0,150,8,20.0,151,1
0.62,0.55,1,0,0,1,152,5,17.17,150,8,20.0,151,1
0.5,0.37,1,1,1,1,8,0,1.0,0,0,0.0,0,1
0.5,0.37,1,1,1,1,12,0,2.0,0,0,0.0,0,1
0.5,0.37,1,1,1,1,19,0,3.0,0,0,0.0,0,1
0.5,0.37,1,1,1,1,28,0,4.0,0,0,0.0,0,1
0.5,0.37,1,1,1,1,37,1,5.0,0,0,0.0,0,1
0.5,0.37,1,1,1,1,41,1,6.0,0,0,0.0,0,1
0.5,0.37,1,1,1,1,52,1,7.0,0,0,0.0,0,1
0.5,0.37,1,1,1,1,61,1,8.0,0,0,0.0,0,1
0.5,0.37,1,1,1,1,69,1,9.0,0,0,0.0,0,1
0.5,0.37,1,1,1,1,77,1,10.0,0,0,0.0,0,1
0.5,0.37,1,1,1,1,84,2,11.0,0,0,0.0,0,1
0.5,0.37,1,1,1,1,87,2,12.0,0,0,0.0,0,1
0.5,0.37,1,1,1,1,97,2,13.0,0,0,0.0,0,1
0.5,0.37,1,1,1,1,100,3,14.0,0,0,0.0,0,1
0.5,0.37,1,1,1,1,112,4,15.0,0,0,0.0,0,1
0.5,0.37,1,1,1,1,116,4,16.0,0,0,0.0,0,1
0.5,0.37,1,1,1,1,123,4,17.0,0,0,0.0,0,1
0.5,0.37,1,1,1,1,132,4,18.0,0,0,0.0,0,1
0.5,0.37,1,1,1,1,141,4,19.0,0,0,0.0,0,1
0.5,0.37,1,1,1,1,147,4,20.0,0,0,0.0,0,1
0.5,0.37,1,1,0,0,147,4,20.0,14,0,1.0,148,1
0.5,0.37,1,1,0,0,147,4,20.0,18,1,2.0,148,1
0.5,0.37,1,1,0,0,147,4,20.0,25,1,3.0,148,1
0.5,0.37,1,1,0,0,147,4,20.0,33,1,4.0,148,1
0.5,0.37,1,1,0,0,147,4,20.0,39,2,5.0,148,1
0.5,0.37,1,1,0,0,147,4,20.0,42,3,6.0,148,1
0.5,0.37,1,1,0,0,147,4,20.0,44,4,7.0,148,1
0.5,0.37,1,1,0,0,147,4,20.0,52,4,8.0,148,1
0.5,0.37,1,1,0,0,147,4,20.0,58,5,9.0,148,1
0.5,0.37,1,1,0,0,147,4,20.0,67,6,10.0,148,1
0.5,0.37,1,1,0,0,147,4,20.0,76,6,11.0,148,1
0.5,0.37,1,1,0,0,147,4,20.0,81,6,12.0,148,1
0.5,0.37,1,1,0,0,147,4,20.0,87,6,13.0,148,1
0.5,0.37,1,1,0,0,147,4,20.0,92,7,14.0,148,1
0.5,0.37,1,1,0,0,147,4,20.0,97,8,15.0,148,1
0.5,0.37,1,1,0,0,147,4,20.0,100,8,16.0,148,1
0.5,0.37,1,1,0,0,147,4,20.0,112,8,17.0,148,1
0.5,0.37,1,1,0,0,147,4,20.0,121,9,18.0,148,1
0.5,0.37,1,1,0,0,147,4,20.0,135,9,19.0,148,1
0.5,0.37,1,1,0,0,147,4,20.0,141,10,19.83,148,1
0.47,0.44,1,0,1,0,0,0,0.0,3,1,1.0,0,1
0.47,0.44,1,0,1,0,0,0,0.0,11,1,2.0,0,1
0.47,0.44,1,0,1,0,0,0,0.0,22,1,3.0,0,1
0.47,0.44,1,0,1,0,0,0,0.0,26,2,4.0,0,1
0.47,0.44,1,0,1,0,0,0,0.0,35,2,5.0,0,1
0.47,0.44,1,0,1,0,0,0,0.0,38,2,6.0,0,1
0.47,0.44,1,0,1,0,0,0,0.0,50,2,7.0,0,1
0.47,0.44,1,0,1,0,0,0,0.0,58,2,8.0,0,1
0.47,0.44,1,0,1,0,0,0,0.0,67,2,9.0,0,1
0.47,0.44,1,0,1,0,0,0,0.0,73,3,10.0,0,1
0.47,0.44,1,0,1,0,0,0,0.0,81,3,11.0,0,1
0.47,0.44,1,0,1,0,0,0,0.0,86,3,12.0,0,1
0.47,0.44,1,0,1,0,0,0,0.0,98,3,13.0,0,1
0.47,0.44,1,0,1,0,0,0,0.0,108,3,14.0,0,1
0.47,0.44,1,0,1,0,0,0,0.0,110,4,15.0,0,1
0.47,0.44,1,0,1,0,0,0,0.0,116,4,16.0,0,1
0.47,0.44,1,0,1,0,0,0,0.0,123,4,17.0,0,1
0.47,0.44,1,0,1,0,0,0,0.0,128,4,18.0,0,1
0.47,0.44,1,0,1,0,0,0,0.0,137,4,19.0,0,1
0.47,0.44,1,0,1,0,0,0,0.0,140,4,20.0,0,1
0.47,0.44,1,0,0,1,3,0,1.0,140,4,20.0,141,1
0.47,0.44,1,0,0,1,13,0,2.0,140,4,20.0,141,1
0.47,0.44,1,0,0,1,14,0,3.0,140,4,20.0,141,1
0.47,0.44,1,0,0,1,21,0,4.0,140,4,20.0,141,1
0.47,0.44,1,0,0,1,30,0,5.0,140,4,20.0,141,1
0.47,0.44,1,0,0,1,41,0,6.0,140,4,20.0,141,1
0.47,0.44,1,0,0,1,47,1,7.0,140,4,20.0,141,1
0.47,0.44,1,0,0,1,49,1,8.0,140,4,20.0,141,1
0.47,0.44,1,0,0,1,50,1,9.0,140,4,20.0,141,1
0.47,0.44,1,0,0,1,50,3,10.0,140,4,20.0,141,1
0.47,0.44,1,0,0,1,51,4,11.0,140,4,20.0,141,1
0.47,0.44,1,0,0,1,59,4,12.0,140,4,20.0,141,1
0.47,0.44,1,0,0,1,63,4,13.0,140,4,20.0,141,1
0.47,0.44,1,0,0,1,65,5,14.0,140,4,20.0,141,1
0.47,0.44,1,0,0,1,74,5,15.0,140,4,20.0,141,1
0.47,0.44,1,0,0,1,92,5,16.0,140,4,20.0,141,1
0.47,0.44,1,0,0,1,106,6,17.0,140,4,20.0,141,1
0.47,0.44,1,0,0,1,127,6,18.0,140,4,20.0,141,1
0.47,0.44,1,0,0,1,137,6,19.0,140,4,20.0,141,1
0.47,0.44,1,0,0,1,145,7,20.0,140,4,20.0,141,1
0.45,0.49,1,0,1,0,0,0,0.0,9,1,1.0,0,1
0.45,0.49,1,0,1,0,0,0,0.0,15,2,2.0,0,1
0.45,0.49,1,0,1,0,0,0,0.0,21,2,3.0,0,1
0.45,0.49,1,0,1,0,0,0,0.0,26,3,4.0,0,1
0.45,0.49,1,0,1,0,0,0,0.0,31,3,5.0,0,1
0.45,0.49,1,0,1,0,0,0,0.0,50,3,6.0,0,1
0.45,0.49,1,0,1,0,0,0,0.0,56,3,7.0,0,1
0.45,0.49,1,0,1,0,0,0,0.0,60,4,8.0,0,1
0.45,0.49,1,0,1,0,0,0,0.0,64,4,9.0,0,1
0.45,0.49,1,0,1,0,0,0,0.0,68,4,10.0,0,1
0.45,0.49,1,0,1,0,0,0,0.0,71,4,11.0,0,1
0.45,0.49,1,0,1,0,0,0,0.0,74,4,12.0,0,1
0.45,0.49,1,0,1,0,0,0,0.0,83,5,13.0,0,1
0.45,0.49,1,0,1,0,0,0,0.0,89,5,14.0,0,1
0.45,0.49,1,0,1,0,0,0,0.0,97,5,15.0,0,1
0.45,0.49,1,0,1,0,0,0,0.0,104,5,16.0,0,1
0.45,0.49,1,0,1,0,0,0,0.0,106,6,17.0,0,1
0.45,0.49,1,0,1,0,0,0,0.0,113,6,18.0,0,1
0.45,0.49,1,0,1,0,0,0,0.0,122,6,19.0,0,1
0.45,0.49,1,0,1,0,0,0,0.0,130,6,20.0,0,1
0.45,0.49,1,0,0,1,12,0,1.0,130,6,20.0,131,1
0.45,0.49,1,0,0,1,21,0,2.0,130,6,20.0,131,1
0.45,0.49,1,0,0,1,30,0,3.0,130,6,20.0,131,1
0.45,0.49,1,0,0,1,34,0,4.0,130,6,20.0,131,1
0.45,0.49,1,0,0,1,37,0,5.0,130,6,20.0,131,1
0.45,0.49,1,0,0,1,46,1,6.0,130,6,20.0,131,1
0.45,0.49,1,0,0,1,51,1,7.0,130,6,20.0,131,1
0.45,0.49,1,0,0,1,57,2,8.0,130,6,20.0,131,1
0.45,0.49,1,0,0,1,63,2,9.0,130,6,20.0,131,1
0.45,0.49,1,0,0,1,70,2,10.0,130,6,20.0,131,1
0.45,0.49,1,0,0,1,75,2,11.0,130,6,20.0,131,1
0.45,0.49,1,0,0,1,77,2,12.0,130,6,20.0,131,1
0.45,0.49,1,0,0,1,78,4,13.0,130,6,20.0,131,1
0.45,0.49,1,0,0,1,81,4,14.0,130,6,20.0,131,1
0.45,0.49,1,0,0,1,85,4,15.0,130,6,20.0,131,1
0.45,0.49,1,0,0,1,95,4,16.0,130,6,20.0,131,1
0.45,0.49,1,0,0,1,110,4,17.0,130,6,20.0,131,1
0.45,0.49,1,0,0,1,119,4,18.0,130,6,20.0,131,1
0.45,0.49,1,0,0,1,123,4,19.0,130,6,20.0,131,1
0.45,0.49,1,0,0,1,132,4,19.83,130,6,20.0,131,1
0.48,0.54,1,1,1,1,8,0,1.0,0,0,0.0,0,0
0.48,0.54,1,1,1,1,15,1,2.0,0,0,0.0,0,0
0.48,0.54,1,1,1,1,23,1,3.0,0,0,0.0,0,0
0.48,0.54,1,1,1,1,31,1,4.0,0,0,0.0,0,0
0.48,0.54,1,1,1,1,39,2,5.0,0,0,0.0,0,0
0.48,0.54,1,1,1,1,43,2,6.0,0,0,0.0,0,0
0.48,0.54,1,1,1,1,55,2,7.0,0,0,0.0,0,0
0.48,0.54,1,1,1,1,60,2,8.0,0,0,0.0,0,0
0.48,0.54,1,1,1,1,68,2,9.0,0,0,0.0,0,0
0.48,0.54,1,1,1,1,72,2,10.0,0,0,0.0,0,0
0.48,0.54,1,1,1,1,78,2,11.0,0,0,0.0,0,0
0.48,0.54,1,1,1,1,90,2,12.0,0,0,0.0,0,0
0.48,0.54,1,1,1,1,100,3,13.0,0,0,0.0,0,0
0.48,0.54,1,1,1,1,107,3,14.0,0,0,0.0,0,0
0.48,0.54,1,1,1,1,110,3,15.0,0,0,0.0,0,0
0.48,0.54,1,1,1,1,116,4,16.0,0,0,0.0,0,0
0.48,0.54,1,1,1,1,124,5,17.0,0,0,0.0,0,0
0.48,0.54,1,1,1,1,130,5,18.0,0,0,0.0,0,0
0.48,0.54,1,1,1,1,139,5,19.0,0,0,0.0,0,0
0.48,0.54,1,1,1,1,149,5,20.0,0,0,0.0,0,0
0.48,0.54,1,1,0,0,149,5,20.0,4,1,1.0,150,0
0.48,0.54,1,1,0,0,149,5,20.0,16,2,2.0,150,0
0.48,0.54,1,1,0,0,149,5,20.0,30,3,3.0,150,0
0.48,0.54,1,1,0,0,149,5,20.0,39,3,4.0,150,0
0.48,0.54,1,1,0,0,149,5,20.0,44,3,5.0,150,0
0.48,0.54,1,1,0,0,149,5,20.0,48,3,6.0,150,0
0.48,0.54,1,1,0,0,149,5,20.0,50,4,7.0,150,0
0.48,0.54,1,1,0,0,149,5,20.0,56,4,8.0,150,0
0.48,0.54,1,1,0,0,149,5,20.0,61,4,9.0,150,0
0.48,0.54,1,1,0,0,149,5,20.0,65,5,10.0,150,0
0.48,0.54,1,1,0,0,149,5,20.0,76,5,11.0,150,0
0.48,0.54,1,1,0,0,149,5,20.0,80,5,12.0,150,0
0.48,0.54,1,1,0,0,149,5,20.0,87,5,13.0,150,0
0.48,0.54,1,1,0,0,149,5,20.0,95,5,14.0,150,0
0.48,0.54,1,1,0,0,149,5,20.0,104,5,15.0,150,0
0.48,0.54,1,1,0,0,149,5,20.0,112,5,16.0,150,0
0.48,0.54,1,1,0,0,149,5,20.0,125,5,17.0,150,0
0.48,0.54,1,1,0,0,149,5,20.0,133,5,18.0,150,0
0.48,0.54,1,1,0,0,149,5,20.0,144,5,19.0,150,0
0.48,0.54,1,1,0,0,149,5,20.0,149,5,20.0,150,0
0.47,0.44,0,0,1,1,16,0,1.0,0,0,0.0,0,0
0.47,0.44,0,0,1,1,22,0,2.0,0,0,0.0,0,0
0.47,0.44,0,0,1,1,30,0,3.0,0,0,0.0,0,0
0.47,0.44,0,0,1,1,36,0,4.0,0,0,0.0,0,0
0.47,0.44,0,0,1,1,44,0,5.0,0,0,0.0,0,0
0.47,0.44,0,0,1,1,46,1,6.0,0,0,0.0,0,0
0.47,0.44,0,0,1,1,52,1,7.0,0,0,0.0,0,0
0.47,0.44,0,0,1,1,58,3,8.0,0,0,0.0,0,0
0.47,0.44,0,0,1,1,71,3,9.0,0,0,0.0,0,0
0.47,0.44,0,0,1,1,79,3,10.0,0,0,0.0,0,0
0.47,0.44,0,0,1,1,86,3,11.0,0,0,0.0,0,0
0.47,0.44,0,0,1,1,93,3,12.0,0,0,0.0,0,0
0.47,0.44,0,0,1,1,102,3,13.0,0,0,0.0,0,0
0.47,0.44,0,0,1,1,108,3,14.0,0,0,0.0,0,0
0.47,0.44,0,0,1,1,111,5,15.0,0,0,0.0,0,0
0.47,0.44,0,0,1,1,120,5,16.0,0,0,0.0,0,0
0.47,0.44,0,0,1,1,129,5,17.0,0,0,0.0,0,0
0.47,0.44,0,0,1,1,140,5,18.0,0,0,0.0,0,0
0.47,0.44,0,0,1,1,147,5,19.0,0,0,0.0,0,0
0.47,0.44,0,0,1,1,156,5,20.0,0,0,0.0,0,0
0.47,0.44,0,0,0,0,156,5,20.0,9,1,1.0,157,0
0.47,0.44,0,0,0,0,156,5,20.0,18,1,2.0,157,0
0.47,0.44,0,0,0,0,156,5,20.0,31,1,3.0,157,0
0.47,0.44,0,0,0,0,156,5,20.0,38,1,4.0,157,0
0.47,0.44,0,0,0,0,156,5,20.0,45,1,5.0,157,0
0.47,0.44,0,0,0,0,156,5,20.0,56,1,6.0,157,0
0.47,0.44,0,0,0,0,156,5,20.0,68,1,7.0,157,0
0.47,0.44,0,0,0,0,156,5,20.0,74,1,8.0,157,0
0.47,0.44,0,0,0,0,156,5,20.0,85,1,9.0,157,0
0.47,0.44,0,0,0,0,156,5,20.0,89,1,10.0,157,0
0.47,0.44,0,0,0,0,156,5,20.0,94,1,11.0,157,0
0.47,0.44,0,0,0,0,156,5,20.0,100,2,12.0,157,0
0.47,0.44,0,0,0,0,156,5,20.0,106,3,13.0,157,0
0.47,0.44,0,0,0,0,156,5,20.0,112,3,14.0,157,0
0.47,0.44,0,0,0,0,156,5,20.0,114,3,15.0,157,0
0.47,0.44,0,0,0,0,156,5,20.0,121,4,16.0,157,0
0.47,0.44,0,0,0,0,156,5,20.0,132,4,17.0,157,0
0.47,0.44,0,0,0,0,156,5,20.0,139,4,18.0,157,0
0.47,0.44,0,0,0,0,156,5,20.0,154,4,19.0,157,0
0.47,0.44,0,0,0,0,156,5,20.0,160,4,19.83,157,0
0.35,0.62,0,1,1,0,0,0,0.0,8,0,1.0,0,0
0.35,0.62,0,1,1,0,0,0,0.0,11,0,2.0,0,0
0.35,0.62,0,1,1,0,0,0,0.0,19,0,3.0,0,0
0.35,0.62,0,1,1,0,0,0,0.0,23,0,4.0,0,0
0.35,0.62,0,1,1,0,0,0,0.0,31,0,5.0,0,0
0.35,0.62,0,1,1,0,0,0,0.0,41,0,6.0,0,0
0.35,0.62,0,1,1,0,0,0,0.0,54,0,7.0,0,0
0.35,0.62,0,1,1,0,0,0,0.0,67,0,8.0,0,0
0.35,0.62,0,1,1,0,0,0,0.0,75,0,9.0,0,0
0.35,0.62,0,1,1,0,0,0,0.0,86,0,10.0,0,0
0.35,0.62,0,1,1,0,0,0,0.0,94,1,11.0,0,0
0.35,0.62,0,1,1,0,0,0,0.0,100,1,12.0,0,0
0.35,0.62,0,1,1,0,0,0,0.0,108,2,13.0,0,0
0.35,0.62,0,1,1,0,0,0,0.0,112,3,14.0,0,0
0.35,0.62,0,1,1,0,0,0,0.0,120,4,15.0,0,0
0.35,0.62,0,1,1,0,0,0,0.0,129,4,16.0,0,0
0.35,0.62,0,1,1,0,0,0,0.0,130,4,17.0,0,0
0.35,0.62,0,1,1,0,0,0,0.0,145,4,18.0,0,0
0.35,0.62,0,1,1,0,0,0,0.0,154,4,19.0,0,0
0.35,0.62,0,1,1,0,0,0,0.0,167,4,20.0,0,0
0.35,0.62,0,1,0,1,1,0,1.0,167,4,20.0,168,0
0.35,0.62,0,1,0,1,6,0,2.0,167,4,20.0,168,0
0.35,0.62,0,1,0,1,11,1,3.0,167,4,20.0,168,0
0.35,0.62,0,1,0,1,14,1,4.0,167,4,20.0,168,0
0.35,0.62,0,1,0,1,23,1,5.0,167,4,20.0,168,0
0.35,0.62,0,1,0,1,28,1,6.0,167,4,20.0,168,0
0.35,0.62,0,1,0,1,32,2,7.0,167,4,20.0,168,0
0.35,0.62,0,1,0,1,33,4,8.0,167,4,20.0,168,0
0.35,0.62,0,1,0,1,43,4,9.0,167,4,20.0,168,0
0.35,0.62,0,1,0,1,51,5,10.0,167,4,20.0,168,0
0.35,0.62,0,1,0,1,59,5,11.0,167,4,20.0,168,0
0.35,0.62,0,1,0,1,66,5,12.0,167,4,20.0,168,0
0.35,0.62,0,1,0,1,75,5,13.0,167,4,20.0,168,0
0.35,0.62,0,1,0,1,85,7,14.0,167,4,20.0,168,0
0.35,0.62,0,1,0,1,87,7,15.0,167,4,20.0,168,0
0.35,0.62,0,1,0,1,95,7,16.0,167,4,20.0,168,0
0.35,0.62,0,1,0,1,99,8,17.0,167,4,20.0,168,0
0.35,0.62,0,1,0,1,110,9,18.0,167,4,20.0,168,0
0.35,0.62,0,1,0,1,119,9,19.0,167,4,20.0,168,0
0.35,0.62,0,1,0,1,126,9,20.0,167,4,20.0,168,0
0.55,0.38,0,0,1,1,3,0,1.0,0,0,0.0,0,0
0.55,0.38,0,0,1,1,11,0,2.0,0,0,0.0,0,0
0.55,0.38,0,0,1,1,19,0,3.0,0,0,0.0,0,0
0.55,0.38,0,0,1,1,26,0,4.0,0,0,0.0,0,0
0.55,0.38,0,0,1,1,33,0,5.0,0,0,0.0,0,0
0.55,0.38,0,0,1,1,49,0,6.0,0,0,0.0,0,0
0.55,0.38,0,0,1,1,62,0,7.0,0,0,0.0,0,0
0.55,0.38,0,0,1,1,65,0,8.0,0,0,0.0,0,0
0.55,0.38,0,0,1,1,69,0,9.0,0,0,0.0,0,0
0.55,0.38,0,0,1,1,77,0,10.0,0,0,0.0,0,0
0.55,0.38,0,0,1,1,84,0,11.0,0,0,0.0,0,0
0.55,0.38,0,0,1,1,90,0,12.0,0,0,0.0,0,0
0.55,0.38,0,0,1,1,106,0,13.0,0,0,0.0,0,0
0.55,0.38,0,0,1,1,109,0,14.0,0,0,0.0,0,0
0.55,0.38,0,0,1,1,127,0,15.0,0,0,0.0,0,0
0.55,0.38,0,0,1,1,133,0,16.0,0,0,0.0,0,0
0.55,0.38,0,0,1,1,141,0,17.0,0,0,0.0,0,0
0.55,0.38,0,0,1,1,144,1,18.0,0,0,0.0,0,0
0.55,0.38,0,0,1,1,152,2,19.0,0,0,0.0,0,0
0.55,0.38,0,0,1,1,160,3,20.0,0,0,0.0,0,0
0.55,0.38,0,0,0,0,160,3,20.0,3,0,1.0,161,0
0.55,0.38,0,0,0,0,160,3,20.0,8,0,2.0,161,0
0.55,0.38,0,0,0,0,160,3,20.0,16,0,3.0,161,0
0.55,0.38,0,0,0,0,160,3,20.0,23,0,4.0,161,0
0.55,0.38,0,0,0,0,160,3,20.0,24,0,5.0,161,0
0.55,0.38,0,0,0,0,160,3,20.0,33,0,6.0,161,0
0.55,0.38,0,0,0,0,160,3,20.0,37,0,7.0,161,0
0.55,0.38,0,0,0,0,160,3,20.0,45,1,8.0,161,0
0.55,0.38,0,0,0,0,160,3,20.0,53,1,9.0,161,0
0.55,0.38,0,0,0,0,160,3,20.0,58,2,10.0,161,0
0.55,0.38,0,0,0,0,160,3,20.0,66,3,11.0,161,0
0.55,0.38,0,0,0,0,160,3,20.0,77,4,12.0,161,0
0.55,0.38,0,0,0,0,160,3,20.0,87,5,13.0,161,0
0.55,0.38,0,0,0,0,160,3,20.0,95,5,14.0,161,0
0.55,0.38,0,0,0,0,160,3,20.0,102,5,15.0,161,0
0.55,0.38,0,0,0,0,160,3,20.0,113,6,16.0,161,0
0.55,0.38,0,0,0,0,160,3,20.0,125,7,17.0,161,0
0.55,0.38,0,0,0,0,160,3,20.0,138,7,18.0,161,0
0.55,0.38,0,0,0,0,160,3,20.0,152,7,19.0,161,0
0.55,0.38,0,0,0,0,160,3,20.0,162,7,19.83,161,0
0.62,0.4,0,0,1,1,17,0,1.0,0,0,0.0,0,1
0.62,0.4,0,0,1,1,32,0,2.0,0,0,0.0,0,1
0.62,0.4,0,0,1,1,40,0,3.0,0,0,0.0,0,1
0.62,0.4,0,0,1,1,51,0,4.0,0,0,0.0,0,1
0.62,0.4,0,0,1,1,53,0,5.0,0,0,0.0,0,1
0.62,0.4,0,0,1,1,56,0,6.0,0,0,0.0,0,1
0.62,0.4,0,0,1,1,66,1,7.0,0,0,0.0,0,1
0.62,0.4,0,0,1,1,70,1,8.0,0,0,0.0,0,1
0.62,0.4,0,0,1,1,77,2,9.0,0,0,0.0,0,1
0.62,0.4,0,0,1,1,87,3,10.0,0,0,0.0,0,1
0.62,0.4,0,0,1,1,96,3,11.0,0,0,0.0,0,1
0.62,0.4,0,0,1,1,106,3,12.0,0,0,0.0,0,1
0.62,0.4,0,0,1,1,110,3,13.0,0,0,0.0,0,1
0.62,0.4,0,0,1,1,117,4,14.0,0,0,0.0,0,1
0.62,0.4,0,0,1,1,126,4,15.0,0,0,0.0,0,1
0.62,0.4,0,0,1,1,133,4,16.0,0,0,0.0,0,1
0.62,0.4,0,0,1,1,138,4,17.0,0,0,0.0,0,1
0.62,0.4,0,0,1,1,145,4,18.0,0,0,0.0,0,1
0.62,0.4,0,0,1,1,156,4,19.0,0,0,0.0,0,1
0.62,0.4,0,0,1,1,159,5,20.0,0,0,0.0,0,1
0.62,0.4,0,0,0,0,159,5,20.0,2,2,1.0,160,1
0.62,0.4,0,0,0,0,159,5,20.0,4,2,2.0,160,1
0.62,0.4,0,0,0,0,159,5,20.0,8,2,3.0,160,1
0.62,0.4,0,0,0,0,159,5,20.0,13,2,4.0,160,1
0.62,0.4,0,0,0,0,159,5,20.0,21,2,5.0,160,1
0.62,0.4,0,0,0,0,159,5,20.0,29,2,6.0,160,1
0.62,0.4,0,0,0,0,159,5,20.0,34,2,7.0,160,1
0.62,0.4,0,0,0,0,159,5,20.0,43,2,8.0,160,1
0.62,0.4,0,0,0,0,159,5,20.0,53,2,9.0,160,1
0.62,0.4,0,0,0,0,159,5,20.0,67,2,10.0,160,1
0.62,0.4,0,0,0,0,159,5,20.0,70,2,11.0,160,1
0.62,0.4,0,0,0,0,159,5,20.0,73,3,12.0,160,1
0.62,0.4,0,0,0,0,159,5,20.0,79,4,13.0,160,1
0.62,0.4,0,0,0,0,159,5,20.0,94,4,14.0,160,1
0.62,0.4,0,0,0,0,159,5,20.0,105,4,15.0,160,1
0.62,0.4,0,0,0,0,159,5,20.0,112,4,16.0,160,1
0.62,0.4,0,0,0,0,159,5,20.0,122,5,17.0,160,1
0.62,0.4,0,0,0,0,159,5,20.0,133,5,18.0,160,1
0.62,0.4,0,0,0,0,159,5,20.0,142,5,19.0,160,1
0.62,0.4,0,0,0,0,159,5,20.0,146,7,20.0,160,1
0.36,0.55,0,0,1,1,6,0,1.0,0,0,0.0,0,0
0.36,0.55,0,0,1,1,16,0,2.0,0,0,0.0,0,0
0.36,0.55,0,0,1,1,29,0,3.0,0,0,0.0,0,0
0.36,0.55,0,0,1,1,35,0,4.0,0,0,0.0,0,0
0.36,0.55,0,0,1,1,43,0,5.0,0,0,0.0,0,0
0.36,0.55,0,0,1,1,48,0,6.0,0,0,0.0,0,0
0.36,0.55,0,0,1,1,52,0,7.0,0,0,0.0,0,0
0.36,0.55,0,0,1,1,60,2,8.0,0,0,0.0,0,0
0.36,0.55,0,0,1,1,70,2,9.0,0,0,0.0,0,0
0.36,0.55,0,0,1,1,72,2,10.0,0,0,0.0,0,0
0.36,0.55,0,0,1,1,81,2,11.0,0,0,0.0,0,0
0.36,0.55,0,0,1,1,89,2,12.0,0,0,0.0,0,0
0.36,0.55,0,0,1,1,93,2,13.0,0,0,0.0,0,0
0.36,0.55,0,0,1,1,95,2,14.0,0,0,0.0,0,0
0.36,0.55,0,0,1,1,99,2,15.0,0,0,0.0,0,0
0.36,0.55,0,0,1,1,102,3,16.0,0,0,0.0,0,0
0.36,0.55,0,0,1,1,106,3,17.0,0,0,0.0,0,0
0.36,0.55,0,0,1,1,116,4,18.0,0,0,0.0,0,0
0.36,0.55,0,0,1,1,122,4,19.0,0,0,0.0,0,0
0.36,0.55,0,0,1,1,126,5,20.0,0,0,0.0,0,0
0.36,0.55,0,0,0,0,126,5,20.0,2,0,1.0,127,0
0.36,0.55,0,0,0,0,126,5,20.0,9,0,2.0,127,0
0.36,0.55,0,0,0,0,126,5,20.0,16,1,3.0,127,0
0.36,0.55,0,0,0,0,126,5,20.0,27,1,4.0,127,0
0.36,0.55,0,0,0,0,126,5,20.0,36,1,5.0,127,0
0.36,0.55,0,0,0,0,126,5,20.0,47,1,6.0,127,0
0.36,0.55,0,0,0,0,126,5,20.0,53,1,7.0,127,0
0.36,0.55,0,0,0,0,126,5,20.0,61,1,8.0,127,0
0.36,0.55,0,0,0,0,126,5,20.0,63,1,9.0,127,0
0.36,0.55,0,0,0,0,126,5,20.0,69,1,10.0,127,0
0.36,0.55,0,0,0,0,126,5,20.0,73,1,11.0,127,0
0.36,0.55,0,0,0,0,126,5,20.0,79,1,12.0,127,0
0.36,0.55,0,0,0,0,126,5,20.0,90,2,13.0,127,0
0.36,0.55,0,0,0,0,126,5,20.0,102,2,14.0,127,0
0.36,0.55,0,0,0,0,126,5,20.0,109,2,15.0,127,0
0.36,0.55,0,0,0,0,126,5,20.0,127,2,15.5,127,0
0.48,0.39,0,1,1,0,0,0,0.0,2,1,1.0,0,1
0.48,0.39,0,1,1,0,0,0,0.0,16,1,2.0,0,1
0.48,0.39,0,1,1,0,0,0,0.0,23,1,3.0,0,1
0.48,0.39,0,1,1,0,0,0,0.0,29,2,4.0,0,1
0.48,0.39,0,1,1,0,0,0,0.0,32,2,5.0,0,1
0.48,0.39,0,1,1,0,0,0,0.0,45,2,6.0,0,1
0.48,0.39,0,1,1,0,0,0,0.0,54,2,7.0,0,1
0.48,0.39,0,1,1,0,0,0,0.0,57,2,8.0,0,1
0.48,0.39,0,1,1,0,0,0,0.0,67,2,9.0,0,1
0.48,0.39,0,1,1,0,0,0,0.0,72,2,10.0,0,1
0.48,0.39,0,1,1,0,0,0,0.0,81,2,11.0,0,1
0.48,0.39,0,1,1,0,0,0,0.0,88,2,12.0,0,1
0.48,0.39,0,1,1,0,0,0,0.0,89,2,13.0,0,1
0.48,0.39,0,1,1,0,0,0,0.0,96,3,14.0,0,1
0.48,0.39,0,1,1,0,0,0,0.0,97,4,15.0,0,1
0.48,0.39,0,1,1,0,0,0,0.0,103,4,16.0,0,1
0.48,0.39,0,1,1,0,0,0,0.0,104,4,17.0,0,1
0.48,0.39,0,1,1,0,0,0,0.0,109,4,18.0,0,1
0.48,0.39,0,1,1,0,0,0,0.0,116,5,19.0,0,1
0.48,0.39,0,1,1,0,0,0,0.0,120,8,20.0,0,1
0.48,0.39,0,1,0,1,5,0,1.0,120,8,20.0,121,1
0.48,0.39,0,1,0,1,14,1,2.0,120,8,20.0,121,1
0.48,0.39,0,1,0,1,16,1,3.0,120,8,20.0,121,1
0.48,0.39,0,1,0,1,26,1,4.0,120,8,20.0,121,1
0.48,0.39,0,1,0,1,38,1,5.0,120,8,20.0,121,1
0.48,0.39,0,1,0,1,47,1,6.0,120,8,20.0,121,1
0.48,0.39,0,1,0,1,65,1,7.0,120,8,20.0,121,1
0.48,0.39,0,1,0,1,71,1,8.0,120,8,20.0,121,1
0.48,0.39,0,1,0,1,75,1,9.0,120,8,20.0,121,1
0.48,0.39,0,1,0,1,86,1,10.0,120,8,20.0,121,1
0.48,0.39,0,1,0,1,90,1,11.0,120,8,20.0,121,1
0.48,0.39,0,1,0,1,101,1,12.0,120,8,20.0,121,1
0.48,0.39,0,1,0,1,109,1,13.0,120,8,20.0,121,1
0.48,0.39,0,1,0,1,114,1,14.0,120,8,20.0,121,1
0.48,0.39,0,1,0,1,121,1,15.0,120,8,20.0,121,1
0.36,0.38,0,0,1,1,16,0,1.0,0,0,0.0,0,0
0.36,0.38,0,0,1,1,28,0,2.0,0,0,0.0,0,0
0.36,0.38,0,0,1,1,34,0,3.0,0,0,0.0,0,0
0.36,0.38,0,0,1,1,41,0,4.0,0,0,0.0,0,0
0.36,0.38,0,0,1,1,43,0,5.0,0,0,0.0,0,0
0.36,0.38,0,0,1,1,46,0,6.0,0,0,0.0,0,0
0.36,0.38,0,0,1,1,51,1,7.0,0,0,0.0,0,0
0.36,0.38,0,0,1,1,57,1,8.0,0,0,0.0,0,0
0.36,0.38,0,0,1,1,69,1,9.0,0,0,0.0,0,0
0.36,0.38,0,0,1,1,74,2,10.0,0,0,0.0,0,0
0.36,0.38,0,0,1,1,87,2,11.0,0,0,0.0,0,0
0.36,0.38,0,0,1,1,91,2,12.0,0,0,0.0,0,0
0.36,0.38,0,0,1,1,102,2,13.0,0,0,0.0,0,0
0.36,0.38,0,0,1,1,107,2,14.0,0,0,0.0,0,0
0.36,0.38,0,0,1,1,109,2,15.0,0,0,0.0,0,0
0.36,0.38,0,0,1,1,116,3,16.0,0,0,0.0,0,0
0.36,0.38,0,0,1,1,118,3,17.0,0,0,0.0,0,0
0.36,0.38,0,0,1,1,123,3,18.0,0,0,0.0,0,0
0.36,0.38,0,0,1,1,131,3,19.0,0,0,0.0,0,0
0.36,0.38,0,0,1,1,133,3,20.0,0,0,0.0,0,0
0.36,0.38,0,0,0,0,133,3,20.0,8,1,1.0,134,0
0.36,0.38,0,0,0,0,133,3,20.0,11,2,2.0,134,0
0.36,0.38,0,0,0,0,133,3,20.0,19,3,3.0,134,0
0.36,0.38,0,0,0,0,133,3,20.0,30,4,4.0,134,0
0.36,0.38,0,0,0,0,133,3,20.0,32,5,5.0,134,0
0.36,0.38,0,0,0,0,133,3,20.0,37,5,6.0,134,0
0.36,0.38,0,0,0,0,133,3,20.0,52,5,7.0,134,0
0.36,0.38,0,0,0,0,133,3,20.0,56,5,8.0,134,0
0.36,0.38,0,0,0,0,133,3,20.0,67,7,9.0,134,0
0.36,0.38,0,0,0,0,133,3,20.0,77,7,10.0,134,0
0.36,0.38,0,0,0,0,133,3,20.0,83,7,11.0,134,0
0.36,0.38,0,0,0,0,133,3,20.0,94,8,12.0,134,0
0.36,0.38,0,0,0,0,133,3,20.0,104,8,13.0,134,0
0.36,0.38,0,0,0,0,133,3,20.0,112,8,14.0,134,0
0.36,0.38,0,0,0,0,133,3,20.0,117,8,15.0,134,0
0.36,0.38,0,0,0,0,133,3,20.0,125,8,16.0,134,0
0.36,0.38,0,0,0,0,133,3,20.0,134,8,16.83,134,0
0.52,0.48,1,1,1,1,9,0,1.0,0,0,0.0,0,1
0.52,0.48,1,1,1,1,17,0,2.0,0,0,0.0,0,1
0.52,0.48,1,1,1,1,26,0,3.0,0,0,0.0,0,1
0.52,0.48,1,1,1,1,32,1,4.0,0,0,0.0,0,1
0.52,0.48,1,1,1,1,38,1,5.0,0,0,0.0,0,1
0.52,0.48,1,1,1,1,52,1,6.0,0,0,0.0,0,1
0.52,0.48,1,1,1,1,53,1,7.0,0,0,0.0,0,1
0.52,0.48,1,1,1,1,56,1,8.0,0,0,0.0,0,1
0.52,0.48,1,1,1,1,60,1,9.0,0,0,0.0,0,1
0.52,0.48,1,1,1,1,68,1,10.0,0,0,0.0,0,1
0.52,0.48,1,1,1,1,72,2,11.0,0,0,0.0,0,1
0.52,0.48,1,1,1,1,81,2,12.0,0,0,0.0,0,1
0.52,0.48,1,1,1,1,89,2,13.0,0,0,0.0,0,1
0.52,0.48,1,1,1,1,94,2,14.0,0,0,0.0,0,1
0.52,0.48,1,1,1,1,97,4,15.0,0,0,0.0,0,1
0.52,0.48,1,1,1,1,100,4,16.0,0,0,0.0,0,1
0.52,0.48,1,1,1,1,109,4,17.0,0,0,0.0,0,1
0.52,0.48,1,1,1,1,112,4,18.0,0,0,0.0,0,1
0.52,0.48,1,1,1,1,121,4,19.0,0,0,0.0,0,1
0.52,0.48,1,1,1,1,124,6,20.0,0,0,0.0,0,1
0.52,0.48,1,1,0,0,124,6,20.0,7,0,1.0,125,1
0.52,0.48,1,1,0,0,124,6,20.0,23,1,2.0,125,1
0.52,0.48,1,1,0,0,124,6,20.0,27,1,3.0,125,1
0.52,0.48,1,1,0,0,124,6,20.0,29,1,4.0,125,1
0.52,0.48,1,1,0,0,124,6,20.0,33,3,5.0,125,1
0.52,0.48,1,1,0,0,124,6,20.0,36,3,6.0,125,1
0.52,0.48,1,1,0,0,124,6,20.0,41,4,7.0,125,1
0.52,0.48,1,1,0,0,124,6,20.0,44,4,8.0,125,1
0.52,0.48,1,1,0,0,124,6,20.0,46,5,9.0,125,1
0.52,0.48,1,1,0,0,124,6,20.0,50,5,10.0,125,1
0.52,0.48,1,1,0,0,124,6,20.0,59,6,11.0,125,1
0.52,0.48,1,1,0,0,124,6,20.0,62,6,12.0,125,1
0.52,0.48,1,1,0,0,124,6,20.0,64,6,13.0,125,1
0.52,0.48,1,1,0,0,124,6,20.0,70,6,14.0,125,1
0.52,0.48,1,1,0,0,124,6,20.0,73,6,15.0,125,1
0.52,0.48,1,1,0,0,124,6,20.0,77,7,16.0,125,1
0.52,0.48,1,1,0,0,124,6,20.0,84,7,17.0,125,1
0.52,0.48,1,1,0,0,124,6,20.0,87,7,18.0,125,1
0.52,0.48,1,1,0,0,124,6,20.0,100,7,19.0,125,1
0.52,0.48,1,1,0,0,124,6,20.0,105,8,20.0,125,1
0.55,0.48,0,0,1,1,10,0,1.0,0,0,0.0,0,0
0.55,0.48,0,0,1,1,22,1,2.0,0,0,0.0,0,0
0.55,0.48,0,0,1,1,32,1,3.0,0,0,0.0,0,0
0.55,0.48,0,0,1,1,34,1,4.0,0,0,0.0,0,0
0.55,0.48,0,0,1,1,41,2,5.0,0,0,0.0,0,0
0.55,0.48,0,0,1,1,44,2,6.0,0,0,0.0,0,0
0.55,0.48,0,0,1,1,49,2,7.0,0,0,0.0,0,0
0.55,0.48,0,0,1,1,55,2,8.0,0,0,0.0,0,0
0.55,0.48,0,0,1,1,59,2,9.0,0,0,0.0,0,0
0.55,0.48,0,0,1,1,64,2,10.0,0,0,0.0,0,0
0.55,0.48,0,0,1,1,69,3,11.0,0,0,0.0,0,0
0.55,0.48,0,0,1,1,77,3,12.0,0,0,0.0,0,0
0.55,0.48,0,0,1,1,83,3,13.0,0,0,0.0,0,0
0.55,0.48,0,0,1,1,89,3,14.0,0,0,0.0,0,0
0.55,0.48,0,0,1,1,95,3,15.0,0,0,0.0,0,0
0.55,0.48,0,0,1,1,100,3,16.0,0,0,0.0,0,0
0.55,0.48,0,0,1,1,101,3,17.0,0,0,0.0,0,0
0.55,0.48,0,0,1,1,105,3,18.0,0,0,0.0,0,0
0.55,0.48,0,0,1,1,117,3,19.0,0,0,0.0,0,0
0.55,0.48,0,0,1,1,125,3,20.0,0,0,0.0,0,0
0.55,0.48,0,0,0,0,125,3,20.0,7,0,1.0,126,0
0.55,0.48,0,0,0,0,125,3,20.0,15,0,2.0,126,0
0.55,0.48,0,0,0,0,125,3,20.0,22,0,3.0,126,0
0.55,0.48,0,0,0,0,125,3,20.0,27,0,4.0,126,0
0.55,0.48,0,0,0,0,125,3,20.0,33,1,5.0,126,0
0.55,0.48,0,0,0,0,125,3,20.0,40,1,6.0,126,0
0.55,0.48,0,0,0,0,125,3,20.0,52,2,7.0,126,0
0.55,0.48,0,0,0,0,125,3,20.0,60,2,8.0,126,0
0.55,0.48,0,0,0,0,125,3,20.0,64,2,9.0,126,0
0.55,0.48,0,0,0,0,125,3,20.0,66,2,10.0,126,0
0.55,0.48,0,0,0,0,125,3,20.0,72,2,11.0,126,0
0.55,0.48,0,0,0,0,125,3,20.0,77,3,12.0,126,0
0.55,0.48,0,0,0,0,125,3,20.0,78,3,13.0,126,0
0.55,0.48,0,0,0,0,125,3,20.0,85,4,14.0,126,0
0.55,0.48,0,0,0,0,125,3,20.0,91,4,15.0,126,0
0.55,0.48,0,0,0,0,125,3,20.0,101,4,16.0,126,0
0.55,0.48,0,0,0,0,125,3,20.0,118,4,17.0,126,0
0.55,0.48,0,0,0,0,125,3,20.0,125,4,18.0,126,0
0.55,0.48,0,0,0,0,125,3,20.0,126,5,18.33,126,0
0.38,0.62,1,0,1,0,0,0,0.0,5,0,1.0,0,0
0.38,0.62,1,0,1,0,0,0,0.0,10,0,2.0,0,0
0.38,0.62,1,0,1,0,0,0,0.0,15,0,3.0,0,0
0.38,0.62,1,0,1,0,0,0,0.0,19,1,4.0,0,0
0.38,0.62,1,0,1,0,0,0,0.0,26,2,5.0,0,0
0.38,0.62,1,0,1,0,0,0,0.0,37,2,6.0,0,0
0.38,0.62,1,0,1,0,0,0,0.0,43,2,7.0,0,0
0.38,0.62,1,0,1,0,0,0,0.0,55,2,8.0,0,0
0.38,0.62,1,0,1,0,0,0,0.0,61,2,9.0,0,0
0.38,0.62,1,0,1,0,0,0,0.0,66,2,10.0,0,0
0.38,0.62,1,0,1,0,0,0,0.0,77,2,11.0,0,0
0.38,0.62,1,0,1,0,0,0,0.0,86,3,12.0,0,0
0.38,0.62,1,0,1,0,0,0,0.0,96,3,13.0,0,0
0.38,0.62,1,0,1,0,0,0,0.0,102,4,14.0,0,0
0.38,0.62,1,0,1,0,0,0,0.0,112,5,15.0,0,0
0.38,0.62,1,0,1,0,0,0,0.0,126,5,16.0,0,0
0.38,0.62,1,0,1,0,0,0,0.0,142,5,17.0,0,0
0.38,0.62,1,0,1,0,0,0,0.0,147,7,18.0,0,0
0.38,0.62,1,0,1,0,0,0,0.0,156,7,19.0,0,0
0.38,0.62,1,0,1,0,0,0,0.0,166,7,20.0,0,0
0.38,0.62,1,0,0,1,6,0,1.0,166,7,20.0,167,0
0.38,0.62,1,0,0,1,9,0,2.0,166,7,20.0,167,0
0.38,0.62,1,0,0,1,11,1,3.0,166,7,20.0,167,0
0.38,0.62,1,0,0,1,18,2,4.0,166,7,20.0,167,0
0.38,0.62,1,0,0,1,21,3,5.0,166,7,20.0,167,0
0.38,0.62,1,0,0,1,23,3,6.0,166,7,20.0,167,0
0.38,0.62,1,0,0,1,26,3,7.0,166,7,20.0,167,0
0.38,0.62,1,0,0,1,27,5,8.0,166,7,20.0,167,0
0.38,0.62,1,0,0,1,35,5,9.0,166,7,20.0,167,0
0.38,0.62,1,0,0,1,44,5,10.0,166,7,20.0,167,0
0.38,0.62,1,0,0,1,54,6,11.0,166,7,20.0,167,0
0.38,0.62,1,0,0,1,65,7,12.0,166,7,20.0,167,0
0.38,0.62,1,0,0,1,79,7,13.0,166,7,20.0,167,0
0.38,0.62,1,0,0,1,93,7,14.0,166,7,20.0,167,0
0.38,0.62,1,0,0,1,100,7,15.0,166,7,20.0,167,0
0.38,0.62,1,0,0,1,109,7,16.0,166,7,20.0,167,0
0.38,0.62,1,0,0,1,119,7,17.0,166,7,20.0,167,0
0.38,0.62,1,0,0,1,128,8,18.0,166,7,20.0,167,0
0.38,0.62,1,0,0,1,137,8,19.0,166,7,20.0,167,0
0.38,0.62,1,0,0,1,156,8,20.0,166,7,20.0,167,0
0.49,0.55,1,1,1,1,10,0,1.0,0,0,0.0,0,0
0.49,0.55,1,1,1,1,14,0,2.0,0,0,0.0,0,0
0.49,0.55,1,1,1,1,19,0,3.0,0,0,0.0,0,0
0.49,0.55,1,1,1,1,26,0,4.0,0,0,0.0,0,0
0.49,0.55,1,1,1,1,32,1,5.0,0,0,0.0,0,0
0.49,0.55,1,1,1,1,40,1,6.0,0,0,0.0,0,0
0.49,0.55,1,1,1,1,49,1,7.0,0,0,0.0,0,0
0.49,0.55,1,1,1,1,53,2,8.0,0,0,0.0,0,0
0.49,0.55,1,1,1,1,63,2,9.0,0,0,0.0,0,0
0.49,0.55,1,1,1,1,73,2,10.0,0,0,0.0,0,0
0.49,0.55,1,1,1,1,76,2,11.0,0,0,0.0,0,0
0.49,0.55,1,1,1,1,82,2,12.0,0,0,0.0,0,0
0.49,0.55,1,1,1,1,94,2,13.0,0,0,0.0,0,0
0.49,0.55,1,1,1,1,98,2,14.0,0,0,0.0,0,0
0.49,0.55,1,1,1,1,109,2,15.0,0,0,0.0,0,0
0.49,0.55,1,1,1,1,119,2,16.0,0,0,0.0,0,0
0.49,0.55,1,1,1,1,132,2,17.0,0,0,0.0,0,0
0.49,0.55,1,1,1,1,135,2,18.0,0,0,0.0,0,0
0.49,0.55,1,1,1,1,139,2,19.0,0,0,0.0,0,0
0.49,0.55,1,1,1,1,151,2,20.0,0,0,0.0,0,0
0.49,0.55,1,1,0,0,151,2,20.0,11,0,1.0,152,0
0.49,0.55,1,1,0,0,151,2,20.0,20,0,2.0,152,0
0.49,0.55,1,1,0,0,151,2,20.0,33,0,3.0,152,0
0.49,0.55,1,1,0,0,151,2,20.0,44,0,4.0,152,0
0.49,0.55,1,1,0,0,151,2,20.0,53,0,5.0,152,0
0.49,0.55,1,1,0,0,151,2,20.0,61,0,6.0,152,0
0.49,0.55,1,1,0,0,151,2,20.0,75,0,7.0,152,0
0.49,0.55,1,1,0,0,151,2,20.0,79,0,8.0,152,0
0.49,0.55,1,1,0,0,151,2,20.0,85,0,9.0,152,0
0.49,0.55,1,1,0,0,151,2,20.0,92,0,10.0,152,0
0.49,0.55,1,1,0,0,151,2,20.0,103,0,11.0,152,0
0.49,0.55,1,1,0,0,151,2,20.0,106,0,12.0,152,0
0.49,0.55,1,1,0,0,151,2,20.0,115,0,13.0,152,0
0.49,0.55,1,1,0,0,151,2,20.0,131,0,14.0,152,0
0.49,0.55,1,1,0,0,151,2,20.0,136,0,15.0,152,0
0.49,0.55,1,1,0,0,151,2,20.0,143,0,16.0,152,0
0.49,0.55,1,1,0,0,151,2,20.0,150,1,17.0,152,0
0.49,0.55,1,1,0,0,151,2,20.0,152,1,17.5,152,0
0.38,0.51,1,0,1,0,0,0,0.0,11,1,1.0,0,0
0.38,0.51,1,0,1,0,0,0,0.0,19,1,2.0,0,0
0.38,0.51,1,0,1,0,0,0,0.0,27,1,3.0,0,0
0.38,0.51,1,0,1,0,0,0,0.0,40,1,4.0,0,0
0.38,0.51,1,0,1,0,0,0,0.0,50,1,5.0,0,0
0.38,0.51,1,0,1,0,0,0,0.0,53,1,6.0,0,0
0.38,0.51,1,0,1,0,0,0,0.0,60,1,7.0,0,0
0.38,0.51,1,0,1,0,0,0,0.0,76,1,8.0,0,0
0.38,0.51,1,0,1,0,0,0,0.0,92,1,9.0,0,0
0.38,0.51,1,0,1,0,0,0,0.0,95,1,10.0,0,0
0.38,0.51,1,0,1,0,0,0,0.0,110,1,11.0,0,0
0.38,0.51,1,0,1,0,0,0,0.0,116,1,12.0,0,0
0.38,0.51,1,0,1,0,0,0,0.0,129,1,13.0,0,0
0.38,0.51,1,0,1,0,0,0,0.0,143,2,14.0,0,0
0.38,0.51,1,0,1,0,0,0,0.0,154,2,15.0,0,0
0.38,0.51,1,0,1,0,0,0,0.0,165,3,16.0,0,0
0.38,0.51,1,0,1,0,0,0,0.0,174,3,17.0,0,0
0.38,0.51,1,0,1,0,0,0,0.0,187,3,18.0,0,0
0.38,0.51,1,0,1,0,0,0,0.0,195,3,19.0,0,0
0.38,0.51,1,0,1,0,0,0,0.0,198,3,20.0,0,0
0.38,0.51,1,0,0,1,2,0,1.0,198,3,20.0,199,0
0.38,0.51,1,0,0,1,4,0,2.0,198,3,20.0,199,0
0.38,0.51,1,0,0,1,8,0,3.0,198,3,20.0,199,0
0.38,0.51,1,0,0,1,11,0,4.0,198,3,20.0,199,0
0.38,0.51,1,0,0,1,26,0,5.0,198,3,20.0,199,0
0.38,0.51,1,0,0,1,36,0,6.0,198,3,20.0,199,0
0.38,0.51,1,0,0,1,45,0,7.0,198,3,20.0,199,0
0.38,0.51,1,0,0,1,55,0,8.0,198,3,20.0,199,0
0.38,0.51,1,0,0,1,73,0,9.0,198,3,20.0,199,0
0.38,0.51,1,0,0,1,80,0,10.0,198,3,20.0,199,0
0.38,0.51,1,0,0,1,85,0,11.0,198,3,20.0,199,0
0.38,0.51,1,0,0,1,87,2,12.0,198,3,20.0,199,0
0.38,0.51,1,0,0,1,99,3,13.0,198,3,20.0,199,0
0.38,0.51,1,0,0,1,106,5,14.0,198,3,20.0,199,0
0.38,0.51,1,0,0,1,113,6,15.0,198,3,20.0,199,0
0.38,0.51,1,0,0,1,125,7,16.0,198,3,20.0,199,0
0.38,0.51,1,0,0,1,128,8,17.0,198,3,20.0,199,0
0.38,0.51,1,0,0,1,137,8,18.0,198,3,20.0,199,0
0.38,0.51,1,0,0,1,143,9,19.0,198,3,20.0,199,0
0.38,0.51,1,0,0,1,153,9,20.0,198,3,20.0,199,0
0.45,0.41,1,1,1,1,7,1,1.0,0,0,0.0,0,0
0.45,0.41,1,1,1,1,11,1,2.0,0,0,0.0,0,0
0.45,0.41,1,1,1,1,20,1,3.0,0,0,0.0,0,0
0.45,0.41,1,1,1,1,29,1,4.0,0,0,0.0,0,0
0.45,0.41,1,1,1,1,31,2,5.0,0,0,0.0,0,0
0.45,0.41,1,1,1,1,33,2,6.0,0,0,0.0,0,0
0.45,0.41,1,1,1,1,49,2,7.0,0,0,0.0,0,0
0.45,0.41,1,1,1,1,57,2,8.0,0,0,0.0,0,0
0.45,0.41,1,1,1,1,61,3,9.0,0,0,0.0,0,0
0.45,0.41,1,1,1,1,68,3,10.0,0,0,0.0,0,0
0.45,0.41,1,1,1,1,74,3,11.0,0,0,0.0,0,0
0.45,0.41,1,1,1,1,76,3,12.0,0,0,0.0,0,0
0.45,0.41,1,1,1,1,78,3,13.0,0,0,0.0,0,0
0.45,0.41,1,1,1,1,79,3,14.0,0,0,0.0,0,0
0.45,0.41,1,1,1,1,81,3,15.0,0,0,0.0,0,0
0.45,0.41,1,1,1,1,88,3,16.0,0,0,0.0,0,0
0.45,0.41,1,1,1,1,90,3,17.0,0,0,0.0,0,0
0.45,0.41,1,1,1,1,94,3,18.0,0,0,0.0,0,0
0.45,0.41,1,1,1,1,110,3,19.0,0,0,0.0,0,0
0.45,0.41,1,1,1,1,116,3,20.0,0,0,0.0,0,0
0.45,0.41,1,1,0,0,116,3,20.0,10,0,1.0,117,0
0.45,0.41,1,1,0,0,116,3,20.0,19,0,2.0,117,0
0.45,0.41,1,1,0,0,116,3,20.0,26,0,3.0,117,0
0.45,0.41,1,1,0,0,116,3,20.0,35,0,4.0,117,0
0.45,0.41,1,1,0,0,116,3,20.0,39,0,5.0,117,0
0.45,0.41,1,1,0,0,116,3,20.0,45,1,6.0,117,0
0.45,0.41,1,1,0,0,116,3,20.0,54,1,7.0,117,0
0.45,0.41,1,1,0,0,116,3,20.0,62,1,8.0,117,0
0.45,0.41,1,1,0,0,116,3,20.0,76,1,9.0,117,0
0.45,0.41,1,1,0,0,116,3,20.0,88,1,10.0,117,0
0.45,0.41,1,1,0,0,116,3,20.0,90,1,11.0,117,0
0.45,0.41,1,1,0,0,116,3,20.0,93,1,12.0,117,0
0.45,0.41,1,1,0,0,116,3,20.0,103,1,13.0,117,0
0.45,0.41,1,1,0,0,116,3,20.0,106,1,14.0,117,0
0.45,0.41,1,1,0,0,116,3,20.0,107,2,15.0,117,0
0.45,0.41,1,1,0,0,116,3,20.0,110,2,16.0,117,0
0.45,0.41,1,1,0,0,116,3,20.0,118,2,16.5,117,0
0.46,0.48,1,0,1,0,0,0,0.0,6,0,1.0,0,1
0.46,0.48,1,0,1,0,0,0,0.0,13,1,2.0,0,1
0.46,0.48,1,0,1,0,0,0,0.0,20,1,3.0,0,1
0.46,0.48,1,0,1,0,0,0,0.0,23,1,4.0,0,1
0.46,0.48,1,0,1,0,0,0,0.0,27,1,5.0,0,1
0.46,0.48,1,0,1,0,0,0,0.0,30,1,6.0,0,1
0.46,0.48,1,0,1,0,0,0,0.0,48,1,7.0,0,1
0.46,0.48,1,0,1,0,0,0,0.0,56,1,8.0,0,1
0.46,0.48,1,0,1,0,0,0,0.0,60,1,9.0,0,1
0.46,0.48,1,0,1,0,0,0,0.0,64,2,10.0,0,1
0.46,0.48,1,0,1,0,0,0,0.0,72,4,11.0,0,1
0.46,0.48,1,0,1,0,0,0,0.0,76,4,12.0,0,1
0.46,0.48,1,0,1,0,0,0,0.0,85,4,13.0,0,1
0.46,0.48,1,0,1,0,0,0,0.0,99,4,14.0,0,1
0.46,0.48,1,0,1,0,0,0,0.0,100,4,15.0,0,1
0.46,0.48,1,0,1,0,0,0,0.0,103,4,16.0,0,1
0.46,0.48,1,0,1,0,0,0,0.0,112,4,17.0,0,1
0.46,0.48,1,0,1,0,0,0,0.0,119,4,18.0,0,1
0.46,0.48,1,0,1,0,0,0,0.0,127,4,19.0,0,1
0.46,0.48,1,0,1,0,0,0,0.0,142,5,20.0,0,1
0.46,0.48,1,0,0,1,4,0,1.0,142,5,20.0,143,1
0.46,0.48,1,0,0,1,11,0,2.0,142,5,20.0,143,1
0.46,0.48,1,0,0,1,21,0,3.0,142,5,20.0,143,1
0.46,0.48,1,0,0,1,23,0,4.0,142,5,20.0,143,1
0.46,0.48,1,0,0,1,35,0,5.0,142,5,20.0,143,1
0.46,0.48,1,0,0,1,39,0,6.0,142,5,20.0,143,1
0.46,0.48,1,0,0,1,43,0,7.0,142,5,20.0,143,1
0.46,0.48,1,0,0,1,46,0,8.0,142,5,20.0,143,1
0.46,0.48,1,0,0,1,50,0,9.0,142,5,20.0,143,1
0.46,0.48,1,0,0,1,61,1,10.0,142,5,20.0,143,1
0.46,0.48,1,0,0,1,80,1,11.0,142,5,20.0,143,1
0.46,0.48,1,0,0,1,90,1,12.0,142,5,20.0,143,1
0.46,0.48,1,0,0,1,98,1,13.0,142,5,20.0,143,1
0.46,0.48,1,0,0,1,103,1,14.0,142,5,20.0,143,1
0.46,0.48,1,0,0,1,111,1,15.0,142,5,20.0,143,1
0.46,0.48,1,0,0,1,113,1,16.0,142,5,20.0,143,1
0.46,0.48,1,0,0,1,128,1,17.0,142,5,20.0,143,1
0.46,0.48,1,0,0,1,134,1,18.0,142,5,20.0,143,1
0.46,0.48,1,0,0,1,147,2,18.83,142,5,20.0,143,1
0.61,0.62,0,1,1,0,0,0,0.0,4,0,1.0,0,0
0.61,0.62,0,1,1,0,0,0,0.0,12,0,2.0,0,0
0.61,0.62,0,1,1,0,0,0,0.0,16,0,3.0,0,0
0.61,0.62,0,1,1,0,0,0,0.0,22,0,4.0,0,0
0.61,0.62,0,1,1,0,0,0,0.0,33,0,5.0,0,0
0.61,0.62,0,1,1,0,0,0,0.0,37,0,6.0,0,0
0.61,0.62,0,1,1,0,0,0,0.0,44,1,7.0,0,0
0.61,0.62,0,1,1,0,0,0,0.0,48,2,8.0,0,0
0.61,0.62,0,1,1,0,0,0,0.0,65,2,9.0,0,0
0.61,0.62,0,1,1,0,0,0,0.0,74,2,10.0,0,0
0.61,0.62,0,1,1,0,0,0,0.0,75,3,11.0,0,0
0.61,0.62,0,1,1,0,0,0,0.0,86,3,12.0,0,0
0.61,0.62,0,1,1,0,0,0,0.0,89,4,13.0,0,0
0.61,0.62,0,1,1,0,0,0,0.0,105,4,14.0,0,0
0.61,0.62,0,1,1,0,0,0,0.0,112,4,15.0,0,0
0.61,0.62,0,1,1,0,0,0,0.0,126,5,16.0,0,0
0.61,0.62,0,1,1,0,0,0,0.0,128,6,17.0,0,0
0.61,0.62,0,1,1,0,0,0,0.0,131,7,18.0,0,0
0.61,0.62,0,1,1,0,0,0,0.0,135,7,19.0,0,0
0.61,0.62,0,1,1,0,0,0,0.0,145,7,20.0,0,0
0.61,0.62,0,1,0,1,5,0,1.0,145,7,20.0,146,0
0.61,0.62,0,1,0,1,9,1,2.0,145,7,20.0,146,0
0.61,0.62,0,1,0,1,17,1,3.0,145,7,20.0,146,0
0.61,0.62,0,1,0,1,26,1,4.0,145,7,20.0,146,0
0.61,0.62,0,1,0,1,31,3,5.0,145,7,20.0,146,0
0.61,0.62,0,1,0,1,35,3,6.0,145,7,20.0,146,0
0.61,0.62,0,1,0,1,41,4,7.0,145,7,20.0,146,0
0.61,0.62,0,1,0,1,50,4,8.0,145,7,20.0,146,0
0.61,0.62,0,1,0,1,54,5,9.0,145,7,20.0,146,0
0.61,0.62,0,1,0,1,63,5,10.0,145,7,20.0,146,0
0.61,0.62,0,1,0,1,69,5,11.0,145,7,20.0,146,0
0.61,0.62,0,1,0,1,72,5,12.0,145,7,20.0,146,0
0.61,0.62,0,1,0,1,82,5,13.0,145,7,20.0,146,0
0.61,0.62,0,1,0,1,94,5,14.0,145,7,20.0,146,0
0.61,0.62,0,1,0,1,98,5,15.0,145,7,20.0,146,0
0.61,0.62,0,1,0,1,101,6,16.0,145,7,20.0,146,0
0.61,0.62,0,1,0,1,110,6,17.0,145,7,20.0,146,0
0.61,0.62,0,1,0,1,121,6,18.0,145,7,20.0,146,0
0.61,0.62,0,1,0,1,131,6,19.0,145,7,20.0,146,0
0.61,0.62,0,1,0,1,138,7,20.0,145,7,20.0,146,0
0.63,0.45,0,1,1,0,0,0,0.0,2,0,1.0,0,1
0.63,0.45,0,1,1,0,0,0,0.0,10,1,2.0,0,1
0.63,0.45,0,1,1,0,0,0,0.0,12,3,3.0,0,1
0.63,0.45,0,1,1,0,0,0,0.0,21,3,4.0,0,1
0.63,0.45,0,1,1,0,0,0,0.0,27,3,5.0,0,1
0.63,0.45,0,1,1,0,0,0,0.0,37,4,6.0,0,1
0.63,0.45,0,1,1,0,0,0,0.0,41,4,7.0,0,1
0.63,0.45,0,1,1,0,0,0,0.0,49,4,8.0,0,1
0.63,0.45,0,1,1,0,0,0,0.0,52,5,9.0,0,1
0.63,0.45,0,1,1,0,0,0,0.0,55,5,10.0,0,1
0.63,0.45,0,1,1,0,0,0,0.0,62,6,11.0,0,1
0.63,0.45,0,1,1,0,0,0,0.0,64,6,12.0,0,1
0.63,0.45,0,1,1,0,0,0,0.0,68,6,13.0,0,1
0.63,0.45,0,1,1,0,0,0,0.0,71,6,14.0,0,1
0.63,0.45,0,1,1,0,0,0,0.0,86,6,15.0,0,1
0.63,0.45,0,1,1,0,0,0,0.0,91,6,16.0,0,1
0.63,0.45,0,1,1,0,0,0,0.0,96,7,17.0,0,1
0.63,0.45,0,1,1,0,0,0,0.0,98,9,18.0,0,1
0.63,0.45,0,1,1,0,0,0,0.0,104,9,19.0,0,1
0.63,0.45,0,1,1,0,0,0,0.0,110,9,20.0,0,1
0.63,0.45,0,1,0,1,5,0,1.0,110,9,20.0,111,1
0.63,0.45,0,1,0,1,11,0,2.0,110,9,20.0,111,1
0.63,0.45,0,1,0,1,15,0,3.0,110,9,20.0,111,1
0.63,0.45,0,1,0,1,19,0,4.0,110,9,20.0,111,1
0.63,0.45,0,1,0,1,33,0,5.0,110,9,20.0,111,1
0.63,0.45,0,1,0,1,42,0,6.0,110,9,20.0,111,1
0.63,0.45,0,1,0,1,50,0,7.0,110,9,20.0,111,1
0.63,0.45,0,1,0,1,62,0,8.0,110,9,20.0,111,1
0.63,0.45,0,1,0,1,73,0,9.0,110,9,20.0,111,1
0.63,0.45,0,1,0,1,87,0,10.0,110,9,20.0,111,1
0.63,0.45,0,1,0,1,99,0,11.0,110,9,20.0,111,1
0.63,0.45,0,1,0,1,110,0,12.0,110,9,20.0,111,1
0.63,0.45,0,1,0,1,114,0,12.33,110,9,20.0,111,1
0.46,0.49,0,1,1,0,0,0,0.0,4,0,1.0,0,1
0.46,0.49,0,1,1,0,0,0,0.0,8,0,2.0,0,1
0.46,0.49,0,1,1,0,0,0,0.0,10,0,3.0,0,1
0.46,0.49,0,1,1,0,0,0,0.0,19,0,4.0,0,1
0.46,0.49,0,1,1,0,0,0,0.0,24,0,5.0,0,1
0.46,0.49,0,1,1,0,0,0,0.0,34,0,6.0,0,1
0.46,0.49,0,1,1,0,0,0,0.0,37,0,7.0,0,1
0.46,0.49,0,1,1,0,0,0,0.0,43,1,8.0,0,1
0.46,0.49,0,1,1,0,0,0,0.0,49,2,9.0,0,1
0.46,0.49,0,1,1,0,0,0,0.0,54,2,10.0,0,1
0.46,0.49,0,1,1,0,0,0,0.0,59,3,11.0,0,1
0.46,0.49,0,1,1,0,0,0,0.0,68,3,12.0,0,1
0.46,0.49,0,1,1,0,0,0,0.0,74,4,13.0,0,1
0.46,0.49,0,1,1,0,0,0,0.0,77,4,14.0,0,1
0.46,0.49,0,1,1,0,0,0,0.0,81,4,15.0,0,1
0.46,0.49,0,1,1,0,0,0,0.0,88,4,16.0,0,1
0.46,0.49,0,1,1,0,0,0,0.0,90,4,17.0,0,1
0.46,0.49,0,1,1,0,0,0,0.0,93,4,18.0,0,1
0.46,0.49,0,1,1,0,0,0,0.0,97,5,19.0,0,1
0.46,0.49,0,1,1,0,0,0,0.0,104,5,20.0,0,1
0.46,0.49,0,1,0,1,1,0,1.0,104,5,20.0,105,1
0.46,0.49,0,1,0,1,8,0,2.0,104,5,20.0,105,1
0.46,0.49,0,1,0,1,13,0,3.0,104,5,20.0,105,1
0.46,0.49,0,1,0,1,17,0,4.0,104,5,20.0,105,1
0.46,0.49,0,1,0,1,20,0,5.0,104,5,20.0,105,1
0.46,0.49,0,1,0,1,36,0,6.0,104,5,20.0,105,1
0.46,0.49,0,1,0,1,48,0,7.0,104,5,20.0,105,1
0.46,0.49,0,1,0,1,64,0,8.0,104,5,20.0,105,1
0.46,0.49,0,1,0,1,65,0,9.0,104,5,20.0,105,1
0.46,0.49,0,1,0,1,71,0,10.0,104,5,20.0,105,1
0.46,0.49,0,1,0,1,83,0,11.0,104,5,20.0,105,1
0.46,0.49,0,1,0,1,87,0,12.0,104,5,20.0,105,1
0.46,0.49,0,1,0,1,98,1,13.0,104,5,20.0,105,1
0.46,0.49,0,1,0,1,105,1,13.33,104,5,20.0,105,1
0.6,0.45,1,1,1,1,4,2,1.0,0,0,0.0,0,1
0.6,0.45,1,1,1,1,16,2,2.0,0,0,0.0,0,1
0.6,0.45,1,1,1,1,32,2,3.0,0,0,0.0,0,1
0.6,0.45,1,1,1,1,36,2,4.0,0,0,0.0,0,1
0.6,0.45,1,1,1,1,39,2,5.0,0,0,0.0,0,1
0.6,0.45,1,1,1,1,47,2,6.0,0,0,0.0,0,1
0.6,0.45,1,1,1,1,58,2,7.0,0,0,0.0,0,1
0.6,0.45,1,1,1,1,70,2,8.0,0,0,0.0,0,1
0.6,0.45,1,1,1,1,81,2,9.0,0,0,0.0,0,1
0.6,0.45,1,1,1,1,90,3,10.0,0,0,0.0,0,1
0.6,0.45,1,1,1,1,101,3,11.0,0,0,0.0,0,1
0.6,0.45,1,1,1,1,107,3,12.0,0,0,0.0,0,1
0.6,0.45,1,1,1,1,116,4,13.0,0,0,0.0,0,1
0.6,0.45,1,1,1,1,125,4,14.0,0,0,0.0,0,1
0.6,0.45,1,1,1,1,129,4,15.0,0,0,0.0,0,1
0.6,0.45,1,1,1,1,140,4,16.0,0,0,0.0,0,1
0.6,0.45,1,1,1,1,149,4,17.0,0,0,0.0,0,1
0.6,0.45,1,1,1,1,152,4,18.0,0,0,0.0,0,1
0.6,0.45,1,1,1,1,164,4,19.0,0,0,0.0,0,1
0.6,0.45,1,1,1,1,170,4,20.0,0,0,0.0,0,1
0.6,0.45,1,1,0,0,170,4,20.0,3,0,1.0,171,1
0.6,0.45,1,1,0,0,170,4,20.0,9,0,2.0,171,1
0.6,0.45,1,1,0,0,170,4,20.0,19,0,3.0,171,1
0.6,0.45,1,1,0,0,170,4,20.0,26,0,4.0,171,1
0.6,0.45,1,1,0,0,170,4,20.0,35,1,5.0,171,1
0.6,0.45,1,1,0,0,170,4,20.0,45,1,6.0,171,1
0.6,0.45,1,1,0,0,170,4,20.0,49,2,7.0,171,1
0.6,0.45,1,1,0,0,170,4,20.0,60,2,8.0,171,1
0.6,0.45,1,1,0,0,170,4,20.0,62,2,9.0,171,1
0.6,0.45,1,1,0,0,170,4,20.0,69,2,10.0,171,1
0.6,0.45,1,1,0,0,170,4,20.0,71,3,11.0,171,1
0.6,0.45,1,1,0,0,170,4,20.0,73,5,12.0,171,1
0.6,0.45,1,1,0,0,170,4,20.0,83,5,13.0,171,1
0.6,0.45,1,1,0,0,170,4,20.0,98,5,14.0,171,1
0.6,0.45,1,1,0,0,170,4,20.0,111,6,15.0,171,1
0.6,0.45,1,1,0,0,170,4,20.0,115,6,16.0,171,1
0.6,0.45,1,1,0,0,170,4,20.0,127,6,17.0,171,1
0.6,0.45,1,1,0,0,170,4,20.0,135,6,18.0,171,1
0.6,0.45,1,1,0,0,170,4,20.0,149,6,19.0,171,1
0.6,0.45,1,1,0,0,170,4,20.0,162,6,20.0,171,1
0.54,0.58,1,1,1,1,12,0,1.0,0,0,0.0,0,0
0.54,0.58,1,1,1,1,24,1,2.0,0,0,0.0,0,0
0.54,0.58,1,1,1,1,33,1,3.0,0,0,0.0,0,0
0.54,0.58,1,1,1,1,41,1,4.0,0,0,0.0,0,0
0.54,0.58,1,1,1,1,43,2,5.0,0,0,0.0,0,0
0.54,0.58,1,1,1,1,55,2,6.0,0,0,0.0,0,0
0.54,0.58,1,1,1,1,58,2,7.0,0,0,0.0,0,0
0.54,0.58,1,1,1,1,62,2,8.0,0,0,0.0,0,0
0.54,0.58,1,1,1,1,65,2,9.0,0,0,0.0,0,0
0.54,0.58,1,1,1,1,73,3,10.0,0,0,0.0,0,0
0.54,0.58,1,1,1,1,78,3,11.0,0,0,0.0,0,0
0.54,0.58,1,1,1,1,87,3,12.0,0,0,0.0,0,0
0.54,0.58,1,1,1,1,98,3,13.0,0,0,0.0,0,0
0.54,0.58,1,1,1,1,104,3,14.0,0,0,0.0,0,0
0.54,0.58,1,1,1,1,112,4,15.0,0,0,0.0,0,0
0.54,0.58,1,1,1,1,118,4,16.0,0,0,0.0,0,0
0.54,0.58,1,1,1,1,121,5,17.0,0,0,0.0,0,0
0.54,0.58,1,1,1,1,124,5,18.0,0,0,0.0,0,0
0.54,0.58,1,1,1,1,133,6,19.0,0,0,0.0,0,0
0.54,0.58,1,1,1,1,134,7,20.0,0,0,0.0,0,0
0.54,0.58,1,1,0,0,134,7,20.0,8,0,1.0,135,0
0.54,0.58,1,1,0,0,134,7,20.0,15,0,2.0,135,0
0.54,0.58,1,1,0,0,134,7,20.0,20,0,3.0,135,0
0.54,0.58,1,1,0,0,134,7,20.0,22,0,4.0,135,0
0.54,0.58,1,1,0,0,134,7,20.0,34,0,5.0,135,0
0.54,0.58,1,1,0,0,134,7,20.0,45,1,6.0,135,0
0.54,0.58,1,1,0,0,134,7,20.0,47,2,7.0,135,0
0.54,0.58,1,1,0,0,134,7,20.0,57,2,8.0,135,0
0.54,0.58,1,1,0,0,134,7,20.0,68,2,9.0,135,0
0.54,0.58,1,1,0,0,134,7,20.0,77,2,10.0,135,0
0.54,0.58,1,1,0,0,134,7,20.0,83,2,11.0,135,0
0.54,0.58,1,1,0,0,134,7,20.0,97,2,12.0,135,0
0.54,0.58,1,1,0,0,134,7,20.0,107,2,13.0,135,0
0.54,0.58,1,1,0,0,134,7,20.0,115,2,14.0,135,0
0.54,0.58,1,1,0,0,134,7,20.0,119,2,15.0,135,0
0.54,0.58,1,1,0,0,134,7,20.0,135,2,16.0,135,0
0.39,0.53,0,0,1,1,10,0,1.0,0,0,0.0,0,0
0.39,0.53,0,0,1,1,22,0,2.0,0,0,0.0,0,0
0.39,0.53,0,0,1,1,28,1,3.0,0,0,0.0,0,0
0.39,0.53,0,0,1,1,35,1,4.0,0,0,0.0,0,0
0.39,0.53,0,0,1,1,42,1,5.0,0,0,0.0,0,0
0.39,0.53,0,0,1,1,47,1,6.0,0,0,0.0,0,0
0.39,0.53,0,0,1,1,57,1,7.0,0,0,0.0,0,0
0.39,0.53,0,0,1,1,61,1,8.0,0,0,0.0,0,0
0.39,0.53,0,0,1,1,65,1,9.0,0,0,0.0,0,0
0.39,0.53,0,0,1,1,67,2,10.0,0,0,0.0,0,0
0.39,0.53,0,0,1,1,72,2,11.0,0,0,0.0,0,0
0.39,0.53,0,0,1,1,73,2,12.0,0,0,0.0,0,0
0.39,0.53,0,0,1,1,77,2,13.0,0,0,0.0,0,0
0.39,0.53,0,0,1,1,83,2,14.0,0,0,0.0,0,0
0.39,0.53,0,0,1,1,88,3,15.0,0,0,0.0,0,0
0.39,0.53,0,0,1,1,94,3,16.0,0,0,0.0,0,0
0.39,0.53,0,0,1,1,100,3,17.0,0,0,0.0,0,0
0.39,0.53,0,0,1,1,100,4,18.0,0,0,0.0,0,0
0.39,0.53,0,0,1,1,103,4,19.0,0,0,0.0,0,0
0.39,0.53,0,0,1,1,105,5,20.0,0,0,0.0,0,0
0.39,0.53,0,0,0,0,105,5,20.0,7,0,1.0,106,0
0.39,0.53,0,0,0,0,105,5,20.0,17,0,2.0,106,0
0.39,0.53,0,0,0,0,105,5,20.0,26,0,3.0,106,0
0.39,0.53,0,0,0,0,105,5,20.0,34,0,4.0,106,0
0.39,0.53,0,0,0,0,105,5,20.0,38,0,5.0,106,0
0.39,0.53,0,0,0,0,105,5,20.0,53,1,6.0,106,0
0.39,0.53,0,0,0,0,105,5,20.0,57,2,7.0,106,0
0.39,0.53,0,0,0,0,105,5,20.0,72,2,8.0,106,0
0.39,0.53,0,0,0,0,105,5,20.0,80,2,9.0,106,0
0.39,0.53,0,0,0,0,105,5,20.0,90,2,10.0,106,0
0.39,0.53,0,0,0,0,105,5,20.0,100,2,11.0,106,0
0.39,0.53,0,0,0,0,105,5,20.0,102,3,12.0,106,0
0.39,0.53,0,0,0,0,105,5,20.0,106,3,13.0,106,0
0.55,0.54,0,0,1,1,4,1,1.0,0,0,0.0,0,0
0.55,0.54,0,0,1,1,6,2,2.0,0,0,0.0,0,0
0.55,0.54,0,0,1,1,11,2,3.0,0,0,0.0,0,0
0.55,0.54,0,0,1,1,15,2,4.0,0,0,0.0,0,0
0.55,0.54,0,0,1,1,24,2,5.0,0,0,0.0,0,0
0.55,0.54,0,0,1,1,26,2,6.0,0,0,0.0,0,0
0.55,0.54,0,0,1,1,34,3,7.0,0,0,0.0,0,0
0.55,0.54,0,0,1,1,39,3,8.0,0,0,0.0,0,0
0.55,0.54,0,0,1,1,42,4,9.0,0,0,0.0,0,0
0.55,0.54,0,0,1,1,48,4,10.0,0,0,0.0,0,0
0.55,0.54,0,0,1,1,66,4,11.0,0,0,0.0,0,0
0.55,0.54,0,0,1,1,73,4,12.0,0,0,0.0,0,0
0.55,0.54,0,0,1,1,81,4,13.0,0,0,0.0,0,0
0.55,0.54,0,0,1,1,87,4,14.0,0,0,0.0,0,0
0.55,0.54,0,0,1,1,96,4,15.0,0,0,0.0,0,0
0.55,0.54,0,0,1,1,97,6,16.0,0,0,0.0,0,0
0.55,0.54,0,0,1,1,103,6,17.0,0,0,0.0,0,0
0.55,0.54,0,0,1,1,117,6,18.0,0,0,0.0,0,0
0.55,0.54,0,0,1,1,122,7,19.0,0,0,0.0,0,0
0.55,0.54,0,0,1,1,125,7,20.0,0,0,0.0,0,0
0.55,0.54,0,0,0,0,125,7,20.0,1,1,1.0,126,0
0.55,0.54,0,0,0,0,125,7,20.0,8,1,2.0,126,0
0.55,0.54,0,0,0,0,125,7,20.0,15,2,3.0,126,0
0.55,0.54,0,0,0,0,125,7,20.0,31,2,4.0,126,0
0.55,0.54,0,0,0,0,125,7,20.0,44,2,5.0,126,0
0.55,0.54,0,0,0,0,125,7,20.0,45,2,6.0,126,0
0.55,0.54,0,0,0,0,125,7,20.0,52,3,7.0,126,0
0.55,0.54,0,0,0,0,125,7,20.0,63,3,8.0,126,0
0.55,0.54,0,0,0,0,125,7,20.0,72,3,9.0,126,0
0.55,0.54,0,0,0,0,125,7,20.0,83,3,10.0,126,0
0.55,0.54,0,0,0,0,125,7,20.0,93,3,11.0,126,0
0.55,0.54,0,0,0,0,125,7,20.0,96,3,12.0,126,0
0.55,0.54,0,0,0,0,125,7,20.0,105,3,13.0,126,0
0.55,0.54,0,0,0,0,125,7,20.0,116,3,14.0,126,0
0.55,0.54,0,0,0,0,125,7,20.0,125,3,15.0,126,0
0.55,0.54,0,0,0,0,125,7,20.0,126,3,15.5,126,0
0.49,0.38,1,1,1,1,10,0,1.0,0,0,0.0,0,0
0.49,0.38,1,1,1,1,13,1,2.0,0,0,0.0,0,0
0.49,0.38,1,1,1,1,23,1,3.0,0,0,0.0,0,0
0.49,0.38,1,1,1,1,32,1,4.0,0,0,0.0,0,0
0.49,0.38,1,1,1,1,43,1,5.0,0,0,0.0,0,0
0.49,0.38,1,1,1,1,51,3,6.0,0,0,0.0,0,0
0.49,0.38,1,1,1,1,58,3,7.0,0,0,0.0,0,0
0.49,0.38,1,1,1,1,61,4,8.0,0,0,0.0,0,0
0.49,0.38,1,1,1,1,64,4,9.0,0,0,0.0,0,0
0.49,0.38,1,1,1,1,65,4,10.0,0,0,0.0,0,0
0.49,0.38,1,1,1,1,70,4,11.0,0,0,0.0,0,0
0.49,0.38,1,1,1,1,72,4,12.0,0,0,0.0,0,0
0.49,0.38,1,1,1,1,83,4,13.0,0,0,0.0,0,0
0.49,0.38,1,1,1,1,93,4,14.0,0,0,0.0,0,0
0.49,0.38,1,1,1,1,95,4,15.0,0,0,0.0,0,0
0.49,0.38,1,1,1,1,105,4,16.0,0,0,0.0,0,0
0.49,0.38,1,1,1,1,107,5,17.0,0,0,0.0,0,0
0.49,0.38,1,1,1,1,118,5,18.0,0,0,0.0,0,0
0.49,0.38,1,1,1,1,128,5,19.0,0,0,0.0,0,0
0.49,0.38,1,1,1,1,138,5,20.0,0,0,0.0,0,0
0.49,0.38,1,1,0,0,138,5,20.0,5,0,1.0,139,0
0.49,0.38,1,1,0,0,138,5,20.0,17,1,2.0,139,0
0.49,0.38,1,1,0,0,138,5,20.0,28,1,3.0,139,0
0.49,0.38,1,1,0,0,138,5,20.0,35,3,4.0,139,0
0.49,0.38,1,1,0,0,138,5,20.0,38,3,5.0,139,0
0.49,0.38,1,1,0,0,138,5,20.0,42,3,6.0,139,0
0.49,0.38,1,1,0,0,138,5,20.0,45,3,7.0,139,0
0.49,0.38,1,1,0,0,138,5,20.0,51,3,8.0,139,0
0.49,0.38,1,1,0,0,138,5,20.0,69,3,9.0,139,0
0.49,0.38,1,1,0,0,138,5,20.0,78,3,10.0,139,0
0.49,0.38,1,1,0,0,138,5,20.0,84,3,11.0,139,0
0.49,0.38,1,1,0,0,138,5,20.0,95,4,12.0,139,0
0.49,0.38,1,1,0,0,138,5,20.0,100,4,13.0,139,0
0.49,0.38,1,1,0,0,138,5,20.0,106,4,14.0,139,0
0.49,0.38,1,1,0,0,138,5,20.0,113,5,15.0,139,0
0.49,0.38,1,1,0,0,138,5,20.0,116,6,16.0,139,0
0.49,0.38,1,1,0,0,138,5,20.0,125,6,17.0,139,0
0.49,0.38,1,1,0,0,138,5,20.0,126,6,18.0,139,0
0.49,0.38,1,1,0,0,138,5,20.0,135,6,19.0,139,0
0.49,0.38,1,1,0,0,138,5,20.0,138,6,20.0,139,0
0.5,0.58,1,1,1,1,9,0,1.0,0,0,0.0,0,0
0.5,0.58,1,1,1,1,12,0,2.0,0,0,0.0,0,0
0.5,0.58,1,1,1,1,15,1,3.0,0,0,0.0,0,0
0.5,0.58,1,1,1,1,27,1,4.0,0,0,0.0,0,0
0.5,0.58,1,1,1,1,37,1,5.0,0,0,0.0,0,0
0.5,0.58,1,1,1,1,43,1,6.0,0,0,0.0,0,0
0.5,0.58,1,1,1,1,49,3,7.0,0,0,0.0,0,0
0.5,0.58,1,1,1,1,53,3,8.0,0,0,0.0,0,0
0.5,0.58,1,1,1,1,59,3,9.0,0,0,0.0,0,0
0.5,0.58,1,1,1,1,62,3,10.0,0,0,0.0,0,0
0.5,0.58,1,1,1,1,68,3,11.0,0,0,0.0,0,0
0.5,0.58,1,1,1,1,78,4,12.0,0,0,0.0,0,0
0.5,0.58,1,1,1,1,92,4,13.0,0,0,0.0,0,0
0.5,0.58,1,1,1,1,97,4,14.0,0,0,0.0,0,0
0.5,0.58,1,1,1,1,107,4,15.0,0,0,0.0,0,0
0.5,0.58,1,1,1,1,109,4,16.0,0,0,0.0,0,0
0.5,0.58,1,1,1,1,113,4,17.0,0,0,0.0,0,0
0.5,0.58,1,1,1,1,122,4,18.0,0,0,0.0,0,0
0.5,0.58,1,1,1,1,133,4,19.0,0,0,0.0,0,0
0.5,0.58,1,1,1,1,142,4,20.0,0,0,0.0,0,0
0.5,0.58,1,1,0,0,142,4,20.0,11,0,1.0,143,0
0.5,0.58,1,1,0,0,142,4,20.0,26,0,2.0,143,0
0.5,0.58,1,1,0,0,142,4,20.0,31,0,3.0,143,0
0.5,0.58,1,1,0,0,142,4,20.0,41,0,4.0,143,0
0.5,0.58,1,1,0,0,142,4,20.0,56,0,5.0,143,0
0.5,0.58,1,1,0,0,142,4,20.0,65,0,6.0,143,0
0.5,0.58,1,1,0,0,142,4,20.0,75,0,7.0,143,0
0.5,0.58,1,1,0,0,142,4,20.0,83,0,8.0,143,0
0.5,0.58,1,1,0,0,142,4,20.0,85,1,9.0,143,0
0.5,0.58,1,1,0,0,142,4,20.0,94,1,10.0,143,0
0.5,0.58,1,1,0,0,142,4,20.0,103,2,11.0,143,0
0.5,0.58,1,1,0,0,142,4,20.0,114,2,12.0,143,0
0.5,0.58,1,1,0,0,142,4,20.0,121,3,13.0,143,0
0.5,0.58,1,1,0,0,142,4,20.0,137,3,14.0,143,0
0.5,0.58,1,1,0,0,142,4,20.0,142,3,15.0,143,0
0.5,0.58,1,1,0,0,142,4,20.0,146,3,15.17,143,0
0.39,0.53,1,1,1,1,3,1,1.0,0,0,0.0,0,0
0.39,0.53,1,1,1,1,7,1,2.0,0,0,0.0,0,0
0.39,0.53,1,1,1,1,16,1,3.0,0,0,0.0,0,0
0.39,0.53,1,1,1,1,24,1,4.0,0,0,0.0,0,0
0.39,0.53,1,1,1,1,35,1,5.0,0,0,0.0,0,0
0.39,0.53,1,1,1,1,41,1,6.0,0,0,0.0,0,0
0.39,0.53,1,1,1,1,47,1,7.0,0,0,0.0,0,0
0.39,0.53,1,1,1,1,52,1,8.0,0,0,0.0,0,0
0.39,0.53,1,1,1,1,53,2,9.0,0,0,0.0,0,0
0.39,0.53,1,1,1,1,55,2,10.0,0,0,0.0,0,0
0.39,0.53,1,1,1,1,63,2,11.0,0,0,0.0,0,0
0.39,0.53,1,1,1,1,64,2,12.0,0,0,0.0,0,0
0.39,0.53,1,1,1,1,72,2,13.0,0,0,0.0,0,0
0.39,0.53,1,1,1,1,78,2,14.0,0,0,0.0,0,0
0.39,0.53,1,1,1,1,82,2,15.0,0,0,0.0,0,0
0.39,0.53,1,1,1,1,85,3,16.0,0,0,0.0,0,0
0.39,0.53,1,1,1,1,98,3,17.0,0,0,0.0,0,0
0.39,0.53,1,1,1,1,101,3,18.0,0,0,0.0,0,0
0.39,0.53,1,1,1,1,106,3,19.0,0,0,0.0,0,0
0.39,0.53,1,1,1,1,107,4,20.0,0,0,0.0,0,0
0.39,0.53,1,1,0,0,107,4,20.0,11,0,1.0,108,0
0.39,0.53,1,1,0,0,107,4,20.0,13,0,2.0,108,0
0.39,0.53,1,1,0,0,107,4,20.0,23,1,3.0,108,0
0.39,0.53,1,1,0,0,107,4,20.0,27,1,4.0,108,0
0.39,0.53,1,1,0,0,107,4,20.0,33,2,5.0,108,0
0.39,0.53,1,1,0,0,107,4,20.0,40,2,6.0,108,0
0.39,0.53,1,1,0,0,107,4,20.0,50,3,7.0,108,0
0.39,0.53,1,1,0,0,107,4,20.0,63,3,8.0,108,0
0.39,0.53,1,1,0,0,107,4,20.0,68,3,9.0,108,0
0.39,0.53,1,1,0,0,107,4,20.0,80,3,10.0,108,0
0.39,0.53,1,1,0,0,107,4,20.0,87,3,11.0,108,0
0.39,0.53,1,1,0,0,107,4,20.0,94,3,12.0,108,0
0.39,0.53,1,1,0,0,107,4,20.0,100,3,13.0,108,0
0.39,0.53,1,1,0,0,107,4,20.0,108,3,13.67,108,0
0.53,0.61,0,0,1,1,9,0,1.0,0,0,0.0,0,0
0.53,0.61,0,0,1,1,17,0,2.0,0,0,0.0,0,0
0.53,0.61,0,0,1,1,26,0,3.0,0,0,0.0,0,0
0.53,0.61,0,0,1,1,35,0,4.0,0,0,0.0,0,0
0.53,0.61,0,0,1,1,37,0,5.0,0,0,0.0,0,0
0.53,0.61,0,0,1,1,48,1,6.0,0,0,0.0,0,0
0.53,0.61,0,0,1,1,56,2,7.0,0,0,0.0,0,0
0.53,0.61,0,0,1,1,57,2,8.0,0,0,0.0,0,0
0.53,0.61,0,0,1,1,66,2,9.0,0,0,0.0,0,0
0.53,0.61,0,0,1,1,77,2,10.0,0,0,0.0,0,0
0.53,0.61,0,0,1,1,84,2,11.0,0,0,0.0,0,0
0.53,0.61,0,0,1,1,90,3,12.0,0,0,0.0,0,0
0.53,0.61,0,0,1,1,99,3,13.0,0,0,0.0,0,0
0.53,0.61,0,0,1,1,105,3,14.0,0,0,0.0,0,0
0.53,0.61,0,0,1,1,112,3,15.0,0,0,0.0,0,0
0.53,0.61,0,0,1,1,118,3,16.0,0,0,0.0,0,0
0.53,0.61,0,0,1,1,123,3,17.0,0,0,0.0,0,0
0.53,0.61,0,0,1,1,131,3,18.0,0,0,0.0,0,0
0.53,0.61,0,0,1,1,142,4,19.0,0,0,0.0,0,0
0.53,0.61,0,0,1,1,153,4,20.0,0,0,0.0,0,0
0.53,0.61,0,0,0,0,153,4,20.0,7,0,1.0,154,0
0.53,0.61,0,0,0,0,153,4,20.0,20,0,2.0,154,0
0.53,0.61,0,0,0,0,153,4,20.0,31,1,3.0,154,0
0.53,0.61,0,0,0,0,153,4,20.0,41,2,4.0,154,0
0.53,0.61,0,0,0,0,153,4,20.0,53,2,5.0,154,0
0.53,0.61,0,0,0,0,153,4,20.0,56,2,6.0,154,0
0.53,0.61,0,0,0,0,153,4,20.0,76,2,7.0,154,0
0.53,0.61,0,0,0,0,153,4,20.0,81,2,8.0,154,0
0.53,0.61,0,0,0,0,153,4,20.0,93,2,9.0,154,0
0.53,0.61,0,0,0,0,153,4,20.0,98,2,10.0,154,0
0.53,0.61,0,0,0,0,153,4,20.0,106,2,11.0,154,0
0.53,0.61,0,0,0,0,153,4,20.0,118,2,12.0,154,0
0.53,0.61,0,0,0,0,153,4,20.0,122,2,13.0,154,0
0.53,0.61,0,0,0,0,153,4,20.0,125,2,14.0,154,0
0.53,0.61,0,0,0,0,153,4,20.0,132,2,15.0,154,0
0.53,0.61,0,0,0,0,153,4,20.0,136,2,16.0,154,0
0.53,0.61,0,0,0,0,153,4,20.0,143,2,17.0,154,0
0.53,0.61,0,0,0,0,153,4,20.0,151,2,18.0,154,0
0.53,0.61,0,0,0,0,153,4,20.0,158,2,18.5,154,0
0.55,0.41,0,0,1,1,5,1,1.0,0,0,0.0,0,0
0.55,0.41,0,0,1,1,17,1,2.0,0,0,0.0,0,0
0.55,0.41,0,0,1,1,30,1,3.0,0,0,0.0,0,0
0.55,0.41,0,0,1,1,44,1,4.0,0,0,0.0,0,0
0.55,0.41,0,0,1,1,51,1,5.0,0,0,0.0,0,0
0.55,0.41,0,0,1,1,53,1,6.0,0,0,0.0,0,0
0.55,0.41,0,0,1,1,72,1,7.0,0,0,0.0,0,0
0.55,0.41,0,0,1,1,78,2,8.0,0,0,0.0,0,0
0.55,0.41,0,0,1,1,84,4,9.0,0,0,0.0,0,0
0.55,0.41,0,0,1,1,92,5,10.0,0,0,0.0,0,0
0.55,0.41,0,0,1,1,97,6,11.0,0,0,0.0,0,0
0.55,0.41,0,0,1,1,110,6,12.0,0,0,0.0,0,0
0.55,0.41,0,0,1,1,118,6,13.0,0,0,0.0,0,0
0.55,0.41,0,0,1,1,123,6,14.0,0,0,0.0,0,0
0.55,0.41,0,0,1,1,127,6,15.0,0,0,0.0,0,0
0.55,0.41,0,0,1,1,136,6,16.0,0,0,0.0,0,0
0.55,0.41,0,0,1,1,142,6,17.0,0,0,0.0,0,0
0.55,0.41,0,0,1,1,149,6,18.0,0,0,0.0,0,0
0.55,0.41,0,0,1,1,157,6,19.0,0,0,0.0,0,0
0.55,0.41,0,0,1,1,160,6,20.0,0,0,0.0,0,0
0.55,0.41,0,0,0,0,160,6,20.0,4,0,1.0,161,0
0.55,0.41,0,0,0,0,160,6,20.0,12,1,2.0,161,0
0.55,0.41,0,0,0,0,160,6,20.0,18,1,3.0,161,0
0.55,0.41,0,0,0,0,160,6,20.0,32,1,4.0,161,0
0.55,0.41,0,0,0,0,160,6,20.0,35,1,5.0,161,0
0.55,0.41,0,0,0,0,160,6,20.0,44,2,6.0,161,0
0.55,0.41,0,0,0,0,160,6,20.0,54,2,7.0,161,0
0.55,0.41,0,0,0,0,160,6,20.0,64,2,8.0,161,0
0.55,0.41,0,0,0,0,160,6,20.0,65,3,9.0,161,0
0.55,0.41,0,0,0,0,160,6,20.0,73,3,10.0,161,0
0.55,0.41,0,0,0,0,160,6,20.0,79,4,11.0,161,0
0.55,0.41,0,0,0,0,160,6,20.0,83,4,12.0,161,0
0.55,0.41,0,0,0,0,160,6,20.0,85,4,13.0,161,0
0.55,0.41,0,0,0,0,160,6,20.0,92,4,14.0,161,0
0.55,0.41,0,0,0,0,160,6,20.0,98,4,15.0,161,0
0.55,0.41,0,0,0,0,160,6,20.0,106,4,16.0,161,0
0.55,0.41,0,0,0,0,160,6,20.0,119,6,17.0,161,0
0.55,0.41,0,0,0,0,160,6,20.0,142,6,18.0,161,0
0.55,0.41,0,0,0,0,160,6,20.0,150,6,19.0,161,0
0.55,0.41,0,0,0,0,160,6,20.0,163,6,19.83,161,0
0.57,0.61,1,1,1,1,7,0,1.0,0,0,0.0,0,0
0.57,0.61,1,1,1,1,13,0,2.0,0,0,0.0,0,0
0.57,0.61,1,1,1,1,27,0,3.0,0,0,0.0,0,0
0.57,0.61,1,1,1,1,29,0,4.0,0,0,0.0,0,0
0.57,0.61,1,1,1,1,41,1,5.0,0,0,0.0,0,0
0.57,0.61,1,1,1,1,45,1,6.0,0,0,0.0,0,0
0.57,0.61,1,1,1,1,54,1,7.0,0,0,0.0,0,0
0.57,0.61,1,1,1,1,63,1,8.0,0,0,0.0,0,0
0.57,0.61,1,1,1,1,70,2,9.0,0,0,0.0,0,0
0.57,0.61,1,1,1,1,81,3,10.0,0,0,0.0,0,0
0.57,0.61,1,1,1,1,86,3,11.0,0,0,0.0,0,0
0.57,0.61,1,1,1,1,93,4,12.0,0,0,0.0,0,0
0.57,0.61,1,1,1,1,101,4,13.0,0,0,0.0,0,0
0.57,0.61,1,1,1,1,104,4,14.0,0,0,0.0,0,0
0.57,0.61,1,1,1,1,108,5,15.0,0,0,0.0,0,0
0.57,0.61,1,1,1,1,120,5,16.0,0,0,0.0,0,0
0.57,0.61,1,1,1,1,122,6,17.0,0,0,0.0,0,0
0.57,0.61,1,1,1,1,132,6,18.0,0,0,0.0,0,0
0.57,0.61,1,1,1,1,145,6,19.0,0,0,0.0,0,0
0.57,0.61,1,1,1,1,149,9,20.0,0,0,0.0,0,0
0.57,0.61,1,1,0,0,149,9,20.0,9,0,1.0,150,0
0.57,0.61,1,1,0,0,149,9,20.0,10,0,2.0,150,0
0.57,0.61,1,1,0,0,149,9,20.0,20,1,3.0,150,0
0.57,0.61,1,1,0,0,149,9,20.0,25,1,4.0,150,0
0.57,0.61,1,1,0,0,149,9,20.0,27,1,5.0,150,0
0.57,0.61,1,1,0,0,149,9,20.0,42,1,6.0,150,0
0.57,0.61,1,1,0,0,149,9,20.0,47,2,7.0,150,0
0.57,0.61,1,1,0,0,149,9,20.0,57,2,8.0,150,0
0.57,0.61,1,1,0,0,149,9,20.0,66,2,9.0,150,0
0.57,0.61,1,1,0,0,149,9,20.0,74,3,10.0,150,0
0.57,0.61,1,1,0,0,149,9,20.0,76,3,11.0,150,0
0.57,0.61,1,1,0,0,149,9,20.0,82,3,12.0,150,0
0.57,0.61,1,1,0,0,149,9,20.0,90,3,13.0,150,0
0.57,0.61,1,1,0,0,149,9,20.0,94,3,14.0,150,0
0.57,0.61,1,1,0,0,149,9,20.0,104,4,15.0,150,0
0.57,0.61,1,1,0,0,149,9,20.0,114,4,16.0,150,0
0.57,0.61,1,1,0,0,149,9,20.0,123,4,17.0,150,0
0.57,0.61,1,1,0,0,149,9,20.0,142,4,18.0,150,0
0.57,0.61,1,1,0,0,149,9,20.0,152,4,18.83,150,0
0.62,0.38,1,0,1,0,0,0,0.0,3,1,1.0,0,1
0.62,0.38,1,0,1,0,0,0,0.0,5,1,2.0,0,1
0.62,0.38,1,0,1,0,0,0,0.0,17,2,3.0,0,1
0.62,0.38,1,0,1,0,0,0,0.0,31,3,4.0,0,1
0.62,0.38,1,0,1,0,0,0,0.0,36,4,5.0,0,1
0.62,0.38,1,0,1,0,0,0,0.0,43,4,6.0,0,1
0.62,0.38,1,0,1,0,0,0,0.0,45,5,7.0,0,1
0.62,0.38,1,0,1,0,0,0,0.0,51,5,8.0,0,1
0.62,0.38,1,0,1,0,0,0,0.0,55,5,9.0,0,1
0.62,0.38,1,0,1,0,0,0,0.0,60,5,10.0,0,1
0.62,0.38,1,0,1,0,0,0,0.0,61,6,11.0,0,1
0.62,0.38,1,0,1,0,0,0,0.0,69,7,12.0,0,1
0.62,0.38,1,0,1,0,0,0,0.0,74,8,13.0,0,1
0.62,0.38,1,0,1,0,0,0,0.0,79,8,14.0,0,1
0.62,0.38,1,0,1,0,0,0,0.0,84,10,14.83,0,1
0.62,0.38,1,0,0,1,8,0,1.0,84,10,15.0,85,1
0.62,0.38,1,0,0,1,14,0,2.0,84,10,15.0,85,1
0.62,0.38,1,0,0,1,25,0,3.0,84,10,15.0,85,1
0.62,0.38,1,0,0,1,30,0,4.0,84,10,15.0,85,1
0.62,0.38,1,0,0,1,38,0,5.0,84,10,15.0,85,1
0.62,0.38,1,0,0,1,50,0,6.0,84,10,15.0,85,1
0.62,0.38,1,0,0,1,59,0,7.0,84,10,15.0,85,1
0.62,0.38,1,0,0,1,63,0,8.0,84,10,15.0,85,1
0.62,0.38,1,0,0,1,74,0,9.0,84,10,15.0,85,1
0.62,0.38,1,0,0,1,84,0,10.0,84,10,15.0,85,1
0.62,0.38,1,0,0,1,85,0,10.17,84,10,15.0,85,1
0.54,0.43,1,0,1,0,0,0,0.0,7,0,1.0,0,0
0.54,0.43,1,0,1,0,0,0,0.0,9,0,2.0,0,0
0.54,0.43,1,0,1,0,0,0,0.0,14,0,3.0,0,0
0.54,0.43,1,0,1,0,0,0,0.0,22,0,4.0,0,0
0.54,0.43,1,0,1,0,0,0,0.0,28,1,5.0,0,0
0.54,0.43,1,0,1,0,0,0,0.0,41,1,6.0,0,0
0.54,0.43,1,0,1,0,0,0,0.0,46,1,7.0,0,0
0.54,0.43,1,0,1,0,0,0,0.0,52,1,8.0,0,0
0.54,0.43,1,0,1,0,0,0,0.0,62,1,9.0,0,0
0.54,0.43,1,0,1,0,0,0,0.0,71,1,10.0,0,0
0.54,0.43,1,0,1,0,0,0,0.0,74,2,11.0,0,0
0.54,0.43,1,0,1,0,0,0,0.0,83,3,12.0,0,0
0.54,0.43,1,0,1,0,0,0,0.0,92,3,13.0,0,0
0.54,0.43,1,0,1,0,0,0,0.0,102,3,14.0,0,0
0.54,0.43,1,0,1,0,0,0,0.0,106,3,15.0,0,0
0.54,0.43,1,0,1,0,0,0,0.0,109,3,16.0,0,0
0.54,0.43,1,0,1,0,0,0,0.0,114,4,17.0,0,0
0.54,0.43,1,0,1,0,0,0,0.0,124,4,18.0,0,0
0.54,0.43,1,0,1,0,0,0,0.0,139,4,19.0,0,0
0.54,0.43,1,0,1,0,0,0,0.0,142,4,20.0,0,0
0.54,0.43,1,0,0,1,6,0,1.0,142,4,20.0,143,0
0.54,0.43,1,0,0,1,15,0,2.0,142,4,20.0,143,0
0.54,0.43,1,0,0,1,16,1,3.0,142,4,20.0,143,0
0.54,0.43,1,0,0,1,20,2,4.0,142,4,20.0,143,0
0.54,0.43,1,0,0,1,26,2,5.0,142,4,20.0,143,0
0.54,0.43,1,0,0,1,33,3,6.0,142,4,20.0,143,0
0.54,0.43,1,0,0,1,38,4,7.0,142,4,20.0,143,0
0.54,0.43,1,0,0,1,42,4,8.0,142,4,20.0,143,0
0.54,0.43,1,0,0,1,55,4,9.0,142,4,20.0,143,0
0.54,0.43,1,0,0,1,69,4,10.0,142,4,20.0,143,0
0.54,0.43,1,0,0,1,79,5,11.0,142,4,20.0,143,0
0.54,0.43,1,0,0,1,88,5,12.0,142,4,20.0,143,0
0.54,0.43,1,0,0,1,98,5,13.0,142,4,20.0,143,0
0.54,0.43,1,0,0,1,106,5,14.0,142,4,20.0,143,0
0.54,0.43,1,0,0,1,108,5,15.0,142,4,20.0,143,0
0.54,0.43,1,0,0,1,111,5,16.0,142,4,20.0,143,0
0.54,0.43,1,0,0,1,115,5,17.0,142,4,20.0,143,0
0.54,0.43,1,0,0,1,119,5,18.0,142,4,20.0,143,0
0.54,0.43,1,0,0,1,124,6,19.0,142,4,20.0,143,0
0.54,0.43,1,0,0,1,140,7,20.0,142,4,20.0,143,0
0.59,0.41,1,1,1,1,15,0,1.0,0,0,0.0,0,1
0.59,0.41,1,1,1,1,20,0,2.0,0,0,0.0,0,1
0.59,0.41,1,1,1,1,32,0,3.0,0,0,0.0,0,1
0.59,0.41,1,1,1,1,33,0,4.0,0,0,0.0,0,1
0.59,0.41,1,1,1,1,42,0,5.0,0,0,0.0,0,1
0.59,0.41,1,1,1,1,43,0,6.0,0,0,0.0,0,1
0.59,0.41,1,1,1,1,50,0,7.0,0,0,0.0,0,1
0.59,0.41,1,1,1,1,61,0,8.0,0,0,0.0,0,1
0.59,0.41,1,1,1,1,64,0,9.0,0,0,0.0,0,1
0.59,0.41,1,1,1,1,69,0,10.0,0,0,0.0,0,1
0.59,0.41,1,1,1,1,83,0,11.0,0,0,0.0,0,1
0.59,0.41,1,1,1,1,96,0,12.0,0,0,0.0,0,1
0.59,0.41,1,1,1,1,106,1,13.0,0,0,0.0,0,1
0.59,0.41,1,1,1,1,117,1,14.0,0,0,0.0,0,1
0.59,0.41,1,1,1,1,124,2,15.0,0,0,0.0,0,1
0.59,0.41,1,1,1,1,130,2,16.0,0,0,0.0,0,1
0.59,0.41,1,1,1,1,135,2,17.0,0,0,0.0,0,1
0.59,0.41,1,1,1,1,137,2,18.0,0,0,0.0,0,1
0.59,0.41,1,1,1,1,145,2,19.0,0,0,0.0,0,1
0.59,0.41,1,1,1,1,155,2,20.0,0,0,0.0,0,1
0.59,0.41,1,1,0,0,155,2,20.0,4,1,1.0,156,1
0.59,0.41,1,1,0,0,155,2,20.0,16,1,2.0,156,1
0.59,0.41,1,1,0,0,155,2,20.0,21,1,3.0,156,1
0.59,0.41,1,1,0,0,155,2,20.0,30,1,4.0,156,1
0.59,0.41,1,1,0,0,155,2,20.0,40,1,5.0,156,1
0.59,0.41,1,1,0,0,155,2,20.0,46,1,6.0,156,1
0.59,0.41,1,1,0,0,155,2,20.0,48,2,7.0,156,1
0.59,0.41,1,1,0,0,155,2,20.0,57,2,8.0,156,1
0.59,0.41,1,1,0,0,155,2,20.0,60,2,9.0,156,1
0.59,0.41,1,1,0,0,155,2,20.0,64,2,10.0,156,1
0.59,0.41,1,1,0,0,155,2,20.0,65,2,11.0,156,1
0.59,0.41,1,1,0,0,155,2,20.0,72,2,12.0,156,1
0.59,0.41,1,1,0,0,155,2,20.0,77,2,13.0,156,1
0.59,0.41,1,1,0,0,155,2,20.0,88,2,14.0,156,1
0.59,0.41,1,1,0,0,155,2,20.0,96,3,15.0,156,1
0.59,0.41,1,1,0,0,155,2,20.0,101,3,16.0,156,1
0.59,0.41,1,1,0,0,155,2,20.0,109,3,17.0,156,1
0.59,0.41,1,1,0,0,155,2,20.0,116,3,18.0,156,1
0.59,0.41,1,1,0,0,155,2,20.0,125,3,19.0,156,1
0.59,0.41,1,1,0,0,155,2,20.0,136,4,20.0,156,1
0.36,0.6,1,1,1,1,4,0,1.0,0,0,0.0,0,0
0.36,0.6,1,1,1,1,8,0,2.0,0,0,0.0,0,0
0.36,0.6,1,1,1,1,13,0,3.0,0,0,0.0,0,0
0.36,0.6,1,1,1,1,14,0,4.0,0,0,0.0,0,0
0.36,0.6,1,1,1,1,16,1,5.0,0,0,0.0,0,0
0.36,0.6,1,1,1,1,20,1,6.0,0,0,0.0,0,0
0.36,0.6,1,1,1,1,23,1,7.0,0,0,0.0,0,0
0.36,0.6,1,1,1,1,31,1,8.0,0,0,0.0,0,0
0.36,0.6,1,1,1,1,43,1,9.0,0,0,0.0,0,0
0.36,0.6,1,1,1,1,48,1,10.0,0,0,0.0,0,0
0.36,0.6,1,1,1,1,49,2,11.0,0,0,0.0,0,0
0.36,0.6,1,1,1,1,53,2,12.0,0,0,0.0,0,0
0.36,0.6,1,1,1,1,58,2,13.0,0,0,0.0,0,0
0.36,0.6,1,1,1,1,60,2,14.0,0,0,0.0,0,0
0.36,0.6,1,1,1,1,68,2,15.0,0,0,0.0,0,0
0.36,0.6,1,1,1,1,69,2,16.0,0,0,0.0,0,0
0.36,0.6,1,1,1,1,75,2,17.0,0,0,0.0,0,0
0.36,0.6,1,1,1,1,83,2,18.0,0,0,0.0,0,0
0.36,0.6,1,1,1,1,84,2,19.0,0,0,0.0,0,0
0.36,0.6,1,1,1,1,90,2,20.0,0,0,0.0,0,0
0.36,0.6,1,1,0,0,90,2,20.0,3,0,1.0,91,0
0.36,0.6,1,1,0,0,90,2,20.0,13,0,2.0,91,0
0.36,0.6,1,1,0,0,90,2,20.0,20,0,3.0,91,0
0.36,0.6,1,1,0,0,90,2,20.0,32,0,4.0,91,0
0.36,0.6,1,1,0,0,90,2,20.0,42,0,5.0,91,0
0.36,0.6,1,1,0,0,90,2,20.0,62,0,6.0,91,0
0.36,0.6,1,1,0,0,90,2,20.0,71,0,7.0,91,0
0.36,0.6,1,1,0,0,90,2,20.0,77,0,8.0,91,0
0.36,0.6,1,1,0,0,90,2,20.0,85,0,9.0,91,0
0.36,0.6,1,1,0,0,90,2,20.0,96,0,9.83,91,0
0.62,0.62,1,1,1,1,16,0,1.0,0,0,0.0,0,0
0.62,0.62,1,1,1,1,20,1,2.0,0,0,0.0,0,0
0.62,0.62,1,1,1,1,21,1,3.0,0,0,0.0,0,0
0.62,0.62,1,1,1,1,26,2,4.0,0,0,0.0,0,0
0.62,0.62,1,1,1,1,40,3,5.0,0,0,0.0,0,0
0.62,0.62,1,1,1,1,47,3,6.0,0,0,0.0,0,0
0.62,0.62,1,1,1,1,53,4,7.0,0,0,0.0,0,0
0.62,0.62,1,1,1,1,67,4,8.0,0,0,0.0,0,0
0.62,0.62,1,1,1,1,79,4,9.0,0,0,0.0,0,0
0.62,0.62,1,1,1,1,93,4,10.0,0,0,0.0,0,0
0.62,0.62,1,1,1,1,100,4,11.0,0,0,0.0,0,0
0.62,0.62,1,1,1,1,107,5,12.0,0,0,0.0,0,0
0.62,0.62,1,1,1,1,111,5,13.0,0,0,0.0,0,0
0.62,0.62,1,1,1,1,115,5,14.0,0,0,0.0,0,0
0.62,0.62,1,1,1,1,118,5,15.0,0,0,0.0,0,0
0.62,0.62,1,1,1,1,122,5,16.0,0,0,0.0,0,0
0.62,0.62,1,1,1,1,131,5,17.0,0,0,0.0,0,0
0.62,0.62,1,1,1,1,133,5,18.0,0,0,0.0,0,0
0.62,0.62,1,1,1,1,137,5,19.0,0,0,0.0,0,0
0.62,0.62,1,1,1,1,152,5,20.0,0,0,0.0,0,0
0.62,0.62,1,1,0,0,152,5,20.0,9,0,1.0,153,0
0.62,0.62,1,1,0,0,152,5,20.0,13,0,2.0,153,0
0.62,0.62,1,1,0,0,152,5,20.0,22,0,3.0,153,0
0.62,0.62,1,1,0,0,152,5,20.0,30,0,4.0,153,0
0.62,0.62,1,1,0,0,152,5,20.0,41,0,5.0,153,0
0.62,0.62,1,1,0,0,152,5,20.0,46,0,6.0,153,0
0.62,0.62,1,1,0,0,152,5,20.0,54,1,7.0,153,0
0.62,0.62,1,1,0,0,152,5,20.0,56,1,8.0,153,0
0.62,0.62,1,1,0,0,152,5,20.0,63,1,9.0,153,0
0.62,0.62,1,1,0,0,152,5,20.0,67,2,10.0,153,0
0.62,0.62,1,1,0,0,152,5,20.0,73,3,11.0,153,0
0.62,0.62,1,1,0,0,152,5,20.0,81,3,12.0,153,0
0.62,0.62,1,1,0,0,152,5,20.0,91,4,13.0,153,0
0.62,0.62,1,1,0,0,152,5,20.0,98,4,14.0,153,0
0.62,0.62,1,1,0,0,152,5,20.0,104,5,15.0,153,0
0.62,0.62,1,1,0,0,152,5,20.0,120,5,16.0,153,0
0.62,0.62,1,1,0,0,152,5,20.0,124,5,17.0,153,0
0.62,0.62,1,1,0,0,152,5,20.0,138,5,18.0,153,0
0.62,0.62,1,1,0,0,152,5,20.0,145,5,19.0,153,0
0.62,0.62,1,1,0,0,152,5,20.0,154,5,19.5,153,0
0.52,0.4,0,0,1,1,7,0,1.0,0,0,0.0,0,1
0.52,0.4,0,0,1,1,11,0,2.0,0,0,0.0,0,1
0.52,0.4,0,0,1,1,20,0,3.0,0,0,0.0,0,1
0.52,0.4,0,0,1,1,27,0,4.0,0,0,0.0,0,1
0.52,0.4,0,0,1,1,37,0,5.0,0,0,0.0,0,1
0.52,0.4,0,0,1,1,46,0,6.0,0,0,0.0,0,1
0.52,0.4,0,0,1,1,53,0,7.0,0,0,0.0,0,1
0.52,0.4,0,0,1,1,61,0,8.0,0,0,0.0,0,1
0.52,0.4,0,0,1,1,70,0,9.0,0,0,0.0,0,1
0.52,0.4,0,0,1,1,77,0,10.0,0,0,0.0,0,1
0.52,0.4,0,0,1,1,86,0,11.0,0,0,0.0,0,1
0.52,0.4,0,0,1,1,98,0,12.0,0,0,0.0,0,1
0.52,0.4,0,0,1,1,106,0,13.0,0,0,0.0,0,1
0.52,0.4,0,0,1,1,117,0,14.0,0,0,0.0,0,1
0.52,0.4,0,0,1,1,131,0,15.0,0,0,0.0,0,1
0.52,0.4,0,0,1,1,140,0,16.0,0,0,0.0,0,1
0.52,0.4,0,0,1,1,146,0,17.0,0,0,0.0,0,1
0.52,0.4,0,0,1,1,148,4,18.0,0,0,0.0,0,1
0.52,0.4,0,0,1,1,155,4,19.0,0,0,0.0,0,1
0.52,0.4,0,0,1,1,165,4,20.0,0,0,0.0,0,1
0.52,0.4,0,0,0,0,165,4,20.0,7,1,1.0,166,1
0.52,0.4,0,0,0,0,165,4,20.0,12,1,2.0,166,1
0.52,0.4,0,0,0,0,165,4,20.0,13,1,3.0,166,1
0.52,0.4,0,0,0,0,165,4,20.0,16,1,4.0,166,1
0.52,0.4,0,0,0,0,165,4,20.0,18,1,5.0,166,1
0.52,0.4,0,0,0,0,165,4,20.0,26,2,6.0,166,1
0.52,0.4,0,0,0,0,165,4,20.0,32,2,7.0,166,1
0.52,0.4,0,0,0,0,165,4,20.0,40,2,8.0,166,1
0.52,0.4,0,0,0,0,165,4,20.0,41,2,9.0,166,1
0.52,0.4,0,0,0,0,165,4,20.0,55,2,10.0,166,1
0.52,0.4,0,0,0,0,165,4,20.0,59,2,11.0,166,1
0.52,0.4,0,0,0,0,165,4,20.0,72,2,12.0,166,1
0.52,0.4,0,0,0,0,165,4,20.0,77,3,13.0,166,1
0.52,0.4,0,0,0,0,165,4,20.0,88,3,14.0,166,1
0.52,0.4,0,0,0,0,165,4,20.0,96,4,15.0,166,1
0.52,0.4,0,0,0,0,165,4,20.0,105,4,16.0,166,1
0.52,0.4,0,0,0,0,165,4,20.0,119,5,17.0,166,1
0.52,0.4,0,0,0,0,165,4,20.0,124,7,18.0,166,1
0.52,0.4,0,0,0,0,165,4,20.0,132,7,19.0,166,1
0.52,0.4,0,0,0,0,165,4,20.0,155,7,20.0,166,1
0.4,0.49,1,0,1,0,0,0,0.0,4,0,1.0,0,0
0.4,0.49,1,0,1,0,0,0,0.0,12,1,2.0,0,0
0.4,0.49,1,0,1,0,0,0,0.0,19,1,3.0,0,0
0.4,0.49,1,0,1,0,0,0,0.0,20,1,4.0,0,0
0.4,0.49,1,0,1,0,0,0,0.0,28,1,5.0,0,0
0.4,0.49,1,0,1,0,0,0,0.0,36,1,6.0,0,0
0.4,0.49,1,0,1,0,0,0,0.0,49,1,7.0,0,0
0.4,0.49,1,0,1,0,0,0,0.0,61,2,8.0,0,0
0.4,0.49,1,0,1,0,0,0,0.0,63,2,9.0,0,0
0.4,0.49,1,0,1,0,0,0,0.0,73,2,10.0,0,0
0.4,0.49,1,0,1,0,0,0,0.0,84,2,11.0,0,0
0.4,0.49,1,0,1,0,0,0,0.0,97,2,12.0,0,0
0.4,0.49,1,0,1,0,0,0,0.0,109,2,13.0,0,0
0.4,0.49,1,0,1,0,0,0,0.0,120,2,14.0,0,0
0.4,0.49,1,0,1,0,0,0,0.0,132,2,15.0,0,0
0.4,0.49,1,0,1,0,0,0,0.0,145,2,16.0,0,0
0.4,0.49,1,0,1,0,0,0,0.0,157,2,17.0,0,0
0.4,0.49,1,0,1,0,0,0,0.0,167,2,18.0,0,0
0.4,0.49,1,0,1,0,0,0,0.0,175,2,19.0,0,0
0.4,0.49,1,0,1,0,0,0,0.0,187,2,20.0,0,0
0.4,0.49,1,0,0,1,6,0,1.0,187,2,20.0,188,0
0.4,0.49,1,0,0,1,14,0,2.0,187,2,20.0,188,0
0.4,0.49,1,0,0,1,21,0,3.0,187,2,20.0,188,0
0.4,0.49,1,0,0,1,28,1,4.0,187,2,20.0,188,0
0.4,0.49,1,0,0,1,40,1,5.0,187,2,20.0,188,0
0.4,0.49,1,0,0,1,45,1,6.0,187,2,20.0,188,0
0.4,0.49,1,0,0,1,49,1,7.0,187,2,20.0,188,0
0.4,0.49,1,0,0,1,58,1,8.0,187,2,20.0,188,0
0.4,0.49,1,0,0,1,66,2,9.0,187,2,20.0,188,0
0.4,0.49,1,0,0,1,80,2,10.0,187,2,20.0,188,0
0.4,0.49,1,0,0,1,87,3,11.0,187,2,20.0,188,0
0.4,0.49,1,0,0,1,90,5,12.0,187,2,20.0,188,0
0.4,0.49,1,0,0,1,96,6,13.0,187,2,20.0,188,0
0.4,0.49,1,0,0,1,108,6,14.0,187,2,20.0,188,0
0.4,0.49,1,0,0,1,118,7,15.0,187,2,20.0,188,0
0.4,0.49,1,0,0,1,132,8,16.0,187,2,20.0,188,0
0.4,0.49,1,0,0,1,135,8,17.0,187,2,20.0,188,0
0.4,0.49,1,0,0,1,147,9,18.0,187,2,20.0,188,0
0.4,0.49,1,0,0,1,162,9,19.0,187,2,20.0,188,0
0.4,0.49,1,0,0,1,162,10,19.33,187,2,20.0,188,0
0.4,0.5,1,0,1,0,0,0,0.0,7,0,1.0,0,0
0.4,0.5,1,0,1,0,0,0,0.0,21,0,2.0,0,0
0.4,0.5,1,0,1,0,0,0,0.0,24,1,3.0,0,0
0.4,0.5,1,0,1,0,0,0,0.0,36,2,4.0,0,0
0.4,0.5,1,0,1,0,0,0,0.0,37,2,5.0,0,0
0.4,0.5,1,0,1,0,0,0,0.0,48,2,6.0,0,0
0.4,0.5,1,0,1,0,0,0,0.0,50,3,7.0,0,0
0.4,0.5,1,0,1,0,0,0,0.0,67,3,8.0,0,0
0.4,0.5,1,0,1,0,0,0,0.0,68,3,9.0,0,0
0.4,0.5,1,0,1,0,0,0,0.0,73,3,10.0,0,0
0.4,0.5,1,0,1,0,0,0,0.0,77,3,11.0,0,0
0.4,0.5,1,0,1,0,0,0,0.0,90,3,12.0,0,0
0.4,0.5,1,0,1,0,0,0,0.0,95,3,13.0,0,0
0.4,0.5,1,0,1,0,0,0,0.0,99,3,14.0,0,0
0.4,0.5,1,0,1,0,0,0,0.0,101,3,15.0,0,0
0.4,0.5,1,0,1,0,0,0,0.0,107,3,16.0,0,0
0.4,0.5,1,0,1,0,0,0,0.0,111,3,17.0,0,0
0.4,0.5,1,0,1,0,0,0,0.0,113,3,18.0,0,0
0.4,0.5,1,0,1,0,0,0,0.0,119,3,19.0,0,0
0.4,0.5,1,0,1,0,0,0,0.0,124,3,20.0,0,0
0.4,0.5,1,0,0,1,5,0,1.0,124,3,20.0,125,0
0.4,0.5,1,0,0,1,10,0,2.0,124,3,20.0,125,0
0.4,0.5,1,0,0,1,14,0,3.0,124,3,20.0,125,0
0.4,0.5,1,0,0,1,19,0,4.0,124,3,20.0,125,0
0.4,0.5,1,0,0,1,24,0,5.0,124,3,20.0,125,0
0.4,0.5,1,0,0,1,27,1,6.0,124,3,20.0,125,0
0.4,0.5,1,0,0,1,35,1,7.0,124,3,20.0,125,0
0.4,0.5,1,0,0,1,38,2,8.0,124,3,20.0,125,0
0.4,0.5,1,0,0,1,48,3,9.0,124,3,20.0,125,0
0.4,0.5,1,0,0,1,51,3,10.0,124,3,20.0,125,0
0.4,0.5,1,0,0,1,61,3,11.0,124,3,20.0,125,0
0.4,0.5,1,0,0,1,65,3,12.0,124,3,20.0,125,0
0.4,0.5,1,0,0,1,74,3,13.0,124,3,20.0,125,0
0.4,0.5,1,0,0,1,80,3,14.0,124,3,20.0,125,0
0.4,0.5,1,0,0,1,87,3,15.0,124,3,20.0,125,0
0.4,0.5,1,0,0,1,87,3,16.0,124,3,20.0,125,0
0.4,0.5,1,0,0,1,93,3,17.0,124,3,20.0,125,0
0.4,0.5,1,0,0,1,98,3,18.0,124,3,20.0,125,0
0.4,0.5,1,0,0,1,104,4,19.0,124,3,20.0,125,0
0.4,0.5,1,0,0,1,112,6,20.0,124,3,20.0,125,0
0.54,0.59,1,1,1,1,5,0,1.0,0,0,0.0,0,0
0.54,0.59,1,1,1,1,12,0,2.0,0,0,0.0,0,0
0.54,0.59,1,1,1,1,20,0,3.0,0,0,0.0,0,0
0.54,0.59,1,1,1,1,26,0,4.0,0,0,0.0,0,0
0.54,0.59,1,1,1,1,34,0,5.0,0,0,0.0,0,0
0.54,0.59,1,1,1,1,35,0,6.0,0,0,0.0,0,0
0.54,0.59,1,1,1,1,39,0,7.0,0,0,0.0,0,0
0.54,0.59,1,1,1,1,43,0,8.0,0,0,0.0,0,0
0.54,0.59,1,1,1,1,48,1,9.0,0,0,0.0,0,0
0.54,0.59,1,1,1,1,61,1,10.0,0,0,0.0,0,0
0.54,0.59,1,1,1,1,69,2,11.0,0,0,0.0,0,0
0.54,0.59,1,1,1,1,71,2,12.0,0,0,0.0,0,0
0.54,0.59,1,1,1,1,80,2,13.0,0,0,0.0,0,0
0.54,0.59,1,1,1,1,83,2,14.0,0,0,0.0,0,0
0.54,0.59,1,1,1,1,84,3,15.0,0,0,0.0,0,0
0.54,0.59,1,1,1,1,86,4,16.0,0,0,0.0,0,0
0.54,0.59,1,1,1,1,100,4,17.0,0,0,0.0,0,0
0.54,0.59,1,1,1,1,104,5,18.0,0,0,0.0,0,0
0.54,0.59,1,1,1,1,106,6,19.0,0,0,0.0,0,0
0.54,0.59,1,1,1,1,108,8,20.0,0,0,0.0,0,0
0.54,0.59,1,1,0,0,108,8,20.0,10,0,1.0,109,0
0.54,0.59,1,1,0,0,108,8,20.0,14,1,2.0,109,0
0.54,0.59,1,1,0,0,108,8,20.0,29,1,3.0,109,0
0.54,0.59,1,1,0,0,108,8,20.0,40,1,4.0,109,0
0.54,0.59,1,1,0,0,108,8,20.0,55,1,5.0,109,0
0.54,0.59,1,1,0,0,108,8,20.0,58,1,6.0,109,0
0.54,0.59,1,1,0,0,108,8,20.0,69,2,7.0,109,0
0.54,0.59,1,1,0,0,108,8,20.0,79,2,8.0,109,0
0.54,0.59,1,1,0,0,108,8,20.0,84,4,9.0,109,0
0.54,0.59,1,1,0,0,108,8,20.0,89,4,10.0,109,0
0.54,0.59,1,1,0,0,108,8,20.0,94,5,11.0,109,0
0.54,0.59,1,1,0,0,108,8,20.0,104,7,12.0,109,0
0.54,0.59,1,1,0,0,108,8,20.0,109,7,12.5,109,0
0.55,0.55,1,0,1,0,0,0,0.0,3,0,1.0,0,0
0.55,0.55,1,0,1,0,0,0,0.0,16,0,2.0,0,0
0.55,0.55,1,0,1,0,0,0,0.0,27,0,3.0,0,0
0.55,0.55,1,0,1,0,0,0,0.0,35,0,4.0,0,0
0.55,0.55,1,0,1,0,0,0,0.0,38,0,5.0,0,0
0.55,0.55,1,0,1,0,0,0,0.0,42,1,6.0,0,0
0.55,0.55,1,0,1,0,0,0,0.0,56,1,7.0,0,0
0.55,0.55,1,0,1,0,0,0,0.0,60,2,8.0,0,0
0.55,0.55,1,0,1,0,0,0,0.0,80,2,9.0,0,0
0.55,0.55,1,0,1,0,0,0,0.0,85,3,10.0,0,0
0.55,0.55,1,0,1,0,0,0,0.0,95,3,11.0,0,0
0.55,0.55,1,0,1,0,0,0,0.0,99,4,12.0,0,0
0.55,0.55,1,0,1,0,0,0,0.0,106,5,13.0,0,0
0.55,0.55,1,0,1,0,0,0,0.0,117,6,14.0,0,0
0.55,0.55,1,0,1,0,0,0,0.0,123,6,15.0,0,0
0.55,0.55,1,0,1,0,0,0,0.0,131,6,16.0,0,0
0.55,0.55,1,0,1,0,0,0,0.0,133,6,17.0,0,0
0.55,0.55,1,0,1,0,0,0,0.0,137,6,18.0,0,0
0.55,0.55,1,0,1,0,0,0,0.0,148,7,19.0,0,0
0.55,0.55,1,0,1,0,0,0,0.0,157,7,20.0,0,0
0.55,0.55,1,0,0,1,12,0,1.0,157,7,20.0,158,0
0.55,0.55,1,0,0,1,24,0,2.0,157,7,20.0,158,0
0.55,0.55,1,0,0,1,36,0,3.0,157,7,20.0,158,0
0.55,0.55,1,0,0,1,44,2,4.0,157,7,20.0,158,0
0.55,0.55,1,0,0,1,52,2,5.0,157,7,20.0,158,0
0.55,0.55,1,0,0,1,56,2,6.0,157,7,20.0,158,0
0.55,0.55,1,0,0,1,61,3,7.0,157,7,20.0,158,0
0.55,0.55,1,0,0,1,67,6,8.0,157,7,20.0,158,0
0.55,0.55,1,0,0,1,71,6,9.0,157,7,20.0,158,0
0.55,0.55,1,0,0,1,76,6,10.0,157,7,20.0,158,0
0.55,0.55,1,0,0,1,77,7,11.0,157,7,20.0,158,0
0.55,0.55,1,0,0,1,82,8,12.0,157,7,20.0,158,0
0.55,0.55,1,0,0,1,96,8,13.0,157,7,20.0,158,0
0.55,0.55,1,0,0,1,98,8,14.0,157,7,20.0,158,0
0.55,0.55,1,0,0,1,110,8,15.0,157,7,20.0,158,0
0.55,0.55,1,0,0,1,120,8,16.0,157,7,20.0,158,0
0.55,0.55,1,0,0,1,124,8,17.0,157,7,20.0,158,0
0.55,0.55,1,0,0,1,136,8,18.0,157,7,20.0,158,0
0.55,0.55,1,0,0,1,136,10,18.5,157,7,20.0,158,0
0.41,0.43,0,1,1,0,0,0,0.0,16,2,1.0,0,1
0.41,0.43,0,1,1,0,0,0,0.0,19,3,2.0,0,1
0.41,0.43,0,1,1,0,0,0,0.0,29,3,3.0,0,1
0.41,0.43,0,1,1,0,0,0,0.0,37,3,4.0,0,1
0.41,0.43,0,1,1,0,0,0,0.0,58,3,5.0,0,1
0.41,0.43,0,1,1,0,0,0,0.0,61,4,6.0,0,1
0.41,0.43,0,1,1,0,0,0,0.0,77,4,7.0,0,1
0.41,0.43,0,1,1,0,0,0,0.0,91,5,8.0,0,1
0.41,0.43,0,1,1,0,0,0,0.0,97,5,9.0,0,1
0.41,0.43,0,1,1,0,0,0,0.0,106,5,10.0,0,1
0.41,0.43,0,1,1,0,0,0,0.0,111,6,11.0,0,1
0.41,0.43,0,1,1,0,0,0,0.0,117,6,12.0,0,1
0.41,0.43,0,1,1,0,0,0,0.0,126,6,13.0,0,1
0.41,0.43,0,1,1,0,0,0,0.0,138,7,14.0,0,1
0.41,0.43,0,1,1,0,0,0,0.0,144,7,15.0,0,1
0.41,0.43,0,1,1,0,0,0,0.0,152,8,16.0,0,1
0.41,0.43,0,1,1,0,0,0,0.0,157,10,17.0,0,1
0.41,0.43,0,1,1,0,0,0,0.0,157,10,17.17,0,1
0.41,0.43,0,1,0,1,3,2,1.0,157,10,18.0,158,1
0.41,0.43,0,1,0,1,10,2,2.0,157,10,18.0,158,1
0.41,0.43,0,1,0,1,26,2,3.0,157,10,18.0,158,1
0.41,0.43,0,1,0,1,35,2,4.0,157,10,18.0,158,1
0.41,0.43,0,1,0,1,44,2,5.0,157,10,18.0,158,1
0.41,0.43,0,1,0,1,53,2,6.0,157,10,18.0,158,1
0.41,0.43,0,1,0,1,61,2,7.0,157,10,18.0,158,1
0.41,0.43,0,1,0,1,68,2,8.0,157,10,18.0,158,1
0.41,0.43,0,1,0,1,80,2,9.0,157,10,18.0,158,1
0.41,0.43,0,1,0,1,84,2,10.0,157,10,18.0,158,1
0.41,0.43,0,1,0,1,92,2,11.0,157,10,18.0,158,1
0.41,0.43,0,1,0,1,102,2,12.0,157,10,18.0,158,1
0.41,0.43,0,1,0,1,109,2,13.0,157,10,18.0,158,1
0.41,0.43,0,1,0,1,113,2,14.0,157,10,18.0,158,1
0.41,0.43,0,1,0,1,126,2,15.0,157,10,18.0,158,1
0.41,0.43,0,1,0,1,135,3,16.0,157,10,18.0,158,1
0.41,0.43,0,1,0,1,153,3,17.0,157,10,18.0,158,1
0.41,0.43,0,1,0,1,158,3,17.5,157,10,18.0,158,1
0.57,0.62,1,1,1,1,3,0,1.0,0,0,0.0,0,0
0.57,0.62,1,1,1,1,14,0,2.0,0,0,0.0,0,0
0.57,0.62,1,1,1,1,21,0,3.0,0,0,0.0,0,0
0.57,0.62,1,1,1,1,33,0,4.0,0,0,0.0,0,0
0.57,0.62,1,1,1,1,35,1,5.0,0,0,0.0,0,0
0.57,0.62,1,1,1,1,42,2,6.0,0,0,0.0,0,0
0.57,0.62,1,1,1,1,55,3,7.0,0,0,0.0,0,0
0.57,0.62,1,1,1,1,58,3,8.0,0,0,0.0,0,0
0.57,0.62,1,1,1,1,65,4,9.0,0,0,0.0,0,0
0.57,0.62,1,1,1,1,68,4,10.0,0,0,0.0,0,0
0.57,0.62,1,1,1,1,72,4,11.0,0,0,0.0,0,0
0.57,0.62,1,1,1,1,79,4,12.0,0,0,0.0,0,0
0.57,0.62,1,1,1,1,86,4,13.0,0,0,0.0,0,0
0.57,0.62,1,1,1,1,89,4,14.0,0,0,0.0,0,0
0.57,0.62,1,1,1,1,102,4,15.0,0,0,0.0,0,0
0.57,0.62,1,1,1,1,110,4,16.0,0,0,0.0,0,0
0.57,0.62,1,1,1,1,120,4,17.0,0,0,0.0,0,0
0.57,0.62,1,1,1,1,126,4,18.0,0,0,0.0,0,0
0.57,0.62,1,1,1,1,135,5,19.0,0,0,0.0,0,0
0.57,0.62,1,1,1,1,140,5,20.0,0,0,0.0,0,0
0.57,0.62,1,1,0,0,140,5,20.0,5,2,1.0,141,0
0.57,0.62,1,1,0,0,140,5,20.0,19,3,2.0,141,0
0.57,0.62,1,1,0,0,140,5,20.0,23,3,3.0,141,0
0.57,0.62,1,1,0,0,140,5,20.0,29,3,4.0,141,0
0.57,0.62,1,1,0,0,140,5,20.0,40,3,5.0,141,0
0.57,0.62,1,1,0,0,140,5,20.0,49,3,6.0,141,0
0.57,0.62,1,1,0,0,140,5,20.0,59,3,7.0,141,0
0.57,0.62,1,1,0,0,140,5,20.0,69,3,8.0,141,0
0.57,0.62,1,1,0,0,140,5,20.0,77,3,9.0,141,0
0.57,0.62,1,1,0,0,140,5,20.0,89,3,10.0,141,0
0.57,0.62,1,1,0,0,140,5,20.0,93,3,11.0,141,0
0.57,0.62,1,1,0,0,140,5,20.0,95,4,12.0,141,0
0.57,0.62,1,1,0,0,140,5,20.0,106,5,13.0,141,0
0.57,0.62,1,1,0,0,140,5,20.0,108,5,14.0,141,0
0.57,0.62,1,1,0,0,140,5,20.0,110,5,15.0,141,0
0.57,0.62,1,1,0,0,140,5,20.0,112,6,16.0,141,0
0.57,0.62,1,1,0,0,140,5,20.0,131,6,17.0,141,0
0.57,0.62,1,1,0,0,140,5,20.0,134,6,18.0,141,0
0.57,0.62,1,1,0,0,140,5,20.0,140,6,19.0,141,0
0.57,0.62,1,1,0,0,140,5,20.0,141,6,19.33,141,0
0.36,0.42,0,0,1,1,7,0,1.0,0,0,0.0,0,1
0.36,0.42,0,0,1,1,18,0,2.0,0,0,0.0,0,1
0.36,0.42,0,0,1,1,29,0,3.0,0,0,0.0,0,1
0.36,0.42,0,0,1,1,31,2,4.0,0,0,0.0,0,1
0.36,0.42,0,0,1,1,40,2,5.0,0,0,0.0,0,1
0.36,0.42,0,0,1,1,47,3,6.0,0,0,0.0,0,1
0.36,0.42,0,0,1,1,52,3,7.0,0,0,0.0,0,1
0.36,0.42,0,0,1,1,57,3,8.0,0,0,0.0,0,1
0.36,0.42,0,0,1,1,71,3,9.0,0,0,0.0,0,1
0.36,0.42,0,0,1,1,85,3,10.0,0,0,0.0,0,1
0.36,0.42,0,0,1,1,89,3,11.0,0,0,0.0,0,1
0.36,0.42,0,0,1,1,97,4,12.0,0,0,0.0,0,1
0.36,0.42,0,0,1,1,105,4,13.0,0,0,0.0,0,1
0.36,0.42,0,0,1,1,109,4,14.0,0,0,0.0,0,1
0.36,0.42,0,0,1,1,123,4,15.0,0,0,0.0,0,1
0.36,0.42,0,0,1,1,131,4,16.0,0,0,0.0,0,1
0.36,0.42,0,0,1,1,140,4,17.0,0,0,0.0,0,1
0.36,0.42,0,0,1,1,148,4,18.0,0,0,0.0,0,1
0.36,0.42,0,0,1,1,152,4,19.0,0,0,0.0,0,1
0.36,0.42,0,0,1,1,157,5,20.0,0,0,0.0,0,1
0.36,0.42,0,0,0,0,157,5,20.0,8,2,1.0,158,1
0.36,0.42,0,0,0,0,157,5,20.0,9,2,2.0,158,1
0.36,0.42,0,0,0,0,157,5,20.0,18,2,3.0,158,1
0.36,0.42,0,0,0,0,157,5,20.0,22,2,4.0,158,1
0.36,0.42,0,0,0,0,157,5,20.0,24,3,5.0,158,1
0.36,0.42,0,0,0,0,157,5,20.0,39,3,6.0,158,1
0.36,0.42,0,0,0,0,157,5,20.0,50,3,7.0,158,1
0.36,0.42,0,0,0,0,157,5,20.0,59,4,8.0,158,1
0.36,0.42,0,0,0,0,157,5,20.0,61,4,9.0,158,1
0.36,0.42,0,0,0,0,157,5,20.0,68,4,10.0,158,1
0.36,0.42,0,0,0,0,157,5,20.0,77,4,11.0,158,1
0.36,0.42,0,0,0,0,157,5,20.0,81,4,12.0,158,1
0.36,0.42,0,0,0,0,157,5,20.0,85,5,13.0,158,1
0.36,0.42,0,0,0,0,157,5,20.0,96,5,14.0,158,1
0.36,0.42,0,0,0,0,157,5,20.0,99,5,15.0,158,1
0.36,0.42,0,0,0,0,157,5,20.0,117,5,16.0,158,1
0.36,0.42,0,0,0,0,157,5,20.0,127,5,17.0,158,1
0.36,0.42,0,0,0,0,157,5,20.0,132,5,18.0,158,1
0.36,0.42,0,0,0,0,157,5,20.0,136,6,19.0,158,1
0.36,0.42,0,0,0,0,157,5,20.0,143,7,20.0,158,1
0.38,0.36,0,0,1,1,3,0,1.0,0,0,0.0,0,1
0.38,0.36,0,0,1,1,9,0,2.0,0,0,0.0,0,1
0.38,0.36,0,0,1,1,18,0,3.0,0,0,0.0,0,1
0.38,0.36,0,0,1,1,22,0,4.0,0,0,0.0,0,1
0.38,0.36,0,0,1,1,41,0,5.0,0,0,0.0,0,1
0.38,0.36,0,0,1,1,46,0,6.0,0,0,0.0,0,1
0.38,0.36,0,0,1,1,53,0,7.0,0,0,0.0,0,1
0.38,0.36,0,0,1,1,64,1,8.0,0,0,0.0,0,1
0.38,0.36,0,0,1,1,73,2,9.0,0,0,0.0,0,1
0.38,0.36,0,0,1,1,87,3,10.0,0,0,0.0,0,1
0.38,0.36,0,0,1,1,94,3,11.0,0,0,0.0,0,1
0.38,0.36,0,0,1,1,97,4,12.0,0,0,0.0,0,1
0.38,0.36,0,0,1,1,102,5,13.0,0,0,0.0,0,1
0.38,0.36,0,0,1,1,110,5,14.0,0,0,0.0,0,1
0.38,0.36,0,0,1,1,117,5,15.0,0,0,0.0,0,1
0.38,0.36,0,0,1,1,132,5,16.0,0,0,0.0,0,1
0.38,0.36,0,0,1,1,138,6,17.0,0,0,0.0,0,1
0.38,0.36,0,0,1,1,144,6,18.0,0,0,0.0,0,1
0.38,0.36,0,0,1,1,154,6,19.0,0,0,0.0,0,1
0.38,0.36,0,0,1,1,165,7,20.0,0,0,0.0,0,1
0.38,0.36,0,0,0,0,165,7,20.0,3,0,1.0,166,1
0.38,0.36,0,0,0,0,165,7,20.0,7,0,2.0,166,1
0.38,0.36,0,0,0,0,165,7,20.0,21,0,3.0,166,1
0.38,0.36,0,0,0,0,165,7,20.0,33,0,4.0,166,1
0.38,0.36,0,0,0,0,165,7,20.0,36,0,5.0,166,1
0.38,0.36,0,0,0,0,165,7,20.0,39,0,6.0,166,1
0.38,0.36,0,0,0,0,165,7,20.0,51,1,7.0,166,1
0.38,0.36,0,0,0,0,165,7,20.0,59,1,8.0,166,1
0.38,0.36,0,0,0,0,165,7,20.0,64,1,9.0,166,1
0.38,0.36,0,0,0,0,165,7,20.0,70,1,10.0,166,1
0.38,0.36,0,0,0,0,165,7,20.0,76,1,11.0,166,1
0.38,0.36,0,0,0,0,165,7,20.0,84,1,12.0,166,1
0.38,0.36,0,0,0,0,165,7,20.0,92,1,13.0,166,1
0.38,0.36,0,0,0,0,165,7,20.0,101,2,14.0,166,1
0.38,0.36,0,0,0,0,165,7,20.0,108,2,15.0,166,1
0.38,0.36,0,0,0,0,165,7,20.0,119,3,16.0,166,1
0.38,0.36,0,0,0,0,165,7,20.0,129,3,17.0,166,1
0.38,0.36,0,0,0,0,165,7,20.0,137,5,18.0,166,1
0.38,0.36,0,0,0,0,165,7,20.0,153,5,19.0,166,1
0.38,0.36,0,0,0,0,165,7,20.0,159,5,20.0,166,1
0.41,0.44,1,0,1,0,0,0,0.0,6,1,1.0,0,0
0.41,0.44,1,0,1,0,0,0,0.0,16,2,2.0,0,0
0.41,0.44,1,0,1,0,0,0,0.0,17,3,3.0,0,0
0.41,0.44,1,0,1,0,0,0,0.0,22,3,4.0,0,0
0.41,0.44,1,0,1,0,0,0,0.0,23,4,5.0,0,0
0.41,0.44,1,0,1,0,0,0,0.0,35,4,6.0,0,0
0.41,0.44,1,0,1,0,0,0,0.0,38,6,7.0,0,0
0.41,0.44,1,0,1,0,0,0,0.0,45,6,8.0,0,0
0.41,0.44,1,0,1,0,0,0,0.0,51,6,9.0,0,0
0.41,0.44,1,0,1,0,0,0,0.0,71,6,10.0,0,0
0.41,0.44,1,0,1,0,0,0,0.0,83,6,11.0,0,0
0.41,0.44,1,0,1,0,0,0,0.0,92,6,12.0,0,0
0.41,0.44,1,0,1,0,0,0,0.0,93,6,13.0,0,0
0.41,0.44,1,0,1,0,0,0,0.0,103,6,14.0,0,0
0.41,0.44,1,0,1,0,0,0,0.0,111,6,15.0,0,0
0.41,0.44,1,0,1,0,0,0,0.0,114,6,16.0,0,0
0.41,0.44,1,0,1,0,0,0,0.0,127,6,17.0,0,0
0.41,0.44,1,0,1,0,0,0,0.0,136,6,18.0,0,0
0.41,0.44,1,0,1,0,0,0,0.0,146,6,19.0,0,0
0.41,0.44,1,0,1,0,0,0,0.0,153,6,20.0,0,0
0.41,0.44,1,0,0,1,4,1,1.0,153,6,20.0,154,0
0.41,0.44,1,0,0,1,11,1,2.0,153,6,20.0,154,0
0.41,0.44,1,0,0,1,19,1,3.0,153,6,20.0,154,0
0.41,0.44,1,0,0,1,28,1,4.0,153,6,20.0,154,0
0.41,0.44,1,0,0,1,41,1,5.0,153,6,20.0,154,0
0.41,0.44,1,0,0,1,44,2,6.0,153,6,20.0,154,0
0.41,0.44,1,0,0,1,51,2,7.0,153,6,20.0,154,0
0.41,0.44,1,0,0,1,57,3,8.0,153,6,20.0,154,0
0.41,0.44,1,0,0,1,64,3,9.0,153,6,20.0,154,0
0.41,0.44,1,0,0,1,80,3,10.0,153,6,20.0,154,0
0.41,0.44,1,0,0,1,84,3,11.0,153,6,20.0,154,0
0.41,0.44,1,0,0,1,92,3,12.0,153,6,20.0,154,0
0.41,0.44,1,0,0,1,103,3,13.0,153,6,20.0,154,0
0.41,0.44,1,0,0,1,111,3,14.0,153,6,20.0,154,0
0.41,0.44,1,0,0,1,123,4,15.0,153,6,20.0,154,0
0.41,0.44,1,0,0,1,135,4,16.0,153,6,20.0,154,0
0.41,0.44,1,0,0,1,138,4,17.0,153,6,20.0,154,0
0.41,0.44,1,0,0,1,143,4,18.0,153,6,20.0,154,0
0.41,0.44,1,0,0,1,147,4,19.0,153,6,20.0,154,0
0.41,0.44,1,0,0,1,153,5,20.0,153,6,20.0,154,0
0.61,0.6,0,1,1,0,0,0,0.0,7,0,1.0,0,1
0.61,0.6,0,1,1,0,0,0,0.0,23,0,2.0,0,1
0.61,0.6,0,1,1,0,0,0,0.0,38,0,3.0,0,1
0.61,0.6,0,1,1,0,0,0,0.0,41,2,4.0,0,1
0.61,0.6,0,1,1,0,0,0,0.0,44,3,5.0,0,1
0.61,0.6,0,1,1,0,0,0,0.0,48,3,6.0,0,1
0.61,0.6,0,1,1,0,0,0,0.0,50,3,7.0,0,1
0.61,0.6,0,1,1,0,0,0,0.0,58,4,8.0,0,1
0.61,0.6,0,1,1,0,0,0,0.0,69,4,9.0,0,1
0.61,0.6,0,1,1,0,0,0,0.0,81,4,10.0,0,1
0.61,0.6,0,1,1,0,0,0,0.0,85,4,11.0,0,1
0.61,0.6,0,1,1,0,0,0,0.0,86,5,12.0,0,1
0.61,0.6,0,1,1,0,0,0,0.0,98,6,13.0,0,1
0.61,0.6,0,1,1,0,0,0,0.0,104,7,14.0,0,1
0.61,0.6,0,1,1,0,0,0,0.0,107,8,15.0,0,1
0.61,0.6,0,1,1,0,0,0,0.0,115,8,16.0,0,1
0.61,0.6,0,1,1,0,0,0,0.0,124,8,17.0,0,1
0.61,0.6,0,1,1,0,0,0,0.0,133,8,18.0,0,1
0.61,0.6,0,1,1,0,0,0,0.0,137,8,19.0,0,1
0.61,0.6,0,1,1,0,0,0,0.0,146,8,20.0,0,1
0.61,0.6,0,1,0,1,7,0,1.0,146,8,20.0,147,1
0.61,0.6,0,1,0,1,13,0,2.0,146,8,20.0,147,1
0.61,0.6,0,1,0,1,20,0,3.0,146,8,20.0,147,1
0.61,0.6,0,1,0,1,26,0,4.0,146,8,20.0,147,1
0.61,0.6,0,1,0,1,35,1,5.0,146,8,20.0,147,1
0.61,0.6,0,1,0,1,57,1,6.0,146,8,20.0,147,1
0.61,0.6,0,1,0,1,67,1,7.0,146,8,20.0,147,1
0.61,0.6,0,1,0,1,73,1,8.0,146,8,20.0,147,1
0.61,0.6,0,1,0,1,85,1,9.0,146,8,20.0,147,1
0.61,0.6,0,1,0,1,91,1,10.0,146,8,20.0,147,1
0.61,0.6,0,1,0,1,102,1,11.0,146,8,20.0,147,1
0.61,0.6,0,1,0,1,111,1,12.0,146,8,20.0,147,1
0.61,0.6,0,1,0,1,114,1,13.0,146,8,20.0,147,1
0.61,0.6,0,1,0,1,121,1,14.0,146,8,20.0,147,1
0.61,0.6,0,1,0,1,125,1,15.0,146,8,20.0,147,1
0.61,0.6,0,1,0,1,129,1,16.0,146,8,20.0,147,1
0.61,0.6,0,1,0,1,138,1,17.0,146,8,20.0,147,1
0.61,0.6,0,1,0,1,146,1,18.0,146,8,20.0,147,1
0.61,0.6,0,1,0,1,152,1,18.17,146,8,20.0,147,1
0.37,0.46,0,0,1,1,2,1,1.0,0,0,0.0,0,0
0.37,0.46,0,0,1,1,7,1,2.0,0,0,0.0,0,0
0.37,0.46,0,0,1,1,8,2,3.0,0,0,0.0,0,0
0.37,0.46,0,0,1,1,11,2,4.0,0,0,0.0,0,0
0.37,0.46,0,0,1,1,17,2,5.0,0,0,0.0,0,0
0.37,0.46,0,0,1,1,17,4,6.0,0,0,0.0,0,0
0.37,0.46,0,0,1,1,22,4,7.0,0,0,0.0,0,0
0.37,0.46,0,0,1,1,32,5,8.0,0,0,0.0,0,0
0.37,0.46,0,0,1,1,39,5,9.0,0,0,0.0,0,0
0.37,0.46,0,0,1,1,49,5,10.0,0,0,0.0,0,0
0.37,0.46,0,0,1,1,62,5,11.0,0,0,0.0,0,0
0.37,0.46,0,0,1,1,68,5,12.0,0,0,0.0,0,0
0.37,0.46,0,0,1,1,78,5,13.0,0,0,0.0,0,0
0.37,0.46,0,0,1,1,80,6,14.0,0,0,0.0,0,0
0.37,0.46,0,0,1,1,93,6,15.0,0,0,0.0,0,0
0.37,0.46,0,0,1,1,103,6,16.0,0,0,0.0,0,0
0.37,0.46,0,0,1,1,108,7,17.0,0,0,0.0,0,0
0.37,0.46,0,0,1,1,116,8,18.0,0,0,0.0,0,0
0.37,0.46,0,0,1,1,119,9,19.0,0,0,0.0,0,0
0.37,0.46,0,0,1,1,125,10,20.0,0,0,0.0,0,0
0.37,0.46,0,0,0,0,125,10,20.0,9,1,1.0,126,0
0.37,0.46,0,0,0,0,125,10,20.0,27,1,2.0,126,0
0.37,0.46,0,0,0,0,125,10,20.0,33,1,3.0,126,0
0.37,0.46,0,0,0,0,125,10,20.0,43,1,4.0,126,0
0.37,0.46,0,0,0,0,125,10,20.0,47,1,5.0,126,0
0.37,0.46,0,0,0,0,125,10,20.0,53,2,6.0,126,0
0.37,0.46,0,0,0,0,125,10,20.0,60,2,7.0,126,0
0.37,0.46,0,0,0,0,125,10,20.0,66,2,8.0,126,0
0.37,0.46,0,0,0,0,125,10,20.0,76,2,9.0,126,0
0.37,0.46,0,0,0,0,125,10,20.0,82,2,10.0,126,0
0.37,0.46,0,0,0,0,125,10,20.0,87,2,11.0,126,0
0.37,0.46,0,0,0,0,125,10,20.0,94,2,12.0,126,0
0.37,0.46,0,0,0,0,125,10,20.0,99,2,13.0,126,0
0.37,0.46,0,0,0,0,125,10,20.0,101,2,14.0,126,0
0.37,0.46,0,0,0,0,125,10,20.0,123,2,15.0,126,0
0.37,0.46,0,0,0,0,125,10,20.0,126,2,15.67,126,0
0.47,0.4,1,0,1,0,0,0,0.0,17,0,1.0,0,0
0.47,0.4,1,0,1,0,0,0,0.0,29,1,2.0,0,0
0.47,0.4,1,0,1,0,0,0,0.0,31,2,3.0,0,0
0.47,0.4,1,0,1,0,0,0,0.0,41,2,4.0,0,0
0.47,0.4,1,0,1,0,0,0,0.0,50,2,5.0,0,0
0.47,0.4,1,0,1,0,0,0,0.0,65,2,6.0,0,0
0.47,0.4,1,0,1,0,0,0,0.0,72,2,7.0,0,0
0.47,0.4,1,0,1,0,0,0,0.0,80,3,8.0,0,0
0.47,0.4,1,0,1,0,0,0,0.0,87,3,9.0,0,0
0.47,0.4,1,0,1,0,0,0,0.0,99,3,10.0,0,0
0.47,0.4,1,0,1,0,0,0,0.0,100,3,11.0,0,0
0.47,0.4,1,0,1,0,0,0,0.0,110,3,12.0,0,0
0.47,0.4,1,0,1,0,0,0,0.0,112,4,13.0,0,0
0.47,0.4,1,0,1,0,0,0,0.0,120,4,14.0,0,0
0.47,0.4,1,0,1,0,0,0,0.0,131,4,15.0,0,0
0.47,0.4,1,0,1,0,0,0,0.0,135,4,16.0,0,0
0.47,0.4,1,0,1,0,0,0,0.0,145,4,17.0,0,0
0.47,0.4,1,0,1,0,0,0,0.0,149,5,18.0,0,0
0.47,0.4,1,0,1,0,0,0,0.0,157,5,19.0,0,0
0.47,0.4,1,0,1,0,0,0,0.0,165,5,20.0,0,0
0.47,0.4,1,0,0,1,7,0,1.0,165,5,20.0,166,0
0.47,0.4,1,0,0,1,8,0,2.0,165,5,20.0,166,0
0.47,0.4,1,0,0,1,17,0,3.0,165,5,20.0,166,0
0.47,0.4,1,0,0,1,28,0,4.0,165,5,20.0,166,0
0.47,0.4,1,0,0,1,30,0,5.0,165,5,20.0,166,0
0.47,0.4,1,0,0,1,35,0,6.0,165,5,20.0,166,0
0.47,0.4,1,0,0,1,42,0,7.0,165,5,20.0,166,0
0.47,0.4,1,0,0,1,53,0,8.0,165,5,20.0,166,0
0.47,0.4,1,0,0,1,58,0,9.0,165,5,20.0,166,0
0.47,0.4,1,0,0,1,63,0,10.0,165,5,20.0,166,0
0.47,0.4,1,0,0,1,69,0,11.0,165,5,20.0,166,0
0.47,0.4,1,0,0,1,75,0,12.0,165,5,20.0,166,0
0.47,0.4,1,0,0,1,82,0,13.0,165,5,20.0,166,0
0.47,0.4,1,0,0,1,96,0,14.0,165,5,20.0,166,0
0.47,0.4,1,0,0,1,104,0,15.0,165,5,20.0,166,0
0.47,0.4,1,0,0,1,110,1,16.0,165,5,20.0,166,0
0.47,0.4,1,0,0,1,114,1,17.0,165,5,20.0,166,0
0.47,0.4,1,0,0,1,126,1,18.0,165,5,20.0,166,0
0.47,0.4,1,0,0,1,145,1,19.0,165,5,20.0,166,0
0.47,0.4,1,0,0,1,161,1,20.0,165,5,20.0,166,0
0.65,0.59,1,0,1,0,0,0,0.0,11,0,1.0,0,0
0.65,0.59,1,0,1,0,0,0,0.0,23,0,2.0,0,0
0.65,0.59,1,0,1,0,0,0,0.0,28,1,3.0,0,0
0.65,0.59,1,0,1,0,0,0,0.0,34,2,4.0,0,0
0.65,0.59,1,0,1,0,0,0,0.0,44,2,5.0,0,0
0.65,0.59,1,0,1,0,0,0,0.0,55,2,6.0,0,0
0.65,0.59,1,0,1,0,0,0,0.0,67,2,7.0,0,0
0.65,0.59,1,0,1,0,0,0,0.0,69,3,8.0,0,0
0.65,0.59,1,0,1,0,0,0,0.0,84,4,9.0,0,0
0.65,0.59,1,0,1,0,0,0,0.0,94,4,10.0,0,0
0.65,0.59,1,0,1,0,0,0,0.0,99,5,11.0,0,0
0.65,0.59,1,0,1,0,0,0,0.0,103,5,12.0,0,0
0.65,0.59,1,0,1,0,0,0,0.0,107,6,13.0,0,0
0.65,0.59,1,0,1,0,0,0,0.0,114,6,14.0,0,0
0.65,0.59,1,0,1,0,0,0,0.0,114,7,15.0,0,0
0.65,0.59,1,0,1,0,0,0,0.0,116,7,16.0,0,0
0.65,0.59,1,0,1,0,0,0,0.0,130,7,17.0,0,0
0.65,0.59,1,0,1,0,0,0,0.0,136,7,18.0,0,0
0.65,0.59,1,0,1,0,0,0,0.0,140,9,19.0,0,0
0.65,0.59,1,0,1,0,0,0,0.0,148,9,20.0,0,0
0.65,0.59,1,0,0,1,8,0,1.0,148,9,20.0,149,0
0.65,0.59,1,0,0,1,14,0,2.0,148,9,20.0,149,0
0.65,0.59,1,0,0,1,22,0,3.0,148,9,20.0,149,0
0.65,0.59,1,0,0,1,32,0,4.0,148,9,20.0,149,0
0.65,0.59,1,0,0,1,40,0,5.0,148,9,20.0,149,0
0.65,0.59,1,0,0,1,45,1,6.0,148,9,20.0,149,0
0.65,0.59,1,0,0,1,56,1,7.0,148,9,20.0,149,0
0.65,0.59,1,0,0,1,59,1,8.0,148,9,20.0,149,0
0.65,0.59,1,0,0,1,70,1,9.0,148,9,20.0,149,0
0.65,0.59,1,0,0,1,84,1,10.0,148,9,20.0,149,0
0.65,0.59,1,0,0,1,87,2,11.0,148,9,20.0,149,0
0.65,0.59,1,0,0,1,90,2,12.0,148,9,20.0,149,0
0.65,0.59,1,0,0,1,94,2,13.0,148,9,20.0,149,0
0.65,0.59,1,0,0,1,104,2,14.0,148,9,20.0,149,0
0.65,0.59,1,0,0,1,106,2,15.0,148,9,20.0,149,0
0.65,0.59,1,0,0,1,112,3,16.0,148,9,20.0,149,0
0.65,0.59,1,0,0,1,118,3,17.0,148,9,20.0,149,0
0.65,0.59,1,0,0,1,128,3,18.0,148,9,20.0,149,0
0.65,0.59,1,0,0,1,134,4,19.0,148,9,20.0,149,0
0.65,0.59,1,0,0,1,141,5,20.0,148,9,20.0,149,0
0.56,0.49,1,0,1,0,0,0,0.0,7,0,1.0,0,1
0.56,0.49,1,0,1,0,0,0,0.0,12,0,2.0,0,1
0.56,0.49,1,0,1,0,0,0,0.0,23,0,3.0,0,1
0.56,0.49,1,0,1,0,0,0,0.0,29,0,4.0,0,1
0.56,0.49,1,0,1,0,0,0,0.0,34,0,5.0,0,1
0.56,0.49,1,0,1,0,0,0,0.0,39,0,6.0,0,1
0.56,0.49,1,0,1,0,0,0,0.0,45,0,7.0,0,1
0.56,0.49,1,0,1,0,0,0,0.0,47,0,8.0,0,1
0.56,0.49,1,0,1,0,0,0,0.0,62,0,9.0,0,1
0.56,0.49,1,0,1,0,0,0,0.0,69,1,10.0,0,1
0.56,0.49,1,0,1,0,0,0,0.0,75,1,11.0,0,1
0.56,0.49,1,0,1,0,0,0,0.0,76,1,12.0,0,1
0.56,0.49,1,0,1,0,0,0,0.0,79,2,13.0,0,1
0.56,0.49,1,0,1,0,0,0,0.0,82,3,14.0,0,1
0.56,0.49,1,0,1,0,0,0,0.0,86,3,15.0,0,1
0.56,0.49,1,0,1,0,0,0,0.0,93,3,16.0,0,1
0.56,0.49,1,0,1,0,0,0,0.0,101,3,17.0,0,1
0.56,0.49,1,0,1,0,0,0,0.0,106,3,18.0,0,1
0.56,0.49,1,0,1,0,0,0,0.0,110,3,19.0,0,1
0.56,0.49,1,0,1,0,0,0,0.0,115,3,20.0,0,1
0.56,0.49,1,0,0,1,5,0,1.0,115,3,20.0,116,1
0.56,0.49,1,0,0,1,7,0,2.0,115,3,20.0,116,1
0.56,0.49,1,0,0,1,12,1,3.0,115,3,20.0,116,1
0.56,0.49,1,0,0,1,19,1,4.0,115,3,20.0,116,1
0.56,0.49,1,0,0,1,26,1,5.0,115,3,20.0,116,1
0.56,0.49,1,0,0,1,44,1,6.0,115,3,20.0,116,1
0.56,0.49,1,0,0,1,47,2,7.0,115,3,20.0,116,1
0.56,0.49,1,0,0,1,55,2,8.0,115,3,20.0,116,1
0.56,0.49,1,0,0,1,67,2,9.0,115,3,20.0,116,1
0.56,0.49,1,0,0,1,78,3,10.0,115,3,20.0,116,1
0.56,0.49,1,0,0,1,87,4,11.0,115,3,20.0,116,1
0.56,0.49,1,0,0,1,102,4,12.0,115,3,20.0,116,1
0.56,0.49,1,0,0,1,104,4,13.0,115,3,20.0,116,1
0.56,0.49,1,0,0,1,106,5,14.0,115,3,20.0,116,1
0.56,0.49,1,0,0,1,110,5,15.0,115,3,20.0,116,1
0.56,0.49,1,0,0,1,112,5,16.0,115,3,20.0,116,1
0.56,0.49,1,0,0,1,117,5,17.0,115,3,20.0,116,1
0.5,0.59,1,0,1,0,0,0,0.0,15,0,1.0,0,1
0.5,0.59,1,0,1,0,0,0,0.0,24,0,2.0,0,1
0.5,0.59,1,0,1,0,0,0,0.0,32,1,3.0,0,1
0.5,0.59,1,0,1,0,0,0,0.0,46,1,4.0,0,1
0.5,0.59,1,0,1,0,0,0,0.0,47,1,5.0,0,1
0.5,0.59,1,0,1,0,0,0,0.0,55,1,6.0,0,1
0.5,0.59,1,0,1,0,0,0,0.0,58,1,7.0,0,1
0.5,0.59,1,0,1,0,0,0,0.0,66,1,8.0,0,1
0.5,0.59,1,0,1,0,0,0,0.0,73,1,9.0,0,1
0.5,0.59,1,0,1,0,0,0,0.0,86,1,10.0,0,1
0.5,0.59,1,0,1,0,0,0,0.0,88,2,11.0,0,1
0.5,0.59,1,0,1,0,0,0,0.0,95,2,12.0,0,1
0.5,0.59,1,0,1,0,0,0,0.0,104,2,13.0,0,1
0.5,0.59,1,0,1,0,0,0,0.0,108,2,14.0,0,1
0.5,0.59,1,0,1,0,0,0,0.0,122,2,15.0,0,1
0.5,0.59,1,0,1,0,0,0,0.0,130,2,16.0,0,1
0.5,0.59,1,0,1,0,0,0,0.0,132,2,17.0,0,1
0.5,0.59,1,0,1,0,0,0,0.0,137,2,18.0,0,1
0.5,0.59,1,0,1,0,0,0,0.0,138,2,19.0,0,1
0.5,0.59,1,0,1,0,0,0,0.0,148,2,20.0,0,1
0.5,0.59,1,0,0,1,14,0,1.0,148,2,20.0,149,1
0.5,0.59,1,0,0,1,28,0,2.0,148,2,20.0,149,1
0.5,0.59,1,0,0,1,37,1,3.0,148,2,20.0,149,1
0.5,0.59,1,0,0,1,48,1,4.0,148,2,20.0,149,1
0.5,0.59,1,0,0,1,55,1,5.0,148,2,20.0,149,1
0.5,0.59,1,0,0,1,63,2,6.0,148,2,20.0,149,1
0.5,0.59,1,0,0,1,71,2,7.0,148,2,20.0,149,1
0.5,0.59,1,0,0,1,83,2,8.0,148,2,20.0,149,1
0.5,0.59,1,0,0,1,92,2,9.0,148,2,20.0,149,1
0.5,0.59,1,0,0,1,105,2,10.0,148,2,20.0,149,1
0.5,0.59,1,0,0,1,112,2,11.0,148,2,20.0,149,1
0.5,0.59,1,0,0,1,115,3,12.0,148,2,20.0,149,1
0.5,0.59,1,0,0,1,120,3,13.0,148,2,20.0,149,1
0.5,0.59,1,0,0,1,128,3,14.0,148,2,20.0,149,1
0.5,0.59,1,0,0,1,130,3,15.0,148,2,20.0,149,1
0.5,0.59,1,0,0,1,144,3,16.0,148,2,20.0,149,1
0.5,0.59,1,0,0,1,146,3,17.0,148,2,20.0,149,1
0.5,0.59,1,0,0,1,148,3,18.0,148,2,20.0,149,1
0.5,0.59,1,0,0,1,151,3,18.17,148,2,20.0,149,1
0.65,0.55,1,0,1,0,0,0,0.0,3,0,1.0,0,1
0.65,0.55,1,0,1,0,0,0,0.0,5,0,2.0,0,1
0.65,0.55,1,0,1,0,0,0,0.0,14,0,3.0,0,1
0.65,0.55,1,0,1,0,0,0,0.0,18,0,4.0,0,1
0.65,0.55,1,0,1,0,0,0,0.0,21,0,5.0,0,1
0.65,0.55,1,0,1,0,0,0,0.0,22,1,6.0,0,1
0.65,0.55,1,0,1,0,0,0,0.0,26,1,7.0,0,1
0.65,0.55,1,0,1,0,0,0,0.0,34,3,8.0,0,1
0.65,0.55,1,0,1,0,0,0,0.0,47,3,9.0,0,1
0.65,0.55,1,0,1,0,0,0,0.0,56,3,10.0,0,1
0.65,0.55,1,0,1,0,0,0,0.0,65,3,11.0,0,1
0.65,0.55,1,0,1,0,0,0,0.0,77,3,12.0,0,1
0.65,0.55,1,0,1,0,0,0,0.0,79,3,13.0,0,1
0.65,0.55,1,0,1,0,0,0,0.0,88,3,14.0,0,1
0.65,0.55,1,0,1,0,0,0,0.0,89,3,15.0,0,1
0.65,0.55,1,0,1,0,0,0,0.0,97,3,16.0,0,1
0.65,0.55,1,0,1,0,0,0,0.0,102,4,17.0,0,1
0.65,0.55,1,0,1,0,0,0,0.0,104,4,18.0,0,1
0.65,0.55,1,0,1,0,0,0,0.0,108,4,19.0,0,1
0.65,0.55,1,0,1,0,0,0,0.0,116,4,20.0,0,1
0.65,0.55,1,0,0,1,5,0,1.0,116,4,20.0,117,1
0.65,0.55,1,0,0,1,10,2,2.0,116,4,20.0,117,1
0.65,0.55,1,0,0,1,16,2,3.0,116,4,20.0,117,1
0.65,0.55,1,0,0,1,17,3,4.0,116,4,20.0,117,1
0.65,0.55,1,0,0,1,19,3,5.0,116,4,20.0,117,1
0.65,0.55,1,0,0,1,22,4,6.0,116,4,20.0,117,1
0.65,0.55,1,0,0,1,32,4,7.0,116,4,20.0,117,1
0.65,0.55,1,0,0,1,40,4,8.0,116,4,20.0,117,1
0.65,0.55,1,0,0,1,53,6,9.0,116,4,20.0,117,1
0.65,0.55,1,0,0,1,59,7,10.0,116,4,20.0,117,1
0.65,0.55,1,0,0,1,63,7,11.0,116,4,20.0,117,1
0.65,0.55,1,0,0,1,65,7,12.0,116,4,20.0,117,1
0.65,0.55,1,0,0,1,72,7,13.0,116,4,20.0,117,1
0.65,0.55,1,0,0,1,76,8,14.0,116,4,20.0,117,1
0.65,0.55,1,0,0,1,85,8,15.0,116,4,20.0,117,1
0.65,0.55,1,0,0,1,91,8,16.0,116,4,20.0,117,1
0.65,0.55,1,0,0,1,94,8,17.0,116,4,20.0,117,1
0.65,0.55,1,0,0,1,102,8,18.0,116,4,20.0,117,1
0.65,0.55,1,0,0,1,105,9,19.0,116,4,20.0,117,1
0.65,0.55,1,0,0,1,117,9,20.0,116,4,20.0,117,1
0.41,0.62,0,1,1,0,0,0,0.0,7,0,1.0,0,0
0.41,0.62,0,1,1,0,0,0,0.0,20,0,2.0,0,0
0.41,0.62,0,1,1,0,0,0,0.0,24,1,3.0,0,0
0.41,0.62,0,1,1,0,0,0,0.0,27,1,4.0,0,0
0.41,0.62,0,1,1,0,0,0,0.0,30,1,5.0,0,0
0.41,0.62,0,1,1,0,0,0,0.0,38,1,6.0,0,0
0.41,0.62,0,1,1,0,0,0,0.0,46,2,7.0,0,0
0.41,0.62,0,1,1,0,0,0,0.0,59,2,8.0,0,0
0.41,0.62,0,1,1,0,0,0,0.0,61,2,9.0,0,0
0.41,0.62,0,1,1,0,0,0,0.0,68,2,10.0,0,0
0.41,0.62,0,1,1,0,0,0,0.0,78,2,11.0,0,0
0.41,0.62,0,1,1,0,0,0,0.0,83,2,12.0,0,0
0.41,0.62,0,1,1,0,0,0,0.0,102,2,13.0,0,0
0.41,0.62,0,1,1,0,0,0,0.0,118,2,14.0,0,0
0.41,0.62,0,1,1,0,0,0,0.0,129,2,15.0,0,0
0.41,0.62,0,1,1,0,0,0,0.0,142,3,16.0,0,0
0.41,0.62,0,1,1,0,0,0,0.0,146,3,17.0,0,0
0.41,0.62,0,1,1,0,0,0,0.0,153,4,18.0,0,0
0.41,0.62,0,1,1,0,0,0,0.0,158,4,19.0,0,0
0.41,0.62,0,1,1,0,0,0,0.0,159,5,20.0,0,0
0.41,0.62,0,1,0,1,6,0,1.0,159,5,20.0,160,0
0.41,0.62,0,1,0,1,12,0,2.0,159,5,20.0,160,0
0.41,0.62,0,1,0,1,16,0,3.0,159,5,20.0,160,0
0.41,0.62,0,1,0,1,20,0,4.0,159,5,20.0,160,0
0.41,0.62,0,1,0,1,25,1,5.0,159,5,20.0,160,0
0.41,0.62,0,1,0,1,31,1,6.0,159,5,20.0,160,0
0.41,0.62,0,1,0,1,39,1,7.0,159,5,20.0,160,0
0.41,0.62,0,1,0,1,49,1,8.0,159,5,20.0,160,0
0.41,0.62,0,1,0,1,55,1,9.0,159,5,20.0,160,0
0.41,0.62,0,1,0,1,60,2,10.0,159,5,20.0,160,0
0.41,0.62,0,1,0,1,74,2,11.0,159,5,20.0,160,0
0.41,0.62,0,1,0,1,78,3,12.0,159,5,20.0,160,0
0.41,0.62,0,1,0,1,82,3,13.0,159,5,20.0,160,0
0.41,0.62,0,1,0,1,96,3,14.0,159,5,20.0,160,0
0.41,0.62,0,1,0,1,103,3,15.0,159,5,20.0,160,0
0.41,0.62,0,1,0,1,116,3,16.0,159,5,20.0,160,0
0.41,0.62,0,1,0,1,132,3,17.0,159,5,20.0,160,0
0.41,0.62,0,1,0,1,134,3,18.0,159,5,20.0,160,0
0.41,0.62,0,1,0,1,142,5,19.0,159,5,20.0,160,0
0.41,0.62,0,1,0,1,155,5,20.0,159,5,20.0,160,0
0.62,0.42,1,1,1,1,11,0,1.0,0,0,0.0,0,1
0.62,0.42,1,1,1,1,12,1,2.0,0,0,0.0,0,1
0.62,0.42,1,1,1,1,17,1,3.0,0,0,0.0,0,1
0.62,0.42,1,1,1,1,28,1,4.0,0,0,0.0,0,1
0.62,0.42,1,1,1,1,49,1,5.0,0,0,0.0,0,1
0.62,0.42,1,1,1,1,54,1,6.0,0,0,0.0,0,1
0.62,0.42,1,1,1,1,63,1,7.0,0,0,0.0,0,1
0.62,0.42,1,1,1,1,67,2,8.0,0,0,0.0,0,1
0.62,0.42,1,1,1,1,71,2,9.0,0,0,0.0,0,1
0.62,0.42,1,1,1,1,85,2,10.0,0,0,0.0,0,1
0.62,0.42,1,1,1,1,90,2,11.0,0,0,0.0,0,1
0.62,0.42,1,1,1,1,96,2,12.0,0,0,0.0,0,1
0.62,0.42,1,1,1,1,108,2,13.0,0,0,0.0,0,1
0.62,0.42,1,1,1,1,116,2,14.0,0,0,0.0,0,1
0.62,0.42,1,1,1,1,118,2,15.0,0,0,0.0,0,1
0.62,0.42,1,1,1,1,126,2,16.0,0,0,0.0,0,1
0.62,0.42,1,1,1,1,140,2,17.0,0,0,0.0,0,1
0.62,0.42,1,1,1,1,146,3,18.0,0,0,0.0,0,1
0.62,0.42,1,1,1,1,159,3,19.0,0,0,0.0,0,1
0.62,0.42,1,1,1,1,160,3,20.0,0,0,0.0,0,1
0.62,0.42,1,1,0,0,160,3,20.0,5,0,1.0,161,1
0.62,0.42,1,1,0,0,160,3,20.0,13,0,2.0,161,1
0.62,0.42,1,1,0,0,160,3,20.0,16,0,3.0,161,1
0.62,0.42,1,1,0,0,160,3,20.0,27,0,4.0,161,1
0.62,0.42,1,1,0,0,160,3,20.0,36,0,5.0,161,1
0.62,0.42,1,1,0,0,160,3,20.0,43,1,6.0,161,1
0.62,0.42,1,1,0,0,160,3,20.0,52,1,7.0,161,1
0.62,0.42,1,1,0,0,160,3,20.0,53,2,8.0,161,1
0.62,0.42,1,1,0,0,160,3,20.0,58,2,9.0,161,1
0.62,0.42,1,1,0,0,160,3,20.0,66,2,10.0,161,1
0.62,0.42,1,1,0,0,160,3,20.0,69,2,11.0,161,1
0.62,0.42,1,1,0,0,160,3,20.0,81,3,12.0,161,1
0.62,0.42,1,1,0,0,160,3,20.0,90,4,13.0,161,1
0.62,0.42,1,1,0,0,160,3,20.0,93,5,14.0,161,1
0.62,0.42,1,1,0,0,160,3,20.0,104,6,15.0,161,1
0.62,0.42,1,1,0,0,160,3,20.0,117,7,16.0,161,1
0.62,0.42,1,1,0,0,160,3,20.0,121,7,17.0,161,1
0.62,0.42,1,1,0,0,160,3,20.0,132,7,18.0,161,1
0.62,0.42,1,1,0,0,160,3,20.0,149,7,19.0,161,1
0.62,0.42,1,1,0,0,160,3,20.0,157,8,20.0,161,1
0.46,0.48,0,0,1,1,6,0,1.0,0,0,0.0,0,1
0.46,0.48,0,0,1,1,9,0,2.0,0,0,0.0,0,1
0.46,0.48,0,0,1,1,15,0,3.0,0,0,0.0,0,1
0.46,0.48,0,0,1,1,18,0,4.0,0,0,0.0,0,1
0.46,0.48,0,0,1,1,37,0,5.0,0,0,0.0,0,1
0.46,0.48,0,0,1,1,49,0,6.0,0,0,0.0,0,1
0.46,0.48,0,0,1,1,53,0,7.0,0,0,0.0,0,1
0.46,0.48,0,0,1,1,67,0,8.0,0,0,0.0,0,1
0.46,0.48,0,0,1,1,76,0,9.0,0,0,0.0,0,1
0.46,0.48,0,0,1,1,86,0,10.0,0,0,0.0,0,1
0.46,0.48,0,0,1,1,94,0,11.0,0,0,0.0,0,1
0.46,0.48,0,0,1,1,108,0,12.0,0,0,0.0,0,1
0.46,0.48,0,0,1,1,115,1,13.0,0,0,0.0,0,1
0.46,0.48,0,0,1,1,118,1,14.0,0,0,0.0,0,1
0.46,0.48,0,0,1,1,124,1,15.0,0,0,0.0,0,1
0.46,0.48,0,0,1,1,133,2,16.0,0,0,0.0,0,1
0.46,0.48,0,0,1,1,144,3,17.0,0,0,0.0,0,1
0.46,0.48,0,0,1,1,146,3,18.0,0,0,0.0,0,1
0.46,0.48,0,0,1,1,160,4,19.0,0,0,0.0,0,1
0.46,0.48,0,0,1,1,167,4,20.0,0,0,0.0,0,1
0.46,0.48,0,0,0,0,167,4,20.0,3,0,1.0,168,1
0.46,0.48,0,0,0,0,167,4,20.0,14,0,2.0,168,1
0.46,0.48,0,0,0,0,167,4,20.0,18,1,3.0,168,1
0.46,0.48,0,0,0,0,167,4,20.0,29,1,4.0,168,1
0.46,0.48,0,0,0,0,167,4,20.0,34,1,5.0,168,1
0.46,0.48,0,0,0,0,167,4,20.0,46,1,6.0,168,1
0.46,0.48,0,0,0,0,167,4,20.0,50,1,7.0,168,1
0.46,0.48,0,0,0,0,167,4,20.0,54,1,8.0,168,1
0.46,0.48,0,0,0,0,167,4,20.0,64,1,9.0,168,1
0.46,0.48,0,0,0,0,167,4,20.0,68,1,10.0,168,1
0.46,0.48,0,0,0,0,167,4,20.0,85,2,11.0,168,1
0.46,0.48,0,0,0,0,167,4,20.0,92,3,12.0,168,1
0.46,0.48,0,0,0,0,167,4,20.0,98,4,13.0,168,1
0.46,0.48,0,0,0,0,167,4,20.0,104,4,14.0,168,1
0.46,0.48,0,0,0,0,167,4,20.0,109,4,15.0,168,1
0.46,0.48,0,0,0,0,167,4,20.0,120,5,16.0,168,1
0.46,0.48,0,0,0,0,167,4,20.0,130,5,17.0,168,1
0.46,0.48,0,0,0,0,167,4,20.0,144,7,18.0,168,1
0.46,0.48,0,0,0,0,167,4,20.0,152,8,19.0,168,1
0.46,0.48,0,0,0,0,167,4,20.0,163,8,20.0,168,1
0.49,0.39,0,1,1,0,0,0,0.0,4,0,1.0,0,1
0.49,0.39,0,1,1,0,0,0,0.0,10,0,2.0,0,1
0.49,0.39,0,1,1,0,0,0,0.0,25,0,3.0,0,1
0.49,0.39,0,1,1,0,0,0,0.0,41,0,4.0,0,1
0.49,0.39,0,1,1,0,0,0,0.0,46,0,5.0,0,1
0.49,0.39,0,1,1,0,0,0,0.0,51,0,6.0,0,1
0.49,0.39,0,1,1,0,0,0,0.0,54,0,7.0,0,1
0.49,0.39,0,1,1,0,0,0,0.0,58,0,8.0,0,1
0.49,0.39,0,1,1,0,0,0,0.0,61,1,9.0,0,1
0.49,0.39,0,1,1,0,0,0,0.0,64,1,10.0,0,1
0.49,0.39,0,1,1,0,0,0,0.0,67,2,11.0,0,1
0.49,0.39,0,1,1,0,0,0,0.0,72,2,12.0,0,1
0.49,0.39,0,1,1,0,0,0,0.0,84,2,13.0,0,1
0.49,0.39,0,1,1,0,0,0,0.0,91,2,14.0,0,1
0.49,0.39,0,1,1,0,0,0,0.0,97,2,15.0,0,1
0.49,0.39,0,1,1,0,0,0,0.0,99,4,16.0,0,1
0.49,0.39,0,1,1,0,0,0,0.0,103,5,17.0,0,1
0.49,0.39,0,1,1,0,0,0,0.0,105,6,18.0,0,1
0.49,0.39,0,1,1,0,0,0,0.0,115,6,19.0,0,1
0.49,0.39,0,1,1,0,0,0,0.0,119,6,20.0,0,1
0.49,0.39,0,1,0,1,9,0,1.0,119,6,20.0,120,1
0.49,0.39,0,1,0,1,20,0,2.0,119,6,20.0,120,1
0.49,0.39,0,1,0,1,28,0,3.0,119,6,20.0,120,1
0.49,0.39,0,1,0,1,36,0,4.0,119,6,20.0,120,1
0.49,0.39,0,1,0,1,42,0,5.0,119,6,20.0,120,1
0.49,0.39,0,1,0,1,58,0,6.0,119,6,20.0,120,1
0.49,0.39,0,1,0,1,65,0,7.0,119,6,20.0,120,1
0.49,0.39,0,1,0,1,70,0,8.0,119,6,20.0,120,1
0.49,0.39,0,1,0,1,82,0,9.0,119,6,20.0,120,1
0.49,0.39,0,1,0,1,88,0,10.0,119,6,20.0,120,1
0.49,0.39,0,1,0,1,98,0,11.0,119,6,20.0,120,1
0.49,0.39,0,1,0,1,107,0,12.0,119,6,20.0,120,1
0.49,0.39,0,1,0,1,113,1,13.0,119,6,20.0,120,1
0.49,0.39,0,1,0,1,124,1,13.83,119,6,20.0,120,1
0.35,0.64,1,0,1,0,0,0,0.0,8,0,1.0,0,0
0.35,0.64,1,0,1,0,0,0,0.0,12,0,2.0,0,0
0.35,0.64,1,0,1,0,0,0,0.0,16,1,3.0,0,0
0.35,0.64,1,0,1,0,0,0,0.0,22,2,4.0,0,0
0.35,0.64,1,0,1,0,0,0,0.0,29,2,5.0,0,0
0.35,0.64,1,0,1,0,0,0,0.0,43,3,6.0,0,0
0.35,0.64,1,0,1,0,0,0,0.0,47,5,7.0,0,0
0.35,0.64,1,0,1,0,0,0,0.0,64,5,8.0,0,0
0.35,0.64,1,0,1,0,0,0,0.0,68,6,9.0,0,0
0.35,0.64,1,0,1,0,0,0,0.0,83,6,10.0,0,0
0.35,0.64,1,0,1,0,0,0,0.0,94,6,11.0,0,0
0.35,0.64,1,0,1,0,0,0,0.0,105,6,12.0,0,0
0.35,0.64,1,0,1,0,0,0,0.0,110,7,13.0,0,0
0.35,0.64,1,0,1,0,0,0,0.0,126,7,14.0,0,0
0.35,0.64,1,0,1,0,0,0,0.0,127,8,15.0,0,0
0.35,0.64,1,0,1,0,0,0,0.0,140,8,16.0,0,0
0.35,0.64,1,0,1,0,0,0,0.0,148,8,17.0,0,0
0.35,0.64,1,0,1,0,0,0,0.0,160,8,18.0,0,0
0.35,0.64,1,0,1,0,0,0,0.0,168,8,19.0,0,0
0.35,0.64,1,0,1,0,0,0,0.0,175,8,20.0,0,0
0.35,0.64,1,0,0,1,4,0,1.0,175,8,20.0,176,0
0.35,0.64,1,0,0,1,9,0,2.0,175,8,20.0,176,0
0.35,0.64,1,0,0,1,16,0,3.0,175,8,20.0,176,0
0.35,0.64,1,0,0,1,30,0,4.0,175,8,20.0,176,0
0.35,0.64,1,0,0,1,34,0,5.0,175,8,20.0,176,0
0.35,0.64,1,0,0,1,40,0,6.0,175,8,20.0,176,0
0.35,0.64,1,0,0,1,43,1,7.0,175,8,20.0,176,0
0.35,0.64,1,0,0,1,52,1,8.0,175,8,20.0,176,0
0.35,0.64,1,0,0,1,61,1,9.0,175,8,20.0,176,0
0.35,0.64,1,0,0,1,66,1,10.0,175,8,20.0,176,0
0.35,0.64,1,0,0,1,74,2,11.0,175,8,20.0,176,0
0.35,0.64,1,0,0,1,81,2,12.0,175,8,20.0,176,0
0.35,0.64,1,0,0,1,94,2,13.0,175,8,20.0,176,0
0.35,0.64,1,0,0,1,98,3,14.0,175,8,20.0,176,0
0.35,0.64,1,0,0,1,116,3,15.0,175,8,20.0,176,0
0.35,0.64,1,0,0,1,124,3,16.0,175,8,20.0,176,0
0.35,0.64,1,0,0,1,134,3,17.0,175,8,20.0,176,0
0.35,0.64,1,0,0,1,152,3,18.0,175,8,20.0,176,0
0.35,0.64,1,0,0,1,159,3,19.0,175,8,20.0,176,0
0.35,0.64,1,0,0,1,167,3,20.0,175,8,20.0,176,0
0.63,0.46,1,1,1,1,15,0,1.0,0,0,0.0,0,1
0.63,0.46,1,1,1,1,27,0,2.0,0,0,0.0,0,1
0.63,0.46,1,1,1,1,33,0,3.0,0,0,0.0,0,1
0.63,0.46,1,1,1,1,40,0,4.0,0,0,0.0,0,1
0.63,0.46,1,1,1,1,47,0,5.0,0,0,0.0,0,1
0.63,0.46,1,1,1,1,54,0,6.0,0,0,0.0,0,1
0.63,0.46,1,1,1,1,58,0,7.0,0,0,0.0,0,1
0.63,0.46,1,1,1,1,65,0,8.0,0,0,0.0,0,1
0.63,0.46,1,1,1,1,74,0,9.0,0,0,0.0,0,1
0.63,0.46,1,1,1,1,77,0,10.0,0,0,0.0,0,1
0.63,0.46,1,1,1,1,83,0,11.0,0,0,0.0,0,1
0.63,0.46,1,1,1,1,92,0,12.0,0,0,0.0,0,1
0.63,0.46,1,1,1,1,95,0,13.0,0,0,0.0,0,1
0.63,0.46,1,1,1,1,97,0,14.0,0,0,0.0,0,1
0.63,0.46,1,1,1,1,106,0,15.0,0,0,0.0,0,1
0.63,0.46,1,1,1,1,108,0,16.0,0,0,0.0,0,1
0.63,0.46,1,1,1,1,109,1,17.0,0,0,0.0,0,1
0.63,0.46,1,1,1,1,121,1,18.0,0,0,0.0,0,1
0.63,0.46,1,1,1,1,127,1,19.0,0,0,0.0,0,1
0.63,0.46,1,1,1,1,136,1,20.0,0,0,0.0,0,1
0.63,0.46,1,1,0,0,136,1,20.0,2,1,1.0,137,1
0.63,0.46,1,1,0,0,136,1,20.0,8,2,2.0,137,1
0.63,0.46,1,1,0,0,136,1,20.0,13,3,3.0,137,1
0.63,0.46,1,1,0,0,136,1,20.0,17,3,4.0,137,1
0.63,0.46,1,1,0,0,136,1,20.0,20,3,5.0,137,1
0.63,0.46,1,1,0,0,136,1,20.0,23,3,6.0,137,1
0.63,0.46,1,1,0,0,136,1,20.0,25,4,7.0,137,1
0.63,0.46,1,1,0,0,136,1,20.0,38,4,8.0,137,1
0.63,0.46,1,1,0,0,136,1,20.0,41,4,9.0,137,1
0.63,0.46,1,1,0,0,136,1,20.0,47,4,10.0,137,1
0.63,0.46,1,1,0,0,136,1,20.0,51,4,11.0,137,1
0.63,0.46,1,1,0,0,136,1,20.0,58,4,12.0,137,1
0.63,0.46,1,1,0,0,136,1,20.0,73,5,13.0,137,1
0.63,0.46,1,1,0,0,136,1,20.0,80,6,14.0,137,1
0.63,0.46,1,1,0,0,136,1,20.0,88,6,15.0,137,1
0.63,0.46,1,1,0,0,136,1,20.0,100,6,16.0,137,1
0.63,0.46,1,1,0,0,136,1,20.0,109,6,17.0,137,1
0.63,0.46,1,1,0,0,136,1,20.0,111,8,18.0,137,1
0.63,0.46,1,1,0,0,136,1,20.0,122,8,19.0,137,1
0.63,0.46,1,1,0,0,136,1,20.0,134,9,20.0,137,1
0.45,0.55,0,1,1,0,0,0,0.0,12,1,1.0,0,0
0.45,0.55,0,1,1,0,0,0,0.0,27,1,2.0,0,0
0.45,0.55,0,1,1,0,0,0,0.0,33,1,3.0,0,0
0.45,0.55,0,1,1,0,0,0,0.0,38,1,4.0,0,0
0.45,0.55,0,1,1,0,0,0,0.0,41,1,5.0,0,0
0.45,0.55,0,1,1,0,0,0,0.0,49,1,6.0,0,0
0.45,0.55,0,1,1,0,0,0,0.0,51,2,7.0,0,0
0.45,0.55,0,1,1,0,0,0,0.0,55,2,8.0,0,0
0.45,0.55,0,1,1,0,0,0,0.0,59,2,9.0,0,0
0.45,0.55,0,1,1,0,0,0,0.0,69,2,10.0,0,0
0.45,0.55,0,1,1,0,0,0,0.0,79,2,11.0,0,0
0.45,0.55,0,1,1,0,0,0,0.0,82,2,12.0,0,0
0.45,0.55,0,1,1,0,0,0,0.0,87,2,13.0,0,0
0.45,0.55,0,1,1,0,0,0,0.0,92,2,14.0,0,0
0.45,0.55,0,1,1,0,0,0,0.0,103,3,15.0,0,0
0.45,0.55,0,1,1,0,0,0,0.0,106,3,16.0,0,0
0.45,0.55,0,1,1,0,0,0,0.0,118,4,17.0,0,0
0.45,0.55,0,1,1,0,0,0,0.0,122,4,18.0,0,0
0.45,0.55,0,1,1,0,0,0,0.0,141,4,19.0,0,0
0.45,0.55,0,1,1,0,0,0,0.0,149,4,20.0,0,0
0.45,0.55,0,1,0,1,7,0,1.0,149,4,20.0,150,0
0.45,0.55,0,1,0,1,8,3,2.0,149,4,20.0,150,0
0.45,0.55,0,1,0,1,17,3,3.0,149,4,20.0,150,0
0.45,0.55,0,1,0,1,19,4,4.0,149,4,20.0,150,0
0.45,0.55,0,1,0,1,32,5,5.0,149,4,20.0,150,0
0.45,0.55,0,1,0,1,36,5,6.0,149,4,20.0,150,0
0.45,0.55,0,1,0,1,46,5,7.0,149,4,20.0,150,0
0.45,0.55,0,1,0,1,61,5,8.0,149,4,20.0,150,0
0.45,0.55,0,1,0,1,67,5,9.0,149,4,20.0,150,0
0.45,0.55,0,1,0,1,74,5,10.0,149,4,20.0,150,0
0.45,0.55,0,1,0,1,82,5,11.0,149,4,20.0,150,0
0.45,0.55,0,1,0,1,89,5,12.0,149,4,20.0,150,0
0.45,0.55,0,1,0,1,92,5,13.0,149,4,20.0,150,0
0.45,0.55,0,1,0,1,94,5,14.0,149,4,20.0,150,0
0.45,0.55,0,1,0,1,104,5,15.0,149,4,20.0,150,0
0.45,0.55,0,1,0,1,116,5,16.0,149,4,20.0,150,0
0.45,0.55,0,1,0,1,123,5,17.0,149,4,20.0,150,0
0.45,0.55,0,1,0,1,128,6,18.0,149,4,20.0,150,0
0.45,0.55,0,1,0,1,134,7,19.0,149,4,20.0,150,0
0.45,0.55,0,1,0,1,144,9,20.0,149,4,20.0,150,0
0.36,0.56,0,0,1,1,2,1,1.0,0,0,0.0,0,1
0.36,0.56,0,0,1,1,11,1,2.0,0,0,0.0,0,1
0.36,0.56,0,0,1,1,16,1,3.0,0,0,0.0,0,1
0.36,0.56,0,0,1,1,18,2,4.0,0,0,0.0,0,1
0.36,0.56,0,0,1,1,25,2,5.0,0,0,0.0,0,1
0.36,0.56,0,0,1,1,29,2,6.0,0,0,0.0,0,1
0.36,0.56,0,0,1,1,34,2,7.0,0,0,0.0,0,1
0.36,0.56,0,0,1,1,43,2,8.0,0,0,0.0,0,1
0.36,0.56,0,0,1,1,51,2,9.0,0,0,0.0,0,1
0.36,0.56,0,0,1,1,58,2,10.0,0,0,0.0,0,1
0.36,0.56,0,0,1,1,65,3,11.0,0,0,0.0,0,1
0.36,0.56,0,0,1,1,71,3,12.0,0,0,0.0,0,1
0.36,0.56,0,0,1,1,73,5,13.0,0,0,0.0,0,1
0.36,0.56,0,0,1,1,74,6,14.0,0,0,0.0,0,1
0.36,0.56,0,0,1,1,80,7,15.0,0,0,0.0,0,1
0.36,0.56,0,0,1,1,87,7,16.0,0,0,0.0,0,1
0.36,0.56,0,0,1,1,95,8,17.0,0,0,0.0,0,1
0.36,0.56,0,0,1,1,108,8,18.0,0,0,0.0,0,1
0.36,0.56,0,0,1,1,113,8,19.0,0,0,0.0,0,1
0.36,0.56,0,0,1,1,118,8,20.0,0,0,0.0,0,1
0.36,0.56,0,0,0,0,118,8,20.0,8,1,1.0,119,1
0.36,0.56,0,0,0,0,118,8,20.0,14,1,2.0,119,1
0.36,0.56,0,0,0,0,118,8,20.0,21,1,3.0,119,1
0.36,0.56,0,0,0,0,118,8,20.0,28,2,4.0,119,1
0.36,0.56,0,0,0,0,118,8,20.0,38,2,5.0,119,1
0.36,0.56,0,0,0,0,118,8,20.0,40,2,6.0,119,1
0.36,0.56,0,0,0,0,118,8,20.0,47,2,7.0,119,1
0.36,0.56,0,0,0,0,118,8,20.0,57,3,8.0,119,1
0.36,0.56,0,0,0,0,118,8,20.0,69,4,9.0,119,1
0.36,0.56,0,0,0,0,118,8,20.0,77,4,10.0,119,1
0.36,0.56,0,0,0,0,118,8,20.0,81,5,11.0,119,1
0.36,0.56,0,0,0,0,118,8,20.0,92,5,12.0,119,1
0.36,0.56,0,0,0,0,118,8,20.0,94,6,13.0,119,1
0.36,0.56,0,0,0,0,118,8,20.0,96,8,14.0,119,1
0.36,0.56,0,0,0,0,118,8,20.0,99,9,15.0,119,1
0.36,0.56,0,0,0,0,118,8,20.0,110,9,16.0,119,1
0.36,0.56,0,0,0,0,118,8,20.0,110,10,16.67,119,1
0.43,0.46,1,1,1,1,6,0,1.0,0,0,0.0,0,0
0.43,0.46,1,1,1,1,19,0,2.0,0,0,0.0,0,0
0.43,0.46,1,1,1,1,24,0,3.0,0,0,0.0,0,0
0.43,0.46,1,1,1,1,35,0,4.0,0,0,0.0,0,0
0.43,0.46,1,1,1,1,41,0,5.0,0,0,0.0,0,0
0.43,0.46,1,1,1,1,50,0,6.0,0,0,0.0,0,0
0.43,0.46,1,1,1,1,60,0,7.0,0,0,0.0,0,0
0.43,0.46,1,1,1,1,62,0,8.0,0,0,0.0,0,0
0.43,0.46,1,1,1,1,69,0,9.0,0,0,0.0,0,0
0.43,0.46,1,1,1,1,75,0,10.0,0,0,0.0,0,0
0.43,0.46,1,1,1,1,82,0,11.0,0,0,0.0,0,0
0.43,0.46,1,1,1,1,88,1,12.0,0,0,0.0,0,0
0.43,0.46,1,1,1,1,95,1,13.0,0,0,0.0,0,0
0.43,0.46,1,1,1,1,101,1,14.0,0,0,0.0,0,0
0.43,0.46,1,1,1,1,104,3,15.0,0,0,0.0,0,0
0.43,0.46,1,1,1,1,107,4,16.0,0,0,0.0,0,0
0.43,0.46,1,1,1,1,118,4,17.0,0,0,0.0,0,0
0.43,0.46,1,1,1,1,122,5,18.0,0,0,0.0,0,0
0.43,0.46,1,1,1,1,126,5,19.0,0,0,0.0,0,0
0.43,0.46,1,1,1,1,140,6,20.0,0,0,0.0,0,0
0.43,0.46,1,1,0,0,140,6,20.0,16,0,1.0,141,0
0.43,0.46,1,1,0,0,140,6,20.0,31,0,2.0,141,0
0.43,0.46,1,1,0,0,140,6,20.0,37,0,3.0,141,0
0.43,0.46,1,1,0,0,140,6,20.0,40,0,4.0,141,0
0.43,0.46,1,1,0,0,140,6,20.0,45,0,5.0,141,0
0.43,0.46,1,1,0,0,140,6,20.0,52,0,6.0,141,0
0.43,0.46,1,1,0,0,140,6,20.0,66,0,7.0,141,0
0.43,0.46,1,1,0,0,140,6,20.0,70,0,8.0,141,0
0.43,0.46,1,1,0,0,140,6,20.0,78,0,9.0,141,0
0.43,0.46,1,1,0,0,140,6,20.0,86,0,10.0,141,0
0.43,0.46,1,1,0,0,140,6,20.0,92,1,11.0,141,0
0.43,0.46,1,1,0,0,140,6,20.0,100,1,12.0,141,0
0.43,0.46,1,1,0,0,140,6,20.0,111,1,13.0,141,0
0.43,0.46,1,1,0,0,140,6,20.0,117,1,14.0,141,0
0.43,0.46,1,1,0,0,140,6,20.0,123,1,15.0,141,0
0.43,0.46,1,1,0,0,140,6,20.0,133,1,16.0,141,0
0.43,0.46,1,1,0,0,140,6,20.0,140,1,17.0,141,0
0.43,0.46,1,1,0,0,140,6,20.0,144,1,17.17,141,0
0.62,0.46,1,1,1,1,8,0,1.0,0,0,0.0,0,1
0.62,0.46,1,1,1,1,18,1,2.0,0,0,0.0,0,1
0.62,0.46,1,1,1,1,25,1,3.0,0,0,0.0,0,1
0.62,0.46,1,1,1,1,34,1,4.0,0,0,0.0,0,1
0.62,0.46,1,1,1,1,46,2,5.0,0,0,0.0,0,1
0.62,0.46,1,1,1,1,56,2,6.0,0,0,0.0,0,1
0.62,0.46,1,1,1,1,61,2,7.0,0,0,0.0,0,1
0.62,0.46,1,1,1,1,67,3,8.0,0,0,0.0,0,1
0.62,0.46,1,1,1,1,74,3,9.0,0,0,0.0,0,1
0.62,0.46,1,1,1,1,77,3,10.0,0,0,0.0,0,1
0.62,0.46,1,1,1,1,90,3,11.0,0,0,0.0,0,1
0.62,0.46,1,1,1,1,96,3,12.0,0,0,0.0,0,1
0.62,0.46,1,1,1,1,108,3,13.0,0,0,0.0,0,1
0.62,0.46,1,1,1,1,114,3,14.0,0,0,0.0,0,1
0.62,0.46,1,1,1,1,128,4,15.0,0,0,0.0,0,1
0.62,0.46,1,1,1,1,137,4,16.0,0,0,0.0,0,1
0.62,0.46,1,1,1,1,143,4,17.0,0,0,0.0,0,1
0.62,0.46,1,1,1,1,151,4,18.0,0,0,0.0,0,1
0.62,0.46,1,1,1,1,156,5,19.0,0,0,0.0,0,1
0.62,0.46,1,1,1,1,171,5,20.0,0,0,0.0,0,1
0.62,0.46,1,1,0,0,171,5,20.0,6,0,1.0,172,1
0.62,0.46,1,1,0,0,171,5,20.0,10,0,2.0,172,1
0.62,0.46,1,1,0,0,171,5,20.0,11,0,3.0,172,1
0.62,0.46,1,1,0,0,171,5,20.0,14,0,4.0,172,1
0.62,0.46,1,1,0,0,171,5,20.0,18,0,5.0,172,1
0.62,0.46,1,1,0,0,171,5,20.0,23,1,6.0,172,1
0.62,0.46,1,1,0,0,171,5,20.0,33,1,7.0,172,1
0.62,0.46,1,1,0,0,171,5,20.0,46,1,8.0,172,1
0.62,0.46,1,1,0,0,171,5,20.0,52,1,9.0,172,1
0.62,0.46,1,1,0,0,171,5,20.0,61,1,10.0,172,1
0.62,0.46,1,1,0,0,171,5,20.0,70,2,11.0,172,1
0.62,0.46,1,1,0,0,171,5,20.0,76,2,12.0,172,1
0.62,0.46,1,1,0,0,171,5,20.0,89,3,13.0,172,1
0.62,0.46,1,1,0,0,171,5,20.0,95,3,14.0,172,1
0.62,0.46,1,1,0,0,171,5,20.0,104,3,15.0,172,1
0.62,0.46,1,1,0,0,171,5,20.0,115,4,16.0,172,1
0.62,0.46,1,1,0,0,171,5,20.0,122,5,17.0,172,1
0.62,0.46,1,1,0,0,171,5,20.0,130,6,18.0,172,1
0.62,0.46,1,1,0,0,171,5,20.0,135,7,19.0,172,1
0.62,0.46,1,1,0,0,171,5,20.0,146,7,20.0,172,1
0.51,0.49,0,1,1,0,0,0,0.0,16,0,1.0,0,0
0.51,0.49,0,1,1,0,0,0,0.0,24,0,2.0,0,0
0.51,0.49,0,1,1,0,0,0,0.0,35,0,3.0,0,0
0.51,0.49,0,1,1,0,0,0,0.0,41,1,4.0,0,0
0.51,0.49,0,1,1,0,0,0,0.0,53,1,5.0,0,0
0.51,0.49,0,1,1,0,0,0,0.0,59,2,6.0,0,0
0.51,0.49,0,1,1,0,0,0,0.0,68,2,7.0,0,0
0.51,0.49,0,1,1,0,0,0,0.0,74,2,8.0,0,0
0.51,0.49,0,1,1,0,0,0,0.0,82,2,9.0,0,0
0.51,0.49,0,1,1,0,0,0,0.0,83,3,10.0,0,0
0.51,0.49,0,1,1,0,0,0,0.0,85,3,11.0,0,0
0.51,0.49,0,1,1,0,0,0,0.0,90,3,12.0,0,0
0.51,0.49,0,1,1,0,0,0,0.0,90,4,13.0,0,0
0.51,0.49,0,1,1,0,0,0,0.0,97,4,14.0,0,0
0.51,0.49,0,1,1,0,0,0,0.0,99,4,15.0,0,0
0.51,0.49,0,1,1,0,0,0,0.0,109,4,16.0,0,0
0.51,0.49,0,1,1,0,0,0,0.0,124,5,17.0,0,0
0.51,0.49,0,1,1,0,0,0,0.0,127,6,18.0,0,0
0.51,0.49,0,1,1,0,0,0,0.0,135,6,19.0,0,0
0.51,0.49,0,1,1,0,0,0,0.0,141,6,20.0,0,0
0.51,0.49,0,1,0,1,15,0,1.0,141,6,20.0,142,0
0.51,0.49,0,1,0,1,31,0,2.0,141,6,20.0,142,0
0.51,0.49,0,1,0,1,34,0,3.0,141,6,20.0,142,0
0.51,0.49,0,1,0,1,41,0,4.0,141,6,20.0,142,0
0.51,0.49,0,1,0,1,44,1,5.0,141,6,20.0,142,0
0.51,0.49,0,1,0,1,48,1,6.0,141,6,20.0,142,0
0.51,0.49,0,1,0,1,53,2,7.0,141,6,20.0,142,0
0.51,0.49,0,1,0,1,58,2,8.0,141,6,20.0,142,0
0.51,0.49,0,1,0,1,72,2,9.0,141,6,20.0,142,0
0.51,0.49,0,1,0,1,80,2,10.0,141,6,20.0,142,0
0.51,0.49,0,1,0,1,86,3,11.0,141,6,20.0,142,0
0.51,0.49,0,1,0,1,88,4,12.0,141,6,20.0,142,0
0.51,0.49,0,1,0,1,99,4,13.0,141,6,20.0,142,0
0.51,0.49,0,1,0,1,104,4,14.0,141,6,20.0,142,0
0.51,0.49,0,1,0,1,111,4,15.0,141,6,20.0,142,0
0.51,0.49,0,1,0,1,117,4,16.0,141,6,20.0,142,0
0.51,0.49,0,1,0,1,121,4,17.0,141,6,20.0,142,0
0.51,0.49,0,1,0,1,131,4,18.0,141,6,20.0,142,0
0.51,0.49,0,1,0,1,133,4,19.0,141,6,20.0,142,0
0.51,0.49,0,1,0,1,141,4,20.0,141,6,20.0,142,0
0.58,0.59,0,0,1,1,8,0,1.0,0,0,0.0,0,0
0.58,0.59,0,0,1,1,15,1,2.0,0,0,0.0,0,0
0.58,0.59,0,0,1,1,29,1,3.0,0,0,0.0,0,0
0.58,0.59,0,0,1,1,37,1,4.0,0,0,0.0,0,0
0.58,0.59,0,0,1,1,44,1,5.0,0,0,0.0,0,0
0.58,0.59,0,0,1,1,53,1,6.0,0,0,0.0,0,0
0.58,0.59,0,0,1,1,61,1,7.0,0,0,0.0,0,0
0.58,0.59,0,0,1,1,62,2,8.0,0,0,0.0,0,0
0.58,0.59,0,0,1,1,71,2,9.0,0,0,0.0,0,0
0.58,0.59,0,0,1,1,74,3,10.0,0,0,0.0,0,0
0.58,0.59,0,0,1,1,83,3,11.0,0,0,0.0,0,0
0.58,0.59,0,0,1,1,98,3,12.0,0,0,0.0,0,0
0.58,0.59,0,0,1,1,100,4,13.0,0,0,0.0,0,0
0.58,0.59,0,0,1,1,108,6,14.0,0,0,0.0,0,0
0.58,0.59,0,0,1,1,110,7,15.0,0,0,0.0,0,0
0.58,0.59,0,0,1,1,114,7,16.0,0,0,0.0,0,0
0.58,0.59,0,0,1,1,123,7,17.0,0,0,0.0,0,0
0.58,0.59,0,0,1,1,129,8,18.0,0,0,0.0,0,0
0.58,0.59,0,0,1,1,139,8,19.0,0,0,0.0,0,0
0.58,0.59,0,0,1,1,141,9,20.0,0,0,0.0,0,0
0.58,0.59,0,0,0,0,141,9,20.0,5,0,1.0,142,0
0.58,0.59,0,0,0,0,141,9,20.0,14,0,2.0,142,0
0.58,0.59,0,0,0,0,141,9,20.0,26,0,3.0,142,0
0.58,0.59,0,0,0,0,141,9,20.0,40,0,4.0,142,0
0.58,0.59,0,0,0,0,141,9,20.0,48,1,5.0,142,0
0.58,0.59,0,0,0,0,141,9,20.0,50,1,6.0,142,0
0.58,0.59,0,0,0,0,141,9,20.0,56,1,7.0,142,0
0.58,0.59,0,0,0,0,141,9,20.0,65,1,8.0,142,0
0.58,0.59,0,0,0,0,141,9,20.0,74,1,9.0,142,0
0.58,0.59,0,0,0,0,141,9,20.0,87,1,10.0,142,0
0.58,0.59,0,0,0,0,141,9,20.0,99,1,11.0,142,0
0.58,0.59,0,0,0,0,141,9,20.0,103,3,12.0,142,0
0.58,0.59,0,0,0,0,141,9,20.0,105,3,13.0,142,0
0.58,0.59,0,0,0,0,141,9,20.0,109,4,14.0,142,0
0.58,0.59,0,0,0,0,141,9,20.0,116,4,15.0,142,0
0.58,0.59,0,0,0,0,141,9,20.0,116,5,16.0,142,0
0.58,0.59,0,0,0,0,141,9,20.0,127,5,17.0,142,0
0.58,0.59,0,0,0,0,141,9,20.0,134,5,18.0,142,0
0.58,0.59,0,0,0,0,141,9,20.0,141,5,19.0,142,0
0.58,0.59,0,0,0,0,141,9,20.0,142,5,19.33,142,0
0.45,0.64,0,1,1,0,0,0,0.0,7,0,1.0,0,0
0.45,0.64,0,1,1,0,0,0,0.0,12,1,2.0,0,0
0.45,0.64,0,1,1,0,0,0,0.0,20,1,3.0,0,0
0.45,0.64,0,1,1,0,0,0,0.0,30,1,4.0,0,0
0.45,0.64,0,1,1,0,0,0,0.0,37,1,5.0,0,0
0.45,0.64,0,1,1,0,0,0,0.0,53,1,6.0,0,0
0.45,0.64,0,1,1,0,0,0,0.0,55,2,7.0,0,0
0.45,0.64,0,1,1,0,0,0,0.0,62,3,8.0,0,0
0.45,0.64,0,1,1,0,0,0,0.0,70,3,9.0,0,0
0.45,0.64,0,1,1,0,0,0,0.0,79,3,10.0,0,0
0.45,0.64,0,1,1,0,0,0,0.0,83,3,11.0,0,0
0.45,0.64,0,1,1,0,0,0,0.0,96,3,12.0,0,0
0.45,0.64,0,1,1,0,0,0,0.0,108,3,13.0,0,0
0.45,0.64,0,1,1,0,0,0,0.0,116,4,14.0,0,0
0.45,0.64,0,1,1,0,0,0,0.0,129,4,15.0,0,0
0.45,0.64,0,1,1,0,0,0,0.0,133,5,16.0,0,0
0.45,0.64,0,1,1,0,0,0,0.0,134,6,17.0,0,0
0.45,0.64,0,1,1,0,0,0,0.0,147,6,18.0,0,0
0.45,0.64,0,1,1,0,0,0,0.0,154,7,19.0,0,0
0.45,0.64,0,1,1,0,0,0,0.0,165,7,20.0,0,0
0.45,0.64,0,1,0,1,5,1,1.0,165,7,20.0,166,0
0.45,0.64,0,1,0,1,13,1,2.0,165,7,20.0,166,0
0.45,0.64,0,1,0,1,21,1,3.0,165,7,20.0,166,0
0.45,0.64,0,1,0,1,28,1,4.0,165,7,20.0,166,0
0.45,0.64,0,1,0,1,35,1,5.0,165,7,20.0,166,0
0.45,0.64,0,1,0,1,46,1,6.0,165,7,20.0,166,0
0.45,0.64,0,1,0,1,53,1,7.0,165,7,20.0,166,0
0.45,0.64,0,1,0,1,58,1,8.0,165,7,20.0,166,0
0.45,0.64,0,1,0,1,59,1,9.0,165,7,20.0,166,0
0.45,0.64,0,1,0,1,63,2,10.0,165,7,20.0,166,0
0.45,0.64,0,1,0,1,68,4,11.0,165,7,20.0,166,0
0.45,0.64,0,1,0,1,70,4,12.0,165,7,20.0,166,0
0.45,0.64,0,1,0,1,82,5,13.0,165,7,20.0,166,0
0.45,0.64,0,1,0,1,94,5,14.0,165,7,20.0,166,0
0.45,0.64,0,1,0,1,99,5,15.0,165,7,20.0,166,0
0.45,0.64,0,1,0,1,102,6,16.0,165,7,20.0,166,0
0.45,0.64,0,1,0,1,112,9,17.0,165,7,20.0,166,0
0.45,0.64,0,1,0,1,118,9,18.0,165,7,20.0,166,0
0.45,0.64,0,1,0,1,130,9,19.0,165,7,20.0,166,0
0.45,0.64,0,1,0,1,148,9,20.0,165,7,20.0,166,0
0.45,0.38,1,0,1,0,0,0,0.0,12,1,1.0,0,0
0.45,0.38,1,0,1,0,0,0,0.0,17,2,2.0,0,0
0.45,0.38,1,0,1,0,0,0,0.0,20,3,3.0,0,0
0.45,0.38,1,0,1,0,0,0,0.0,24,4,4.0,0,0
0.45,0.38,1,0,1,0,0,0,0.0,35,4,5.0,0,0
0.45,0.38,1,0,1,0,0,0,0.0,50,4,6.0,0,0
0.45,0.38,1,0,1,0,0,0,0.0,58,4,7.0,0,0
0.45,0.38,1,0,1,0,0,0,0.0,68,4,8.0,0,0
0.45,0.38,1,0,1,0,0,0,0.0,76,4,9.0,0,0
0.45,0.38,1,0,1,0,0,0,0.0,83,4,10.0,0,0
0.45,0.38,1,0,1,0,0,0,0.0,91,4,11.0,0,0
0.45,0.38,1,0,1,0,0,0,0.0,100,4,12.0,0,0
0.45,0.38,1,0,1,0,0,0,0.0,108,4,13.0,0,0
0.45,0.38,1,0,1,0,0,0,0.0,128,4,14.0,0,0
0.45,0.38,1,0,1,0,0,0,0.0,132,5,15.0,0,0
0.45,0.38,1,0,1,0,0,0,0.0,137,5,16.0,0,0
0.45,0.38,1,0,1,0,0,0,0.0,145,5,17.0,0,0
0.45,0.38,1,0,1,0,0,0,0.0,151,5,18.0,0,0
0.45,0.38,1,0,1,0,0,0,0.0,161,5,19.0,0,0
0.45,0.38,1,0,1,0,0,0,0.0,164,5,20.0,0,0
0.45,0.38,1,0,0,1,8,0,1.0,164,5,20.0,165,0
0.45,0.38,1,0,0,1,13,0,2.0,164,5,20.0,165,0
0.45,0.38,1,0,0,1,19,0,3.0,164,5,20.0,165,0
0.45,0.38,1,0,0,1,21,1,4.0,164,5,20.0,165,0
0.45,0.38,1,0,0,1,33,1,5.0,164,5,20.0,165,0
0.45,0.38,1,0,0,1,42,2,6.0,164,5,20.0,165,0
0.45,0.38,1,0,0,1,52,2,7.0,164,5,20.0,165,0
0.45,0.38,1,0,0,1,60,3,8.0,164,5,20.0,165,0
0.45,0.38,1,0,0,1,63,3,9.0,164,5,20.0,165,0
0.45,0.38,1,0,0,1,65,3,10.0,164,5,20.0,165,0
0.45,0.38,1,0,0,1,75,3,11.0,164,5,20.0,165,0
0.45,0.38,1,0,0,1,90,3,12.0,164,5,20.0,165,0
0.45,0.38,1,0,0,1,106,3,13.0,164,5,20.0,165,0
0.45,0.38,1,0,0,1,111,3,14.0,164,5,20.0,165,0
0.45,0.38,1,0,0,1,119,3,15.0,164,5,20.0,165,0
0.45,0.38,1,0,0,1,129,3,16.0,164,5,20.0,165,0
0.45,0.38,1,0,0,1,137,3,17.0,164,5,20.0,165,0
0.45,0.38,1,0,0,1,145,3,18.0,164,5,20.0,165,0
0.45,0.38,1,0,0,1,156,3,19.0,164,5,20.0,165,0
0.45,0.38,1,0,0,1,164,3,20.0,164,5,20.0,165,0
0.57,0.57,1,0,1,0,0,0,0.0,7,0,1.0,0,1
0.57,0.57,1,0,1,0,0,0,0.0,17,0,2.0,0,1
0.57,0.57,1,0,1,0,0,0,0.0,21,0,3.0,0,1
0.57,0.57,1,0,1,0,0,0,0.0,23,0,4.0,0,1
0.57,0.57,1,0,1,0,0,0,0.0,28,0,5.0,0,1
0.57,0.57,1,0,1,0,0,0,0.0,31,1,6.0,0,1
0.57,0.57,1,0,1,0,0,0,0.0,41,1,7.0,0,1
0.57,0.57,1,0,1,0,0,0,0.0,43,1,8.0,0,1
0.57,0.57,1,0,1,0,0,0,0.0,44,2,9.0,0,1
0.57,0.57,1,0,1,0,0,0,0.0,58,2,10.0,0,1
0.57,0.57,1,0,1,0,0,0,0.0,67,2,11.0,0,1
0.57,0.57,1,0,1,0,0,0,0.0,70,2,12.0,0,1
0.57,0.57,1,0,1,0,0,0,0.0,80,2,13.0,0,1
0.57,0.57,1,0,1,0,0,0,0.0,88,3,14.0,0,1
0.57,0.57,1,0,1,0,0,0,0.0,91,3,15.0,0,1
0.57,0.57,1,0,1,0,0,0,0.0,98,3,16.0,0,1
0.57,0.57,1,0,1,0,0,0,0.0,105,3,17.0,0,1
0.57,0.57,1,0,1,0,0,0,0.0,115,3,18.0,0,1
0.57,0.57,1,0,1,0,0,0,0.0,133,4,19.0,0,1
0.57,0.57,1,0,1,0,0,0,0.0,143,5,20.0,0,1
0.57,0.57,1,0,0,1,4,0,1.0,143,5,20.0,144,1
0.57,0.57,1,0,0,1,8,0,2.0,143,5,20.0,144,1
0.57,0.57,1,0,0,1,19,0,3.0,143,5,20.0,144,1
0.57,0.57,1,0,0,1,31,0,4.0,143,5,20.0,144,1
0.57,0.57,1,0,0,1,36,1,5.0,143,5,20.0,144,1
0.57,0.57,1,0,0,1,47,1,6.0,143,5,20.0,144,1
0.57,0.57,1,0,0,1,53,1,7.0,143,5,20.0,144,1
0.57,0.57,1,0,0,1,58,1,8.0,143,5,20.0,144,1
0.57,0.57,1,0,0,1,70,1,9.0,143,5,20.0,144,1
0.57,0.57,1,0,0,1,80,1,10.0,143,5,20.0,144,1
0.57,0.57,1,0,0,1,91,1,11.0,143,5,20.0,144,1
0.57,0.57,1,0,0,1,94,1,12.0,143,5,20.0,144,1
0.57,0.57,1,0,0,1,97,1,13.0,143,5,20.0,144,1
0.57,0.57,1,0,0,1,110,1,14.0,143,5,20.0,144,1
0.57,0.57,1,0,0,1,118,2,15.0,143,5,20.0,144,1
0.57,0.57,1,0,0,1,126,2,16.0,143,5,20.0,144,1
0.57,0.57,1,0,0,1,127,2,17.0,143,5,20.0,144,1
0.57,0.57,1,0,0,1,140,2,18.0,143,5,20.0,144,1
0.57,0.57,1,0,0,1,146,2,18.17,143,5,20.0,144,1
0.46,0.39,0,1,1,0,0,0,0.0,0,0,1.0,0,1
0.46,0.39,0,1,1,0,0,0,0.0,3,2,2.0,0,1
0.46,0.39,0,1,1,0,0,0,0.0,11,2,3.0,0,1
0.46,0.39,0,1,1,0,0,0,0.0,16,3,4.0,0,1
0.46,0.39,0,1,1,0,0,0,0.0,22,3,5.0,0,1
0.46,0.39,0,1,1,0,0,0,0.0,37,3,6.0,0,1
0.46,0.39,0,1,1,0,0,0,0.0,44,3,7.0,0,1
0.46,0.39,0,1,1,0,0,0,0.0,51,3,8.0,0,1
0.46,0.39,0,1,1,0,0,0,0.0,58,3,9.0,0,1
0.46,0.39,0,1,1,0,0,0,0.0,62,3,10.0,0,1
0.46,0.39,0,1,1,0,0,0,0.0,73,3,11.0,0,1
0.46,0.39,0,1,1,0,0,0,0.0,83,3,12.0,0,1
0.46,0.39,0,1,1,0,0,0,0.0,89,4,13.0,0,1
0.46,0.39,0,1,1,0,0,0,0.0,93,4,14.0,0,1
0.46,0.39,0,1,1,0,0,0,0.0,98,4,15.0,0,1
0.46,0.39,0,1,1,0,0,0,0.0,101,4,16.0,0,1
0.46,0.39,0,1,1,0,0,0,0.0,106,5,17.0,0,1
0.46,0.39,0,1,1,0,0,0,0.0,115,5,18.0,0,1
0.46,0.39,0,1,1,0,0,0,0.0,126,6,19.0,0,1
0.46,0.39,0,1,1,0,0,0,0.0,146,6,20.0,0,1
0.46,0.39,0,1,0,1,7,1,1.0,146,6,20.0,147,1
0.46,0.39,0,1,0,1,13,1,2.0,146,6,20.0,147,1
0.46,0.39,0,1,0,1,16,1,3.0,146,6,20.0,147,1
0.46,0.39,0,1,0,1,27,1,4.0,146,6,20.0,147,1
0.46,0.39,0,1,0,1,35,1,5.0,146,6,20.0,147,1
0.46,0.39,0,1,0,1,46,1,6.0,146,6,20.0,147,1
0.46,0.39,0,1,0,1,47,2,7.0,146,6,20.0,147,1
0.46,0.39,0,1,0,1,64,2,8.0,146,6,20.0,147,1
0.46,0.39,0,1,0,1,72,2,9.0,146,6,20.0,147,1
0.46,0.39,0,1,0,1,75,2,10.0,146,6,20.0,147,1
0.46,0.39,0,1,0,1,90,2,11.0,146,6,20.0,147,1
0.46,0.39,0,1,0,1,98,2,12.0,146,6,20.0,147,1
0.46,0.39,0,1,0,1,103,2,13.0,146,6,20.0,147,1
0.46,0.39,0,1,0,1,115,2,14.0,146,6,20.0,147,1
0.46,0.39,0,1,0,1,124,3,15.0,146,6,20.0,147,1
0.46,0.39,0,1,0,1,141,3,16.0,146,6,20.0,147,1
0.46,0.39,0,1,0,1,143,3,17.0,146,6,20.0,147,1
0.46,0.39,0,1,0,1,146,3,18.0,146,6,20.0,147,1
0.46,0.39,0,1,0,1,148,3,18.17,146,6,20.0,147,1
0.46,0.5,1,1,1,1,9,0,1.0,0,0,0.0,0,0
0.46,0.5,1,1,1,1,13,0,2.0,0,0,0.0,0,0
0.46,0.5,1,1,1,1,28,0,3.0,0,0,0.0,0,0
0.46,0.5,1,1,1,1,30,0,4.0,0,0,0.0,0,0
0.46,0.5,1,1,1,1,32,0,5.0,0,0,0.0,0,0
0.46,0.5,1,1,1,1,35,0,6.0,0,0,0.0,0,0
0.46,0.5,1,1,1,1,45,0,7.0,0,0,0.0,0,0
0.46,0.5,1,1,1,1,53,0,8.0,0,0,0.0,0,0
0.46,0.5,1,1,1,1,57,0,9.0,0,0,0.0,0,0
0.46,0.5,1,1,1,1,66,0,10.0,0,0,0.0,0,0
0.46,0.5,1,1,1,1,74,0,11.0,0,0,0.0,0,0
0.46,0.5,1,1,1,1,79,0,12.0,0,0,0.0,0,0
0.46,0.5,1,1,1,1,79,1,13.0,0,0,0.0,0,0
0.46,0.5,1,1,1,1,87,1,14.0,0,0,0.0,0,0
0.46,0.5,1,1,1,1,95,2,15.0,0,0,0.0,0,0
0.46,0.5,1,1,1,1,101,2,16.0,0,0,0.0,0,0
0.46,0.5,1,1,1,1,110,2,17.0,0,0,0.0,0,0
0.46,0.5,1,1,1,1,116,3,18.0,0,0,0.0,0,0
0.46,0.5,1,1,1,1,127,3,19.0,0,0,0.0,0,0
0.46,0.5,1,1,1,1,138,3,20.0,0,0,0.0,0,0
0.46,0.5,1,1,0,0,138,3,20.0,8,0,1.0,139,0
0.46,0.5,1,1,0,0,138,3,20.0,19,0,2.0,139,0
0.46,0.5,1,1,0,0,138,3,20.0,29,0,3.0,139,0
0.46,0.5,1,1,0,0,138,3,20.0,39,0,4.0,139,0
0.46,0.5,1,1,0,0,138,3,20.0,49,1,5.0,139,0
0.46,0.5,1,1,0,0,138,3,20.0,52,1,6.0,139,0
0.46,0.5,1,1,0,0,138,3,20.0,59,1,7.0,139,0
0.46,0.5,1,1,0,0,138,3,20.0,67,2,8.0,139,0
0.46,0.5,1,1,0,0,138,3,20.0,77,2,9.0,139,0
0.46,0.5,1,1,0,0,138,3,20.0,79,2,10.0,139,0
0.46,0.5,1,1,0,0,138,3,20.0,82,2,11.0,139,0
0.46,0.5,1,1,0,0,138,3,20.0,86,2,12.0,139,0
0.46,0.5,1,1,0,0,138,3,20.0,88,2,13.0,139,0
0.46,0.5,1,1,0,0,138,3,20.0,95,3,14.0,139,0
0.46,0.5,1,1,0,0,138,3,20.0,104,3,15.0,139,0
0.46,0.5,1,1,0,0,138,3,20.0,115,3,16.0,139,0
0.46,0.5,1,1,0,0,138,3,20.0,124,3,17.0,139,0
0.46,0.5,1,1,0,0,138,3,20.0,129,4,18.0,139,0
0.46,0.5,1,1,0,0,138,3,20.0,139,4,18.67,139,0
0.38,0.54,0,1,1,0,0,0,0.0,9,1,1.0,0,0
0.38,0.54,0,1,1,0,0,0,0.0,16,1,2.0,0,0
0.38,0.54,0,1,1,0,0,0,0.0,21,1,3.0,0,0
0.38,0.54,0,1,1,0,0,0,0.0,31,1,4.0,0,0
0.38,0.54,0,1,1,0,0,0,0.0,39,1,5.0,0,0
0.38,0.54,0,1,1,0,0,0,0.0,43,1,6.0,0,0
0.38,0.54,0,1,1,0,0,0,0.0,48,1,7.0,0,0
0.38,0.54,0,1,1,0,0,0,0.0,50,1,8.0,0,0
0.38,0.54,0,1,1,0,0,0,0.0,58,2,9.0,0,0
0.38,0.54,0,1,1,0,0,0,0.0,62,2,10.0,0,0
0.38,0.54,0,1,1,0,0,0,0.0,63,2,11.0,0,0
0.38,0.54,0,1,1,0,0,0,0.0,76,2,12.0,0,0
0.38,0.54,0,1,1,0,0,0,0.0,88,2,13.0,0,0
0.38,0.54,0,1,1,0,0,0,0.0,99,3,14.0,0,0
0.38,0.54,0,1,1,0,0,0,0.0,101,3,15.0,0,0
0.38,0.54,0,1,1,0,0,0,0.0,105,3,16.0,0,0
0.38,0.54,0,1,1,0,0,0,0.0,114,3,17.0,0,0
0.38,0.54,0,1,1,0,0,0,0.0,117,3,18.0,0,0
0.38,0.54,0,1,1,0,0,0,0.0,122,3,19.0,0,0
0.38,0.54,0,1,1,0,0,0,0.0,134,3,20.0,0,0
0.38,0.54,0,1,0,1,3,0,1.0,134,3,20.0,135,0
0.38,0.54,0,1,0,1,7,0,2.0,134,3,20.0,135,0
0.38,0.54,0,1,0,1,10,1,3.0,134,3,20.0,135,0
0.38,0.54,0,1,0,1,20,1,4.0,134,3,20.0,135,0
0.38,0.54,0,1,0,1,35,1,5.0,134,3,20.0,135,0
0.38,0.54,0,1,0,1,41,2,6.0,134,3,20.0,135,0
0.38,0.54,0,1,0,1,44,2,7.0,134,3,20.0,135,0
0.38,0.54,0,1,0,1,47,3,8.0,134,3,20.0,135,0
0.38,0.54,0,1,0,1,55,3,9.0,134,3,20.0,135,0
0.38,0.54,0,1,0,1,64,3,10.0,134,3,20.0,135,0
0.38,0.54,0,1,0,1,71,3,11.0,134,3,20.0,135,0
0.38,0.54,0,1,0,1,81,3,12.0,134,3,20.0,135,0
0.38,0.54,0,1,0,1,85,3,13.0,134,3,20.0,135,0
0.38,0.54,0,1,0,1,88,3,14.0,134,3,20.0,135,0
0.38,0.54,0,1,0,1,92,3,15.0,134,3,20.0,135,0
0.38,0.54,0,1,0,1,103,3,16.0,134,3,20.0,135,0
0.38,0.54,0,1,0,1,114,3,17.0,134,3,20.0,135,0
0.38,0.54,0,1,0,1,115,3,18.0,134,3,20.0,135,0
0.38,0.54,0,1,0,1,120,3,19.0,134,3,20.0,135,0
0.38,0.54,0,1,0,1,132,5,20.0,134,3,20.0,135,0
0.55,0.4,0,0,1,1,19,0,1.0,0,0,0.0,0,0
0.55,0.4,0,0,1,1,26,0,2.0,0,0,0.0,0,0
0.55,0.4,0,0,1,1,34,0,3.0,0,0,0.0,0,0
0.55,0.4,0,0,1,1,35,2,4.0,0,0,0.0,0,0
0.55,0.4,0,0,1,1,36,3,5.0,0,0,0.0,0,0
0.55,0.4,0,0,1,1,53,3,6.0,0,0,0.0,0,0
0.55,0.4,0,0,1,1,68,3,7.0,0,0,0.0,0,0
0.55,0.4,0,0,1,1,70,4,8.0,0,0,0.0,0,0
0.55,0.4,0,0,1,1,74,4,9.0,0,0,0.0,0,0
0.55,0.4,0,0,1,1,85,4,10.0,0,0,0.0,0,0
0.55,0.4,0,0,1,1,96,4,11.0,0,0,0.0,0,0
0.55,0.4,0,0,1,1,102,4,12.0,0,0,0.0,0,0
0.55,0.4,0,0,1,1,112,4,13.0,0,0,0.0,0,0
0.55,0.4,0,0,1,1,118,4,14.0,0,0,0.0,0,0
0.55,0.4,0,0,1,1,128,4,15.0,0,0,0.0,0,0
0.55,0.4,0,0,1,1,135,5,16.0,0,0,0.0,0,0
0.55,0.4,0,0,1,1,140,5,17.0,0,0,0.0,0,0
0.55,0.4,0,0,1,1,147,5,18.0,0,0,0.0,0,0
0.55,0.4,0,0,1,1,153,5,19.0,0,0,0.0,0,0
0.55,0.4,0,0,1,1,169,5,20.0,0,0,0.0,0,0
0.55,0.4,0,0,0,0,169,5,20.0,5,1,1.0,170,0
0.55,0.4,0,0,0,0,169,5,20.0,9,1,2.0,170,0
0.55,0.4,0,0,0,0,169,5,20.0,19,3,3.0,170,0
0.55,0.4,0,0,0,0,169,5,20.0,24,3,4.0,170,0
0.55,0.4,0,0,0,0,169,5,20.0,34,3,5.0,170,0
0.55,0.4,0,0,0,0,169,5,20.0,41,4,6.0,170,0
0.55,0.4,0,0,0,0,169,5,20.0,52,4,7.0,170,0
0.55,0.4,0,0,0,0,169,5,20.0,58,6,8.0,170,0
0.55,0.4,0,0,0,0,169,5,20.0,64,6,9.0,170,0
0.55,0.4,0,0,0,0,169,5,20.0,66,7,10.0,170,0
0.55,0.4,0,0,0,0,169,5,20.0,74,7,11.0,170,0
0.55,0.4,0,0,0,0,169,5,20.0,85,7,12.0,170,0
0.55,0.4,0,0,0,0,169,5,20.0,93,8,13.0,170,0
0.55,0.4,0,0,0,0,169,5,20.0,101,8,14.0,170,0
0.55,0.4,0,0,0,0,169,5,20.0,118,8,15.0,170,0
0.55,0.4,0,0,0,0,169,5,20.0,128,8,16.0,170,0
0.55,0.4,0,0,0,0,169,5,20.0,133,8,17.0,170,0
0.55,0.4,0,0,0,0,169,5,20.0,152,8,18.0,170,0
0.55,0.4,0,0,0,0,169,5,20.0,158,8,19.0,170,0
0.55,0.4,0,0,0,0,169,5,20.0,170,8,19.67,170,0
0.44,0.44,1,0,1,0,0,0,0.0,3,1,1.0,0,1
0.44,0.44,1,0,1,0,0,0,0.0,11,2,2.0,0,1
0.44,0.44,1,0,1,0,0,0,0.0,22,2,3.0,0,1
0.44,0.44,1,0,1,0,0,0,0.0,23,3,4.0,0,1
0.44,0.44,1,0,1,0,0,0,0.0,29,3,5.0,0,1
0.44,0.44,1,0,1,0,0,0,0.0,34,3,6.0,0,1
0.44,0.44,1,0,1,0,0,0,0.0,45,3,7.0,0,1
0.44,0.44,1,0,1,0,0,0,0.0,52,3,8.0,0,1
0.44,0.44,1,0,1,0,0,0,0.0,57,3,9.0,0,1
0.44,0.44,1,0,1,0,0,0,0.0,71,3,10.0,0,1
0.44,0.44,1,0,1,0,0,0,0.0,78,4,11.0,0,1
0.44,0.44,1,0,1,0,0,0,0.0,93,4,12.0,0,1
0.44,0.44,1,0,1,0,0,0,0.0,106,4,13.0,0,1
0.44,0.44,1,0,1,0,0,0,0.0,112,4,14.0,0,1
0.44,0.44,1,0,1,0,0,0,0.0,122,4,15.0,0,1
0.44,0.44,1,0,1,0,0,0,0.0,130,4,16.0,0,1
0.44,0.44,1,0,1,0,0,0,0.0,135,5,17.0,0,1
0.44,0.44,1,0,1,0,0,0,0.0,136,5,18.0,0,1
0.44,0.44,1,0,1,0,0,0,0.0,141,5,19.0,0,1
0.44,0.44,1,0,1,0,0,0,0.0,145,6,20.0,0,1
0.44,0.44,1,0,0,1,7,0,1.0,145,6,20.0,146,1
0.44,0.44,1,0,0,1,15,0,2.0,145,6,20.0,146,1
0.44,0.44,1,0,0,1,21,1,3.0,145,6,20.0,146,1
0.44,0.44,1,0,0,1,37,1,4.0,145,6,20.0,146,1
0.44,0.44,1,0,0,1,42,1,5.0,145,6,20.0,146,1
0.44,0.44,1,0,0,1,48,1,6.0,145,6,20.0,146,1
0.44,0.44,1,0,0,1,55,1,7.0,145,6,20.0,146,1
0.44,0.44,1,0,0,1,65,1,8.0,145,6,20.0,146,1
0.44,0.44,1,0,0,1,71,1,9.0,145,6,20.0,146,1
0.44,0.44,1,0,0,1,81,1,10.0,145,6,20.0,146,1
0.44,0.44,1,0,0,1,105,1,11.0,145,6,20.0,146,1
0.44,0.44,1,0,0,1,109,1,12.0,145,6,20.0,146,1
0.44,0.44,1,0,0,1,116,1,13.0,145,6,20.0,146,1
0.44,0.44,1,0,0,1,129,1,14.0,145,6,20.0,146,1
0.44,0.44,1,0,0,1,135,1,15.0,145,6,20.0,146,1
0.44,0.44,1,0,0,1,146,1,16.0,145,6,20.0,146,1
0.4,0.63,1,1,1,1,10,0,1.0,0,0,0.0,0,0
0.4,0.63,1,1,1,1,13,0,2.0,0,0,0.0,0,0
0.4,0.63,1,1,1,1,22,0,3.0,0,0,0.0,0,0
0.4,0.63,1,1,1,1,27,0,4.0,0,0,0.0,0,0
0.4,0.63,1,1,1,1,29,0,5.0,0,0,0.0,0,0
0.4,0.63,1,1,1,1,30,0,6.0,0,0,0.0,0,0
0.4,0.63,1,1,1,1,34,0,7.0,0,0,0.0,0,0
0.4,0.63,1,1,1,1,37,1,8.0,0,0,0.0,0,0
0.4,0.63,1,1,1,1,44,1,9.0,0,0,0.0,0,0
0.4,0.63,1,1,1,1,49,1,10.0,0,0,0.0,0,0
0.4,0.63,1,1,1,1,56,1,11.0,0,0,0.0,0,0
0.4,0.63,1,1,1,1,58,1,12.0,0,0,0.0,0,0
0.4,0.63,1,1,1,1,62,1,13.0,0,0,0.0,0,0
0.4,0.63,1,1,1,1,65,1,14.0,0,0,0.0,0,0
0.4,0.63,1,1,1,1,66,2,15.0,0,0,0.0,0,0
0.4,0.63,1,1,1,1,71,2,16.0,0,0,0.0,0,0
0.4,0.63,1,1,1,1,75,2,17.0,0,0,0.0,0,0
0.4,0.63,1,1,1,1,80,2,18.0,0,0,0.0,0,0
0.4,0.63,1,1,1,1,83,2,19.0,0,0,0.0,0,0
0.4,0.63,1,1,1,1,87,2,20.0,0,0,0.0,0,0
0.4,0.63,1,1,0,0,87,2,20.0,16,0,1.0,88,0
0.4,0.63,1,1,0,0,87,2,20.0,22,0,2.0,88,0
0.4,0.63,1,1,0,0,87,2,20.0,26,0,3.0,88,0
0.4,0.63,1,1,0,0,87,2,20.0,30,0,4.0,88,0
0.4,0.63,1,1,0,0,87,2,20.0,41,0,5.0,88,0
0.4,0.63,1,1,0,0,87,2,20.0,43,0,6.0,88,0
0.4,0.63,1,1,0,0,87,2,20.0,54,0,7.0,88,0
0.4,0.63,1,1,0,0,87,2,20.0,62,0,8.0,88,0
0.4,0.63,1,1,0,0,87,2,20.0,68,0,9.0,88,0
0.4,0.63,1,1,0,0,87,2,20.0,79,1,10.0,88,0
0.4,0.63,1,1,0,0,87,2,20.0,87,1,11.0,88,0
0.4,0.63,1,1,0,0,87,2,20.0,88,1,11.17,88,0
0.54,0.38,0,0,1,1,8,0,1.0,0,0,0.0,0,0
0.54,0.38,0,0,1,1,22,0,2.0,0,0,0.0,0,0
0.54,0.38,0,0,1,1,30,0,3.0,0,0,0.0,0,0
0.54,0.38,0,0,1,1,41,0,4.0,0,0,0.0,0,0
0.54,0.38,0,0,1,1,44,1,5.0,0,0,0.0,0,0
0.54,0.38,0,0,1,1,51,1,6.0,0,0,0.0,0,0
0.54,0.38,0,0,1,1,62,1,7.0,0,0,0.0,0,0
0.54,0.38,0,0,1,1,67,1,8.0,0,0,0.0,0,0
0.54,0.38,0,0,1,1,76,1,9.0,0,0,0.0,0,0
0.54,0.38,0,0,1,1,80,1,10.0,0,0,0.0,0,0
0.54,0.38,0,0,1,1,88,2,11.0,0,0,0.0,0,0
0.54,0.38,0,0,1,1,94,2,12.0,0,0,0.0,0,0
0.54,0.38,0,0,1,1,110,2,13.0,0,0,0.0,0,0
0.54,0.38,0,0,1,1,126,2,14.0,0,0,0.0,0,0
0.54,0.38,0,0,1,1,135,2,15.0,0,0,0.0,0,0
0.54,0.38,0,0,1,1,141,2,16.0,0,0,0.0,0,0
0.54,0.38,0,0,1,1,159,2,17.0,0,0,0.0,0,0
0.54,0.38,0,0,1,1,169,3,18.0,0,0,0.0,0,0
0.54,0.38,0,0,1,1,178,4,19.0,0,0,0.0,0,0
0.54,0.38,0,0,1,1,184,4,20.0,0,0,0.0,0,0
0.54,0.38,0,0,0,0,184,4,20.0,9,0,1.0,185,0
0.54,0.38,0,0,0,0,184,4,20.0,18,0,2.0,185,0
0.54,0.38,0,0,0,0,184,4,20.0,20,0,3.0,185,0
0.54,0.38,0,0,0,0,184,4,20.0,22,0,4.0,185,0
0.54,0.38,0,0,0,0,184,4,20.0,34,0,5.0,185,0
0.54,0.38,0,0,0,0,184,4,20.0,42,0,6.0,185,0
0.54,0.38,0,0,0,0,184,4,20.0,56,0,7.0,185,0
0.54,0.38,0,0,0,0,184,4,20.0,65,0,8.0,185,0
0.54,0.38,0,0,0,0,184,4,20.0,73,0,9.0,185,0
0.54,0.38,0,0,0,0,184,4,20.0,87,0,10.0,185,0
0.54,0.38,0,0,0,0,184,4,20.0,92,0,11.0,185,0
0.54,0.38,0,0,0,0,184,4,20.0,96,1,12.0,185,0
0.54,0.38,0,0,0,0,184,4,20.0,108,1,13.0,185,0
0.54,0.38,0,0,0,0,184,4,20.0,125,1,14.0,185,0
0.54,0.38,0,0,0,0,184,4,20.0,128,1,15.0,185,0
0.54,0.38,0,0,0,0,184,4,20.0,139,1,16.0,185,0
0.54,0.38,0,0,0,0,184,4,20.0,146,1,17.0,185,0
0.54,0.38,0,0,0,0,184,4,20.0,162,2,18.0,185,0
0.54,0.38,0,0,0,0,184,4,20.0,172,3,19.0,185,0
0.54,0.38,0,0,0,0,184,4,20.0,185,3,19.83,185,0
0.42,0.59,0,1,1,0,0,0,0.0,3,0,1.0,0,1
0.42,0.59,0,1,1,0,0,0,0.0,4,0,2.0,0,1
0.42,0.59,0,1,1,0,0,0,0.0,8,0,3.0,0,1
0.42,0.59,0,1,1,0,0,0,0.0,19,0,4.0,0,1
0.42,0.59,0,1,1,0,0,0,0.0,25,0,5.0,0,1
0.42,0.59,0,1,1,0,0,0,0.0,34,1,6.0,0,1
0.42,0.59,0,1,1,0,0,0,0.0,38,1,7.0,0,1
0.42,0.59,0,1,1,0,0,0,0.0,47,1,8.0,0,1
0.42,0.59,0,1,1,0,0,0,0.0,53,2,9.0,0,1
0.42,0.59,0,1,1,0,0,0,0.0,64,2,10.0,0,1
0.42,0.59,0,1,1,0,0,0,0.0,69,2,11.0,0,1
0.42,0.59,0,1,1,0,0,0,0.0,79,3,12.0,0,1
0.42,0.59,0,1,1,0,0,0,0.0,87,3,13.0,0,1
0.42,0.59,0,1,1,0,0,0,0.0,91,3,14.0,0,1
0.42,0.59,0,1,1,0,0,0,0.0,99,3,15.0,0,1
0.42,0.59,0,1,1,0,0,0,0.0,109,3,16.0,0,1
0.42,0.59,0,1,1,0,0,0,0.0,122,3,17.0,0,1
0.42,0.59,0,1,1,0,0,0,0.0,127,3,18.0,0,1
0.42,0.59,0,1,1,0,0,0,0.0,136,3,19.0,0,1
0.42,0.59,0,1,1,0,0,0,0.0,142,5,20.0,0,1
0.42,0.59,0,1,0,1,4,1,1.0,142,5,20.0,143,1
0.42,0.59,0,1,0,1,11,1,2.0,142,5,20.0,143,1
0.42,0.59,0,1,0,1,15,1,3.0,142,5,20.0,143,1
0.42,0.59,0,1,0,1,19,1,4.0,142,5,20.0,143,1
0.42,0.59,0,1,0,1,29,1,5.0,142,5,20.0,143,1
0.42,0.59,0,1,0,1,36,1,6.0,142,5,20.0,143,1
0.42,0.59,0,1,0,1,49,1,7.0,142,5,20.0,143,1
0.42,0.59,0,1,0,1,50,1,8.0,142,5,20.0,143,1
0.42,0.59,0,1,0,1,57,1,9.0,142,5,20.0,143,1
0.42,0.59,0,1,0,1,65,1,10.0,142,5,20.0,143,1
0.42,0.59,0,1,0,1,84,2,11.0,142,5,20.0,143,1
0.42,0.59,0,1,0,1,86,2,12.0,142,5,20.0,143,1
0.42,0.59,0,1,0,1,99,2,13.0,142,5,20.0,143,1
0.42,0.59,0,1,0,1,110,2,14.0,142,5,20.0,143,1
0.42,0.59,0,1,0,1,116,3,15.0,142,5,20.0,143,1
0.42,0.59,0,1,0,1,124,3,16.0,142,5,20.0,143,1
0.42,0.59,0,1,0,1,130,3,17.0,142,5,20.0,143,1
0.42,0.59,0,1,0,1,137,3,18.0,142,5,20.0,143,1
0.42,0.59,0,1,0,1,141,3,19.0,142,5,20.0,143,1
0.42,0.59,0,1,0,1,144,3,19.33,142,5,20.0,143,1
0.58,0.58,1,1,1,1,15,1,1.0,0,0,0.0,0,0
0.58,0.58,1,1,1,1,26,1,2.0,0,0,0.0,0,0
0.58,0.58,1,1,1,1,28,1,3.0,0,0,0.0,0,0
0.58,0.58,1,1,1,1,33,3,4.0,0,0,0.0,0,0
0.58,0.58,1,1,1,1,35,4,5.0,0,0,0.0,0,0
0.58,0.58,1,1,1,1,51,5,6.0,0,0,0.0,0,0
0.58,0.58,1,1,1,1,68,5,7.0,0,0,0.0,0,0
0.58,0.58,1,1,1,1,74,5,8.0,0,0,0.0,0,0
0.58,0.58,1,1,1,1,78,5,9.0,0,0,0.0,0,0
0.58,0.58,1,1,1,1,86,5,10.0,0,0,0.0,0,0
0.58,0.58,1,1,1,1,90,5,11.0,0,0,0.0,0,0
0.58,0.58,1,1,1,1,101,6,12.0,0,0,0.0,0,0
0.58,0.58,1,1,1,1,104,6,13.0,0,0,0.0,0,0
0.58,0.58,1,1,1,1,120,6,14.0,0,0,0.0,0,0
0.58,0.58,1,1,1,1,124,6,15.0,0,0,0.0,0,0
0.58,0.58,1,1,1,1,131,6,16.0,0,0,0.0,0,0
0.58,0.58,1,1,1,1,136,6,17.0,0,0,0.0,0,0
0.58,0.58,1,1,1,1,141,6,18.0,0,0,0.0,0,0
0.58,0.58,1,1,1,1,145,6,19.0,0,0,0.0,0,0
0.58,0.58,1,1,1,1,153,6,20.0,0,0,0.0,0,0
0.58,0.58,1,1,0,0,153,6,20.0,2,0,1.0,154,0
0.58,0.58,1,1,0,0,153,6,20.0,10,0,2.0,154,0
0.58,0.58,1,1,0,0,153,6,20.0,20,0,3.0,154,0
0.58,0.58,1,1,0,0,153,6,20.0,26,0,4.0,154,0
0.58,0.58,1,1,0,0,153,6,20.0,32,0,5.0,154,0
0.58,0.58,1,1,0,0,153,6,20.0,39,0,6.0,154,0
0.58,0.58,1,1,0,0,153,6,20.0,52,0,7.0,154,0
0.58,0.58,1,1,0,0,153,6,20.0,63,0,8.0,154,0
0.58,0.58,1,1,0,0,153,6,20.0,74,0,9.0,154,0
0.58,0.58,1,1,0,0,153,6,20.0,84,1,10.0,154,0
0.58,0.58,1,1,0,0,153,6,20.0,94,1,11.0,154,0
0.58,0.58,1,1,0,0,153,6,20.0,97,1,12.0,154,0
0.58,0.58,1,1,0,0,153,6,20.0,104,2,13.0,154,0
0.58,0.58,1,1,0,0,153,6,20.0,111,2,14.0,154,0
0.58,0.58,1,1,0,0,153,6,20.0,119,2,15.0,154,0
0.58,0.58,1,1,0,0,153,6,20.0,140,2,16.0,154,0
0.58,0.58,1,1,0,0,153,6,20.0,148,2,17.0,154,0
0.58,0.58,1,1,0,0,153,6,20.0,154,2,17.83,154,0
0.51,0.36,0,0,1,1,0,0,1.0,0,0,0.0,0,0
0.51,0.36,0,0,1,1,2,0,2.0,0,0,0.0,0,0
0.51,0.36,0,0,1,1,11,0,3.0,0,0,0.0,0,0
0.51,0.36,0,0,1,1,19,0,4.0,0,0,0.0,0,0
0.51,0.36,0,0,1,1,24,0,5.0,0,0,0.0,0,0
0.51,0.36,0,0,1,1,30,0,6.0,0,0,0.0,0,0
0.51,0.36,0,0,1,1,32,1,7.0,0,0,0.0,0,0
0.51,0.36,0,0,1,1,35,2,8.0,0,0,0.0,0,0
0.51,0.36,0,0,1,1,36,2,9.0,0,0,0.0,0,0
0.51,0.36,0,0,1,1,40,3,10.0,0,0,0.0,0,0
0.51,0.36,0,0,1,1,49,3,11.0,0,0,0.0,0,0
0.51,0.36,0,0,1,1,54,5,12.0,0,0,0.0,0,0
0.51,0.36,0,0,1,1,62,5,13.0,0,0,0.0,0,0
0.51,0.36,0,0,1,1,70,5,14.0,0,0,0.0,0,0
0.51,0.36,0,0,1,1,75,6,15.0,0,0,0.0,0,0
0.51,0.36,0,0,1,1,81,6,16.0,0,0,0.0,0,0
0.51,0.36,0,0,1,1,90,6,17.0,0,0,0.0,0,0
0.51,0.36,0,0,1,1,113,6,18.0,0,0,0.0,0,0
0.51,0.36,0,0,1,1,124,6,19.0,0,0,0.0,0,0
0.51,0.36,0,0,1,1,132,6,20.0,0,0,0.0,0,0
0.51,0.36,0,0,0,0,132,6,20.0,13,0,1.0,133,0
0.51,0.36,0,0,0,0,132,6,20.0,16,0,2.0,133,0
0.51,0.36,0,0,0,0,132,6,20.0,24,1,3.0,133,0
0.51,0.36,0,0,0,0,132,6,20.0,31,1,4.0,133,0
0.51,0.36,0,0,0,0,132,6,20.0,36,1,5.0,133,0
0.51,0.36,0,0,0,0,132,6,20.0,55,1,6.0,133,0
0.51,0.36,0,0,0,0,132,6,20.0,60,2,7.0,133,0
0.51,0.36,0,0,0,0,132,6,20.0,69,2,8.0,133,0
0.51,0.36,0,0,0,0,132,6,20.0,82,2,9.0,133,0
0.51,0.36,0,0,0,0,132,6,20.0,90,2,10.0,133,0
0.51,0.36,0,0,0,0,132,6,20.0,95,2,11.0,133,0
0.51,0.36,0,0,0,0,132,6,20.0,98,2,12.0,133,0
0.51,0.36,0,0,0,0,132,6,20.0,99,3,13.0,133,0
0.51,0.36,0,0,0,0,132,6,20.0,103,3,14.0,133,0
0.51,0.36,0,0,0,0,132,6,20.0,110,4,15.0,133,0
0.51,0.36,0,0,0,0,132,6,20.0,115,4,16.0,133,0
0.51,0.36,0,0,0,0,132,6,20.0,120,4,17.0,133,0
0.51,0.36,0,0,0,0,132,6,20.0,130,4,18.0,133,0
0.51,0.36,0,0,0,0,132,6,20.0,131,4,19.0,133,0
0.51,0.36,0,0,0,0,132,6,20.0,134,4,19.33,133,0
0.49,0.63,1,0,1,0,0,0,0.0,10,0,1.0,0,0
0.49,0.63,1,0,1,0,0,0,0.0,21,0,2.0,0,0
0.49,0.63,1,0,1,0,0,0,0.0,30,0,3.0,0,0
0.49,0.63,1,0,1,0,0,0,0.0,39,1,4.0,0,0
0.49,0.63,1,0,1,0,0,0,0.0,47,1,5.0,0,0
0.49,0.63,1,0,1,0,0,0,0.0,55,1,6.0,0,0
0.49,0.63,1,0,1,0,0,0,0.0,61,1,7.0,0,0
0.49,0.63,1,0,1,0,0,0,0.0,73,1,8.0,0,0
0.49,0.63,1,0,1,0,0,0,0.0,74,1,9.0,0,0
0.49,0.63,1,0,1,0,0,0,0.0,78,1,10.0,0,0
0.49,0.63,1,0,1,0,0,0,0.0,84,1,11.0,0,0
0.49,0.63,1,0,1,0,0,0,0.0,90,1,12.0,0,0
0.49,0.63,1,0,1,0,0,0,0.0,103,1,13.0,0,0
0.49,0.63,1,0,1,0,0,0,0.0,112,1,14.0,0,0
0.49,0.63,1,0,1,0,0,0,0.0,119,1,15.0,0,0
0.49,0.63,1,0,1,0,0,0,0.0,133,2,16.0,0,0
0.49,0.63,1,0,1,0,0,0,0.0,140,2,17.0,0,0
0.49,0.63,1,0,1,0,0,0,0.0,148,2,18.0,0,0
0.49,0.63,1,0,1,0,0,0,0.0,159,2,19.0,0,0
0.49,0.63,1,0,1,0,0,0,0.0,166,3,20.0,0,0
0.49,0.63,1,0,0,1,8,0,1.0,166,3,20.0,167,0
0.49,0.63,1,0,0,1,12,1,2.0,166,3,20.0,167,0
0.49,0.63,1,0,0,1,24,1,3.0,166,3,20.0,167,0
0.49,0.63,1,0,0,1,27,1,4.0,166,3,20.0,167,0
0.49,0.63,1,0,0,1,33,1,5.0,166,3,20.0,167,0
0.49,0.63,1,0,0,1,36,1,6.0,166,3,20.0,167,0
0.49,0.63,1,0,0,1,42,1,7.0,166,3,20.0,167,0
0.49,0.63,1,0,0,1,45,2,8.0,166,3,20.0,167,0
0.49,0.63,1,0,0,1,53,2,9.0,166,3,20.0,167,0
0.49,0.63,1,0,0,1,67,2,10.0,166,3,20.0,167,0
0.49,0.63,1,0,0,1,69,2,11.0,166,3,20.0,167,0
0.49,0.63,1,0,0,1,78,2,12.0,166,3,20.0,167,0
0.49,0.63,1,0,0,1,85,2,13.0,166,3,20.0,167,0
0.49,0.63,1,0,0,1,92,2,14.0,166,3,20.0,167,0
0.49,0.63,1,0,0,1,103,2,15.0,166,3,20.0,167,0
0.49,0.63,1,0,0,1,108,2,16.0,166,3,20.0,167,0
0.49,0.63,1,0,0,1,117,2,17.0,166,3,20.0,167,0
0.49,0.63,1,0,0,1,131,3,18.0,166,3,20.0,167,0
0.49,0.63,1,0,0,1,143,4,19.0,166,3,20.0,167,0
0.49,0.63,1,0,0,1,155,5,20.0,166,3,20.0,167,0
0.38,0.64,1,1,1,1,8,0,1.0,0,0,0.0,0,0
0.38,0.64,1,1,1,1,11,0,2.0,0,0,0.0,0,0
0.38,0.64,1,1,1,1,16,0,3.0,0,0,0.0,0,0
0.38,0.64,1,1,1,1,21,0,4.0,0,0,0.0,0,0
0.38,0.64,1,1,1,1,22,0,5.0,0,0,0.0,0,0
0.38,0.64,1,1,1,1,26,0,6.0,0,0,0.0,0,0
0.38,0.64,1,1,1,1,30,0,7.0,0,0,0.0,0,0
0.38,0.64,1,1,1,1,35,0,8.0,0,0,0.0,0,0
0.38,0.64,1,1,1,1,43,0,9.0,0,0,0.0,0,0
0.38,0.64,1,1,1,1,49,0,10.0,0,0,0.0,0,0
0.38,0.64,1,1,1,1,55,0,11.0,0,0,0.0,0,0
0.38,0.64,1,1,1,1,66,0,12.0,0,0,0.0,0,0
0.38,0.64,1,1,1,1,71,0,13.0,0,0,0.0,0,0
0.38,0.64,1,1,1,1,77,0,14.0,0,0,0.0,0,0
0.38,0.64,1,1,1,1,82,1,15.0,0,0,0.0,0,0
0.38,0.64,1,1,1,1,87,1,16.0,0,0,0.0,0,0
0.38,0.64,1,1,1,1,96,1,17.0,0,0,0.0,0,0
0.38,0.64,1,1,1,1,101,3,18.0,0,0,0.0,0,0
0.38,0.64,1,1,1,1,109,3,19.0,0,0,0.0,0,0
0.38,0.64,1,1,1,1,113,5,20.0,0,0,0.0,0,0
0.38,0.64,1,1,0,0,113,5,20.0,6,1,1.0,114,0
0.38,0.64,1,1,0,0,113,5,20.0,9,1,2.0,114,0
0.38,0.64,1,1,0,0,113,5,20.0,16,1,3.0,114,0
0.38,0.64,1,1,0,0,113,5,20.0,24,1,4.0,114,0
0.38,0.64,1,1,0,0,113,5,20.0,28,1,5.0,114,0
0.38,0.64,1,1,0,0,113,5,20.0,34,1,6.0,114,0
0.38,0.64,1,1,0,0,113,5,20.0,43,1,7.0,114,0
0.38,0.64,1,1,0,0,113,5,20.0,52,1,8.0,114,0
0.38,0.64,1,1,0,0,113,5,20.0,59,1,9.0,114,0
0.38,0.64,1,1,0,0,113,5,20.0,63,1,10.0,114,0
0.38,0.64,1,1,0,0,113,5,20.0,67,1,11.0,114,0
0.38,0.64,1,1,0,0,113,5,20.0,74,1,12.0,114,0
0.38,0.64,1,1,0,0,113,5,20.0,78,2,13.0,114,0
0.38,0.64,1,1,0,0,113,5,20.0,91,2,14.0,114,0
0.38,0.64,1,1,0,0,113,5,20.0,107,2,15.0,114,0
0.38,0.64,1,1,0,0,113,5,20.0,118,2,15.83,114,0
0.5,0.54,0,0,1,1,6,0,1.0,0,0,0.0,0,1
0.5,0.54,0,0,1,1,20,0,2.0,0,0,0.0,0,1
0.5,0.54,0,0,1,1,27,0,3.0,0,0,0.0,0,1
0.5,0.54,0,0,1,1,29,1,4.0,0,0,0.0,0,1
0.5,0.54,0,0,1,1,38,2,5.0,0,0,0.0,0,1
0.5,0.54,0,0,1,1,52,2,6.0,0,0,0.0,0,1
0.5,0.54,0,0,1,1,58,2,7.0,0,0,0.0,0,1
0.5,0.54,0,0,1,1,65,2,8.0,0,0,0.0,0,1
0.5,0.54,0,0,1,1,73,2,9.0,0,0,0.0,0,1
0.5,0.54,0,0,1,1,83,2,10.0,0,0,0.0,0,1
0.5,0.54,0,0,1,1,84,4,11.0,0,0,0.0,0,1
0.5,0.54,0,0,1,1,88,4,12.0,0,0,0.0,0,1
0.5,0.54,0,0,1,1,92,4,13.0,0,0,0.0,0,1
0.5,0.54,0,0,1,1,97,4,14.0,0,0,0.0,0,1
0.5,0.54,0,0,1,1,100,5,15.0,0,0,0.0,0,1
0.5,0.54,0,0,1,1,102,5,16.0,0,0,0.0,0,1
0.5,0.54,0,0,1,1,113,5,17.0,0,0,0.0,0,1
0.5,0.54,0,0,1,1,119,6,18.0,0,0,0.0,0,1
0.5,0.54,0,0,1,1,129,6,19.0,0,0,0.0,0,1
0.5,0.54,0,0,1,1,138,6,20.0,0,0,0.0,0,1
0.5,0.54,0,0,0,0,138,6,20.0,2,0,1.0,139,1
0.5,0.54,0,0,0,0,138,6,20.0,12,0,2.0,139,1
0.5,0.54,0,0,0,0,138,6,20.0,22,0,3.0,139,1
0.5,0.54,0,0,0,0,138,6,20.0,32,1,4.0,139,1
0.5,0.54,0,0,0,0,138,6,20.0,40,1,5.0,139,1
0.5,0.54,0,0,0,0,138,6,20.0,45,1,6.0,139,1
0.5,0.54,0,0,0,0,138,6,20.0,57,1,7.0,139,1
0.5,0.54,0,0,0,0,138,6,20.0,62,1,8.0,139,1
0.5,0.54,0,0,0,0,138,6,20.0,67,1,9.0,139,1
0.5,0.54,0,0,0,0,138,6,20.0,75,1,10.0,139,1
0.5,0.54,0,0,0,0,138,6,20.0,82,1,11.0,139,1
0.5,0.54,0,0,0,0,138,6,20.0,92,1,12.0,139,1
0.5,0.54,0,0,0,0,138,6,20.0,94,1,13.0,139,1
0.5,0.54,0,0,0,0,138,6,20.0,105,1,14.0,139,1
0.5,0.54,0,0,0,0,138,6,20.0,109,1,15.0,139,1
0.5,0.54,0,0,0,0,138,6,20.0,121,1,16.0,139,1
0.5,0.54,0,0,0,0,138,6,20.0,127,1,17.0,139,1
0.5,0.54,0,0,0,0,138,6,20.0,132,1,18.0,139,1
0.5,0.54,0,0,0,0,138,6,20.0,133,1,19.0,139,1
0.5,0.54,0,0,0,0,138,6,20.0,135,2,20.0,139,1
0.39,0.41,1,1,1,1,6,0,1.0,0,0,0.0,0,1
0.39,0.41,1,1,1,1,7,1,2.0,0,0,0.0,0,1
0.39,0.41,1,1,1,1,15,1,3.0,0,0,0.0,0,1
0.39,0.41,1,1,1,1,23,1,4.0,0,0,0.0,0,1
0.39,0.41,1,1,1,1,33,1,5.0,0,0,0.0,0,1
0.39,0.41,1,1,1,1,44,1,6.0,0,0,0.0,0,1
0.39,0.41,1,1,1,1,46,1,7.0,0,0,0.0,0,1
0.39,0.41,1,1,1,1,55,1,8.0,0,0,0.0,0,1
0.39,0.41,1,1,1,1,62,2,9.0,0,0,0.0,0,1
0.39,0.41,1,1,1,1,65,2,10.0,0,0,0.0,0,1
0.39,0.41,1,1,1,1,68,2,11.0,0,0,0.0,0,1
0.39,0.41,1,1,1,1,77,2,12.0,0,0,0.0,0,1
0.39,0.41,1,1,1,1,77,2,13.0,0,0,0.0,0,1
0.39,0.41,1,1,1,1,83,3,14.0,0,0,0.0,0,1
0.39,0.41,1,1,1,1,84,3,15.0,0,0,0.0,0,1
0.39,0.41,1,1,1,1,92,3,16.0,0,0,0.0,0,1
0.39,0.41,1,1,1,1,100,3,17.0,0,0,0.0,0,1
0.39,0.41,1,1,1,1,110,3,18.0,0,0,0.0,0,1
0.39,0.41,1,1,1,1,112,3,19.0,0,0,0.0,0,1
0.39,0.41,1,1,1,1,132,3,20.0,0,0,0.0,0,1
0.39,0.41,1,1,0,0,132,3,20.0,4,0,1.0,133,1
0.39,0.41,1,1,0,0,132,3,20.0,10,1,2.0,133,1
0.39,0.41,1,1,0,0,132,3,20.0,10,1,3.0,133,1
0.39,0.41,1,1,0,0,132,3,20.0,15,1,4.0,133,1
0.39,0.41,1,1,0,0,132,3,20.0,23,2,5.0,133,1
0.39,0.41,1,1,0,0,132,3,20.0,32,2,6.0,133,1
0.39,0.41,1,1,0,0,132,3,20.0,42,2,7.0,133,1
0.39,0.41,1,1,0,0,132,3,20.0,51,2,8.0,133,1
0.39,0.41,1,1,0,0,132,3,20.0,55,2,9.0,133,1
0.39,0.41,1,1,0,0,132,3,20.0,62,2,10.0,133,1
0.39,0.41,1,1,0,0,132,3,20.0,70,2,11.0,133,1
0.39,0.41,1,1,0,0,132,3,20.0,75,3,12.0,133,1
0.39,0.41,1,1,0,0,132,3,20.0,86,3,13.0,133,1
0.39,0.41,1,1,0,0,132,3,20.0,91,4,14.0,133,1
0.39,0.41,1,1,0,0,132,3,20.0,95,4,15.0,133,1
0.39,0.41,1,1,0,0,132,3,20.0,97,5,16.0,133,1
0.39,0.41,1,1,0,0,132,3,20.0,101,7,17.0,133,1
0.39,0.41,1,1,0,0,132,3,20.0,113,7,18.0,133,1
0.39,0.41,1,1,0,0,132,3,20.0,120,7,19.0,133,1
0.39,0.41,1,1,0,0,132,3,20.0,131,7,20.0,133,1
0.38,0.55,1,1,1,1,0,1,1.0,0,0,0.0,0,0
0.38,0.55,1,1,1,1,3,1,2.0,0,0,0.0,0,0
0.38,0.55,1,1,1,1,9,1,3.0,0,0,0.0,0,0
0.38,0.55,1,1,1,1,11,2,4.0,0,0,0.0,0,0
0.38,0.55,1,1,1,1,22,4,5.0,0,0,0.0,0,0
0.38,0.55,1,1,1,1,41,4,6.0,0,0,0.0,0,0
0.38,0.55,1,1,1,1,45,4,7.0,0,0,0.0,0,0
0.38,0.55,1,1,1,1,56,4,8.0,0,0,0.0,0,0
0.38,0.55,1,1,1,1,63,4,9.0,0,0,0.0,0,0
0.38,0.55,1,1,1,1,72,4,10.0,0,0,0.0,0,0
0.38,0.55,1,1,1,1,79,5,11.0,0,0,0.0,0,0
0.38,0.55,1,1,1,1,85,5,12.0,0,0,0.0,0,0
0.38,0.55,1,1,1,1,90,5,13.0,0,0,0.0,0,0
0.38,0.55,1,1,1,1,96,6,14.0,0,0,0.0,0,0
0.38,0.55,1,1,1,1,96,6,15.0,0,0,0.0,0,0
0.38,0.55,1,1,1,1,97,6,16.0,0,0,0.0,0,0
0.38,0.55,1,1,1,1,108,6,17.0,0,0,0.0,0,0
0.38,0.55,1,1,1,1,111,7,18.0,0,0,0.0,0,0
0.38,0.55,1,1,1,1,114,7,19.0,0,0,0.0,0,0
0.38,0.55,1,1,1,1,123,7,20.0,0,0,0.0,0,0
0.38,0.55,1,1,0,0,123,7,20.0,5,0,1.0,124,0
0.38,0.55,1,1,0,0,123,7,20.0,9,0,2.0,124,0
0.38,0.55,1,1,0,0,123,7,20.0,15,0,3.0,124,0
0.38,0.55,1,1,0,0,123,7,20.0,26,0,4.0,124,0
0.38,0.55,1,1,0,0,123,7,20.0,29,0,5.0,124,0
0.38,0.55,1,1,0,0,123,7,20.0,38,0,6.0,124,0
0.38,0.55,1,1,0,0,123,7,20.0,49,0,7.0,124,0
0.38,0.55,1,1,0,0,123,7,20.0,53,0,8.0,124,0
0.38,0.55,1,1,0,0,123,7,20.0,60,0,9.0,124,0
0.38,0.55,1,1,0,0,123,7,20.0,73,0,10.0,124,0
0.38,0.55,1,1,0,0,123,7,20.0,80,0,11.0,124,0
0.38,0.55,1,1,0,0,123,7,20.0,94,0,12.0,124,0
0.38,0.55,1,1,0,0,123,7,20.0,102,0,13.0,124,0
0.38,0.55,1,1,0,0,123,7,20.0,105,0,14.0,124,0
0.38,0.55,1,1,0,0,123,7,20.0,110,0,15.0,124,0
0.38,0.55,1,1,0,0,123,7,20.0,119,0,16.0,124,0
0.38,0.55,1,1,0,0,123,7,20.0,122,0,17.0,124,0
0.38,0.55,1,1,0,0,123,7,20.0,123,0,18.0,124,0
0.38,0.55,1,1,0,0,123,7,20.0,124,0,18.5,124,0
0.55,0.38,0,1,1,0,0,0,0.0,5,0,1.0,0,1
0.55,0.38,0,1,1,0,0,0,0.0,8,1,2.0,0,1
0.55,0.38,0,1,1,0,0,0,0.0,14,1,3.0,0,1
0.55,0.38,0,1,1,0,0,0,0.0,20,2,4.0,0,1
0.55,0.38,0,1,1,0,0,0,0.0,23,2,5.0,0,1
0.55,0.38,0,1,1,0,0,0,0.0,32,2,6.0,0,1
0.55,0.38,0,1,1,0,0,0,0.0,44,2,7.0,0,1
0.55,0.38,0,1,1,0,0,0,0.0,48,2,8.0,0,1
0.55,0.38,0,1,1,0,0,0,0.0,54,2,9.0,0,1
0.55,0.38,0,1,1,0,0,0,0.0,64,2,10.0,0,1
0.55,0.38,0,1,1,0,0,0,0.0,79,2,11.0,0,1
0.55,0.38,0,1,1,0,0,0,0.0,87,2,12.0,0,1
0.55,0.38,0,1,1,0,0,0,0.0,96,2,13.0,0,1
0.55,0.38,0,1,1,0,0,0,0.0,109,2,14.0,0,1
0.55,0.38,0,1,1,0,0,0,0.0,123,2,15.0,0,1
0.55,0.38,0,1,1,0,0,0,0.0,130,2,16.0,0,1
0.55,0.38,0,1,1,0,0,0,0.0,132,2,17.0,0,1
0.55,0.38,0,1,1,0,0,0,0.0,135,2,18.0,0,1
0.55,0.38,0,1,1,0,0,0,0.0,139,2,19.0,0,1
0.55,0.38,0,1,1,0,0,0,0.0,143,2,20.0,0,1
0.55,0.38,0,1,0,1,6,2,1.0,143,2,20.0,144,1
0.55,0.38,0,1,0,1,11,2,2.0,143,2,20.0,144,1
0.55,0.38,0,1,0,1,20,2,3.0,143,2,20.0,144,1
0.55,0.38,0,1,0,1,30,2,4.0,143,2,20.0,144,1
0.55,0.38,0,1,0,1,39,2,5.0,143,2,20.0,144,1
0.55,0.38,0,1,0,1,48,2,6.0,143,2,20.0,144,1
0.55,0.38,0,1,0,1,61,2,7.0,143,2,20.0,144,1
0.55,0.38,0,1,0,1,65,2,8.0,143,2,20.0,144,1
0.55,0.38,0,1,0,1,72,2,9.0,143,2,20.0,144,1
0.55,0.38,0,1,0,1,81,2,10.0,143,2,20.0,144,1
0.55,0.38,0,1,0,1,97,2,11.0,143,2,20.0,144,1
0.55,0.38,0,1,0,1,104,2,12.0,143,2,20.0,144,1
0.55,0.38,0,1,0,1,122,2,13.0,143,2,20.0,144,1
0.55,0.38,0,1,0,1,137,2,14.0,143,2,20.0,144,1
0.55,0.38,0,1,0,1,147,2,14.67,143,2,20.0,144,1
0.61,0.36,1,0,1,0,0,0,0.0,9,0,1.0,0,1
0.61,0.36,1,0,1,0,0,0,0.0,17,0,2.0,0,1
0.61,0.36,1,0,1,0,0,0,0.0,22,0,3.0,0,1
0.61,0.36,1,0,1,0,0,0,0.0,33,0,4.0,0,1
0.61,0.36,1,0,1,0,0,0,0.0,43,0,5.0,0,1
0.61,0.36,1,0,1,0,0,0,0.0,44,0,6.0,0,1
0.61,0.36,1,0,1,0,0,0,0.0,47,0,7.0,0,1
0.61,0.36,1,0,1,0,0,0,0.0,55,0,8.0,0,1
0.61,0.36,1,0,1,0,0,0,0.0,58,2,9.0,0,1
0.61,0.36,1,0,1,0,0,0,0.0,58,3,10.0,0,1
0.61,0.36,1,0,1,0,0,0,0.0,60,4,11.0,0,1
0.61,0.36,1,0,1,0,0,0,0.0,69,4,12.0,0,1
0.61,0.36,1,0,1,0,0,0,0.0,73,5,13.0,0,1
0.61,0.36,1,0,1,0,0,0,0.0,78,5,14.0,0,1
0.61,0.36,1,0,1,0,0,0,0.0,89,5,15.0,0,1
0.61,0.36,1,0,1,0,0,0,0.0,90,6,16.0,0,1
0.61,0.36,1,0,1,0,0,0,0.0,93,7,17.0,0,1
0.61,0.36,1,0,1,0,0,0,0.0,96,7,18.0,0,1
0.61,0.36,1,0,1,0,0,0,0.0,99,7,19.0,0,1
0.61,0.36,1,0,1,0,0,0,0.0,101,7,20.0,0,1
0.61,0.36,1,0,0,1,5,0,1.0,101,7,20.0,102,1
0.61,0.36,1,0,0,1,21,0,2.0,101,7,20.0,102,1
0.61,0.36,1,0,0,1,25,1,3.0,101,7,20.0,102,1
0.61,0.36,1,0,0,1,37,1,4.0,101,7,20.0,102,1
0.61,0.36,1,0,0,1,42,1,5.0,101,7,20.0,102,1
0.61,0.36,1,0,0,1,52,1,6.0,101,7,20.0,102,1
0.61,0.36,1,0,0,1,61,1,7.0,101,7,20.0,102,1
0.61,0.36,1,0,0,1,72,1,8.0,101,7,20.0,102,1
0.61,0.36,1,0,0,1,76,1,9.0,101,7,20.0,102,1
0.61,0.36,1,0,0,1,85,2,10.0,101,7,20.0,102,1
0.61,0.36,1,0,0,1,95,2,11.0,101,7,20.0,102,1
0.61,0.36,1,0,0,1,105,2,11.33,101,7,20.0,102,1
0.5,0.56,0,1,1,0,0,0,0.0,2,0,1.0,0,1
0.5,0.56,0,1,1,0,0,0,0.0,8,0,2.0,0,1
0.5,0.56,0,1,1,0,0,0,0.0,14,0,3.0,0,1
0.5,0.56,0,1,1,0,0,0,0.0,25,0,4.0,0,1
0.5,0.56,0,1,1,0,0,0,0.0,44,0,5.0,0,1
0.5,0.56,0,1,1,0,0,0,0.0,47,0,6.0,0,1
0.5,0.56,0,1,1,0,0,0,0.0,57,0,7.0,0,1
0.5,0.56,0,1,1,0,0,0,0.0,64,1,8.0,0,1
0.5,0.56,0,1,1,0,0,0,0.0,70,2,9.0,0,1
0.5,0.56,0,1,1,0,0,0,0.0,81,2,10.0,0,1
0.5,0.56,0,1,1,0,0,0,0.0,88,2,11.0,0,1
0.5,0.56,0,1,1,0,0,0,0.0,96,2,12.0,0,1
0.5,0.56,0,1,1,0,0,0,0.0,109,2,13.0,0,1
0.5,0.56,0,1,1,0,0,0,0.0,110,2,14.0,0,1
0.5,0.56,0,1,1,0,0,0,0.0,116,2,15.0,0,1
0.5,0.56,0,1,1,0,0,0,0.0,125,2,16.0,0,1
0.5,0.56,0,1,1,0,0,0,0.0,132,2,17.0,0,1
0.5,0.56,0,1,1,0,0,0,0.0,146,2,18.0,0,1
0.5,0.56,0,1,1,0,0,0,0.0,157,2,19.0,0,1
0.5,0.56,0,1,1,0,0,0,0.0,162,2,20.0,0,1
0.5,0.56,0,1,0,1,16,0,1.0,162,2,20.0,163,1
0.5,0.56,0,1,0,1,28,0,2.0,162,2,20.0,163,1
0.5,0.56,0,1,0,1,33,0,3.0,162,2,20.0,163,1
0.5,0.56,0,1,0,1,40,1,4.0,162,2,20.0,163,1
0.5,0.56,0,1,0,1,46,1,5.0,162,2,20.0,163,1
0.5,0.56,0,1,0,1,56,1,6.0,162,2,20.0,163,1
0.5,0.56,0,1,0,1,60,1,7.0,162,2,20.0,163,1
0.5,0.56,0,1,0,1,64,1,8.0,162,2,20.0,163,1
0.5,0.56,0,1,0,1,68,2,9.0,162,2,20.0,163,1
0.5,0.56,0,1,0,1,74,2,10.0,162,2,20.0,163,1
0.5,0.56,0,1,0,1,84,2,11.0,162,2,20.0,163,1
0.5,0.56,0,1,0,1,91,3,12.0,162,2,20.0,163,1
0.5,0.56,0,1,0,1,94,3,13.0,162,2,20.0,163,1
0.5,0.56,0,1,0,1,101,4,14.0,162,2,20.0,163,1
0.5,0.56,0,1,0,1,102,4,15.0,162,2,20.0,163,1
0.5,0.56,0,1,0,1,109,4,16.0,162,2,20.0,163,1
0.5,0.56,0,1,0,1,116,5,17.0,162,2,20.0,163,1
0.5,0.56,0,1,0,1,126,5,18.0,162,2,20.0,163,1
0.5,0.56,0,1,0,1,141,6,19.0,162,2,20.0,163,1
0.5,0.56,0,1,0,1,163,6,20.0,162,2,20.0,163,1
0.47,0.56,0,1,1,0,0,0,0.0,7,0,1.0,0,1
0.47,0.56,0,1,1,0,0,0,0.0,11,1,2.0,0,1
0.47,0.56,0,1,1,0,0,0,0.0,22,1,3.0,0,1
0.47,0.56,0,1,1,0,0,0,0.0,34,1,4.0,0,1
0.47,0.56,0,1,1,0,0,0,0.0,44,1,5.0,0,1
0.47,0.56,0,1,1,0,0,0,0.0,47,3,6.0,0,1
0.47,0.56,0,1,1,0,0,0,0.0,57,3,7.0,0,1
0.47,0.56,0,1,1,0,0,0,0.0,60,3,8.0,0,1
0.47,0.56,0,1,1,0,0,0,0.0,64,5,9.0,0,1
0.47,0.56,0,1,1,0,0,0,0.0,69,5,10.0,0,1
0.47,0.56,0,1,1,0,0,0,0.0,75,5,11.0,0,1
0.47,0.56,0,1,1,0,0,0,0.0,83,5,12.0,0,1
0.47,0.56,0,1,1,0,0,0,0.0,86,5,13.0,0,1
0.47,0.56,0,1,1,0,0,0,0.0,99,5,14.0,0,1
0.47,0.56,0,1,1,0,0,0,0.0,109,5,15.0,0,1
0.47,0.56,0,1,1,0,0,0,0.0,112,5,16.0,0,1
0.47,0.56,0,1,1,0,0,0,0.0,125,5,17.0,0,1
0.47,0.56,0,1,1,0,0,0,0.0,130,5,18.0,0,1
0.47,0.56,0,1,1,0,0,0,0.0,134,5,19.0,0,1
0.47,0.56,0,1,1,0,0,0,0.0,143,5,20.0,0,1
0.47,0.56,0,1,0,1,7,0,1.0,143,5,20.0,144,1
0.47,0.56,0,1,0,1,17,0,2.0,143,5,20.0,144,1
0.47,0.56,0,1,0,1,27,0,3.0,143,5,20.0,144,1
0.47,0.56,0,1,0,1,29,2,4.0,143,5,20.0,144,1
0.47,0.56,0,1,0,1,34,2,5.0,143,5,20.0,144,1
0.47,0.56,0,1,0,1,39,2,6.0,143,5,20.0,144,1
0.47,0.56,0,1,0,1,49,2,7.0,143,5,20.0,144,1
0.47,0.56,0,1,0,1,55,2,8.0,143,5,20.0,144,1
0.47,0.56,0,1,0,1,64,2,9.0,143,5,20.0,144,1
0.47,0.56,0,1,0,1,75,2,10.0,143,5,20.0,144,1
0.47,0.56,0,1,0,1,92,2,11.0,143,5,20.0,144,1
0.47,0.56,0,1,0,1,100,2,12.0,143,5,20.0,144,1
0.47,0.56,0,1,0,1,103,3,13.0,143,5,20.0,144,1
0.47,0.56,0,1,0,1,108,3,14.0,143,5,20.0,144,1
0.47,0.56,0,1,0,1,119,3,15.0,143,5,20.0,144,1
0.47,0.56,0,1,0,1,129,3,16.0,143,5,20.0,144,1
0.47,0.56,0,1,0,1,133,3,17.0,143,5,20.0,144,1
0.47,0.56,0,1,0,1,139,3,18.0,143,5,20.0,144,1
0.47,0.56,0,1,0,1,142,3,19.0,143,5,20.0,144,1
0.47,0.56,0,1,0,1,146,3,19.33,143,5,20.0,144,1
0.5,0.61,1,1,1,1,10,0,1.0,0,0,0.0,0,0
0.5,0.61,1,1,1,1,12,1,2.0,0,0,0.0,0,0
0.5,0.61,1,1,1,1,15,1,3.0,0,0,0.0,0,0
0.5,0.61,1,1,1,1,20,1,4.0,0,0,0.0,0,0
0.5,0.61,1,1,1,1,25,2,5.0,0,0,0.0,0,0
0.5,0.61,1,1,1,1,39,2,6.0,0,0,0.0,0,0
0.5,0.61,1,1,1,1,45,2,7.0,0,0,0.0,0,0
0.5,0.61,1,1,1,1,53,3,8.0,0,0,0.0,0,0
0.5,0.61,1,1,1,1,55,3,9.0,0,0,0.0,0,0
0.5,0.61,1,1,1,1,61,4,10.0,0,0,0.0,0,0
0.5,0.61,1,1,1,1,63,4,11.0,0,0,0.0,0,0
0.5,0.61,1,1,1,1,66,5,12.0,0,0,0.0,0,0
0.5,0.61,1,1,1,1,75,5,13.0,0,0,0.0,0,0
0.5,0.61,1,1,1,1,84,5,14.0,0,0,0.0,0,0
0.5,0.61,1,1,1,1,94,5,15.0,0,0,0.0,0,0
0.5,0.61,1,1,1,1,98,5,16.0,0,0,0.0,0,0
0.5,0.61,1,1,1,1,107,5,17.0,0,0,0.0,0,0
0.5,0.61,1,1,1,1,117,5,18.0,0,0,0.0,0,0
0.5,0.61,1,1,1,1,134,5,19.0,0,0,0.0,0,0
0.5,0.61,1,1,1,1,138,5,20.0,0,0,0.0,0,0
0.5,0.61,1,1,0,0,138,5,20.0,4,0,1.0,139,0
0.5,0.61,1,1,0,0,138,5,20.0,10,0,2.0,139,0
0.5,0.61,1,1,0,0,138,5,20.0,22,0,3.0,139,0
0.5,0.61,1,1,0,0,138,5,20.0,28,1,4.0,139,0
0.5,0.61,1,1,0,0,138,5,20.0,32,2,5.0,139,0
0.5,0.61,1,1,0,0,138,5,20.0,37,3,6.0,139,0
0.5,0.61,1,1,0,0,138,5,20.0,40,3,7.0,139,0
0.5,0.61,1,1,0,0,138,5,20.0,48,3,8.0,139,0
0.5,0.61,1,1,0,0,138,5,20.0,62,3,9.0,139,0
0.5,0.61,1,1,0,0,138,5,20.0,74,3,10.0,139,0
0.5,0.61,1,1,0,0,138,5,20.0,81,3,11.0,139,0
0.5,0.61,1,1,0,0,138,5,20.0,90,3,12.0,139,0
0.5,0.61,1,1,0,0,138,5,20.0,101,3,13.0,139,0
0.5,0.61,1,1,0,0,138,5,20.0,111,3,14.0,139,0
0.5,0.61,1,1,0,0,138,5,20.0,116,4,15.0,139,0
0.5,0.61,1,1,0,0,138,5,20.0,118,5,16.0,139,0
0.5,0.61,1,1,0,0,138,5,20.0,128,5,17.0,139,0
0.5,0.61,1,1,0,0,138,5,20.0,134,5,18.0,139,0
0.5,0.61,1,1,0,0,138,5,20.0,140,5,18.33,139,0
0.63,0.64,1,1,1,1,8,0,1.0,0,0,0.0,0,0
0.63,0.64,1,1,1,1,31,0,2.0,0,0,0.0,0,0
0.63,0.64,1,1,1,1,37,0,3.0,0,0,0.0,0,0
0.63,0.64,1,1,1,1,42,1,4.0,0,0,0.0,0,0
0.63,0.64,1,1,1,1,57,1,5.0,0,0,0.0,0,0
0.63,0.64,1,1,1,1,69,1,6.0,0,0,0.0,0,0
0.63,0.64,1,1,1,1,74,1,7.0,0,0,0.0,0,0
0.63,0.64,1,1,1,1,86,3,8.0,0,0,0.0,0,0
0.63,0.64,1,1,1,1,98,3,9.0,0,0,0.0,0,0
0.63,0.64,1,1,1,1,102,3,10.0,0,0,0.0,0,0
0.63,0.64,1,1,1,1,108,3,11.0,0,0,0.0,0,0
0.63,0.64,1,1,1,1,117,3,12.0,0,0,0.0,0,0
0.63,0.64,1,1,1,1,127,3,13.0,0,0,0.0,0,0
0.63,0.64,1,1,1,1,138,3,14.0,0,0,0.0,0,0
0.63,0.64,1,1,1,1,144,4,15.0,0,0,0.0,0,0
0.63,0.64,1,1,1,1,147,4,16.0,0,0,0.0,0,0
0.63,0.64,1,1,1,1,154,4,17.0,0,0,0.0,0,0
0.63,0.64,1,1,1,1,158,4,18.0,0,0,0.0,0,0
0.63,0.64,1,1,1,1,168,4,19.0,0,0,0.0,0,0
0.63,0.64,1,1,1,1,176,4,20.0,0,0,0.0,0,0
0.63,0.64,1,1,0,0,176,4,20.0,14,0,1.0,177,0
0.63,0.64,1,1,0,0,176,4,20.0,19,0,2.0,177,0
0.63,0.64,1,1,0,0,176,4,20.0,24,0,3.0,177,0
0.63,0.64,1,1,0,0,176,4,20.0,39,0,4.0,177,0
0.63,0.64,1,1,0,0,176,4,20.0,57,0,5.0,177,0
0.63,0.64,1,1,0,0,176,4,20.0,60,0,6.0,177,0
0.63,0.64,1,1,0,0,176,4,20.0,62,1,7.0,177,0
0.63,0.64,1,1,0,0,176,4,20.0,66,1,8.0,177,0
0.63,0.64,1,1,0,0,176,4,20.0,70,1,9.0,177,0
0.63,0.64,1,1,0,0,176,4,20.0,78,1,10.0,177,0
0.63,0.64,1,1,0,0,176,4,20.0,87,1,11.0,177,0
0.63,0.64,1,1,0,0,176,4,20.0,103,1,12.0,177,0
0.63,0.64,1,1,0,0,176,4,20.0,104,1,13.0,177,0
0.63,0.64,1,1,0,0,176,4,20.0,116,1,14.0,177,0
0.63,0.64,1,1,0,0,176,4,20.0,123,1,15.0,177,0
0.63,0.64,1,1,0,0,176,4,20.0,137,1,16.0,177,0
0.63,0.64,1,1,0,0,176,4,20.0,152,1,17.0,177,0
0.63,0.64,1,1,0,0,176,4,20.0,164,1,18.0,177,0
0.63,0.64,1,1,0,0,176,4,20.0,173,1,19.0,177,0
0.63,0.64,1,1,0,0,176,4,20.0,179,1,19.17,177,0
0.6,0.43,1,0,1,0,0,0,0.0,10,0,1.0,0,1
0.6,0.43,1,0,1,0,0,0,0.0,17,0,2.0,0,1
0.6,0.43,1,0,1,0,0,0,0.0,26,1,3.0,0,1
0.6,0.43,1,0,1,0,0,0,0.0,33,1,4.0,0,1
0.6,0.43,1,0,1,0,0,0,0.0,42,1,5.0,0,1
0.6,0.43,1,0,1,0,0,0,0.0,47,1,6.0,0,1
0.6,0.43,1,0,1,0,0,0,0.0,52,1,7.0,0,1
0.6,0.43,1,0,1,0,0,0,0.0,60,1,8.0,0,1
0.6,0.43,1,0,1,0,0,0,0.0,63,1,9.0,0,1
0.6,0.43,1,0,1,0,0,0,0.0,70,1,10.0,0,1
0.6,0.43,1,0,1,0,0,0,0.0,75,2,11.0,0,1
0.6,0.43,1,0,1,0,0,0,0.0,76,3,12.0,0,1
0.6,0.43,1,0,1,0,0,0,0.0,92,3,13.0,0,1
0.6,0.43,1,0,1,0,0,0,0.0,101,4,14.0,0,1
0.6,0.43,1,0,1,0,0,0,0.0,111,4,15.0,0,1
0.6,0.43,1,0,1,0,0,0,0.0,113,5,16.0,0,1
0.6,0.43,1,0,1,0,0,0,0.0,114,5,17.0,0,1
0.6,0.43,1,0,1,0,0,0,0.0,123,5,18.0,0,1
0.6,0.43,1,0,1,0,0,0,0.0,135,5,19.0,0,1
0.6,0.43,1,0,1,0,0,0,0.0,141,5,20.0,0,1
0.6,0.43,1,0,0,1,7,2,1.0,141,5,20.0,142,1
0.6,0.43,1,0,0,1,11,2,2.0,141,5,20.0,142,1
0.6,0.43,1,0,0,1,17,2,3.0,141,5,20.0,142,1
0.6,0.43,1,0,0,1,22,2,4.0,141,5,20.0,142,1
0.6,0.43,1,0,0,1,27,2,5.0,141,5,20.0,142,1
0.6,0.43,1,0,0,1,41,2,6.0,141,5,20.0,142,1
0.6,0.43,1,0,0,1,48,3,7.0,141,5,20.0,142,1
0.6,0.43,1,0,0,1,54,4,8.0,141,5,20.0,142,1
0.6,0.43,1,0,0,1,57,4,9.0,141,5,20.0,142,1
0.6,0.43,1,0,0,1,73,5,10.0,141,5,20.0,142,1
0.6,0.43,1,0,0,1,82,6,11.0,141,5,20.0,142,1
0.6,0.43,1,0,0,1,98,6,12.0,141,5,20.0,142,1
0.6,0.43,1,0,0,1,103,6,13.0,141,5,20.0,142,1
0.6,0.43,1,0,0,1,111,6,14.0,141,5,20.0,142,1
0.6,0.43,1,0,0,1,125,6,15.0,141,5,20.0,142,1
0.6,0.43,1,0,0,1,128,6,16.0,141,5,20.0,142,1
0.6,0.43,1,0,0,1,132,6,17.0,141,5,20.0,142,1
0.6,0.43,1,0,0,1,135,7,18.0,141,5,20.0,142,1
0.6,0.43,1,0,0,1,139,8,19.0,141,5,20.0,142,1
0.6,0.43,1,0,0,1,143,8,19.33,141,5,20.0,142,1
0.37,0.53,1,0,1,0,0,0,0.0,12,0,1.0,0,0
0.37,0.53,1,0,1,0,0,0,0.0,16,1,2.0,0,0
0.37,0.53,1,0,1,0,0,0,0.0,38,2,3.0,0,0
0.37,0.53,1,0,1,0,0,0,0.0,48,3,4.0,0,0
0.37,0.53,1,0,1,0,0,0,0.0,56,4,5.0,0,0
0.37,0.53,1,0,1,0,0,0,0.0,70,4,6.0,0,0
0.37,0.53,1,0,1,0,0,0,0.0,80,4,7.0,0,0
0.37,0.53,1,0,1,0,0,0,0.0,85,4,8.0,0,0
0.37,0.53,1,0,1,0,0,0,0.0,93,4,9.0,0,0
0.37,0.53,1,0,1,0,0,0,0.0,95,4,10.0,0,0
0.37,0.53,1,0,1,0,0,0,0.0,103,4,11.0,0,0
0.37,0.53,1,0,1,0,0,0,0.0,107,4,12.0,0,0
0.37,0.53,1,0,1,0,0,0,0.0,110,4,13.0,0,0
0.37,0.53,1,0,1,0,0,0,0.0,113,5,14.0,0,0
0.37,0.53,1,0,1,0,0,0,0.0,123,6,15.0,0,0
0.37,0.53,1,0,1,0,0,0,0.0,127,6,16.0,0,0
0.37,0.53,1,0,1,0,0,0,0.0,139,6,17.0,0,0
0.37,0.53,1,0,1,0,0,0,0.0,156,6,18.0,0,0
0.37,0.53,1,0,1,0,0,0,0.0,167,7,19.0,0,0
0.37,0.53,1,0,1,0,0,0,0.0,174,7,20.0,0,0
0.37,0.53,1,0,0,1,3,1,1.0,174,7,20.0,175,0
0.37,0.53,1,0,0,1,9,1,2.0,174,7,20.0,175,0
0.37,0.53,1,0,0,1,21,1,3.0,174,7,20.0,175,0
0.37,0.53,1,0,0,1,26,1,4.0,174,7,20.0,175,0
0.37,0.53,1,0,0,1,28,2,5.0,174,7,20.0,175,0
0.37,0.53,1,0,0,1,33,2,6.0,174,7,20.0,175,0
0.37,0.53,1,0,0,1,46,3,7.0,174,7,20.0,175,0
0.37,0.53,1,0,0,1,53,3,8.0,174,7,20.0,175,0
0.37,0.53,1,0,0,1,66,3,9.0,174,7,20.0,175,0
0.37,0.53,1,0,0,1,74,3,10.0,174,7,20.0,175,0
0.37,0.53,1,0,0,1,80,3,11.0,174,7,20.0,175,0
0.37,0.53,1,0,0,1,90,3,12.0,174,7,20.0,175,0
0.37,0.53,1,0,0,1,99,3,13.0,174,7,20.0,175,0
0.37,0.53,1,0,0,1,110,4,14.0,174,7,20.0,175,0
0.37,0.53,1,0,0,1,122,5,15.0,174,7,20.0,175,0
0.37,0.53,1,0,0,1,131,6,16.0,174,7,20.0,175,0
0.37,0.53,1,0,0,1,139,6,17.0,174,7,20.0,175,0
0.37,0.53,1,0,0,1,152,6,18.0,174,7,20.0,175,0
0.37,0.53,1,0,0,1,164,7,19.0,174,7,20.0,175,0
0.37,0.53,1,0,0,1,172,8,20.0,174,7,20.0,175,0
0.58,0.63,0,1,1,0,0,0,0.0,3,0,1.0,0,1
0.58,0.63,0,1,1,0,0,0,0.0,8,1,2.0,0,1
0.58,0.63,0,1,1,0,0,0,0.0,13,1,3.0,0,1
0.58,0.63,0,1,1,0,0,0,0.0,21,1,4.0,0,1
0.58,0.63,0,1,1,0,0,0,0.0,25,2,5.0,0,1
0.58,0.63,0,1,1,0,0,0,0.0,32,2,6.0,0,1
0.58,0.63,0,1,1,0,0,0,0.0,40,2,7.0,0,1
0.58,0.63,0,1,1,0,0,0,0.0,42,2,8.0,0,1
0.58,0.63,0,1,1,0,0,0,0.0,47,2,9.0,0,1
0.58,0.63,0,1,1,0,0,0,0.0,58,2,10.0,0,1
0.58,0.63,0,1,1,0,0,0,0.0,59,2,11.0,0,1
0.58,0.63,0,1,1,0,0,0,0.0,61,2,12.0,0,1
0.58,0.63,0,1,1,0,0,0,0.0,72,2,13.0,0,1
0.58,0.63,0,1,1,0,0,0,0.0,86,2,14.0,0,1
0.58,0.63,0,1,1,0,0,0,0.0,93,2,15.0,0,1
0.58,0.63,0,1,1,0,0,0,0.0,98,2,16.0,0,1
0.58,0.63,0,1,1,0,0,0,0.0,103,3,17.0,0,1
0.58,0.63,0,1,1,0,0,0,0.0,113,3,18.0,0,1
0.58,0.63,0,1,1,0,0,0,0.0,123,3,19.0,0,1
0.58,0.63,0,1,1,0,0,0,0.0,131,3,20.0,0,1
0.58,0.63,0,1,0,1,3,0,1.0,131,3,20.0,132,1
0.58,0.63,0,1,0,1,6,1,2.0,131,3,20.0,132,1
0.58,0.63,0,1,0,1,18,1,3.0,131,3,20.0,132,1
0.58,0.63,0,1,0,1,26,1,4.0,131,3,20.0,132,1
0.58,0.63,0,1,0,1,39,1,5.0,131,3,20.0,132,1
0.58,0.63,0,1,0,1,49,1,6.0,131,3,20.0,132,1
0.58,0.63,0,1,0,1,51,1,7.0,131,3,20.0,132,1
0.58,0.63,0,1,0,1,62,1,8.0,131,3,20.0,132,1
0.58,0.63,0,1,0,1,70,1,9.0,131,3,20.0,132,1
0.58,0.63,0,1,0,1,86,1,10.0,131,3,20.0,132,1
0.58,0.63,0,1,0,1,88,1,11.0,131,3,20.0,132,1
0.58,0.63,0,1,0,1,91,1,12.0,131,3,20.0,132,1
0.58,0.63,0,1,0,1,103,1,13.0,131,3,20.0,132,1
0.58,0.63,0,1,0,1,118,1,14.0,131,3,20.0,132,1
0.58,0.63,0,1,0,1,119,2,15.0,131,3,20.0,132,1
0.58,0.63,0,1,0,1,129,2,16.0,131,3,20.0,132,1
0.58,0.63,0,1,0,1,132,2,16.33,131,3,20.0,132,1
0.61,0.55,1,0,1,0,0,0,0.0,3,1,1.0,0,1
0.61,0.55,1,0,1,0,0,0,0.0,10,1,2.0,0,1
0.61,0.55,1,0,1,0,0,0,0.0,15,1,3.0,0,1
0.61,0.55,1,0,1,0,0,0,0.0,22,1,4.0,0,1
0.61,0.55,1,0,1,0,0,0,0.0,29,1,5.0,0,1
0.61,0.55,1,0,1,0,0,0,0.0,39,1,6.0,0,1
0.61,0.55,1,0,1,0,0,0,0.0,44,1,7.0,0,1
0.61,0.55,1,0,1,0,0,0,0.0,49,1,8.0,0,1
0.61,0.55,1,0,1,0,0,0,0.0,62,1,9.0,0,1
0.61,0.55,1,0,1,0,0,0,0.0,67,1,10.0,0,1
0.61,0.55,1,0,1,0,0,0,0.0,80,1,11.0,0,1
0.61,0.55,1,0,1,0,0,0,0.0,81,3,12.0,0,1
0.61,0.55,1,0,1,0,0,0,0.0,87,3,13.0,0,1
0.61,0.55,1,0,1,0,0,0,0.0,92,3,14.0,0,1
0.61,0.55,1,0,1,0,0,0,0.0,103,3,15.0,0,1
0.61,0.55,1,0,1,0,0,0,0.0,107,3,16.0,0,1
0.61,0.55,1,0,1,0,0,0,0.0,110,3,17.0,0,1
0.61,0.55,1,0,1,0,0,0,0.0,113,3,18.0,0,1
0.61,0.55,1,0,1,0,0,0,0.0,116,4,19.0,0,1
0.61,0.55,1,0,1,0,0,0,0.0,122,5,20.0,0,1
0.61,0.55,1,0,0,1,12,0,1.0,122,5,20.0,123,1
0.61,0.55,1,0,0,1,25,0,2.0,122,5,20.0,123,1
0.61,0.55,1,0,0,1,27,0,3.0,122,5,20.0,123,1
0.61,0.55,1,0,0,1,35,0,4.0,122,5,20.0,123,1
0.61,0.55,1,0,0,1,51,0,5.0,122,5,20.0,123,1
0.61,0.55,1,0,0,1,56,0,6.0,122,5,20.0,123,1
0.61,0.55,1,0,0,1,65,0,7.0,122,5,20.0,123,1
0.61,0.55,1,0,0,1,76,0,8.0,122,5,20.0,123,1
0.61,0.55,1,0,0,1,77,0,9.0,122,5,20.0,123,1
0.61,0.55,1,0,0,1,99,0,10.0,122,5,20.0,123,1
0.61,0.55,1,0,0,1,108,0,11.0,122,5,20.0,123,1
0.61,0.55,1,0,0,1,114,0,12.0,122,5,20.0,123,1
0.61,0.55,1,0,0,1,124,0,13.0,122,5,20.0,123,1
0.41,0.39,1,0,1,0,0,0,0.0,12,0,1.0,0,1
0.41,0.39,1,0,1,0,0,0,0.0,20,0,2.0,0,1
0.41,0.39,1,0,1,0,0,0,0.0,29,1,3.0,0,1
0.41,0.39,1,0,1,0,0,0,0.0,36,1,4.0,0,1
0.41,0.39,1,0,1,0,0,0,0.0,38,1,5.0,0,1
0.41,0.39,1,0,1,0,0,0,0.0,41,1,6.0,0,1
0.41,0.39,1,0,1,0,0,0,0.0,50,1,7.0,0,1
0.41,0.39,1,0,1,0,0,0,0.0,54,1,8.0,0,1
0.41,0.39,1,0,1,0,0,0,0.0,61,2,9.0,0,1
0.41,0.39,1,0,1,0,0,0,0.0,70,2,10.0,0,1
0.41,0.39,1,0,1,0,0,0,0.0,82,2,11.0,0,1
0.41,0.39,1,0,1,0,0,0,0.0,83,2,12.0,0,1
0.41,0.39,1,0,1,0,0,0,0.0,89,2,13.0,0,1
0.41,0.39,1,0,1,0,0,0,0.0,91,2,14.0,0,1
0.41,0.39,1,0,1,0,0,0,0.0,100,2,15.0,0,1
0.41,0.39,1,0,1,0,0,0,0.0,109,3,16.0,0,1
0.41,0.39,1,0,1,0,0,0,0.0,114,5,17.0,0,1
0.41,0.39,1,0,1,0,0,0,0.0,121,7,18.0,0,1
0.41,0.39,1,0,1,0,0,0,0.0,130,7,19.0,0,1
0.41,0.39,1,0,1,0,0,0,0.0,136,7,20.0,0,1
0.41,0.39,1,0,0,1,14,0,1.0,136,7,20.0,137,1
0.41,0.39,1,0,0,1,19,0,2.0,136,7,20.0,137,1
0.41,0.39,1,0,0,1,32,0,3.0,136,7,20.0,137,1
0.41,0.39,1,0,0,1,34,0,4.0,136,7,20.0,137,1
0.41,0.39,1,0,0,1,38,2,5.0,136,7,20.0,137,1
0.41,0.39,1,0,0,1,46,2,6.0,136,7,20.0,137,1
0.41,0.39,1,0,0,1,56,2,7.0,136,7,20.0,137,1
0.41,0.39,1,0,0,1,60,3,8.0,136,7,20.0,137,1
0.41,0.39,1,0,0,1,63,3,9.0,136,7,20.0,137,1
0.41,0.39,1,0,0,1,79,3,10.0,136,7,20.0,137,1
0.41,0.39,1,0,0,1,85,4,11.0,136,7,20.0,137,1
0.41,0.39,1,0,0,1,92,5,12.0,136,7,20.0,137,1
0.41,0.39,1,0,0,1,96,5,13.0,136,7,20.0,137,1
0.41,0.39,1,0,0,1,104,6,14.0,136,7,20.0,137,1
0.41,0.39,1,0,0,1,115,6,15.0,136,7,20.0,137,1
0.41,0.39,1,0,0,1,121,6,16.0,136,7,20.0,137,1
0.41,0.39,1,0,0,1,124,7,17.0,136,7,20.0,137,1
0.41,0.39,1,0,0,1,134,7,18.0,136,7,20.0,137,1
0.41,0.39,1,0,0,1,142,7,18.33,136,7,20.0,137,1
0.45,0.57,1,0,1,0,0,0,0.0,8,0,1.0,0,1
0.45,0.57,1,0,1,0,0,0,0.0,12,0,2.0,0,1
0.45,0.57,1,0,1,0,0,0,0.0,21,0,3.0,0,1
0.45,0.57,1,0,1,0,0,0,0.0,30,0,4.0,0,1
0.45,0.57,1,0,1,0,0,0,0.0,37,0,5.0,0,1
0.45,0.57,1,0,1,0,0,0,0.0,45,0,6.0,0,1
0.45,0.57,1,0,1,0,0,0,0.0,56,0,7.0,0,1
0.45,0.57,1,0,1,0,0,0,0.0,63,1,8.0,0,1
0.45,0.57,1,0,1,0,0,0,0.0,71,1,9.0,0,1
0.45,0.57,1,0,1,0,0,0,0.0,78,2,10.0,0,1
0.45,0.57,1,0,1,0,0,0,0.0,85,2,11.0,0,1
0.45,0.57,1,0,1,0,0,0,0.0,91,2,12.0,0,1
0.45,0.57,1,0,1,0,0,0,0.0,107,2,13.0,0,1
0.45,0.57,1,0,1,0,0,0,0.0,121,3,14.0,0,1
0.45,0.57,1,0,1,0,0,0,0.0,133,3,15.0,0,1
0.45,0.57,1,0,1,0,0,0,0.0,143,3,16.0,0,1
0.45,0.57,1,0,1,0,0,0,0.0,156,3,17.0,0,1
0.45,0.57,1,0,1,0,0,0,0.0,173,3,18.0,0,1
0.45,0.57,1,0,1,0,0,0,0.0,180,3,19.0,0,1
0.45,0.57,1,0,1,0,0,0,0.0,186,3,20.0,0,1
0.45,0.57,1,0,0,1,4,0,1.0,186,3,20.0,187,1
0.45,0.57,1,0,0,1,12,0,2.0,186,3,20.0,187,1
0.45,0.57,1,0,0,1,18,0,3.0,186,3,20.0,187,1
0.45,0.57,1,0,0,1,26,0,4.0,186,3,20.0,187,1
0.45,0.57,1,0,0,1,35,1,5.0,186,3,20.0,187,1
0.45,0.57,1,0,0,1,48,1,6.0,186,3,20.0,187,1
0.45,0.57,1,0,0,1,50,1,7.0,186,3,20.0,187,1
0.45,0.57,1,0,0,1,55,1,8.0,186,3,20.0,187,1
0.45,0.57,1,0,0,1,63,1,9.0,186,3,20.0,187,1
0.45,0.57,1,0,0,1,80,1,10.0,186,3,20.0,187,1
0.45,0.57,1,0,0,1,99,1,11.0,186,3,20.0,187,1
0.45,0.57,1,0,0,1,109,3,12.0,186,3,20.0,187,1
0.45,0.57,1,0,0,1,114,4,13.0,186,3,20.0,187,1
0.45,0.57,1,0,0,1,125,4,14.0,186,3,20.0,187,1
0.45,0.57,1,0,0,1,140,4,15.0,186,3,20.0,187,1
0.45,0.57,1,0,0,1,146,5,16.0,186,3,20.0,187,1
0.45,0.57,1,0,0,1,152,5,17.0,186,3,20.0,187,1
0.45,0.57,1,0,0,1,163,5,18.0,186,3,20.0,187,1
0.45,0.57,1,0,0,1,185,5,19.0,186,3,20.0,187,1
0.45,0.57,1,0,0,1,187,5,19.5,186,3,20.0,187,1
0.64,0.46,1,1,1,1,10,0,1.0,0,0,0.0,0,1
0.64,0.46,1,1,1,1,14,0,2.0,0,0,0.0,0,1
0.64,0.46,1,1,1,1,22,1,3.0,0,0,0.0,0,1
0.64,0.46,1,1,1,1,27,1,4.0,0,0,0.0,0,1
0.64,0.46,1,1,1,1,30,1,5.0,0,0,0.0,0,1
0.64,0.46,1,1,1,1,36,1,6.0,0,0,0.0,0,1
0.64,0.46,1,1,1,1,41,2,7.0,0,0,0.0,0,1
0.64,0.46,1,1,1,1,47,2,8.0,0,0,0.0,0,1
0.64,0.46,1,1,1,1,53,2,9.0,0,0,0.0,0,1
0.64,0.46,1,1,1,1,56,3,10.0,0,0,0.0,0,1
0.64,0.46,1,1,1,1,66,3,11.0,0,0,0.0,0,1
0.64,0.46,1,1,1,1,73,3,12.0,0,0,0.0,0,1
0.64,0.46,1,1,1,1,86,3,13.0,0,0,0.0,0,1
0.64,0.46,1,1,1,1,95,3,14.0,0,0,0.0,0,1
0.64,0.46,1,1,1,1,97,3,15.0,0,0,0.0,0,1
0.64,0.46,1,1,1,1,108,3,16.0,0,0,0.0,0,1
0.64,0.46,1,1,1,1,114,4,17.0,0,0,0.0,0,1
0.64,0.46,1,1,1,1,123,4,18.0,0,0,0.0,0,1
0.64,0.46,1,1,1,1,137,4,19.0,0,0,0.0,0,1
0.64,0.46,1,1,1,1,146,4,20.0,0,0,0.0,0,1
0.64,0.46,1,1,0,0,146,4,20.0,9,0,1.0,147,1
0.64,0.46,1,1,0,0,146,4,20.0,12,1,2.0,147,1
0.64,0.46,1,1,0,0,146,4,20.0,13,1,3.0,147,1
0.64,0.46,1,1,0,0,146,4,20.0,20,2,4.0,147,1
0.64,0.46,1,1,0,0,146,4,20.0,28,2,5.0,147,1
0.64,0.46,1,1,0,0,146,4,20.0,37,2,6.0,147,1
0.64,0.46,1,1,0,0,146,4,20.0,47,2,7.0,147,1
0.64,0.46,1,1,0,0,146,4,20.0,54,2,8.0,147,1
0.64,0.46,1,1,0,0,146,4,20.0,58,2,9.0,147,1
0.64,0.46,1,1,0,0,146,4,20.0,61,3,10.0,147,1
0.64,0.46,1,1,0,0,146,4,20.0,70,4,11.0,147,1
0.64,0.46,1,1,0,0,146,4,20.0,78,4,12.0,147,1
0.64,0.46,1,1,0,0,146,4,20.0,87,4,13.0,147,1
0.64,0.46,1,1,0,0,146,4,20.0,91,4,14.0,147,1
0.64,0.46,1,1,0,0,146,4,20.0,98,4,15.0,147,1
0.64,0.46,1,1,0,0,146,4,20.0,108,4,16.0,147,1
0.64,0.46,1,1,0,0,146,4,20.0,110,5,17.0,147,1
0.64,0.46,1,1,0,0,146,4,20.0,114,5,18.0,147,1
0.64,0.46,1,1,0,0,146,4,20.0,118,5,19.0,147,1
0.64,0.46,1,1,0,0,146,4,20.0,124,7,20.0,147,1
0.64,0.46,1,0,1,0,0,0,0.0,3,0,1.0,0,1
0.64,0.46,1,0,1,0,0,0,0.0,9,0,2.0,0,1
0.64,0.46,1,0,1,0,0,0,0.0,15,0,3.0,0,1
0.64,0.46,1,0,1,0,0,0,0.0,20,0,4.0,0,1
0.64,0.46,1,0,1,0,0,0,0.0,29,0,5.0,0,1
0.64,0.46,1,0,1,0,0,0,0.0,33,0,6.0,0,1
0.64,0.46,1,0,1,0,0,0,0.0,39,0,7.0,0,1
0.64,0.46,1,0,1,0,0,0,0.0,43,0,8.0,0,1
0.64,0.46,1,0,1,0,0,0,0.0,56,0,9.0,0,1
0.64,0.46,1,0,1,0,0,0,0.0,62,0,10.0,0,1
0.64,0.46,1,0,1,0,0,0,0.0,69,0,11.0,0,1
0.64,0.46,1,0,1,0,0,0,0.0,74,0,12.0,0,1
0.64,0.46,1,0,1,0,0,0,0.0,75,1,13.0,0,1
0.64,0.46,1,0,1,0,0,0,0.0,83,1,14.0,0,1
0.64,0.46,1,0,1,0,0,0,0.0,95,1,15.0,0,1
0.64,0.46,1,0,1,0,0,0,0.0,97,2,16.0,0,1
0.64,0.46,1,0,1,0,0,0,0.0,101,3,17.0,0,1
0.64,0.46,1,0,1,0,0,0,0.0,104,4,18.0,0,1
0.64,0.46,1,0,1,0,0,0,0.0,110,4,19.0,0,1
0.64,0.46,1,0,1,0,0,0,0.0,118,4,20.0,0,1
0.64,0.46,1,0,0,1,15,0,1.0,118,4,20.0,119,1
0.64,0.46,1,0,0,1,26,0,2.0,118,4,20.0,119,1
0.64,0.46,1,0,0,1,29,1,3.0,118,4,20.0,119,1
0.64,0.46,1,0,0,1,37,1,4.0,118,4,20.0,119,1
0.64,0.46,1,0,0,1,42,1,5.0,118,4,20.0,119,1
0.64,0.46,1,0,0,1,54,2,6.0,118,4,20.0,119,1
0.64,0.46,1,0,0,1,67,2,7.0,118,4,20.0,119,1
0.64,0.46,1,0,0,1,76,2,8.0,118,4,20.0,119,1
0.64,0.46,1,0,0,1,90,3,9.0,118,4,20.0,119,1
0.64,0.46,1,0,0,1,93,5,10.0,118,4,20.0,119,1
0.64,0.46,1,0,0,1,101,5,11.0,118,4,20.0,119,1
0.64,0.46,1,0,0,1,115,5,12.0,118,4,20.0,119,1
0.64,0.46,1,0,0,1,120,5,12.33,118,4,20.0,119,1
0.42,0.35,1,1,1,1,4,0,1.0,0,0,0.0,0,0
0.42,0.35,1,1,1,1,17,0,2.0,0,0,0.0,0,0
0.42,0.35,1,1,1,1,28,0,3.0,0,0,0.0,0,0
0.42,0.35,1,1,1,1,39,0,4.0,0,0,0.0,0,0
0.42,0.35,1,1,1,1,48,0,5.0,0,0,0.0,0,0
0.42,0.35,1,1,1,1,51,0,6.0,0,0,0.0,0,0
0.42,0.35,1,1,1,1,62,0,7.0,0,0,0.0,0,0
0.42,0.35,1,1,1,1,62,0,8.0,0,0,0.0,0,0
0.42,0.35,1,1,1,1,67,1,9.0,0,0,0.0,0,0
0.42,0.35,1,1,1,1,70,1,10.0,0,0,0.0,0,0
0.42,0.35,1,1,1,1,81,1,11.0,0,0,0.0,0,0
0.42,0.35,1,1,1,1,83,1,12.0,0,0,0.0,0,0
0.42,0.35,1,1,1,1,92,1,13.0,0,0,0.0,0,0
0.42,0.35,1,1,1,1,103,1,14.0,0,0,0.0,0,0
0.42,0.35,1,1,1,1,113,1,15.0,0,0,0.0,0,0
0.42,0.35,1,1,1,1,120,1,16.0,0,0,0.0,0,0
0.42,0.35,1,1,1,1,141,1,17.0,0,0,0.0,0,0
0.42,0.35,1,1,1,1,143,1,18.0,0,0,0.0,0,0
0.42,0.35,1,1,1,1,155,1,19.0,0,0,0.0,0,0
0.42,0.35,1,1,1,1,160,1,20.0,0,0,0.0,0,0
0.42,0.35,1,1,0,0,160,1,20.0,3,0,1.0,161,0
0.42,0.35,1,1,0,0,160,1,20.0,16,0,2.0,161,0
0.42,0.35,1,1,0,0,160,1,20.0,28,0,3.0,161,0
0.42,0.35,1,1,0,0,160,1,20.0,40,0,4.0,161,0
0.42,0.35,1,1,0,0,160,1,20.0,53,1,5.0,161,0
0.42,0.35,1,1,0,0,160,1,20.0,61,1,6.0,161,0
0.42,0.35,1,1,0,0,160,1,20.0,70,1,7.0,161,0
0.42,0.35,1,1,0,0,160,1,20.0,81,1,8.0,161,0
0.42,0.35,1,1,0,0,160,1,20.0,85,1,9.0,161,0
0.42,0.35,1,1,0,0,160,1,20.0,91,1,10.0,161,0
0.42,0.35,1,1,0,0,160,1,20.0,95,1,11.0,161,0
0.42,0.35,1,1,0,0,160,1,20.0,103,1,12.0,161,0
0.42,0.35,1,1,0,0,160,1,20.0,108,1,13.0,161,0
0.42,0.35,1,1,0,0,160,1,20.0,116,1,14.0,161,0
0.42,0.35,1,1,0,0,160,1,20.0,127,1,15.0,161,0
0.42,0.35,1,1,0,0,160,1,20.0,136,1,16.0,161,0
0.42,0.35,1,1,0,0,160,1,20.0,141,1,17.0,161,0
0.42,0.35,1,1,0,0,160,1,20.0,145,1,18.0,161,0
0.42,0.35,1,1,0,0,160,1,20.0,152,1,19.0,161,0
0.42,0.35,1,1,0,0,160,1,20.0,164,1,20.0,161,0
0.39,0.62,1,0,1,0,0,0,0.0,8,0,1.0,0,0
0.39,0.62,1,0,1,0,0,0,0.0,12,2,2.0,0,0
0.39,0.62,1,0,1,0,0,0,0.0,20,3,3.0,0,0
0.39,0.62,1,0,1,0,0,0,0.0,29,4,4.0,0,0
0.39,0.62,1,0,1,0,0,0,0.0,40,4,5.0,0,0
0.39,0.62,1,0,1,0,0,0,0.0,55,5,6.0,0,0
0.39,0.62,1,0,1,0,0,0,0.0,55,5,7.0,0,0
0.39,0.62,1,0,1,0,0,0,0.0,64,5,8.0,0,0
0.39,0.62,1,0,1,0,0,0,0.0,70,5,9.0,0,0
0.39,0.62,1,0,1,0,0,0,0.0,79,5,10.0,0,0
0.39,0.62,1,0,1,0,0,0,0.0,89,5,11.0,0,0
0.39,0.62,1,0,1,0,0,0,0.0,102,6,12.0,0,0
0.39,0.62,1,0,1,0,0,0,0.0,105,6,13.0,0,0
0.39,0.62,1,0,1,0,0,0,0.0,108,6,14.0,0,0
0.39,0.62,1,0,1,0,0,0,0.0,113,6,15.0,0,0
0.39,0.62,1,0,1,0,0,0,0.0,123,6,16.0,0,0
0.39,0.62,1,0,1,0,0,0,0.0,140,6,17.0,0,0
0.39,0.62,1,0,1,0,0,0,0.0,155,6,18.0,0,0
0.39,0.62,1,0,1,0,0,0,0.0,163,7,19.0,0,0
0.39,0.62,1,0,1,0,0,0,0.0,168,7,20.0,0,0
0.39,0.62,1,0,0,1,8,1,1.0,168,7,20.0,169,0
0.39,0.62,1,0,0,1,11,1,2.0,168,7,20.0,169,0
0.39,0.62,1,0,0,1,18,2,3.0,168,7,20.0,169,0
0.39,0.62,1,0,0,1,22,2,4.0,168,7,20.0,169,0
0.39,0.62,1,0,0,1,23,3,5.0,168,7,20.0,169,0
0.39,0.62,1,0,0,1,33,4,6.0,168,7,20.0,169,0
0.39,0.62,1,0,0,1,40,4,7.0,168,7,20.0,169,0
0.39,0.62,1,0,0,1,42,4,8.0,168,7,20.0,169,0
0.39,0.62,1,0,0,1,52,4,9.0,168,7,20.0,169,0
0.39,0.62,1,0,0,1,57,4,10.0,168,7,20.0,169,0
0.39,0.62,1,0,0,1,66,4,11.0,168,7,20.0,169,0
0.39,0.62,1,0,0,1,75,4,12.0,168,7,20.0,169,0
0.39,0.62,1,0,0,1,88,4,13.0,168,7,20.0,169,0
0.39,0.62,1,0,0,1,95,5,14.0,168,7,20.0,169,0
0.39,0.62,1,0,0,1,106,5,15.0,168,7,20.0,169,0
0.39,0.62,1,0,0,1,109,5,16.0,168,7,20.0,169,0
0.39,0.62,1,0,0,1,128,5,17.0,168,7,20.0,169,0
0.39,0.62,1,0,0,1,136,6,18.0,168,7,20.0,169,0
0.39,0.62,1,0,0,1,148,8,19.0,168,7,20.0,169,0
0.39,0.62,1,0,0,1,151,8,20.0,168,7,20.0,169,0
0.58,0.48,0,1,1,0,0,0,0.0,0,0,1.0,0,1
0.58,0.48,0,1,1,0,0,0,0.0,11,0,2.0,0,1
0.58,0.48,0,1,1,0,0,0,0.0,19,1,3.0,0,1
0.58,0.48,0,1,1,0,0,0,0.0,32,1,4.0,0,1
0.58,0.48,0,1,1,0,0,0,0.0,43,1,5.0,0,1
0.58,0.48,0,1,1,0,0,0,0.0,50,1,6.0,0,1
0.58,0.48,0,1,1,0,0,0,0.0,54,1,7.0,0,1
0.58,0.48,0,1,1,0,0,0,0.0,70,1,8.0,0,1
0.58,0.48,0,1,1,0,0,0,0.0,78,2,9.0,0,1
0.58,0.48,0,1,1,0,0,0,0.0,90,2,10.0,0,1
0.58,0.48,0,1,1,0,0,0,0.0,100,2,11.0,0,1
0.58,0.48,0,1,1,0,0,0,0.0,107,3,12.0,0,1
0.58,0.48,0,1,1,0,0,0,0.0,122,3,13.0,0,1
0.58,0.48,0,1,1,0,0,0,0.0,127,3,14.0,0,1
0.58,0.48,0,1,1,0,0,0,0.0,131,3,15.0,0,1
0.58,0.48,0,1,1,0,0,0,0.0,135,4,16.0,0,1
0.58,0.48,0,1,1,0,0,0,0.0,137,6,17.0,0,1
0.58,0.48,0,1,1,0,0,0,0.0,146,6,18.0,0,1
0.58,0.48,0,1,1,0,0,0,0.0,149,6,19.0,0,1
0.58,0.48,0,1,1,0,0,0,0.0,159,6,20.0,0,1
0.58,0.48,0,1,0,1,15,0,1.0,159,6,20.0,160,1
0.58,0.48,0,1,0,1,22,0,2.0,159,6,20.0,160,1
0.58,0.48,0,1,0,1,27,1,3.0,159,6,20.0,160,1
0.58,0.48,0,1,0,1,40,1,4.0,159,6,20.0,160,1
0.58,0.48,0,1,0,1,44,2,5.0,159,6,20.0,160,1
0.58,0.48,0,1,0,1,50,2,6.0,159,6,20.0,160,1
0.58,0.48,0,1,0,1,56,2,7.0,159,6,20.0,160,1
0.58,0.48,0,1,0,1,64,3,8.0,159,6,20.0,160,1
0.58,0.48,0,1,0,1,69,4,9.0,159,6,20.0,160,1
0.58,0.48,0,1,0,1,72,4,10.0,159,6,20.0,160,1
0.58,0.48,0,1,0,1,80,4,11.0,159,6,20.0,160,1
0.58,0.48,0,1,0,1,87,4,12.0,159,6,20.0,160,1
0.58,0.48,0,1,0,1,95,4,13.0,159,6,20.0,160,1
0.58,0.48,0,1,0,1,104,5,14.0,159,6,20.0,160,1
0.58,0.48,0,1,0,1,114,6,15.0,159,6,20.0,160,1
0.58,0.48,0,1,0,1,122,6,16.0,159,6,20.0,160,1
0.58,0.48,0,1,0,1,130,7,17.0,159,6,20.0,160,1
0.58,0.48,0,1,0,1,147,8,18.0,159,6,20.0,160,1
0.58,0.48,0,1,0,1,160,8,19.0,159,6,20.0,160,1
0.35,0.6,0,0,1,1,5,2,1.0,0,0,0.0,0,0
0.35,0.6,0,0,1,1,8,3,2.0,0,0,0.0,0,0
0.35,0.6,0,0,1,1,9,3,3.0,0,0,0.0,0,0
0.35,0.6,0,0,1,1,12,3,4.0,0,0,0.0,0,0
0.35,0.6,0,0,1,1,15,4,5.0,0,0,0.0,0,0
0.35,0.6,0,0,1,1,17,4,6.0,0,0,0.0,0,0
0.35,0.6,0,0,1,1,25,4,7.0,0,0,0.0,0,0
0.35,0.6,0,0,1,1,33,4,8.0,0,0,0.0,0,0
0.35,0.6,0,0,1,1,37,5,9.0,0,0,0.0,0,0
0.35,0.6,0,0,1,1,42,6,10.0,0,0,0.0,0,0
0.35,0.6,0,0,1,1,44,6,11.0,0,0,0.0,0,0
0.35,0.6,0,0,1,1,48,6,12.0,0,0,0.0,0,0
0.35,0.6,0,0,1,1,57,6,13.0,0,0,0.0,0,0
0.35,0.6,0,0,1,1,64,6,14.0,0,0,0.0,0,0
0.35,0.6,0,0,1,1,67,7,15.0,0,0,0.0,0,0
0.35,0.6,0,0,1,1,71,7,16.0,0,0,0.0,0,0
0.35,0.6,0,0,1,1,75,7,17.0,0,0,0.0,0,0
0.35,0.6,0,0,1,1,85,7,18.0,0,0,0.0,0,0
0.35,0.6,0,0,1,1,89,7,19.0,0,0,0.0,0,0
0.35,0.6,0,0,1,1,94,8,20.0,0,0,0.0,0,0
0.35,0.6,0,0,0,0,94,8,20.0,12,0,1.0,95,0
0.35,0.6,0,0,0,0,94,8,20.0,31,0,2.0,95,0
0.35,0.6,0,0,0,0,94,8,20.0,40,0,3.0,95,0
0.35,0.6,0,0,0,0,94,8,20.0,54,0,4.0,95,0
0.35,0.6,0,0,0,0,94,8,20.0,57,1,5.0,95,0
0.35,0.6,0,0,0,0,94,8,20.0,63,1,6.0,95,0
0.35,0.6,0,0,0,0,94,8,20.0,70,1,7.0,95,0
0.35,0.6,0,0,0,0,94,8,20.0,77,1,8.0,95,0
0.35,0.6,0,0,0,0,94,8,20.0,85,1,9.0,95,0
0.35,0.6,0,0,0,0,94,8,20.0,98,1,9.83,95,0
0.56,0.42,1,1,1,1,5,0,1.0,0,0,0.0,0,1
0.56,0.42,1,1,1,1,12,0,2.0,0,0,0.0,0,1
0.56,0.42,1,1,1,1,18,0,3.0,0,0,0.0,0,1
0.56,0.42,1,1,1,1,26,0,4.0,0,0,0.0,0,1
0.56,0.42,1,1,1,1,31,0,5.0,0,0,0.0,0,1
0.56,0.42,1,1,1,1,46,1,6.0,0,0,0.0,0,1
0.56,0.42,1,1,1,1,58,1,7.0,0,0,0.0,0,1
0.56,0.42,1,1,1,1,59,2,8.0,0,0,0.0,0,1
0.56,0.42,1,1,1,1,79,2,9.0,0,0,0.0,0,1
0.56,0.42,1,1,1,1,83,2,10.0,0,0,0.0,0,1
0.56,0.42,1,1,1,1,84,2,11.0,0,0,0.0,0,1
0.56,0.42,1,1,1,1,92,2,12.0,0,0,0.0,0,1
0.56,0.42,1,1,1,1,106,2,13.0,0,0,0.0,0,1
0.56,0.42,1,1,1,1,115,2,14.0,0,0,0.0,0,1
0.56,0.42,1,1,1,1,127,2,15.0,0,0,0.0,0,1
0.56,0.42,1,1,1,1,144,3,16.0,0,0,0.0,0,1
0.56,0.42,1,1,1,1,160,3,17.0,0,0,0.0,0,1
0.56,0.42,1,1,1,1,164,5,18.0,0,0,0.0,0,1
0.56,0.42,1,1,1,1,168,5,19.0,0,0,0.0,0,1
0.56,0.42,1,1,1,1,179,5,20.0,0,0,0.0,0,1
0.56,0.42,1,1,0,0,179,5,20.0,13,1,1.0,180,1
0.56,0.42,1,1,0,0,179,5,20.0,17,1,2.0,180,1
0.56,0.42,1,1,0,0,179,5,20.0,23,1,3.0,180,1
0.56,0.42,1,1,0,0,179,5,20.0,31,1,4.0,180,1
0.56,0.42,1,1,0,0,179,5,20.0,36,1,5.0,180,1
0.56,0.42,1,1,0,0,179,5,20.0,40,1,6.0,180,1
0.56,0.42,1,1,0,0,179,5,20.0,48,1,7.0,180,1
0.56,0.42,1,1,0,0,179,5,20.0,57,1,8.0,180,1
0.56,0.42,1,1,0,0,179,5,20.0,67,1,9.0,180,1
0.56,0.42,1,1,0,0,179,5,20.0,75,1,10.0,180,1
0.56,0.42,1,1,0,0,179,5,20.0,85,1,11.0,180,1
0.56,0.42,1,1,0,0,179,5,20.0,97,4,12.0,180,1
0.56,0.42,1,1,0,0,179,5,20.0,100,4,13.0,180,1
0.56,0.42,1,1,0,0,179,5,20.0,108,4,14.0,180,1
0.56,0.42,1,1,0,0,179,5,20.0,112,4,15.0,180,1
0.56,0.42,1,1,0,0,179,5,20.0,128,4,16.0,180,1
0.56,0.42,1,1,0,0,179,5,20.0,137,4,17.0,180,1
0.56,0.42,1,1,0,0,179,5,20.0,140,6,18.0,180,1
0.56,0.42,1,1,0,0,179,5,20.0,146,7,19.0,180,1
0.56,0.42,1,1,0,0,179,5,20.0,154,8,20.0,180,1
0.5,0.43,0,0,1,1,4,0,1.0,0,0,0.0,0,1
0.5,0.43,0,0,1,1,15,1,2.0,0,0,0.0,0,1
0.5,0.43,0,0,1,1,18,2,3.0,0,0,0.0,0,1
0.5,0.43,0,0,1,1,32,2,4.0,0,0,0.0,0,1
0.5,0.43,0,0,1,1,35,2,5.0,0,0,0.0,0,1
0.5,0.43,0,0,1,1,40,2,6.0,0,0,0.0,0,1
0.5,0.43,0,0,1,1,51,2,7.0,0,0,0.0,0,1
0.5,0.43,0,0,1,1,63,2,8.0,0,0,0.0,0,1
0.5,0.43,0,0,1,1,73,2,9.0,0,0,0.0,0,1
0.5,0.43,0,0,1,1,79,2,10.0,0,0,0.0,0,1
0.5,0.43,0,0,1,1,87,3,11.0,0,0,0.0,0,1
0.5,0.43,0,0,1,1,102,3,12.0,0,0,0.0,0,1
0.5,0.43,0,0,1,1,114,3,13.0,0,0,0.0,0,1
0.5,0.43,0,0,1,1,125,3,14.0,0,0,0.0,0,1
0.5,0.43,0,0,1,1,134,3,15.0,0,0,0.0,0,1
0.5,0.43,0,0,1,1,137,5,16.0,0,0,0.0,0,1
0.5,0.43,0,0,1,1,143,5,17.0,0,0,0.0,0,1
0.5,0.43,0,0,1,1,146,5,18.0,0,0,0.0,0,1
0.5,0.43,0,0,1,1,151,5,19.0,0,0,0.0,0,1
0.5,0.43,0,0,1,1,161,5,20.0,0,0,0.0,0,1
0.5,0.43,0,0,0,0,161,5,20.0,8,1,1.0,162,1
0.5,0.43,0,0,0,0,161,5,20.0,11,2,2.0,162,1
0.5,0.43,0,0,0,0,161,5,20.0,21,3,3.0,162,1
0.5,0.43,0,0,0,0,161,5,20.0,28,3,4.0,162,1
0.5,0.43,0,0,0,0,161,5,20.0,32,4,5.0,162,1
0.5,0.43,0,0,0,0,161,5,20.0,34,5,6.0,162,1
0.5,0.43,0,0,0,0,161,5,20.0,41,5,7.0,162,1
0.5,0.43,0,0,0,0,161,5,20.0,42,5,8.0,162,1
0.5,0.43,0,0,0,0,161,5,20.0,57,5,9.0,162,1
0.5,0.43,0,0,0,0,161,5,20.0,64,5,10.0,162,1
0.5,0.43,0,0,0,0,161,5,20.0,67,5,11.0,162,1
0.5,0.43,0,0,0,0,161,5,20.0,71,5,12.0,162,1
0.5,0.43,0,0,0,0,161,5,20.0,81,6,13.0,162,1
0.5,0.43,0,0,0,0,161,5,20.0,95,6,14.0,162,1
0.5,0.43,0,0,0,0,161,5,20.0,109,7,15.0,162,1
0.5,0.43,0,0,0,0,161,5,20.0,115,7,16.0,162,1
0.5,0.43,0,0,0,0,161,5,20.0,123,8,17.0,162,1
0.5,0.43,0,0,0,0,161,5,20.0,129,9,18.0,162,1
0.5,0.43,0,0,0,0,161,5,20.0,137,10,19.0,162,1
0.36,0.62,1,0,1,0,0,0,0.0,13,0,1.0,0,0
0.36,0.62,1,0,1,0,0,0,0.0,19,1,2.0,0,0
0.36,0.62,1,0,1,0,0,0,0.0,30,1,3.0,0,0
0.36,0.62,1,0,1,0,0,0,0.0,45,1,4.0,0,0
0.36,0.62,1,0,1,0,0,0,0.0,51,1,5.0,0,0
0.36,0.62,1,0,1,0,0,0,0.0,55,1,6.0,0,0
0.36,0.62,1,0,1,0,0,0,0.0,75,1,7.0,0,0
0.36,0.62,1,0,1,0,0,0,0.0,85,2,8.0,0,0
0.36,0.62,1,0,1,0,0,0,0.0,88,2,9.0,0,0
0.36,0.62,1,0,1,0,0,0,0.0,98,2,10.0,0,0
0.36,0.62,1,0,1,0,0,0,0.0,104,2,11.0,0,0
0.36,0.62,1,0,1,0,0,0,0.0,119,2,12.0,0,0
0.36,0.62,1,0,1,0,0,0,0.0,131,2,13.0,0,0
0.36,0.62,1,0,1,0,0,0,0.0,143,4,14.0,0,0
0.36,0.62,1,0,1,0,0,0,0.0,147,5,15.0,0,0
0.36,0.62,1,0,1,0,0,0,0.0,150,5,16.0,0,0
0.36,0.62,1,0,1,0,0,0,0.0,163,6,17.0,0,0
0.36,0.62,1,0,1,0,0,0,0.0,172,6,18.0,0,0
0.36,0.62,1,0,1,0,0,0,0.0,175,6,19.0,0,0
0.36,0.62,1,0,1,0,0,0,0.0,182,8,20.0,0,0
0.36,0.62,1,0,0,1,4,0,1.0,182,8,20.0,183,0
0.36,0.62,1,0,0,1,14,0,2.0,182,8,20.0,183,0
0.36,0.62,1,0,0,1,16,0,3.0,182,8,20.0,183,0
0.36,0.62,1,0,0,1,19,1,4.0,182,8,20.0,183,0
0.36,0.62,1,0,0,1,33,2,5.0,182,8,20.0,183,0
0.36,0.62,1,0,0,1,42,2,6.0,182,8,20.0,183,0
0.36,0.62,1,0,0,1,50,2,7.0,182,8,20.0,183,0
0.36,0.62,1,0,0,1,56,2,8.0,182,8,20.0,183,0
0.36,0.62,1,0,0,1,64,2,9.0,182,8,20.0,183,0
0.36,0.62,1,0,0,1,75,2,10.0,182,8,20.0,183,0
0.36,0.62,1,0,0,1,80,3,11.0,182,8,20.0,183,0
0.36,0.62,1,0,0,1,83,3,12.0,182,8,20.0,183,0
0.36,0.62,1,0,0,1,96,3,13.0,182,8,20.0,183,0
0.36,0.62,1,0,0,1,104,3,14.0,182,8,20.0,183,0
0.36,0.62,1,0,0,1,115,3,15.0,182,8,20.0,183,0
0.36,0.62,1,0,0,1,127,3,16.0,182,8,20.0,183,0
0.36,0.62,1,0,0,1,130,4,17.0,182,8,20.0,183,0
0.36,0.62,1,0,0,1,142,5,18.0,182,8,20.0,183,0
0.36,0.62,1,0,0,1,147,6,19.0,182,8,20.0,183,0
0.36,0.62,1,0,0,1,148,6,20.0,182,8,20.0,183,0
0.49,0.36,0,1,1,0,0,0,0.0,3,0,1.0,0,1
0.49,0.36,0,1,1,0,0,0,0.0,15,1,2.0,0,1
0.49,0.36,0,1,1,0,0,0,0.0,24,1,3.0,0,1
0.49,0.36,0,1,1,0,0,0,0.0,32,1,4.0,0,1
0.49,0.36,0,1,1,0,0,0,0.0,43,2,5.0,0,1
0.49,0.36,0,1,1,0,0,0,0.0,48,2,6.0,0,1
0.49,0.36,0,1,1,0,0,0,0.0,50,3,7.0,0,1
0.49,0.36,0,1,1,0,0,0,0.0,57,3,8.0,0,1
0.49,0.36,0,1,1,0,0,0,0.0,65,5,9.0,0,1
0.49,0.36,0,1,1,0,0,0,0.0,74,5,10.0,0,1
0.49,0.36,0,1,1,0,0,0,0.0,85,5,11.0,0,1
0.49,0.36,0,1,1,0,0,0,0.0,90,5,12.0,0,1
0.49,0.36,0,1,1,0,0,0,0.0,97,6,13.0,0,1
0.49,0.36,0,1,1,0,0,0,0.0,101,6,14.0,0,1
0.49,0.36,0,1,1,0,0,0,0.0,104,7,15.0,0,1
0.49,0.36,0,1,1,0,0,0,0.0,107,8,16.0,0,1
0.49,0.36,0,1,1,0,0,0,0.0,108,9,17.0,0,1
0.49,0.36,0,1,1,0,0,0,0.0,117,9,18.0,0,1
0.49,0.36,0,1,1,0,0,0,0.0,121,9,19.0,0,1
0.49,0.36,0,1,1,0,0,0,0.0,127,10,19.67,0,1
0.49,0.36,0,1,0,1,3,0,1.0,127,10,20.0,128,1
0.49,0.36,0,1,0,1,11,0,2.0,127,10,20.0,128,1
0.49,0.36,0,1,0,1,17,2,3.0,127,10,20.0,128,1
0.49,0.36,0,1,0,1,18,2,4.0,127,10,20.0,128,1
0.49,0.36,0,1,0,1,20,3,5.0,127,10,20.0,128,1
0.49,0.36,0,1,0,1,23,3,6.0,127,10,20.0,128,1
0.49,0.36,0,1,0,1,36,3,7.0,127,10,20.0,128,1
0.49,0.36,0,1,0,1,41,4,8.0,127,10,20.0,128,1
0.49,0.36,0,1,0,1,48,4,9.0,127,10,20.0,128,1
0.49,0.36,0,1,0,1,52,5,10.0,127,10,20.0,128,1
0.49,0.36,0,1,0,1,68,5,11.0,127,10,20.0,128,1
0.49,0.36,0,1,0,1,80,6,12.0,127,10,20.0,128,1
0.49,0.36,0,1,0,1,92,7,13.0,127,10,20.0,128,1
0.49,0.36,0,1,0,1,107,7,14.0,127,10,20.0,128,1
0.49,0.36,0,1,0,1,119,7,15.0,127,10,20.0,128,1
0.49,0.36,0,1,0,1,123,7,16.0,127,10,20.0,128,1
0.49,0.36,0,1,0,1,126,7,17.0,127,10,20.0,128,1
0.49,0.36,0,1,0,1,130,7,17.17,127,10,20.0,128,1
0.57,0.6,0,1,1,0,0,0,0.0,10,0,1.0,0,1
0.57,0.6,0,1,1,0,0,0,0.0,18,0,2.0,0,1
0.57,0.6,0,1,1,0,0,0,0.0,25,0,3.0,0,1
0.57,0.6,0,1,1,0,0,0,0.0,34,0,4.0,0,1
0.57,0.6,0,1,1,0,0,0,0.0,45,1,5.0,0,1
0.57,0.6,0,1,1,0,0,0,0.0,52,1,6.0,0,1
0.57,0.6,0,1,1,0,0,0,0.0,59,1,7.0,0,1
0.57,0.6,0,1,1,0,0,0,0.0,65,1,8.0,0,1
0.57,0.6,0,1,1,0,0,0,0.0,69,1,9.0,0,1
0.57,0.6,0,1,1,0,0,0,0.0,74,1,10.0,0,1
0.57,0.6,0,1,1,0,0,0,0.0,87,1,11.0,0,1
0.57,0.6,0,1,1,0,0,0,0.0,100,1,12.0,0,1
0.57,0.6,0,1,1,0,0,0,0.0,102,2,13.0,0,1
0.57,0.6,0,1,1,0,0,0,0.0,104,2,14.0,0,1
0.57,0.6,0,1,1,0,0,0,0.0,109,2,15.0,0,1
0.57,0.6,0,1,1,0,0,0,0.0,118,2,16.0,0,1
0.57,0.6,0,1,1,0,0,0,0.0,126,2,17.0,0,1
0.57,0.6,0,1,1,0,0,0,0.0,127,3,18.0,0,1
0.57,0.6,0,1,1,0,0,0,0.0,134,3,19.0,0,1
0.57,0.6,0,1,1,0,0,0,0.0,137,4,20.0,0,1
0.57,0.6,0,1,0,1,5,0,1.0,137,4,20.0,138,1
0.57,0.6,0,1,0,1,14,0,2.0,137,4,20.0,138,1
0.57,0.6,0,1,0,1,15,1,3.0,137,4,20.0,138,1
0.57,0.6,0,1,0,1,27,1,4.0,137,4,20.0,138,1
0.57,0.6,0,1,0,1,33,1,5.0,137,4,20.0,138,1
0.57,0.6,0,1,0,1,47,1,6.0,137,4,20.0,138,1
0.57,0.6,0,1,0,1,51,1,7.0,137,4,20.0,138,1
0.57,0.6,0,1,0,1,60,1,8.0,137,4,20.0,138,1
0.57,0.6,0,1,0,1,73,1,9.0,137,4,20.0,138,1
0.57,0.6,0,1,0,1,82,1,10.0,137,4,20.0,138,1
0.57,0.6,0,1,0,1,85,1,11.0,137,4,20.0,138,1
0.57,0.6,0,1,0,1,91,2,12.0,137,4,20.0,138,1
0.57,0.6,0,1,0,1,102,2,13.0,137,4,20.0,138,1
0.57,0.6,0,1,0,1,115,2,14.0,137,4,20.0,138,1
0.57,0.6,0,1,0,1,127,2,15.0,137,4,20.0,138,1
0.57,0.6,0,1,0,1,132,2,16.0,137,4,20.0,138,1
0.57,0.6,0,1,0,1,136,2,17.0,137,4,20.0,138,1
0.57,0.6,0,1,0,1,141,3,17.83,137,4,20.0,138,1
0.63,0.44,0,1,1,0,0,0,0.0,14,0,1.0,0,1
0.63,0.44,0,1,1,0,0,0,0.0,19,0,2.0,0,1
0.63,0.44,0,1,1,0,0,0,0.0,24,1,3.0,0,1
0.63,0.44,0,1,1,0,0,0,0.0,28,1,4.0,0,1
0.63,0.44,0,1,1,0,0,0,0.0,34,1,5.0,0,1
0.63,0.44,0,1,1,0,0,0,0.0,42,1,6.0,0,1
0.63,0.44,0,1,1,0,0,0,0.0,48,1,7.0,0,1
0.63,0.44,0,1,1,0,0,0,0.0,50,2,8.0,0,1
0.63,0.44,0,1,1,0,0,0,0.0,52,3,9.0,0,1
0.63,0.44,0,1,1,0,0,0,0.0,55,3,10.0,0,1
0.63,0.44,0,1,1,0,0,0,0.0,63,3,11.0,0,1
0.63,0.44,0,1,1,0,0,0,0.0,65,4,12.0,0,1
0.63,0.44,0,1,1,0,0,0,0.0,70,4,13.0,0,1
0.63,0.44,0,1,1,0,0,0,0.0,81,4,14.0,0,1
0.63,0.44,0,1,1,0,0,0,0.0,82,5,15.0,0,1
0.63,0.44,0,1,1,0,0,0,0.0,87,5,16.0,0,1
0.63,0.44,0,1,1,0,0,0,0.0,94,6,17.0,0,1
0.63,0.44,0,1,1,0,0,0,0.0,100,6,18.0,0,1
0.63,0.44,0,1,1,0,0,0,0.0,105,6,19.0,0,1
0.63,0.44,0,1,1,0,0,0,0.0,107,6,20.0,0,1
0.63,0.44,0,1,0,1,8,0,1.0,107,6,20.0,108,1
0.63,0.44,0,1,0,1,12,0,2.0,107,6,20.0,108,1
0.63,0.44,0,1,0,1,18,0,3.0,107,6,20.0,108,1
0.63,0.44,0,1,0,1,22,0,4.0,107,6,20.0,108,1
0.63,0.44,0,1,0,1,34,0,5.0,107,6,20.0,108,1
0.63,0.44,0,1,0,1,41,0,6.0,107,6,20.0,108,1
0.63,0.44,0,1,0,1,54,0,7.0,107,6,20.0,108,1
0.63,0.44,0,1,0,1,72,0,8.0,107,6,20.0,108,1
0.63,0.44,0,1,0,1,78,1,9.0,107,6,20.0,108,1
0.63,0.44,0,1,0,1,84,2,10.0,107,6,20.0,108,1
0.63,0.44,0,1,0,1,92,2,11.0,107,6,20.0,108,1
0.63,0.44,0,1,0,1,97,2,12.0,107,6,20.0,108,1
0.63,0.44,0,1,0,1,103,2,13.0,107,6,20.0,108,1
0.63,0.44,0,1,0,1,107,3,14.0,107,6,20.0,108,1
0.63,0.44,0,1,0,1,108,3,14.17,107,6,20.0,108,1
0.54,0.62,0,0,1,1,3,0,1.0,0,0,0.0,0,0
0.54,0.62,0,0,1,1,11,0,2.0,0,0,0.0,0,0
0.54,0.62,0,0,1,1,13,0,3.0,0,0,0.0,0,0
0.54,0.62,0,0,1,1,16,0,4.0,0,0,0.0,0,0
0.54,0.62,0,0,1,1,29,0,5.0,0,0,0.0,0,0
0.54,0.62,0,0,1,1,38,0,6.0,0,0,0.0,0,0
0.54,0.62,0,0,1,1,42,1,7.0,0,0,0.0,0,0
0.54,0.62,0,0,1,1,44,1,8.0,0,0,0.0,0,0
0.54,0.62,0,0,1,1,48,1,9.0,0,0,0.0,0,0
0.54,0.62,0,0,1,1,57,1,10.0,0,0,0.0,0,0
0.54,0.62,0,0,1,1,66,1,11.0,0,0,0.0,0,0
0.54,0.62,0,0,1,1,71,1,12.0,0,0,0.0,0,0
0.54,0.62,0,0,1,1,83,2,13.0,0,0,0.0,0,0
0.54,0.62,0,0,1,1,90,2,14.0,0,0,0.0,0,0
0.54,0.62,0,0,1,1,95,2,15.0,0,0,0.0,0,0
0.54,0.62,0,0,1,1,105,2,16.0,0,0,0.0,0,0
0.54,0.62,0,0,1,1,113,2,17.0,0,0,0.0,0,0
0.54,0.62,0,0,1,1,122,2,18.0,0,0,0.0,0,0
0.54,0.62,0,0,1,1,133,2,19.0,0,0,0.0,0,0
0.54,0.62,0,0,1,1,145,2,20.0,0,0,0.0,0,0
0.54,0.62,0,0,0,0,145,2,20.0,12,0,1.0,146,0
0.54,0.62,0,0,0,0,145,2,20.0,25,0,2.0,146,0
0.54,0.62,0,0,0,0,145,2,20.0,31,0,3.0,146,0
0.54,0.62,0,0,0,0,145,2,20.0,45,0,4.0,146,0
0.54,0.62,0,0,0,0,145,2,20.0,57,0,5.0,146,0
0.54,0.62,0,0,0,0,145,2,20.0,64,0,6.0,146,0
0.54,0.62,0,0,0,0,145,2,20.0,69,0,7.0,146,0
0.54,0.62,0,0,0,0,145,2,20.0,84,0,8.0,146,0
0.54,0.62,0,0,0,0,145,2,20.0,88,0,9.0,146,0
0.54,0.62,0,0,0,0,145,2,20.0,100,1,10.0,146,0
0.54,0.62,0,0,0,0,145,2,20.0,107,2,11.0,146,0
0.54,0.62,0,0,0,0,145,2,20.0,107,2,12.0,146,0
0.54,0.62,0,0,0,0,145,2,20.0,112,2,13.0,146,0
0.54,0.62,0,0,0,0,145,2,20.0,123,2,14.0,146,0
0.54,0.62,0,0,0,0,145,2,20.0,128,2,15.0,146,0
0.54,0.62,0,0,0,0,145,2,20.0,137,2,16.0,146,0
0.54,0.62,0,0,0,0,145,2,20.0,149,2,16.67,146,0
0.43,0.57,0,0,1,1,12,0,1.0,0,0,0.0,0,0
0.43,0.57,0,0,1,1,20,0,2.0,0,0,0.0,0,0
0.43,0.57,0,0,1,1,27,0,3.0,0,0,0.0,0,0
0.43,0.57,0,0,1,1,38,0,4.0,0,0,0.0,0,0
0.43,0.57,0,0,1,1,47,1,5.0,0,0,0.0,0,0
0.43,0.57,0,0,1,1,49,1,6.0,0,0,0.0,0,0
0.43,0.57,0,0,1,1,59,1,7.0,0,0,0.0,0,0
0.43,0.57,0,0,1,1,62,2,8.0,0,0,0.0,0,0
0.43,0.57,0,0,1,1,70,3,9.0,0,0,0.0,0,0
0.43,0.57,0,0,1,1,78,3,10.0,0,0,0.0,0,0
0.43,0.57,0,0,1,1,83,3,11.0,0,0,0.0,0,0
0.43,0.57,0,0,1,1,87,3,12.0,0,0,0.0,0,0
0.43,0.57,0,0,1,1,93,3,13.0,0,0,0.0,0,0
0.43,0.57,0,0,1,1,98,3,14.0,0,0,0.0,0,0
0.43,0.57,0,0,1,1,103,3,15.0,0,0,0.0,0,0
0.43,0.57,0,0,1,1,104,4,16.0,0,0,0.0,0,0
0.43,0.57,0,0,1,1,110,4,17.0,0,0,0.0,0,0
0.43,0.57,0,0,1,1,118,4,18.0,0,0,0.0,0,0
0.43,0.57,0,0,1,1,122,4,19.0,0,0,0.0,0,0
0.43,0.57,0,0,1,1,131,4,20.0,0,0,0.0,0,0
0.43,0.57,0,0,0,0,131,4,20.0,1,2,1.0,132,0
0.43,0.57,0,0,0,0,131,4,20.0,4,3,2.0,132,0
0.43,0.57,0,0,0,0,131,4,20.0,7,3,3.0,132,0
0.43,0.57,0,0,0,0,131,4,20.0,10,3,4.0,132,0
0.43,0.57,0,0,0,0,131,4,20.0,13,3,5.0,132,0
0.43,0.57,0,0,0,0,131,4,20.0,26,3,6.0,132,0
0.43,0.57,0,0,0,0,131,4,20.0,34,3,7.0,132,0
0.43,0.57,0,0,0,0,131,4,20.0,46,3,8.0,132,0
0.43,0.57,0,0,0,0,131,4,20.0,62,3,9.0,132,0
0.43,0.57,0,0,0,0,131,4,20.0,71,3,10.0,132,0
0.43,0.57,0,0,0,0,131,4,20.0,77,4,11.0,132,0
0.43,0.57,0,0,0,0,131,4,20.0,89,4,12.0,132,0
0.43,0.57,0,0,0,0,131,4,20.0,102,5,13.0,132,0
0.43,0.57,0,0,0,0,131,4,20.0,108,6,14.0,132,0
0.43,0.57,0,0,0,0,131,4,20.0,114,6,15.0,132,0
0.43,0.57,0,0,0,0,131,4,20.0,119,6,16.0,132,0
0.43,0.57,0,0,0,0,131,4,20.0,130,7,17.0,132,0
0.43,0.57,0,0,0,0,131,4,20.0,132,7,17.17,132,0
0.35,0.38,1,1,1,1,2,0,1.0,0,0,0.0,0,0
0.35,0.38,1,1,1,1,3,0,2.0,0,0,0.0,0,0
0.35,0.38,1,1,1,1,17,1,3.0,0,0,0.0,0,0
0.35,0.38,1,1,1,1,27,1,4.0,0,0,0.0,0,0
0.35,0.38,1,1,1,1,36,2,5.0,0,0,0.0,0,0
0.35,0.38,1,1,1,1,47,2,6.0,0,0,0.0,0,0
0.35,0.38,1,1,1,1,53,2,7.0,0,0,0.0,0,0
0.35,0.38,1,1,1,1,61,2,8.0,0,0,0.0,0,0
0.35,0.38,1,1,1,1,75,2,9.0,0,0,0.0,0,0
0.35,0.38,1,1,1,1,78,3,10.0,0,0,0.0,0,0
0.35,0.38,1,1,1,1,79,3,11.0,0,0,0.0,0,0
0.35,0.38,1,1,1,1,85,4,12.0,0,0,0.0,0,0
0.35,0.38,1,1,1,1,91,4,13.0,0,0,0.0,0,0
0.35,0.38,1,1,1,1,100,4,14.0,0,0,0.0,0,0
0.35,0.38,1,1,1,1,106,4,15.0,0,0,0.0,0,0
0.35,0.38,1,1,1,1,109,4,16.0,0,0,0.0,0,0
0.35,0.38,1,1,1,1,114,5,17.0,0,0,0.0,0,0
0.35,0.38,1,1,1,1,118,5,18.0,0,0,0.0,0,0
0.35,0.38,1,1,1,1,124,5,19.0,0,0,0.0,0,0
0.35,0.38,1,1,1,1,126,5,20.0,0,0,0.0,0,0
0.35,0.38,1,1,0,0,126,5,20.0,13,0,1.0,127,0
0.35,0.38,1,1,0,0,126,5,20.0,21,0,2.0,127,0
0.35,0.38,1,1,0,0,126,5,20.0,30,0,3.0,127,0
0.35,0.38,1,1,0,0,126,5,20.0,44,0,4.0,127,0
0.35,0.38,1,1,0,0,126,5,20.0,49,0,5.0,127,0
0.35,0.38,1,1,0,0,126,5,20.0,72,0,6.0,127,0
0.35,0.38,1,1,0,0,126,5,20.0,85,0,7.0,127,0
0.35,0.38,1,1,0,0,126,5,20.0,95,0,8.0,127,0
0.35,0.38,1,1,0,0,126,5,20.0,112,0,9.0,127,0
0.35,0.38,1,1,0,0,126,5,20.0,117,0,10.0,127,0
0.35,0.38,1,1,0,0,126,5,20.0,123,0,11.0,127,0
0.35,0.38,1,1,0,0,126,5,20.0,126,0,12.0,127,0
0.35,0.38,1,1,0,0,126,5,20.0,127,0,12.33,127,0
0.53,0.58,1,0,1,0,0,0,0.0,4,0,1.0,0,1
0.53,0.58,1,0,1,0,0,0,0.0,8,0,2.0,0,1
0.53,0.58,1,0,1,0,0,0,0.0,10,1,3.0,0,1
0.53,0.58,1,0,1,0,0,0,0.0,12,2,4.0,0,1
0.53,0.58,1,0,1,0,0,0,0.0,20,2,5.0,0,1
0.53,0.58,1,0,1,0,0,0,0.0,27,2,6.0,0,1
0.53,0.58,1,0,1,0,0,0,0.0,31,3,7.0,0,1
0.53,0.58,1,0,1,0,0,0,0.0,38,3,8.0,0,1
0.53,0.58,1,0,1,0,0,0,0.0,40,3,9.0,0,1
0.53,0.58,1,0,1,0,0,0,0.0,49,4,10.0,0,1
0.53,0.58,1,0,1,0,0,0,0.0,57,5,11.0,0,1
0.53,0.58,1,0,1,0,0,0,0.0,68,6,12.0,0,1
0.53,0.58,1,0,1,0,0,0,0.0,72,6,13.0,0,1
0.53,0.58,1,0,1,0,0,0,0.0,79,8,14.0,0,1
0.53,0.58,1,0,1,0,0,0,0.0,81,9,15.0,0,1
0.53,0.58,1,0,1,0,0,0,0.0,88,10,16.0,0,1
0.53,0.58,1,0,1,0,0,0,0.0,88,10,16.17,0,1
0.53,0.58,1,0,0,1,15,0,1.0,88,10,17.0,89,1
0.53,0.58,1,0,0,1,19,1,2.0,88,10,17.0,89,1
0.53,0.58,1,0,0,1,19,2,3.0,88,10,17.0,89,1
0.53,0.58,1,0,0,1,25,2,4.0,88,10,17.0,89,1
0.53,0.58,1,0,0,1,40,3,5.0,88,10,17.0,89,1
0.53,0.58,1,0,0,1,47,3,6.0,88,10,17.0,89,1
0.53,0.58,1,0,0,1,55,4,7.0,88,10,17.0,89,1
0.53,0.58,1,0,0,1,64,4,8.0,88,10,17.0,89,1
0.53,0.58,1,0,0,1,73,5,9.0,88,10,17.0,89,1
0.53,0.58,1,0,0,1,82,5,10.0,88,10,17.0,89,1
0.53,0.58,1,0,0,1,92,6,11.0,88,10,17.0,89,1
0.39,0.62,1,0,1,0,0,0,0.0,7,0,1.0,0,0
0.39,0.62,1,0,1,0,0,0,0.0,16,0,2.0,0,0
0.39,0.62,1,0,1,0,0,0,0.0,23,0,3.0,0,0
0.39,0.62,1,0,1,0,0,0,0.0,27,0,4.0,0,0
0.39,0.62,1,0,1,0,0,0,0.0,39,0,5.0,0,0
0.39,0.62,1,0,1,0,0,0,0.0,44,0,6.0,0,0
0.39,0.62,1,0,1,0,0,0,0.0,53,0,7.0,0,0
0.39,0.62,1,0,1,0,0,0,0.0,69,0,8.0,0,0
0.39,0.62,1,0,1,0,0,0,0.0,77,0,9.0,0,0
0.39,0.62,1,0,1,0,0,0,0.0,80,1,10.0,0,0
0.39,0.62,1,0,1,0,0,0,0.0,83,2,11.0,0,0
0.39,0.62,1,0,1,0,0,0,0.0,87,2,12.0,0,0
0.39,0.62,1,0,1,0,0,0,0.0,93,3,13.0,0,0
0.39,0.62,1,0,1,0,0,0,0.0,105,3,14.0,0,0
0.39,0.62,1,0,1,0,0,0,0.0,120,3,15.0,0,0
0.39,0.62,1,0,1,0,0,0,0.0,131,3,16.0,0,0
0.39,0.62,1,0,1,0,0,0,0.0,134,3,17.0,0,0
0.39,0.62,1,0,1,0,0,0,0.0,135,4,18.0,0,0
0.39,0.62,1,0,1,0,0,0,0.0,148,4,19.0,0,0
0.39,0.62,1,0,1,0,0,0,0.0,157,4,20.0,0,0
0.39,0.62,1,0,0,1,3,0,1.0,157,4,20.0,158,0
0.39,0.62,1,0,0,1,14,0,2.0,157,4,20.0,158,0
0.39,0.62,1,0,0,1,22,0,3.0,157,4,20.0,158,0
0.39,0.62,1,0,0,1,29,1,4.0,157,4,20.0,158,0
0.39,0.62,1,0,0,1,31,1,5.0,157,4,20.0,158,0
0.39,0.62,1,0,0,1,44,2,6.0,157,4,20.0,158,0
0.39,0.62,1,0,0,1,46,2,7.0,157,4,20.0,158,0
0.39,0.62,1,0,0,1,54,2,8.0,157,4,20.0,158,0
0.39,0.62,1,0,0,1,69,2,9.0,157,4,20.0,158,0
0.39,0.62,1,0,0,1,77,3,10.0,157,4,20.0,158,0
0.39,0.62,1,0,0,1,86,3,11.0,157,4,20.0,158,0
0.39,0.62,1,0,0,1,98,3,12.0,157,4,20.0,158,0
0.39,0.62,1,0,0,1,105,3,13.0,157,4,20.0,158,0
0.39,0.62,1,0,0,1,108,3,14.0,157,4,20.0,158,0
0.39,0.62,1,0,0,1,117,3,15.0,157,4,20.0,158,0
0.39,0.62,1,0,0,1,123,3,16.0,157,4,20.0,158,0
0.39,0.62,1,0,0,1,123,4,17.0,157,4,20.0,158,0
0.39,0.62,1,0,0,1,134,4,18.0,157,4,20.0,158,0
0.39,0.62,1,0,0,1,141,4,19.0,157,4,20.0,158,0
0.39,0.62,1,0,0,1,143,4,20.0,157,4,20.0,158,0
0.62,0.62,1,1,1,1,10,1,1.0,0,0,0.0,0,0
0.62,0.62,1,1,1,1,18,1,2.0,0,0,0.0,0,0
0.62,0.62,1,1,1,1,20,1,3.0,0,0,0.0,0,0
0.62,0.62,1,1,1,1,25,1,4.0,0,0,0.0,0,0
0.62,0.62,1,1,1,1,29,1,5.0,0,0,0.0,0,0
0.62,0.62,1,1,1,1,37,1,6.0,0,0,0.0,0,0
0.62,0.62,1,1,1,1,41,1,7.0,0,0,0.0,0,0
0.62,0.62,1,1,1,1,49,1,8.0,0,0,0.0,0,0
0.62,0.62,1,1,1,1,56,1,9.0,0,0,0.0,0,0
0.62,0.62,1,1,1,1,62,2,10.0,0,0,0.0,0,0
0.62,0.62,1,1,1,1,67,2,11.0,0,0,0.0,0,0
0.62,0.62,1,1,1,1,71,3,12.0,0,0,0.0,0,0
0.62,0.62,1,1,1,1,72,4,13.0,0,0,0.0,0,0
0.62,0.62,1,1,1,1,85,4,14.0,0,0,0.0,0,0
0.62,0.62,1,1,1,1,88,5,15.0,0,0,0.0,0,0
0.62,0.62,1,1,1,1,94,6,16.0,0,0,0.0,0,0
0.62,0.62,1,1,1,1,103,6,17.0,0,0,0.0,0,0
0.62,0.62,1,1,1,1,106,6,18.0,0,0,0.0,0,0
0.62,0.62,1,1,1,1,112,6,19.0,0,0,0.0,0,0
0.62,0.62,1,1,1,1,120,7,20.0,0,0,0.0,0,0
0.62,0.62,1,1,0,0,120,7,20.0,9,0,1.0,121,0
0.62,0.62,1,1,0,0,120,7,20.0,12,0,2.0,121,0
0.62,0.62,1,1,0,0,120,7,20.0,27,0,3.0,121,0
0.62,0.62,1,1,0,0,120,7,20.0,35,1,4.0,121,0
0.62,0.62,1,1,0,0,120,7,20.0,46,1,5.0,121,0
0.62,0.62,1,1,0,0,120,7,20.0,48,1,6.0,121,0
0.62,0.62,1,1,0,0,120,7,20.0,60,1,7.0,121,0
0.62,0.62,1,1,0,0,120,7,20.0,68,1,8.0,121,0
0.62,0.62,1,1,0,0,120,7,20.0,76,1,9.0,121,0
0.62,0.62,1,1,0,0,120,7,20.0,83,1,10.0,121,0
0.62,0.62,1,1,0,0,120,7,20.0,91,1,11.0,121,0
0.62,0.62,1,1,0,0,120,7,20.0,93,1,12.0,121,0
0.62,0.62,1,1,0,0,120,7,20.0,101,1,13.0,121,0
0.62,0.62,1,1,0,0,120,7,20.0,105,1,14.0,121,0
0.62,0.62,1,1,0,0,120,7,20.0,107,2,15.0,121,0
0.62,0.62,1,1,0,0,120,7,20.0,121,2,16.0,121,0
0.57,0.53,1,0,1,0,0,0,0.0,8,0,1.0,0,0
0.57,0.53,1,0,1,0,0,0,0.0,13,0,2.0,0,0
0.57,0.53,1,0,1,0,0,0,0.0,30,0,3.0,0,0
0.57,0.53,1,0,1,0,0,0,0.0,38,0,4.0,0,0
0.57,0.53,1,0,1,0,0,0,0.0,43,0,5.0,0,0
0.57,0.53,1,0,1,0,0,0,0.0,46,0,6.0,0,0
0.57,0.53,1,0,1,0,0,0,0.0,53,0,7.0,0,0
0.57,0.53,1,0,1,0,0,0,0.0,54,0,8.0,0,0
0.57,0.53,1,0,1,0,0,0,0.0,61,0,9.0,0,0
0.57,0.53,1,0,1,0,0,0,0.0,64,0,10.0,0,0
0.57,0.53,1,0,1,0,0,0,0.0,73,0,11.0,0,0
0.57,0.53,1,0,1,0,0,0,0.0,78,0,12.0,0,0
0.57,0.53,1,0,1,0,0,0,0.0,84,1,13.0,0,0
0.57,0.53,1,0,1,0,0,0,0.0,92,1,14.0,0,0
0.57,0.53,1,0,1,0,0,0,0.0,96,1,15.0,0,0
0.57,0.53,1,0,1,0,0,0,0.0,106,1,16.0,0,0
0.57,0.53,1,0,1,0,0,0,0.0,119,1,17.0,0,0
0.57,0.53,1,0,1,0,0,0,0.0,130,1,18.0,0,0
0.57,0.53,1,0,1,0,0,0,0.0,140,1,19.0,0,0
0.57,0.53,1,0,1,0,0,0,0.0,140,2,20.0,0,0
0.57,0.53,1,0,0,1,6,0,1.0,140,2,20.0,141,0
0.57,0.53,1,0,0,1,11,0,2.0,140,2,20.0,141,0
0.57,0.53,1,0,0,1,25,0,3.0,140,2,20.0,141,0
0.57,0.53,1,0,0,1,28,0,4.0,140,2,20.0,141,0
0.57,0.53,1,0,0,1,35,0,5.0,140,2,20.0,141,0
0.57,0.53,1,0,0,1,38,0,6.0,140,2,20.0,141,0
0.57,0.53,1,0,0,1,42,0,7.0,140,2,20.0,141,0
0.57,0.53,1,0,0,1,49,0,8.0,140,2,20.0,141,0
0.57,0.53,1,0,0,1,57,1,9.0,140,2,20.0,141,0
0.57,0.53,1,0,0,1,62,1,10.0,140,2,20.0,141,0
0.57,0.53,1,0,0,1,67,1,11.0,140,2,20.0,141,0
0.57,0.53,1,0,0,1,70,2,12.0,140,2,20.0,141,0
0.57,0.53,1,0,0,1,79,2,13.0,140,2,20.0,141,0
0.57,0.53,1,0,0,1,80,3,14.0,140,2,20.0,141,0
0.57,0.53,1,0,0,1,97,3,15.0,140,2,20.0,141,0
0.57,0.53,1,0,0,1,102,3,16.0,140,2,20.0,141,0
0.57,0.53,1,0,0,1,108,3,17.0,140,2,20.0,141,0
0.57,0.53,1,0,0,1,123,4,18.0,140,2,20.0,141,0
0.57,0.53,1,0,0,1,130,4,19.0,140,2,20.0,141,0
0.57,0.53,1,0,0,1,138,4,20.0,140,2,20.0,141,0
0.57,0.53,0,0,1,1,5,0,1.0,0,0,0.0,0,1
0.57,0.53,0,0,1,1,7,0,2.0,0,0,0.0,0,1
0.57,0.53,0,0,1,1,16,0,3.0,0,0,0.0,0,1
0.57,0.53,0,0,1,1,22,0,4.0,0,0,0.0,0,1
0.57,0.53,0,0,1,1,26,0,5.0,0,0,0.0,0,1
0.57,0.53,0,0,1,1,33,1,6.0,0,0,0.0,0,1
0.57,0.53,0,0,1,1,39,2,7.0,0,0,0.0,0,1
0.57,0.53,0,0,1,1,48,2,8.0,0,0,0.0,0,1
0.57,0.53,0,0,1,1,49,2,9.0,0,0,0.0,0,1
0.57,0.53,0,0,1,1,55,2,10.0,0,0,0.0,0,1
0.57,0.53,0,0,1,1,58,2,11.0,0,0,0.0,0,1
0.57,0.53,0,0,1,1,74,2,12.0,0,0,0.0,0,1
0.57,0.53,0,0,1,1,77,2,13.0,0,0,0.0,0,1
0.57,0.53,0,0,1,1,90,2,14.0,0,0,0.0,0,1
0.57,0.53,0,0,1,1,94,2,15.0,0,0,0.0,0,1
0.57,0.53,0,0,1,1,105,3,16.0,0,0,0.0,0,1
0.57,0.53,0,0,1,1,113,3,17.0,0,0,0.0,0,1
0.57,0.53,0,0,1,1,120,3,18.0,0,0,0.0,0,1
0.57,0.53,0,0,1,1,130,3,19.0,0,0,0.0,0,1
0.57,0.53,0,0,1,1,141,3,20.0,0,0,0.0,0,1
0.57,0.53,0,0,0,0,141,3,20.0,5,0,1.0,142,1
0.57,0.53,0,0,0,0,141,3,20.0,15,0,2.0,142,1
0.57,0.53,0,0,0,0,141,3,20.0,21,0,3.0,142,1
0.57,0.53,0,0,0,0,141,3,20.0,23,0,4.0,142,1
0.57,0.53,0,0,0,0,141,3,20.0,30,1,5.0,142,1
0.57,0.53,0,0,0,0,141,3,20.0,30,2,6.0,142,1
0.57,0.53,0,0,0,0,141,3,20.0,33,3,7.0,142,1
0.57,0.53,0,0,0,0,141,3,20.0,40,3,8.0,142,1
0.57,0.53,0,0,0,0,141,3,20.0,56,3,9.0,142,1
0.57,0.53,0,0,0,0,141,3,20.0,60,4,10.0,142,1
0.57,0.53,0,0,0,0,141,3,20.0,69,4,11.0,142,1
0.57,0.53,0,0,0,0,141,3,20.0,72,5,12.0,142,1
0.57,0.53,0,0,0,0,141,3,20.0,76,5,13.0,142,1
0.57,0.53,0,0,0,0,141,3,20.0,87,5,14.0,142,1
0.57,0.53,0,0,0,0,141,3,20.0,93,5,15.0,142,1
0.57,0.53,0,0,0,0,141,3,20.0,106,5,16.0,142,1
0.57,0.53,0,0,0,0,141,3,20.0,114,5,17.0,142,1
0.57,0.53,0,0,0,0,141,3,20.0,119,5,18.0,142,1
0.57,0.53,0,0,0,0,141,3,20.0,131,5,19.0,142,1
0.57,0.53,0,0,0,0,141,3,20.0,137,5,20.0,142,1
0.64,0.65,1,0,1,0,0,0,0.0,6,0,1.0,0,0
0.64,0.65,1,0,1,0,0,0,0.0,13,0,2.0,0,0
0.64,0.65,1,0,1,0,0,0,0.0,26,0,3.0,0,0
0.64,0.65,1,0,1,0,0,0,0.0,32,0,4.0,0,0
0.64,0.65,1,0,1,0,0,0,0.0,34,0,5.0,0,0
0.64,0.65,1,0,1,0,0,0,0.0,38,1,6.0,0,0
0.64,0.65,1,0,1,0,0,0,0.0,40,1,7.0,0,0
0.64,0.65,1,0,1,0,0,0,0.0,52,1,8.0,0,0
0.64,0.65,1,0,1,0,0,0,0.0,61,1,9.0,0,0
0.64,0.65,1,0,1,0,0,0,0.0,63,1,10.0,0,0
0.64,0.65,1,0,1,0,0,0,0.0,79,3,11.0,0,0
0.64,0.65,1,0,1,0,0,0,0.0,85,3,12.0,0,0
0.64,0.65,1,0,1,0,0,0,0.0,89,4,13.0,0,0
0.64,0.65,1,0,1,0,0,0,0.0,104,4,14.0,0,0
0.64,0.65,1,0,1,0,0,0,0.0,107,4,15.0,0,0
0.64,0.65,1,0,1,0,0,0,0.0,115,4,16.0,0,0
0.64,0.65,1,0,1,0,0,0,0.0,119,4,17.0,0,0
0.64,0.65,1,0,1,0,0,0,0.0,122,4,18.0,0,0
0.64,0.65,1,0,1,0,0,0,0.0,138,4,19.0,0,0
0.64,0.65,1,0,1,0,0,0,0.0,153,4,20.0,0,0
0.64,0.65,1,0,0,1,8,1,1.0,153,4,20.0,154,0
0.64,0.65,1,0,0,1,16,1,2.0,153,4,20.0,154,0
0.64,0.65,1,0,0,1,32,1,3.0,153,4,20.0,154,0
0.64,0.65,1,0,0,1,47,1,4.0,153,4,20.0,154,0
0.64,0.65,1,0,0,1,53,1,5.0,153,4,20.0,154,0
0.64,0.65,1,0,0,1,59,1,6.0,153,4,20.0,154,0
0.64,0.65,1,0,0,1,68,1,7.0,153,4,20.0,154,0
0.64,0.65,1,0,0,1,73,1,8.0,153,4,20.0,154,0
0.64,0.65,1,0,0,1,84,1,9.0,153,4,20.0,154,0
0.64,0.65,1,0,0,1,87,1,10.0,153,4,20.0,154,0
0.64,0.65,1,0,0,1,90,2,11.0,153,4,20.0,154,0
0.64,0.65,1,0,0,1,100,4,12.0,153,4,20.0,154,0
0.64,0.65,1,0,0,1,107,4,13.0,153,4,20.0,154,0
0.64,0.65,1,0,0,1,115,4,14.0,153,4,20.0,154,0
0.64,0.65,1,0,0,1,117,4,15.0,153,4,20.0,154,0
0.64,0.65,1,0,0,1,123,4,16.0,153,4,20.0,154,0
0.64,0.65,1,0,0,1,126,4,17.0,153,4,20.0,154,0
0.64,0.65,1,0,0,1,143,4,18.0,153,4,20.0,154,0
0.64,0.65,1,0,0,1,146,5,19.0,153,4,20.0,154,0
0.64,0.65,1,0,0,1,149,5,20.0,153,4,20.0,154,0
0.41,0.64,0,1,1,0,0,0,0.0,13,1,1.0,0,0
0.41,0.64,0,1,1,0,0,0,0.0,21,1,2.0,0,0
0.41,0.64,0,1,1,0,0,0,0.0,32,1,3.0,0,0
0.41,0.64,0,1,1,0,0,0,0.0,51,1,4.0,0,0
0.41,0.64,0,1,1,0,0,0,0.0,58,1,5.0,0,0
0.41,0.64,0,1,1,0,0,0,0.0,69,1,6.0,0,0
0.41,0.64,0,1,1,0,0,0,0.0,75,1,7.0,0,0
0.41,0.64,0,1,1,0,0,0,0.0,77,1,8.0,0,0
0.41,0.64,0,1,1,0,0,0,0.0,79,2,9.0,0,0
0.41,0.64,0,1,1,0,0,0,0.0,88,3,10.0,0,0
0.41,0.64,0,1,1,0,0,0,0.0,96,3,11.0,0,0
0.41,0.64,0,1,1,0,0,0,0.0,108,3,12.0,0,0
0.41,0.64,0,1,1,0,0,0,0.0,108,3,13.0,0,0
0.41,0.64,0,1,1,0,0,0,0.0,126,3,14.0,0,0
0.41,0.64,0,1,1,0,0,0,0.0,131,3,15.0,0,0
0.41,0.64,0,1,1,0,0,0,0.0,143,4,16.0,0,0
0.41,0.64,0,1,1,0,0,0,0.0,156,4,17.0,0,0
0.41,0.64,0,1,1,0,0,0,0.0,162,4,18.0,0,0
0.41,0.64,0,1,1,0,0,0,0.0,170,4,19.0,0,0
0.41,0.64,0,1,1,0,0,0,0.0,178,4,20.0,0,0
0.41,0.64,0,1,0,1,15,0,1.0,178,4,20.0,179,0
0.41,0.64,0,1,0,1,19,0,2.0,178,4,20.0,179,0
0.41,0.64,0,1,0,1,28,0,3.0,178,4,20.0,179,0
0.41,0.64,0,1,0,1,38,0,4.0,178,4,20.0,179,0
0.41,0.64,0,1,0,1,43,1,5.0,178,4,20.0,179,0
0.41,0.64,0,1,0,1,50,1,6.0,178,4,20.0,179,0
0.41,0.64,0,1,0,1,56,2,7.0,178,4,20.0,179,0
0.41,0.64,0,1,0,1,64,3,8.0,178,4,20.0,179,0
0.41,0.64,0,1,0,1,75,3,9.0,178,4,20.0,179,0
0.41,0.64,0,1,0,1,83,3,10.0,178,4,20.0,179,0
0.41,0.64,0,1,0,1,91,4,11.0,178,4,20.0,179,0
0.41,0.64,0,1,0,1,97,4,12.0,178,4,20.0,179,0
0.41,0.64,0,1,0,1,106,4,13.0,178,4,20.0,179,0
0.41,0.64,0,1,0,1,107,5,14.0,178,4,20.0,179,0
0.41,0.64,0,1,0,1,123,5,15.0,178,4,20.0,179,0
0.41,0.64,0,1,0,1,136,5,16.0,178,4,20.0,179,0
0.41,0.64,0,1,0,1,148,6,17.0,178,4,20.0,179,0
0.41,0.64,0,1,0,1,154,6,18.0,178,4,20.0,179,0
0.41,0.64,0,1,0,1,164,7,19.0,178,4,20.0,179,0
0.41,0.64,0,1,0,1,178,7,20.0,178,4,20.0,179,0
0.58,0.58,1,0,1,0,0,0,0.0,3,1,1.0,0,1
0.58,0.58,1,0,1,0,0,0,0.0,8,1,2.0,0,1
0.58,0.58,1,0,1,0,0,0,0.0,12,1,3.0,0,1
0.58,0.58,1,0,1,0,0,0,0.0,19,1,4.0,0,1
0.58,0.58,1,0,1,0,0,0,0.0,26,1,5.0,0,1
0.58,0.58,1,0,1,0,0,0,0.0,32,1,6.0,0,1
0.58,0.58,1,0,1,0,0,0,0.0,36,1,7.0,0,1
0.58,0.58,1,0,1,0,0,0,0.0,44,2,8.0,0,1
0.58,0.58,1,0,1,0,0,0,0.0,55,2,9.0,0,1
0.58,0.58,1,0,1,0,0,0,0.0,57,2,10.0,0,1
0.58,0.58,1,0,1,0,0,0,0.0,63,2,11.0,0,1
0.58,0.58,1,0,1,0,0,0,0.0,73,2,12.0,0,1
0.58,0.58,1,0,1,0,0,0,0.0,74,2,13.0,0,1
0.58,0.58,1,0,1,0,0,0,0.0,76,2,14.0,0,1
0.58,0.58,1,0,1,0,0,0,0.0,85,4,15.0,0,1
0.58,0.58,1,0,1,0,0,0,0.0,91,5,16.0,0,1
0.58,0.58,1,0,1,0,0,0,0.0,99,5,17.0,0,1
0.58,0.58,1,0,1,0,0,0,0.0,106,6,18.0,0,1
0.58,0.58,1,0,1,0,0,0,0.0,113,6,19.0,0,1
0.58,0.58,1,0,1,0,0,0,0.0,117,6,20.0,0,1
0.58,0.58,1,0,0,1,8,1,1.0,117,6,20.0,118,1
0.58,0.58,1,0,0,1,11,1,2.0,117,6,20.0,118,1
0.58,0.58,1,0,0,1,16,1,3.0,117,6,20.0,118,1
0.58,0.58,1,0,0,1,18,2,4.0,117,6,20.0,118,1
0.58,0.58,1,0,0,1,20,2,5.0,117,6,20.0,118,1
0.58,0.58,1,0,0,1,27,2,6.0,117,6,20.0,118,1
0.58,0.58,1,0,0,1,31,2,7.0,117,6,20.0,118,1
0.58,0.58,1,0,0,1,38,2,8.0,117,6,20.0,118,1
0.58,0.58,1,0,0,1,45,2,9.0,117,6,20.0,118,1
0.58,0.58,1,0,0,1,51,2,10.0,117,6,20.0,118,1
0.58,0.58,1,0,0,1,57,3,11.0,117,6,20.0,118,1
0.58,0.58,1,0,0,1,60,4,12.0,117,6,20.0,118,1
0.58,0.58,1,0,0,1,64,5,13.0,117,6,20.0,118,1
0.58,0.58,1,0,0,1,78,5,14.0,117,6,20.0,118,1
0.58,0.58,1,0,0,1,83,5,15.0,117,6,20.0,118,1
0.58,0.58,1,0,0,1,90,6,16.0,117,6,20.0,118,1
0.58,0.58,1,0,0,1,104,6,17.0,117,6,20.0,118,1
0.58,0.58,1,0,0,1,111,7,18.0,117,6,20.0,118,1
0.58,0.58,1,0,0,1,112,8,19.0,117,6,20.0,118,1
0.58,0.58,1,0,0,1,118,8,19.17,117,6,20.0,118,1
0.59,0.42,1,0,1,0,0,0,0.0,2,0,1.0,0,1
0.59,0.42,1,0,1,0,0,0,0.0,5,1,2.0,0,1
0.59,0.42,1,0,1,0,0,0,0.0,11,1,3.0,0,1
0.59,0.42,1,0,1,0,0,0,0.0,14,2,4.0,0,1
0.59,0.42,1,0,1,0,0,0,0.0,24,2,5.0,0,1
0.59,0.42,1,0,1,0,0,0,0.0,33,2,6.0,0,1
0.59,0.42,1,0,1,0,0,0,0.0,37,2,7.0,0,1
0.59,0.42,1,0,1,0,0,0,0.0,42,3,8.0,0,1
0.59,0.42,1,0,1,0,0,0,0.0,43,4,9.0,0,1
0.59,0.42,1,0,1,0,0,0,0.0,53,4,10.0,0,1
0.59,0.42,1,0,1,0,0,0,0.0,55,5,11.0,0,1
0.59,0.42,1,0,1,0,0,0,0.0,61,6,12.0,0,1
0.59,0.42,1,0,1,0,0,0,0.0,64,7,13.0,0,1
0.59,0.42,1,0,1,0,0,0,0.0,72,8,14.0,0,1
0.59,0.42,1,0,1,0,0,0,0.0,80,9,15.0,0,1
0.59,0.42,1,0,1,0,0,0,0.0,83,9,16.0,0,1
0.59,0.42,1,0,1,0,0,0,0.0,89,10,16.83,0,1
0.59,0.42,1,0,0,1,5,0,1.0,89,10,17.0,90,1
0.59,0.42,1,0,0,1,19,0,2.0,89,10,17.0,90,1
0.59,0.42,1,0,0,1,24,0,3.0,89,10,17.0,90,1
0.59,0.42,1,0,0,1,30,0,4.0,89,10,17.0,90,1
0.59,0.42,1,0,0,1,37,0,5.0,89,10,17.0,90,1
0.59,0.42,1,0,0,1,50,1,6.0,89,10,17.0,90,1
0.59,0.42,1,0,0,1,60,1,7.0,89,10,17.0,90,1
0.59,0.42,1,0,0,1,66,1,8.0,89,10,17.0,90,1
0.59,0.42,1,0,0,1,72,1,9.0,89,10,17.0,90,1
0.59,0.42,1,0,0,1,85,1,10.0,89,10,17.0,90,1
0.59,0.42,1,0,0,1,93,1,11.0,89,10,17.0,90,1
0.57,0.38,0,1,1,0,0,0,0.0,11,0,1.0,0,1
0.57,0.38,0,1,1,0,0,0,0.0,21,0,2.0,0,1
0.57,0.38,0,1,1,0,0,0,0.0,30,1,3.0,0,1
0.57,0.38,0,1,1,0,0,0,0.0,33,1,4.0,0,1
0.57,0.38,0,1,1,0,0,0,0.0,35,1,5.0,0,1
0.57,0.38,0,1,1,0,0,0,0.0,39,1,6.0,0,1
0.57,0.38,0,1,1,0,0,0,0.0,41,2,7.0,0,1
0.57,0.38,0,1,1,0,0,0,0.0,42,2,8.0,0,1
0.57,0.38,0,1,1,0,0,0,0.0,55,2,9.0,0,1
0.57,0.38,0,1,1,0,0,0,0.0,65,2,10.0,0,1
0.57,0.38,0,1,1,0,0,0,0.0,67,2,11.0,0,1
0.57,0.38,0,1,1,0,0,0,0.0,70,2,12.0,0,1
0.57,0.38,0,1,1,0,0,0,0.0,81,2,13.0,0,1
0.57,0.38,0,1,1,0,0,0,0.0,87,3,14.0,0,1
0.57,0.38,0,1,1,0,0,0,0.0,89,3,15.0,0,1
0.57,0.38,0,1,1,0,0,0,0.0,95,4,16.0,0,1
0.57,0.38,0,1,1,0,0,0,0.0,98,4,17.0,0,1
0.57,0.38,0,1,1,0,0,0,0.0,100,5,18.0,0,1
0.57,0.38,0,1,1,0,0,0,0.0,104,5,19.0,0,1
0.57,0.38,0,1,1,0,0,0,0.0,111,6,20.0,0,1
0.57,0.38,0,1,0,1,18,0,1.0,111,6,20.0,112,1
0.57,0.38,0,1,0,1,28,1,2.0,111,6,20.0,112,1
0.57,0.38,0,1,0,1,34,1,3.0,111,6,20.0,112,1
0.57,0.38,0,1,0,1,37,2,4.0,111,6,20.0,112,1
0.57,0.38,0,1,0,1,43,2,5.0,111,6,20.0,112,1
0.57,0.38,0,1,0,1,54,2,6.0,111,6,20.0,112,1
0.57,0.38,0,1,0,1,65,2,7.0,111,6,20.0,112,1
0.57,0.38,0,1,0,1,77,2,8.0,111,6,20.0,112,1
0.57,0.38,0,1,0,1,88,2,9.0,111,6,20.0,112,1
0.57,0.38,0,1,0,1,96,3,10.0,111,6,20.0,112,1
0.57,0.38,0,1,0,1,104,4,11.0,111,6,20.0,112,1
0.57,0.38,0,1,0,1,114,4,11.67,111,6,20.0,112,1
0.55,0.49,1,0,1,0,0,0,0.0,8,0,1.0,0,1
0.55,0.49,1,0,1,0,0,0,0.0,19,0,2.0,0,1
0.55,0.49,1,0,1,0,0,0,0.0,21,0,3.0,0,1
0.55,0.49,1,0,1,0,0,0,0.0,24,0,4.0,0,1
0.55,0.49,1,0,1,0,0,0,0.0,38,0,5.0,0,1
0.55,0.49,1,0,1,0,0,0,0.0,42,0,6.0,0,1
0.55,0.49,1,0,1,0,0,0,0.0,48,0,7.0,0,1
0.55,0.49,1,0,1,0,0,0,0.0,51,1,8.0,0,1
0.55,0.49,1,0,1,0,0,0,0.0,57,1,9.0,0,1
0.55,0.49,1,0,1,0,0,0,0.0,58,2,10.0,0,1
0.55,0.49,1,0,1,0,0,0,0.0,65,2,11.0,0,1
0.55,0.49,1,0,1,0,0,0,0.0,70,2,12.0,0,1
0.55,0.49,1,0,1,0,0,0,0.0,81,2,13.0,0,1
0.55,0.49,1,0,1,0,0,0,0.0,91,2,14.0,0,1
0.55,0.49,1,0,1,0,0,0,0.0,106,2,15.0,0,1
0.55,0.49,1,0,1,0,0,0,0.0,109,3,16.0,0,1
0.55,0.49,1,0,1,0,0,0,0.0,111,3,17.0,0,1
0.55,0.49,1,0,1,0,0,0,0.0,118,3,18.0,0,1
0.55,0.49,1,0,1,0,0,0,0.0,121,3,19.0,0,1
0.55,0.49,1,0,1,0,0,0,0.0,127,3,20.0,0,1
0.55,0.49,1,0,0,1,20,0,1.0,127,3,20.0,128,1
0.55,0.49,1,0,0,1,27,0,2.0,127,3,20.0,128,1
0.55,0.49,1,0,0,1,33,0,3.0,127,3,20.0,128,1
0.55,0.49,1,0,0,1,44,1,4.0,127,3,20.0,128,1
0.55,0.49,1,0,0,1,47,1,5.0,127,3,20.0,128,1
0.55,0.49,1,0,0,1,59,2,6.0,127,3,20.0,128,1
0.55,0.49,1,0,0,1,65,2,7.0,127,3,20.0,128,1
0.55,0.49,1,0,0,1,73,2,8.0,127,3,20.0,128,1
0.55,0.49,1,0,0,1,79,2,9.0,127,3,20.0,128,1
0.55,0.49,1,0,0,1,94,2,10.0,127,3,20.0,128,1
0.55,0.49,1,0,0,1,95,2,11.0,127,3,20.0,128,1
0.55,0.49,1,0,0,1,111,3,12.0,127,3,20.0,128,1
0.55,0.49,1,0,0,1,119,3,13.0,127,3,20.0,128,1
0.55,0.49,1,0,0,1,130,3,13.83,127,3,20.0,128,1
0.6,0.48,1,1,1,1,5,1,1.0,0,0,0.0,0,1
0.6,0.48,1,1,1,1,21,1,2.0,0,0,0.0,0,1
0.6,0.48,1,1,1,1,24,1,3.0,0,0,0.0,0,1
0.6,0.48,1,1,1,1,32,1,4.0,0,0,0.0,0,1
0.6,0.48,1,1,1,1,44,2,5.0,0,0,0.0,0,1
0.6,0.48,1,1,1,1,54,2,6.0,0,0,0.0,0,1
0.6,0.48,1,1,1,1,56,2,7.0,0,0,0.0,0,1
0.6,0.48,1,1,1,1,69,2,8.0,0,0,0.0,0,1
0.6,0.48,1,1,1,1,75,2,9.0,0,0,0.0,0,1
0.6,0.48,1,1,1,1,80,2,10.0,0,0,0.0,0,1
0.6,0.48,1,1,1,1,87,2,11.0,0,0,0.0,0,1
0.6,0.48,1,1,1,1,96,3,12.0,0,0,0.0,0,1
0.6,0.48,1,1,1,1,99,3,13.0,0,0,0.0,0,1
0.6,0.48,1,1,1,1,109,3,14.0,0,0,0.0,0,1
0.6,0.48,1,1,1,1,125,5,15.0,0,0,0.0,0,1
0.6,0.48,1,1,1,1,132,5,16.0,0,0,0.0,0,1
0.6,0.48,1,1,1,1,138,5,17.0,0,0,0.0,0,1
0.6,0.48,1,1,1,1,145,5,18.0,0,0,0.0,0,1
0.6,0.48,1,1,1,1,148,5,19.0,0,0,0.0,0,1
0.6,0.48,1,1,1,1,156,5,20.0,0,0,0.0,0,1
0.6,0.48,1,1,0,0,156,5,20.0,9,0,1.0,157,1
0.6,0.48,1,1,0,0,156,5,20.0,10,0,2.0,157,1
0.6,0.48,1,1,0,0,156,5,20.0,16,0,3.0,157,1
0.6,0.48,1,1,0,0,156,5,20.0,24,0,4.0,157,1
0.6,0.48,1,1,0,0,156,5,20.0,34,0,5.0,157,1
0.6,0.48,1,1,0,0,156,5,20.0,37,0,6.0,157,1
0.6,0.48,1,1,0,0,156,5,20.0,40,0,7.0,157,1
0.6,0.48,1,1,0,0,156,5,20.0,44,0,8.0,157,1
0.6,0.48,1,1,0,0,156,5,20.0,55,1,9.0,157,1
0.6,0.48,1,1,0,0,156,5,20.0,64,2,10.0,157,1
0.6,0.48,1,1,0,0,156,5,20.0,68,2,11.0,157,1
0.6,0.48,1,1,0,0,156,5,20.0,75,2,12.0,157,1
0.6,0.48,1,1,0,0,156,5,20.0,89,2,13.0,157,1
0.6,0.48,1,1,0,0,156,5,20.0,96,2,14.0,157,1
0.6,0.48,1,1,0,0,156,5,20.0,107,3,15.0,157,1
0.6,0.48,1,1,0,0,156,5,20.0,119,3,16.0,157,1
0.6,0.48,1,1,0,0,156,5,20.0,122,4,17.0,157,1
0.6,0.48,1,1,0,0,156,5,20.0,133,5,18.0,157,1
0.6,0.48,1,1,0,0,156,5,20.0,142,5,19.0,157,1
0.6,0.48,1,1,0,0,156,5,20.0,147,5,20.0,157,1
0.4,0.6,0,0,1,1,5,0,1.0,0,0,0.0,0,0
0.4,0.6,0,0,1,1,10,0,2.0,0,0,0.0,0,0
0.4,0.6,0,0,1,1,18,0,3.0,0,0,0.0,0,0
0.4,0.6,0,0,1,1,20,0,4.0,0,0,0.0,0,0
0.4,0.6,0,0,1,1,22,0,5.0,0,0,0.0,0,0
0.4,0.6,0,0,1,1,30,0,6.0,0,0,0.0,0,0
0.4,0.6,0,0,1,1,36,0,7.0,0,0,0.0,0,0
0.4,0.6,0,0,1,1,41,1,8.0,0,0,0.0,0,0
0.4,0.6,0,0,1,1,43,1,9.0,0,0,0.0,0,0
0.4,0.6,0,0,1,1,46,1,10.0,0,0,0.0,0,0
0.4,0.6,0,0,1,1,48,1,11.0,0,0,0.0,0,0
0.4,0.6,0,0,1,1,51,1,12.0,0,0,0.0,0,0
0.4,0.6,0,0,1,1,61,1,13.0,0,0,0.0,0,0
0.4,0.6,0,0,1,1,65,1,14.0,0,0,0.0,0,0
0.4,0.6,0,0,1,1,69,1,15.0,0,0,0.0,0,0
0.4,0.6,0,0,1,1,72,1,16.0,0,0,0.0,0,0
0.4,0.6,0,0,1,1,75,1,17.0,0,0,0.0,0,0
0.4,0.6,0,0,1,1,86,1,18.0,0,0,0.0,0,0
0.4,0.6,0,0,1,1,97,2,19.0,0,0,0.0,0,0
0.4,0.6,0,0,1,1,100,2,20.0,0,0,0.0,0,0
0.4,0.6,0,0,0,0,100,2,20.0,9,0,1.0,101,0
0.4,0.6,0,0,0,0,100,2,20.0,12,1,2.0,101,0
0.4,0.6,0,0,0,0,100,2,20.0,27,1,3.0,101,0
0.4,0.6,0,0,0,0,100,2,20.0,40,1,4.0,101,0
0.4,0.6,0,0,0,0,100,2,20.0,45,1,5.0,101,0
0.4,0.6,0,0,0,0,100,2,20.0,56,1,6.0,101,0
0.4,0.6,0,0,0,0,100,2,20.0,61,1,7.0,101,0
0.4,0.6,0,0,0,0,100,2,20.0,67,1,8.0,101,0
0.4,0.6,0,0,0,0,100,2,20.0,78,1,9.0,101,0
0.4,0.6,0,0,0,0,100,2,20.0,84,1,10.0,101,0
0.4,0.6,0,0,0,0,100,2,20.0,90,1,11.0,101,0
0.4,0.6,0,0,0,0,100,2,20.0,97,1,12.0,101,0
0.4,0.6,0,0,0,0,100,2,20.0,101,1,12.17,101,0
0.6,0.56,0,0,1,1,5,1,1.0,0,0,0.0,0,0
0.6,0.56,0,0,1,1,9,2,2.0,0,0,0.0,0,0
0.6,0.56,0,0,1,1,16,2,3.0,0,0,0.0,0,0
0.6,0.56,0,0,1,1,20,2,4.0,0,0,0.0,0,0
0.6,0.56,0,0,1,1,24,2,5.0,0,0,0.0,0,0
0.6,0.56,0,0,1,1,35,2,6.0,0,0,0.0,0,0
0.6,0.56,0,0,1,1,46,2,7.0,0,0,0.0,0,0
0.6,0.56,0,0,1,1,54,3,8.0,0,0,0.0,0,0
0.6,0.56,0,0,1,1,59,4,9.0,0,0,0.0,0,0
0.6,0.56,0,0,1,1,72,5,10.0,0,0,0.0,0,0
0.6,0.56,0,0,1,1,82,5,11.0,0,0,0.0,0,0
0.6,0.56,0,0,1,1,84,5,12.0,0,0,0.0,0,0
0.6,0.56,0,0,1,1,93,5,13.0,0,0,0.0,0,0
0.6,0.56,0,0,1,1,101,5,14.0,0,0,0.0,0,0
0.6,0.56,0,0,1,1,109,5,15.0,0,0,0.0,0,0
0.6,0.56,0,0,1,1,114,5,16.0,0,0,0.0,0,0
0.6,0.56,0,0,1,1,122,5,17.0,0,0,0.0,0,0
0.6,0.56,0,0,1,1,129,5,18.0,0,0,0.0,0,0
0.6,0.56,0,0,1,1,139,5,19.0,0,0,0.0,0,0
0.6,0.56,0,0,1,1,150,6,20.0,0,0,0.0,0,0
0.6,0.56,0,0,0,0,150,6,20.0,4,0,1.0,151,0
0.6,0.56,0,0,0,0,150,6,20.0,5,1,2.0,151,0
0.6,0.56,0,0,0,0,150,6,20.0,19,1,3.0,151,0
0.6,0.56,0,0,0,0,150,6,20.0,25,1,4.0,151,0
0.6,0.56,0,0,0,0,150,6,20.0,29,2,5.0,151,0
0.6,0.56,0,0,0,0,150,6,20.0,39,3,6.0,151,0
0.6,0.56,0,0,0,0,150,6,20.0,46,4,7.0,151,0
0.6,0.56,0,0,0,0,150,6,20.0,55,4,8.0,151,0
0.6,0.56,0,0,0,0,150,6,20.0,65,4,9.0,151,0
0.6,0.56,0,0,0,0,150,6,20.0,66,4,10.0,151,0
0.6,0.56,0,0,0,0,150,6,20.0,74,4,11.0,151,0
0.6,0.56,0,0,0,0,150,6,20.0,80,4,12.0,151,0
0.6,0.56,0,0,0,0,150,6,20.0,89,4,13.0,151,0
0.6,0.56,0,0,0,0,150,6,20.0,99,4,14.0,151,0
0.6,0.56,0,0,0,0,150,6,20.0,110,4,15.0,151,0
0.6,0.56,0,0,0,0,150,6,20.0,125,4,16.0,151,0
0.6,0.56,0,0,0,0,150,6,20.0,131,4,17.0,151,0
0.6,0.56,0,0,0,0,150,6,20.0,140,4,18.0,151,0
0.6,0.56,0,0,0,0,150,6,20.0,145,5,19.0,151,0
0.6,0.56,0,0,0,0,150,6,20.0,151,6,19.83,151,0
0.43,0.39,0,1,1,0,0,0,0.0,8,0,1.0,0,1
0.43,0.39,0,1,1,0,0,0,0.0,14,2,2.0,0,1
0.43,0.39,0,1,1,0,0,0,0.0,23,2,3.0,0,1
0.43,0.39,0,1,1,0,0,0,0.0,27,3,4.0,0,1
0.43,0.39,0,1,1,0,0,0,0.0,34,3,5.0,0,1
0.43,0.39,0,1,1,0,0,0,0.0,37,3,6.0,0,1
0.43,0.39,0,1,1,0,0,0,0.0,47,3,7.0,0,1
0.43,0.39,0,1,1,0,0,0,0.0,53,3,8.0,0,1
0.43,0.39,0,1,1,0,0,0,0.0,57,3,9.0,0,1
0.43,0.39,0,1,1,0,0,0,0.0,62,4,10.0,0,1
0.43,0.39,0,1,1,0,0,0,0.0,71,4,11.0,0,1
0.43,0.39,0,1,1,0,0,0,0.0,73,4,12.0,0,1
0.43,0.39,0,1,1,0,0,0,0.0,75,5,13.0,0,1
0.43,0.39,0,1,1,0,0,0,0.0,85,5,14.0,0,1
0.43,0.39,0,1,1,0,0,0,0.0,99,5,15.0,0,1
0.43,0.39,0,1,1,0,0,0,0.0,108,5,16.0,0,1
0.43,0.39,0,1,1,0,0,0,0.0,112,5,17.0,0,1
0.43,0.39,0,1,1,0,0,0,0.0,116,5,18.0,0,1
0.43,0.39,0,1,1,0,0,0,0.0,119,5,19.0,0,1
0.43,0.39,0,1,1,0,0,0,0.0,131,5,20.0,0,1
0.43,0.39,0,1,0,1,12,0,1.0,131,5,20.0,132,1
0.43,0.39,0,1,0,1,17,0,2.0,131,5,20.0,132,1
0.43,0.39,0,1,0,1,29,0,3.0,131,5,20.0,132,1
0.43,0.39,0,1,0,1,36,0,4.0,131,5,20.0,132,1
0.43,0.39,0,1,0,1,44,0,5.0,131,5,20.0,132,1
0.43,0.39,0,1,0,1,53,0,6.0,131,5,20.0,132,1
0.43,0.39,0,1,0,1,59,0,7.0,131,5,20.0,132,1
0.43,0.39,0,1,0,1,64,0,8.0,131,5,20.0,132,1
0.43,0.39,0,1,0,1,65,2,9.0,131,5,20.0,132,1
0.43,0.39,0,1,0,1,71,2,10.0,131,5,20.0,132,1
0.43,0.39,0,1,0,1,82,2,11.0,131,5,20.0,132,1
0.43,0.39,0,1,0,1,90,2,12.0,131,5,20.0,132,1
0.43,0.39,0,1,0,1,93,2,13.0,131,5,20.0,132,1
0.43,0.39,0,1,0,1,96,2,14.0,131,5,20.0,132,1
0.43,0.39,0,1,0,1,104,2,15.0,131,5,20.0,132,1
0.43,0.39,0,1,0,1,108,2,16.0,131,5,20.0,132,1
0.43,0.39,0,1,0,1,119,2,17.0,131,5,20.0,132,1
0.43,0.39,0,1,0,1,132,2,18.0,131,5,20.0,132,1
0.56,0.56,1,1,1,1,8,0,1.0,0,0,0.0,0,1
0.56,0.56,1,1,1,1,12,0,2.0,0,0,0.0,0,1
0.56,0.56,1,1,1,1,21,0,3.0,0,0,0.0,0,1
0.56,0.56,1,1,1,1,29,0,4.0,0,0,0.0,0,1
0.56,0.56,1,1,1,1,38,0,5.0,0,0,0.0,0,1
0.56,0.56,1,1,1,1,48,0,6.0,0,0,0.0,0,1
0.56,0.56,1,1,1,1,63,1,7.0,0,0,0.0,0,1
0.56,0.56,1,1,1,1,73,1,8.0,0,0,0.0,0,1
0.56,0.56,1,1,1,1,79,1,9.0,0,0,0.0,0,1
0.56,0.56,1,1,1,1,80,3,10.0,0,0,0.0,0,1
0.56,0.56,1,1,1,1,88,4,11.0,0,0,0.0,0,1
0.56,0.56,1,1,1,1,106,4,12.0,0,0,0.0,0,1
0.56,0.56,1,1,1,1,111,4,13.0,0,0,0.0,0,1
0.56,0.56,1,1,1,1,127,4,14.0,0,0,0.0,0,1
0.56,0.56,1,1,1,1,128,4,15.0,0,0,0.0,0,1
0.56,0.56,1,1,1,1,129,5,16.0,0,0,0.0,0,1
0.56,0.56,1,1,1,1,134,6,17.0,0,0,0.0,0,1
0.56,0.56,1,1,1,1,141,6,18.0,0,0,0.0,0,1
0.56,0.56,1,1,1,1,152,6,19.0,0,0,0.0,0,1
0.56,0.56,1,1,1,1,166,6,20.0,0,0,0.0,0,1
0.56,0.56,1,1,0,0,166,6,20.0,6,0,1.0,167,1
0.56,0.56,1,1,0,0,166,6,20.0,10,1,2.0,167,1
0.56,0.56,1,1,0,0,166,6,20.0,16,1,3.0,167,1
0.56,0.56,1,1,0,0,166,6,20.0,29,1,4.0,167,1
0.56,0.56,1,1,0,0,166,6,20.0,37,1,5.0,167,1
0.56,0.56,1,1,0,0,166,6,20.0,48,1,6.0,167,1
0.56,0.56,1,1,0,0,166,6,20.0,61,2,7.0,167,1
0.56,0.56,1,1,0,0,166,6,20.0,67,2,8.0,167,1
0.56,0.56,1,1,0,0,166,6,20.0,78,2,9.0,167,1
0.56,0.56,1,1,0,0,166,6,20.0,88,3,10.0,167,1
0.56,0.56,1,1,0,0,166,6,20.0,90,4,11.0,167,1
0.56,0.56,1,1,0,0,166,6,20.0,99,4,12.0,167,1
0.56,0.56,1,1,0,0,166,6,20.0,104,4,13.0,167,1
0.56,0.56,1,1,0,0,166,6,20.0,109,7,14.0,167,1
0.56,0.56,1,1,0,0,166,6,20.0,113,7,15.0,167,1
0.56,0.56,1,1,0,0,166,6,20.0,124,7,16.0,167,1
0.56,0.56,1,1,0,0,166,6,20.0,133,7,17.0,167,1
0.56,0.56,1,1,0,0,166,6,20.0,143,8,18.0,167,1
0.56,0.56,1,1,0,0,166,6,20.0,155,9,19.0,167,1
0.56,0.56,1,1,0,0,166,6,20.0,164,9,20.0,167,1
0.47,0.49,1,1,1,1,8,0,1.0,0,0,0.0,0,1
0.47,0.49,1,1,1,1,16,1,2.0,0,0,0.0,0,1
0.47,0.49,1,1,1,1,25,1,3.0,0,0,0.0,0,1
0.47,0.49,1,1,1,1,34,1,4.0,0,0,0.0,0,1
0.47,0.49,1,1,1,1,49,1,5.0,0,0,0.0,0,1
0.47,0.49,1,1,1,1,60,1,6.0,0,0,0.0,0,1
0.47,0.49,1,1,1,1,65,2,7.0,0,0,0.0,0,1
0.47,0.49,1,1,1,1,80,2,8.0,0,0,0.0,0,1
0.47,0.49,1,1,1,1,83,3,9.0,0,0,0.0,0,1
0.47,0.49,1,1,1,1,94,3,10.0,0,0,0.0,0,1
0.47,0.49,1,1,1,1,102,3,11.0,0,0,0.0,0,1
0.47,0.49,1,1,1,1,120,3,12.0,0,0,0.0,0,1
0.47,0.49,1,1,1,1,125,3,13.0,0,0,0.0,0,1
0.47,0.49,1,1,1,1,126,4,14.0,0,0,0.0,0,1
0.47,0.49,1,1,1,1,138,4,15.0,0,0,0.0,0,1
0.47,0.49,1,1,1,1,144,5,16.0,0,0,0.0,0,1
0.47,0.49,1,1,1,1,150,5,17.0,0,0,0.0,0,1
0.47,0.49,1,1,1,1,156,6,18.0,0,0,0.0,0,1
0.47,0.49,1,1,1,1,167,6,19.0,0,0,0.0,0,1
0.47,0.49,1,1,1,1,172,6,20.0,0,0,0.0,0,1
0.47,0.49,1,1,0,0,172,6,20.0,11,0,1.0,173,1
0.47,0.49,1,1,0,0,172,6,20.0,19,0,2.0,173,1
0.47,0.49,1,1,0,0,172,6,20.0,24,0,3.0,173,1
0.47,0.49,1,1,0,0,172,6,20.0,30,0,4.0,173,1
0.47,0.49,1,1,0,0,172,6,20.0,37,1,5.0,173,1
0.47,0.49,1,1,0,0,172,6,20.0,48,1,6.0,173,1
0.47,0.49,1,1,0,0,172,6,20.0,54,1,7.0,173,1
0.47,0.49,1,1,0,0,172,6,20.0,58,1,8.0,173,1
0.47,0.49,1,1,0,0,172,6,20.0,70,1,9.0,173,1
0.47,0.49,1,1,0,0,172,6,20.0,72,1,10.0,173,1
0.47,0.49,1,1,0,0,172,6,20.0,82,1,11.0,173,1
0.47,0.49,1,1,0,0,172,6,20.0,89,1,12.0,173,1
0.47,0.49,1,1,0,0,172,6,20.0,101,1,13.0,173,1
0.47,0.49,1,1,0,0,172,6,20.0,114,1,14.0,173,1
0.47,0.49,1,1,0,0,172,6,20.0,119,1,15.0,173,1
0.47,0.49,1,1,0,0,172,6,20.0,121,2,16.0,173,1
0.47,0.49,1,1,0,0,172,6,20.0,139,3,17.0,173,1
0.47,0.49,1,1,0,0,172,6,20.0,148,3,18.0,173,1
0.47,0.49,1,1,0,0,172,6,20.0,157,3,19.0,173,1
0.47,0.49,1,1,0,0,172,6,20.0,166,5,20.0,173,1
0.51,0.39,1,0,1,0,0,0,0.0,4,1,1.0,0,0
0.51,0.39,1,0,1,0,0,0,0.0,17,1,2.0,0,0
0.51,0.39,1,0,1,0,0,0,0.0,23,1,3.0,0,0
0.51,0.39,1,0,1,0,0,0,0.0,28,1,4.0,0,0
0.51,0.39,1,0,1,0,0,0,0.0,38,3,5.0,0,0
0.51,0.39,1,0,1,0,0,0,0.0,44,3,6.0,0,0
0.51,0.39,1,0,1,0,0,0,0.0,56,3,7.0,0,0
0.51,0.39,1,0,1,0,0,0,0.0,70,3,8.0,0,0
0.51,0.39,1,0,1,0,0,0,0.0,75,3,9.0,0,0
0.51,0.39,1,0,1,0,0,0,0.0,81,3,10.0,0,0
0.51,0.39,1,0,1,0,0,0,0.0,94,3,11.0,0,0
0.51,0.39,1,0,1,0,0,0,0.0,101,3,12.0,0,0
0.51,0.39,1,0,1,0,0,0,0.0,107,4,13.0,0,0
0.51,0.39,1,0,1,0,0,0,0.0,111,5,14.0,0,0
0.51,0.39,1,0,1,0,0,0,0.0,116,6,15.0,0,0
0.51,0.39,1,0,1,0,0,0,0.0,124,6,16.0,0,0
0.51,0.39,1,0,1,0,0,0,0.0,131,6,17.0,0,0
0.51,0.39,1,0,1,0,0,0,0.0,137,7,18.0,0,0
0.51,0.39,1,0,1,0,0,0,0.0,144,7,19.0,0,0
0.51,0.39,1,0,1,0,0,0,0.0,151,7,20.0,0,0
0.51,0.39,1,0,0,1,2,1,1.0,151,7,20.0,152,0
0.51,0.39,1,0,0,1,9,1,2.0,151,7,20.0,152,0
0.51,0.39,1,0,0,1,18,1,3.0,151,7,20.0,152,0
0.51,0.39,1,0,0,1,29,1,4.0,151,7,20.0,152,0
0.51,0.39,1,0,0,1,38,3,5.0,151,7,20.0,152,0
0.51,0.39,1,0,0,1,41,4,6.0,151,7,20.0,152,0
0.51,0.39,1,0,0,1,45,4,7.0,151,7,20.0,152,0
0.51,0.39,1,0,0,1,51,5,8.0,151,7,20.0,152,0
0.51,0.39,1,0,0,1,54,5,9.0,151,7,20.0,152,0
0.51,0.39,1,0,0,1,62,6,10.0,151,7,20.0,152,0
0.51,0.39,1,0,0,1,74,6,11.0,151,7,20.0,152,0
0.51,0.39,1,0,0,1,86,6,12.0,151,7,20.0,152,0
0.51,0.39,1,0,0,1,103,6,13.0,151,7,20.0,152,0
0.51,0.39,1,0,0,1,109,6,14.0,151,7,20.0,152,0
0.51,0.39,1,0,0,1,114,6,15.0,151,7,20.0,152,0
0.51,0.39,1,0,0,1,120,6,16.0,151,7,20.0,152,0
0.51,0.39,1,0,0,1,127,7,17.0,151,7,20.0,152,0
0.51,0.39,1,0,0,1,138,7,18.0,151,7,20.0,152,0
0.51,0.39,1,0,0,1,145,7,19.0,151,7,20.0,152,0
0.51,0.39,1,0,0,1,151,7,20.0,151,7,20.0,152,0
0.6,0.5,1,1,1,1,6,0,1.0,0,0,0.0,0,1
0.6,0.5,1,1,1,1,12,0,2.0,0,0,0.0,0,1
0.6,0.5,1,1,1,1,23,0,3.0,0,0,0.0,0,1
0.6,0.5,1,1,1,1,26,0,4.0,0,0,0.0,0,1
0.6,0.5,1,1,1,1,33,0,5.0,0,0,0.0,0,1
0.6,0.5,1,1,1,1,41,0,6.0,0,0,0.0,0,1
0.6,0.5,1,1,1,1,52,0,7.0,0,0,0.0,0,1
0.6,0.5,1,1,1,1,54,0,8.0,0,0,0.0,0,1
0.6,0.5,1,1,1,1,58,0,9.0,0,0,0.0,0,1
0.6,0.5,1,1,1,1,59,0,10.0,0,0,0.0,0,1
0.6,0.5,1,1,1,1,71,0,11.0,0,0,0.0,0,1
0.6,0.5,1,1,1,1,77,0,12.0,0,0,0.0,0,1
0.6,0.5,1,1,1,1,86,0,13.0,0,0,0.0,0,1
0.6,0.5,1,1,1,1,98,0,14.0,0,0,0.0,0,1
0.6,0.5,1,1,1,1,104,0,15.0,0,0,0.0,0,1
0.6,0.5,1,1,1,1,117,0,16.0,0,0,0.0,0,1
0.6,0.5,1,1,1,1,124,0,17.0,0,0,0.0,0,1
0.6,0.5,1,1,1,1,130,0,18.0,0,0,0.0,0,1
0.6,0.5,1,1,1,1,136,1,19.0,0,0,0.0,0,1
0.6,0.5,1,1,1,1,143,1,20.0,0,0,0.0,0,1
0.6,0.5,1,1,0,0,143,1,20.0,3,0,1.0,144,1
0.6,0.5,1,1,0,0,143,1,20.0,7,0,2.0,144,1
0.6,0.5,1,1,0,0,143,1,20.0,13,1,3.0,144,1
0.6,0.5,1,1,0,0,143,1,20.0,26,2,4.0,144,1
0.6,0.5,1,1,0,0,143,1,20.0,37,2,5.0,144,1
0.6,0.5,1,1,0,0,143,1,20.0,45,2,6.0,144,1
0.6,0.5,1,1,0,0,143,1,20.0,49,2,7.0,144,1
0.6,0.5,1,1,0,0,143,1,20.0,55,3,8.0,144,1
0.6,0.5,1,1,0,0,143,1,20.0,65,3,9.0,144,1
0.6,0.5,1,1,0,0,143,1,20.0,67,3,10.0,144,1
0.6,0.5,1,1,0,0,143,1,20.0,71,3,11.0,144,1
0.6,0.5,1,1,0,0,143,1,20.0,79,6,12.0,144,1
0.6,0.5,1,1,0,0,143,1,20.0,86,6,13.0,144,1
0.6,0.5,1,1,0,0,143,1,20.0,90,6,14.0,144,1
0.6,0.5,1,1,0,0,143,1,20.0,94,7,15.0,144,1
0.6,0.5,1,1,0,0,143,1,20.0,106,7,16.0,144,1
0.6,0.5,1,1,0,0,143,1,20.0,118,8,17.0,144,1
0.6,0.5,1,1,0,0,143,1,20.0,126,9,18.0,144,1
0.6,0.5,1,1,0,0,143,1,20.0,133,10,19.0,144,1
0.38,0.57,1,1,1,1,8,0,1.0,0,0,0.0,0,0
0.38,0.57,1,1,1,1,15,0,2.0,0,0,0.0,0,0
0.38,0.57,1,1,1,1,20,0,3.0,0,0,0.0,0,0
0.38,0.57,1,1,1,1,26,2,4.0,0,0,0.0,0,0
0.38,0.57,1,1,1,1,30,2,5.0,0,0,0.0,0,0
0.38,0.57,1,1,1,1,34,2,6.0,0,0,0.0,0,0
0.38,0.57,1,1,1,1,43,2,7.0,0,0,0.0,0,0
0.38,0.57,1,1,1,1,46,2,8.0,0,0,0.0,0,0
0.38,0.57,1,1,1,1,52,2,9.0,0,0,0.0,0,0
0.38,0.57,1,1,1,1,55,3,10.0,0,0,0.0,0,0
0.38,0.57,1,1,1,1,65,3,11.0,0,0,0.0,0,0
0.38,0.57,1,1,1,1,73,3,12.0,0,0,0.0,0,0
0.38,0.57,1,1,1,1,78,3,13.0,0,0,0.0,0,0
0.38,0.57,1,1,1,1,82,3,14.0,0,0,0.0,0,0
0.38,0.57,1,1,1,1,85,4,15.0,0,0,0.0,0,0
0.38,0.57,1,1,1,1,88,4,16.0,0,0,0.0,0,0
0.38,0.57,1,1,1,1,90,4,17.0,0,0,0.0,0,0
0.38,0.57,1,1,1,1,95,4,18.0,0,0,0.0,0,0
0.38,0.57,1,1,1,1,95,4,19.0,0,0,0.0,0,0
0.38,0.57,1,1,1,1,102,4,20.0,0,0,0.0,0,0
0.38,0.57,1,1,0,0,102,4,20.0,8,0,1.0,103,0
0.38,0.57,1,1,0,0,102,4,20.0,18,1,2.0,103,0
0.38,0.57,1,1,0,0,102,4,20.0,26,1,3.0,103,0
0.38,0.57,1,1,0,0,102,4,20.0,30,2,4.0,103,0
0.38,0.57,1,1,0,0,102,4,20.0,36,2,5.0,103,0
0.38,0.57,1,1,0,0,102,4,20.0,44,3,6.0,103,0
0.38,0.57,1,1,0,0,102,4,20.0,54,4,7.0,103,0
0.38,0.57,1,1,0,0,102,4,20.0,65,6,8.0,103,0
0.38,0.57,1,1,0,0,102,4,20.0,83,6,9.0,103,0
0.38,0.57,1,1,0,0,102,4,20.0,98,6,10.0,103,0
0.38,0.57,1,1,0,0,102,4,20.0,105,6,10.5,103,0
0.56,0.56,1,0,1,0,0,0,0.0,15,0,1.0,0,1
0.56,0.56,1,0,1,0,0,0,0.0,19,0,2.0,0,1
0.56,0.56,1,0,1,0,0,0,0.0,23,0,3.0,0,1
0.56,0.56,1,0,1,0,0,0,0.0,27,0,4.0,0,1
0.56,0.56,1,0,1,0,0,0,0.0,32,0,5.0,0,1
0.56,0.56,1,0,1,0,0,0,0.0,37,1,6.0,0,1
0.56,0.56,1,0,1,0,0,0,0.0,43,1,7.0,0,1
0.56,0.56,1,0,1,0,0,0,0.0,48,1,8.0,0,1
0.56,0.56,1,0,1,0,0,0,0.0,53,1,9.0,0,1
0.56,0.56,1,0,1,0,0,0,0.0,61,2,10.0,0,1
0.56,0.56,1,0,1,0,0,0,0.0,70,2,11.0,0,1
0.56,0.56,1,0,1,0,0,0,0.0,75,2,12.0,0,1
0.56,0.56,1,0,1,0,0,0,0.0,77,2,13.0,0,1
0.56,0.56,1,0,1,0,0,0,0.0,81,2,14.0,0,1
0.56,0.56,1,0,1,0,0,0,0.0,89,2,15.0,0,1
0.56,0.56,1,0,1,0,0,0,0.0,91,3,16.0,0,1
0.56,0.56,1,0,1,0,0,0,0.0,99,4,17.0,0,1
0.56,0.56,1,0,1,0,0,0,0.0,108,5,18.0,0,1
0.56,0.56,1,0,1,0,0,0,0.0,113,5,19.0,0,1
0.56,0.56,1,0,1,0,0,0,0.0,119,6,20.0,0,1
0.56,0.56,1,0,0,1,3,0,1.0,119,6,20.0,120,1
0.56,0.56,1,0,0,1,12,1,2.0,119,6,20.0,120,1
0.56,0.56,1,0,0,1,20,1,3.0,119,6,20.0,120,1
0.56,0.56,1,0,0,1,34,1,4.0,119,6,20.0,120,1
0.56,0.56,1,0,0,1,46,1,5.0,119,6,20.0,120,1
0.56,0.56,1,0,0,1,61,1,6.0,119,6,20.0,120,1
0.56,0.56,1,0,0,1,71,2,7.0,119,6,20.0,120,1
0.56,0.56,1,0,0,1,76,2,8.0,119,6,20.0,120,1
0.56,0.56,1,0,0,1,79,2,9.0,119,6,20.0,120,1
0.56,0.56,1,0,0,1,87,2,10.0,119,6,20.0,120,1
0.56,0.56,1,0,0,1,95,2,11.0,119,6,20.0,120,1
0.56,0.56,1,0,0,1,101,2,12.0,119,6,20.0,120,1
0.56,0.56,1,0,0,1,105,2,13.0,119,6,20.0,120,1
0.56,0.56,1,0,0,1,112,2,14.0,119,6,20.0,120,1
0.56,0.56,1,0,0,1,116,2,15.0,119,6,20.0,120,1
0.56,0.56,1,0,0,1,124,2,15.5,119,6,20.0,120,1
0.42,0.36,1,1,1,1,8,1,1.0,0,0,0.0,0,0
0.42,0.36,1,1,1,1,13,1,2.0,0,0,0.0,0,0
0.42,0.36,1,1,1,1,18,1,3.0,0,0,0.0,0,0
0.42,0.36,1,1,1,1,33,1,4.0,0,0,0.0,0,0
0.42,0.36,1,1,1,1,41,1,5.0,0,0,0.0,0,0
0.42,0.36,1,1,1,1,44,2,6.0,0,0,0.0,0,0
0.42,0.36,1,1,1,1,51,2,7.0,0,0,0.0,0,0
0.42,0.36,1,1,1,1,66,2,8.0,0,0,0.0,0,0
0.42,0.36,1,1,1,1,77,2,9.0,0,0,0.0,0,0
0.42,0.36,1,1,1,1,84,2,10.0,0,0,0.0,0,0
0.42,0.36,1,1,1,1,93,2,11.0,0,0,0.0,0,0
0.42,0.36,1,1,1,1,101,2,12.0,0,0,0.0,0,0
0.42,0.36,1,1,1,1,109,2,13.0,0,0,0.0,0,0
0.42,0.36,1,1,1,1,113,2,14.0,0,0,0.0,0,0
0.42,0.36,1,1,1,1,119,2,15.0,0,0,0.0,0,0
0.42,0.36,1,1,1,1,124,3,16.0,0,0,0.0,0,0
0.42,0.36,1,1,1,1,146,3,17.0,0,0,0.0,0,0
0.42,0.36,1,1,1,1,156,3,18.0,0,0,0.0,0,0
0.42,0.36,1,1,1,1,158,3,19.0,0,0,0.0,0,0
0.42,0.36,1,1,1,1,165,3,20.0,0,0,0.0,0,0
0.42,0.36,1,1,0,0,165,3,20.0,14,0,1.0,166,0
0.42,0.36,1,1,0,0,165,3,20.0,19,1,2.0,166,0
0.42,0.36,1,1,0,0,165,3,20.0,27,1,3.0,166,0
0.42,0.36,1,1,0,0,165,3,20.0,32,1,4.0,166,0
0.42,0.36,1,1,0,0,165,3,20.0,41,1,5.0,166,0
0.42,0.36,1,1,0,0,165,3,20.0,43,2,6.0,166,0
0.42,0.36,1,1,0,0,165,3,20.0,47,3,7.0,166,0
0.42,0.36,1,1,0,0,165,3,20.0,49,4,8.0,166,0
0.42,0.36,1,1,0,0,165,3,20.0,60,4,9.0,166,0
0.42,0.36,1,1,0,0,165,3,20.0,68,4,10.0,166,0
0.42,0.36,1,1,0,0,165,3,20.0,74,4,11.0,166,0
0.42,0.36,1,1,0,0,165,3,20.0,81,4,12.0,166,0
0.42,0.36,1,1,0,0,165,3,20.0,86,4,13.0,166,0
0.42,0.36,1,1,0,0,165,3,20.0,91,4,14.0,166,0
0.42,0.36,1,1,0,0,165,3,20.0,108,4,15.0,166,0
0.42,0.36,1,1,0,0,165,3,20.0,122,4,16.0,166,0
0.42,0.36,1,1,0,0,165,3,20.0,135,4,17.0,166,0
0.42,0.36,1,1,0,0,165,3,20.0,149,4,18.0,166,0
0.42,0.36,1,1,0,0,165,3,20.0,160,4,19.0,166,0
0.42,0.36,1,1,0,0,165,3,20.0,166,4,19.83,166,0
0.62,0.43,1,1,1,1,7,0,1.0,0,0,0.0,0,1
0.62,0.43,1,1,1,1,23,0,2.0,0,0,0.0,0,1
0.62,0.43,1,1,1,1,29,0,3.0,0,0,0.0,0,1
0.62,0.43,1,1,1,1,42,0,4.0,0,0,0.0,0,1
0.62,0.43,1,1,1,1,46,1,5.0,0,0,0.0,0,1
0.62,0.43,1,1,1,1,50,3,6.0,0,0,0.0,0,1
0.62,0.43,1,1,1,1,60,3,7.0,0,0,0.0,0,1
0.62,0.43,1,1,1,1,65,4,8.0,0,0,0.0,0,1
0.62,0.43,1,1,1,1,74,4,9.0,0,0,0.0,0,1
0.62,0.43,1,1,1,1,81,5,10.0,0,0,0.0,0,1
0.62,0.43,1,1,1,1,91,6,11.0,0,0,0.0,0,1
0.62,0.43,1,1,1,1,108,6,12.0,0,0,0.0,0,1
0.62,0.43,1,1,1,1,115,6,13.0,0,0,0.0,0,1
0.62,0.43,1,1,1,1,120,6,14.0,0,0,0.0,0,1
0.62,0.43,1,1,1,1,122,6,15.0,0,0,0.0,0,1
0.62,0.43,1,1,1,1,126,6,16.0,0,0,0.0,0,1
0.62,0.43,1,1,1,1,131,6,17.0,0,0,0.0,0,1
0.62,0.43,1,1,1,1,153,6,18.0,0,0,0.0,0,1
0.62,0.43,1,1,1,1,165,6,19.0,0,0,0.0,0,1
0.62,0.43,1,1,1,1,170,6,20.0,0,0,0.0,0,1
0.62,0.43,1,1,0,0,170,6,20.0,10,0,1.0,171,1
0.62,0.43,1,1,0,0,170,6,20.0,14,0,2.0,171,1
0.62,0.43,1,1,0,0,170,6,20.0,16,1,3.0,171,1
0.62,0.43,1,1,0,0,170,6,20.0,22,2,4.0,171,1
0.62,0.43,1,1,0,0,170,6,20.0,30,2,5.0,171,1
0.62,0.43,1,1,0,0,170,6,20.0,41,2,6.0,171,1
0.62,0.43,1,1,0,0,170,6,20.0,50,2,7.0,171,1
0.62,0.43,1,1,0,0,170,6,20.0,52,2,8.0,171,1
0.62,0.43,1,1,0,0,170,6,20.0,54,2,9.0,171,1
0.62,0.43,1,1,0,0,170,6,20.0,64,2,10.0,171,1
0.62,0.43,1,1,0,0,170,6,20.0,73,2,11.0,171,1
0.62,0.43,1,1,0,0,170,6,20.0,79,3,12.0,171,1
0.62,0.43,1,1,0,0,170,6,20.0,101,3,13.0,171,1
0.62,0.43,1,1,0,0,170,6,20.0,114,3,14.0,171,1
0.62,0.43,1,1,0,0,170,6,20.0,118,3,15.0,171,1
0.62,0.43,1,1,0,0,170,6,20.0,127,3,16.0,171,1
0.62,0.43,1,1,0,0,170,6,20.0,133,3,17.0,171,1
0.62,0.43,1,1,0,0,170,6,20.0,143,4,18.0,171,1
0.62,0.43,1,1,0,0,170,6,20.0,150,5,19.0,171,1
0.62,0.43,1,1,0,0,170,6,20.0,161,6,20.0,171,1
0.64,0.41,1,1,1,1,11,0,1.0,0,0,0.0,0,1
0.64,0.41,1,1,1,1,24,0,2.0,0,0,0.0,0,1
0.64,0.41,1,1,1,1,35,0,3.0,0,0,0.0,0,1
0.64,0.41,1,1,1,1,50,0,4.0,0,0,0.0,0,1
0.64,0.41,1,1,1,1,59,0,5.0,0,0,0.0,0,1
0.64,0.41,1,1,1,1,64,0,6.0,0,0,0.0,0,1
0.64,0.41,1,1,1,1,68,0,7.0,0,0,0.0,0,1
0.64,0.41,1,1,1,1,75,0,8.0,0,0,0.0,0,1
0.64,0.41,1,1,1,1,79,0,9.0,0,0,0.0,0,1
0.64,0.41,1,1,1,1,93,1,10.0,0,0,0.0,0,1
0.64,0.41,1,1,1,1,101,1,11.0,0,0,0.0,0,1
0.64,0.41,1,1,1,1,109,1,12.0,0,0,0.0,0,1
0.64,0.41,1,1,1,1,114,1,13.0,0,0,0.0,0,1
0.64,0.41,1,1,1,1,117,2,14.0,0,0,0.0,0,1
0.64,0.41,1,1,1,1,133,2,15.0,0,0,0.0,0,1
0.64,0.41,1,1,1,1,139,2,16.0,0,0,0.0,0,1
0.64,0.41,1,1,1,1,149,2,17.0,0,0,0.0,0,1
0.64,0.41,1,1,1,1,160,2,18.0,0,0,0.0,0,1
0.64,0.41,1,1,1,1,162,3,19.0,0,0,0.0,0,1
0.64,0.41,1,1,1,1,168,3,20.0,0,0,0.0,0,1
0.64,0.41,1,1,0,0,168,3,20.0,3,0,1.0,169,1
0.64,0.41,1,1,0,0,168,3,20.0,11,0,2.0,169,1
0.64,0.41,1,1,0,0,168,3,20.0,14,0,3.0,169,1
0.64,0.41,1,1,0,0,168,3,20.0,20,1,4.0,169,1
0.64,0.41,1,1,0,0,168,3,20.0,23,1,5.0,169,1
0.64,0.41,1,1,0,0,168,3,20.0,31,1,6.0,169,1
0.64,0.41,1,1,0,0,168,3,20.0,33,2,7.0,169,1
0.64,0.41,1,1,0,0,168,3,20.0,35,2,8.0,169,1
0.64,0.41,1,1,0,0,168,3,20.0,39,3,9.0,169,1
0.64,0.41,1,1,0,0,168,3,20.0,53,3,10.0,169,1
0.64,0.41,1,1,0,0,168,3,20.0,60,3,11.0,169,1
0.64,0.41,1,1,0,0,168,3,20.0,73,3,12.0,169,1
0.64,0.41,1,1,0,0,168,3,20.0,86,3,13.0,169,1
0.64,0.41,1,1,0,0,168,3,20.0,95,3,14.0,169,1
0.64,0.41,1,1,0,0,168,3,20.0,108,3,15.0,169,1
0.64,0.41,1,1,0,0,168,3,20.0,111,5,16.0,169,1
0.64,0.41,1,1,0,0,168,3,20.0,120,6,17.0,169,1
0.64,0.41,1,1,0,0,168,3,20.0,136,6,18.0,169,1
0.64,0.41,1,1,0,0,168,3,20.0,143,6,19.0,169,1
0.64,0.41,1,1,0,0,168,3,20.0,150,7,20.0,169,1
0.47,0.48,0,1,1,0,0,0,0.0,16,0,1.0,0,0
0.47,0.48,0,1,1,0,0,0,0.0,24,1,2.0,0,0
0.47,0.48,0,1,1,0,0,0,0.0,33,1,3.0,0,0
0.47,0.48,0,1,1,0,0,0,0.0,40,2,4.0,0,0
0.47,0.48,0,1,1,0,0,0,0.0,46,2,5.0,0,0
0.47,0.48,0,1,1,0,0,0,0.0,50,3,6.0,0,0
0.47,0.48,0,1,1,0,0,0,0.0,55,3,7.0,0,0
0.47,0.48,0,1,1,0,0,0,0.0,66,3,8.0,0,0
0.47,0.48,0,1,1,0,0,0,0.0,75,3,9.0,0,0
0.47,0.48,0,1,1,0,0,0,0.0,83,3,10.0,0,0
0.47,0.48,0,1,1,0,0,0,0.0,92,3,11.0,0,0
0.47,0.48,0,1,1,0,0,0,0.0,96,3,12.0,0,0
0.47,0.48,0,1,1,0,0,0,0.0,107,3,13.0,0,0
0.47,0.48,0,1,1,0,0,0,0.0,116,3,14.0,0,0
0.47,0.48,0,1,1,0,0,0,0.0,122,3,15.0,0,0
0.47,0.48,0,1,1,0,0,0,0.0,134,3,16.0,0,0
0.47,0.48,0,1,1,0,0,0,0.0,136,3,17.0,0,0
0.47,0.48,0,1,1,0,0,0,0.0,145,3,18.0,0,0
0.47,0.48,0,1,1,0,0,0,0.0,151,3,19.0,0,0
0.47,0.48,0,1,1,0,0,0,0.0,161,4,20.0,0,0
0.47,0.48,0,1,0,1,8,0,1.0,161,4,20.0,162,0
0.47,0.48,0,1,0,1,15,1,2.0,161,4,20.0,162,0
0.47,0.48,0,1,0,1,27,1,3.0,161,4,20.0,162,0
0.47,0.48,0,1,0,1,32,1,4.0,161,4,20.0,162,0
0.47,0.48,0,1,0,1,37,1,5.0,161,4,20.0,162,0
0.47,0.48,0,1,0,1,40,1,6.0,161,4,20.0,162,0
0.47,0.48,0,1,0,1,48,1,7.0,161,4,20.0,162,0
0.47,0.48,0,1,0,1,49,1,8.0,161,4,20.0,162,0
0.47,0.48,0,1,0,1,51,1,9.0,161,4,20.0,162,0
0.47,0.48,0,1,0,1,59,1,10.0,161,4,20.0,162,0
0.47,0.48,0,1,0,1,72,1,11.0,161,4,20.0,162,0
0.47,0.48,0,1,0,1,82,1,12.0,161,4,20.0,162,0
0.47,0.48,0,1,0,1,91,1,13.0,161,4,20.0,162,0
0.47,0.48,0,1,0,1,98,1,14.0,161,4,20.0,162,0
0.47,0.48,0,1,0,1,114,1,15.0,161,4,20.0,162,0
0.47,0.48,0,1,0,1,124,1,16.0,161,4,20.0,162,0
0.47,0.48,0,1,0,1,130,2,17.0,161,4,20.0,162,0
0.47,0.48,0,1,0,1,140,2,18.0,161,4,20.0,162,0
0.47,0.48,0,1,0,1,153,2,19.0,161,4,20.0,162,0
0.47,0.48,0,1,0,1,158,2,20.0,161,4,20.0,162,0
0.56,0.41,0,1,1,0,0,0,0.0,4,0,1.0,0,1
0.56,0.41,0,1,1,0,0,0,0.0,9,1,2.0,0,1
0.56,0.41,0,1,1,0,0,0,0.0,11,2,3.0,0,1
0.56,0.41,0,1,1,0,0,0,0.0,22,2,4.0,0,1
0.56,0.41,0,1,1,0,0,0,0.0,27,2,5.0,0,1
0.56,0.41,0,1,1,0,0,0,0.0,33,2,6.0,0,1
0.56,0.41,0,1,1,0,0,0,0.0,37,2,7.0,0,1
0.56,0.41,0,1,1,0,0,0,0.0,42,2,8.0,0,1
0.56,0.41,0,1,1,0,0,0,0.0,51,2,9.0,0,1
0.56,0.41,0,1,1,0,0,0,0.0,58,2,10.0,0,1
0.56,0.41,0,1,1,0,0,0,0.0,65,2,11.0,0,1
0.56,0.41,0,1,1,0,0,0,0.0,75,2,12.0,0,1
0.56,0.41,0,1,1,0,0,0,0.0,82,2,13.0,0,1
0.56,0.41,0,1,1,0,0,0,0.0,87,2,14.0,0,1
0.56,0.41,0,1,1,0,0,0,0.0,96,2,15.0,0,1
0.56,0.41,0,1,1,0,0,0,0.0,101,2,16.0,0,1
0.56,0.41,0,1,1,0,0,0,0.0,106,2,17.0,0,1
0.56,0.41,0,1,1,0,0,0,0.0,110,3,18.0,0,1
0.56,0.41,0,1,1,0,0,0,0.0,118,3,19.0,0,1
0.56,0.41,0,1,1,0,0,0,0.0,123,3,20.0,0,1
0.56,0.41,0,1,0,1,14,0,1.0,123,3,20.0,124,1
0.56,0.41,0,1,0,1,20,0,2.0,123,3,20.0,124,1
0.56,0.41,0,1,0,1,27,1,3.0,123,3,20.0,124,1
0.56,0.41,0,1,0,1,33,1,4.0,123,3,20.0,124,1
0.56,0.41,0,1,0,1,45,1,5.0,123,3,20.0,124,1
0.56,0.41,0,1,0,1,50,1,6.0,123,3,20.0,124,1
0.56,0.41,0,1,0,1,53,2,7.0,123,3,20.0,124,1
0.56,0.41,0,1,0,1,56,2,8.0,123,3,20.0,124,1
0.56,0.41,0,1,0,1,62,2,9.0,123,3,20.0,124,1
0.56,0.41,0,1,0,1,73,2,10.0,123,3,20.0,124,1
0.56,0.41,0,1,0,1,81,2,11.0,123,3,20.0,124,1
0.56,0.41,0,1,0,1,89,3,12.0,123,3,20.0,124,1
0.56,0.41,0,1,0,1,94,3,13.0,123,3,20.0,124,1
0.56,0.41,0,1,0,1,101,3,14.0,123,3,20.0,124,1
0.56,0.41,0,1,0,1,107,3,15.0,123,3,20.0,124,1
0.56,0.41,0,1,0,1,117,3,16.0,123,3,20.0,124,1
0.56,0.41,0,1,0,1,124,3,16.5,123,3,20.0,124,1
0.46,0.61,1,0,1,0,0,0,0.0,5,0,1.0,0,0
0.46,0.61,1,0,1,0,0,0,0.0,14,1,2.0,0,0
0.46,0.61,1,0,1,0,0,0,0.0,24,1,3.0,0,0
0.46,0.61,1,0,1,0,0,0,0.0,28,1,4.0,0,0
0.46,0.61,1,0,1,0,0,0,0.0,41,1,5.0,0,0
0.46,0.61,1,0,1,0,0,0,0.0,48,2,6.0,0,0
0.46,0.61,1,0,1,0,0,0,0.0,56,2,7.0,0,0
0.46,0.61,1,0,1,0,0,0,0.0,60,2,8.0,0,0
0.46,0.61,1,0,1,0,0,0,0.0,73,2,9.0,0,0
0.46,0.61,1,0,1,0,0,0,0.0,76,2,10.0,0,0
0.46,0.61,1,0,1,0,0,0,0.0,88,2,11.0,0,0
0.46,0.61,1,0,1,0,0,0,0.0,94,2,12.0,0,0
0.46,0.61,1,0,1,0,0,0,0.0,103,2,13.0,0,0
0.46,0.61,1,0,1,0,0,0,0.0,112,2,14.0,0,0
0.46,0.61,1,0,1,0,0,0,0.0,123,2,15.0,0,0
0.46,0.61,1,0,1,0,0,0,0.0,132,2,16.0,0,0
0.46,0.61,1,0,1,0,0,0,0.0,144,2,17.0,0,0
0.46,0.61,1,0,1,0,0,0,0.0,153,2,18.0,0,0
0.46,0.61,1,0,1,0,0,0,0.0,169,2,19.0,0,0
0.46,0.61,1,0,1,0,0,0,0.0,179,3,20.0,0,0
0.46,0.61,1,0,0,1,3,0,1.0,179,3,20.0,180,0
0.46,0.61,1,0,0,1,12,0,2.0,179,3,20.0,180,0
0.46,0.61,1,0,0,1,18,0,3.0,179,3,20.0,180,0
0.46,0.61,1,0,0,1,27,0,4.0,179,3,20.0,180,0
0.46,0.61,1,0,0,1,38,0,5.0,179,3,20.0,180,0
0.46,0.61,1,0,0,1,46,1,6.0,179,3,20.0,180,0
0.46,0.61,1,0,0,1,60,1,7.0,179,3,20.0,180,0
0.46,0.61,1,0,0,1,69,1,8.0,179,3,20.0,180,0
0.46,0.61,1,0,0,1,87,1,9.0,179,3,20.0,180,0
0.46,0.61,1,0,0,1,93,1,10.0,179,3,20.0,180,0
0.46,0.61,1,0,0,1,105,2,11.0,179,3,20.0,180,0
0.46,0.61,1,0,0,1,106,3,12.0,179,3,20.0,180,0
0.46,0.61,1,0,0,1,111,4,13.0,179,3,20.0,180,0
0.46,0.61,1,0,0,1,120,4,14.0,179,3,20.0,180,0
0.46,0.61,1,0,0,1,126,5,15.0,179,3,20.0,180,0
0.46,0.61,1,0,0,1,130,5,16.0,179,3,20.0,180,0
0.46,0.61,1,0,0,1,139,7,17.0,179,3,20.0,180,0
0.46,0.61,1,0,0,1,150,8,18.0,179,3,20.0,180,0
0.46,0.61,1,0,0,1,159,8,19.0,179,3,20.0,180,0
0.46,0.61,1,0,0,1,170,8,20.0,179,3,20.0,180,0
0.48,0.56,1,0,1,0,0,0,0.0,10,0,1.0,0,0
0.48,0.56,1,0,1,0,0,0,0.0,18,0,2.0,0,0
0.48,0.56,1,0,1,0,0,0,0.0,25,0,3.0,0,0
0.48,0.56,1,0,1,0,0,0,0.0,32,0,4.0,0,0
0.48,0.56,1,0,1,0,0,0,0.0,53,0,5.0,0,0
0.48,0.56,1,0,1,0,0,0,0.0,61,0,6.0,0,0
0.48,0.56,1,0,1,0,0,0,0.0,64,1,7.0,0,0
0.48,0.56,1,0,1,0,0,0,0.0,66,1,8.0,0,0
0.48,0.56,1,0,1,0,0,0,0.0,77,1,9.0,0,0
0.48,0.56,1,0,1,0,0,0,0.0,86,1,10.0,0,0
0.48,0.56,1,0,1,0,0,0,0.0,91,3,11.0,0,0
0.48,0.56,1,0,1,0,0,0,0.0,99,3,12.0,0,0
0.48,0.56,1,0,1,0,0,0,0.0,101,3,13.0,0,0
0.48,0.56,1,0,1,0,0,0,0.0,104,3,14.0,0,0
0.48,0.56,1,0,1,0,0,0,0.0,114,3,15.0,0,0
0.48,0.56,1,0,1,0,0,0,0.0,120,3,16.0,0,0
0.48,0.56,1,0,1,0,0,0,0.0,124,3,17.0,0,0
0.48,0.56,1,0,1,0,0,0,0.0,131,3,18.0,0,0
0.48,0.56,1,0,1,0,0,0,0.0,144,3,19.0,0,0
0.48,0.56,1,0,1,0,0,0,0.0,160,3,20.0,0,0
0.48,0.56,1,0,0,1,2,0,1.0,160,3,20.0,161,0
0.48,0.56,1,0,0,1,4,0,2.0,160,3,20.0,161,0
0.48,0.56,1,0,0,1,10,0,3.0,160,3,20.0,161,0
0.48,0.56,1,0,0,1,21,0,4.0,160,3,20.0,161,0
0.48,0.56,1,0,0,1,22,0,5.0,160,3,20.0,161,0
0.48,0.56,1,0,0,1,30,0,6.0,160,3,20.0,161,0
0.48,0.56,1,0,0,1,36,0,7.0,160,3,20.0,161,0
0.48,0.56,1,0,0,1,41,0,8.0,160,3,20.0,161,0
0.48,0.56,1,0,0,1,48,1,9.0,160,3,20.0,161,0
0.48,0.56,1,0,0,1,62,1,10.0,160,3,20.0,161,0
0.48,0.56,1,0,0,1,64,1,11.0,160,3,20.0,161,0
0.48,0.56,1,0,0,1,74,1,12.0,160,3,20.0,161,0
0.48,0.56,1,0,0,1,86,3,13.0,160,3,20.0,161,0
0.48,0.56,1,0,0,1,97,3,14.0,160,3,20.0,161,0
0.48,0.56,1,0,0,1,104,3,15.0,160,3,20.0,161,0
0.48,0.56,1,0,0,1,114,3,16.0,160,3,20.0,161,0
0.48,0.56,1,0,0,1,119,6,17.0,160,3,20.0,161,0
0.48,0.56,1,0,0,1,133,6,18.0,160,3,20.0,161,0
0.48,0.56,1,0,0,1,137,6,19.0,160,3,20.0,161,0
0.48,0.56,1,0,0,1,154,6,20.0,160,3,20.0,161,0
0.35,0.43,0,1,1,0,0,0,0.0,3,0,1.0,0,0
0.35,0.43,0,1,1,0,0,0,0.0,20,0,2.0,0,0
0.35,0.43,0,1,1,0,0,0,0.0,25,1,3.0,0,0
0.35,0.43,0,1,1,0,0,0,0.0,29,1,4.0,0,0
0.35,0.43,0,1,1,0,0,0,0.0,32,1,5.0,0,0
0.35,0.43,0,1,1,0,0,0,0.0,43,1,6.0,0,0
0.35,0.43,0,1,1,0,0,0,0.0,53,1,7.0,0,0
0.35,0.43,0,1,1,0,0,0,0.0,62,1,8.0,0,0
0.35,0.43,0,1,1,0,0,0,0.0,66,2,9.0,0,0
0.35,0.43,0,1,1,0,0,0,0.0,74,2,10.0,0,0
0.35,0.43,0,1,1,0,0,0,0.0,80,2,11.0,0,0
0.35,0.43,0,1,1,0,0,0,0.0,90,2,12.0,0,0
0.35,0.43,0,1,1,0,0,0,0.0,106,2,13.0,0,0
0.35,0.43,0,1,1,0,0,0,0.0,114,2,14.0,0,0
0.35,0.43,0,1,1,0,0,0,0.0,126,2,15.0,0,0
0.35,0.43,0,1,1,0,0,0,0.0,134,2,16.0,0,0
0.35,0.43,0,1,1,0,0,0,0.0,145,2,17.0,0,0
0.35,0.43,0,1,1,0,0,0,0.0,149,2,18.0,0,0
0.35,0.43,0,1,1,0,0,0,0.0,155,2,19.0,0,0
0.35,0.43,0,1,1,0,0,0,0.0,159,2,20.0,0,0
0.35,0.43,0,1,0,1,9,1,1.0,159,2,20.0,160,0
0.35,0.43,0,1,0,1,19,1,2.0,159,2,20.0,160,0
0.35,0.43,0,1,0,1,31,1,3.0,159,2,20.0,160,0
0.35,0.43,0,1,0,1,31,1,4.0,159,2,20.0,160,0
0.35,0.43,0,1,0,1,36,2,5.0,159,2,20.0,160,0
0.35,0.43,0,1,0,1,43,2,6.0,159,2,20.0,160,0
0.35,0.43,0,1,0,1,48,2,7.0,159,2,20.0,160,0
0.35,0.43,0,1,0,1,53,2,8.0,159,2,20.0,160,0
0.35,0.43,0,1,0,1,60,2,9.0,159,2,20.0,160,0
0.35,0.43,0,1,0,1,64,2,10.0,159,2,20.0,160,0
0.35,0.43,0,1,0,1,71,3,11.0,159,2,20.0,160,0
0.35,0.43,0,1,0,1,76,4,12.0,159,2,20.0,160,0
0.35,0.43,0,1,0,1,80,4,13.0,159,2,20.0,160,0
0.35,0.43,0,1,0,1,90,4,14.0,159,2,20.0,160,0
0.35,0.43,0,1,0,1,95,6,15.0,159,2,20.0,160,0
0.35,0.43,0,1,0,1,101,6,16.0,159,2,20.0,160,0
0.35,0.43,0,1,0,1,105,7,17.0,159,2,20.0,160,0
0.35,0.43,0,1,0,1,121,8,18.0,159,2,20.0,160,0
0.35,0.43,0,1,0,1,140,9,19.0,159,2,20.0,160,0
0.35,0.43,0,1,0,1,140,10,19.33,159,2,20.0,160,0
0.64,0.62,1,1,1,1,6,0,1.0,0,0,0.0,0,0
0.64,0.62,1,1,1,1,8,1,2.0,0,0,0.0,0,0
0.64,0.62,1,1,1,1,19,1,3.0,0,0,0.0,0,0
0.64,0.62,1,1,1,1,26,1,4.0,0,0,0.0,0,0
0.64,0.62,1,1,1,1,29,1,5.0,0,0,0.0,0,0
0.64,0.62,1,1,1,1,36,1,6.0,0,0,0.0,0,0
0.64,0.62,1,1,1,1,47,1,7.0,0,0,0.0,0,0
0.64,0.62,1,1,1,1,55,2,8.0,0,0,0.0,0,0
0.64,0.62,1,1,1,1,58,2,9.0,0,0,0.0,0,0
0.64,0.62,1,1,1,1,69,2,10.0,0,0,0.0,0,0
0.64,0.62,1,1,1,1,74,2,11.0,0,0,0.0,0,0
0.64,0.62,1,1,1,1,82,2,12.0,0,0,0.0,0,0
0.64,0.62,1,1,1,1,91,2,13.0,0,0,0.0,0,0
0.64,0.62,1,1,1,1,97,2,14.0,0,0,0.0,0,0
0.64,0.62,1,1,1,1,105,2,15.0,0,0,0.0,0,0
0.64,0.62,1,1,1,1,106,3,16.0,0,0,0.0,0,0
0.64,0.62,1,1,1,1,113,3,17.0,0,0,0.0,0,0
0.64,0.62,1,1,1,1,116,4,18.0,0,0,0.0,0,0
0.64,0.62,1,1,1,1,124,4,19.0,0,0,0.0,0,0
0.64,0.62,1,1,1,1,128,4,20.0,0,0,0.0,0,0
0.64,0.62,1,1,0,0,128,4,20.0,3,0,1.0,129,0
0.64,0.62,1,1,0,0,128,4,20.0,7,1,2.0,129,0
0.64,0.62,1,1,0,0,128,4,20.0,9,1,3.0,129,0
0.64,0.62,1,1,0,0,128,4,20.0,17,2,4.0,129,0
0.64,0.62,1,1,0,0,128,4,20.0,21,2,5.0,129,0
0.64,0.62,1,1,0,0,128,4,20.0,28,2,6.0,129,0
0.64,0.62,1,1,0,0,128,4,20.0,37,2,7.0,129,0
0.64,0.62,1,1,0,0,128,4,20.0,47,2,8.0,129,0
0.64,0.62,1,1,0,0,128,4,20.0,50,3,9.0,129,0
0.64,0.62,1,1,0,0,128,4,20.0,62,3,10.0,129,0
0.64,0.62,1,1,0,0,128,4,20.0,72,3,11.0,129,0
0.64,0.62,1,1,0,0,128,4,20.0,82,3,12.0,129,0
0.64,0.62,1,1,0,0,128,4,20.0,92,3,13.0,129,0
0.64,0.62,1,1,0,0,128,4,20.0,102,3,14.0,129,0
0.64,0.62,1,1,0,0,128,4,20.0,103,3,15.0,129,0
0.64,0.62,1,1,0,0,128,4,20.0,105,3,16.0,129,0
0.64,0.62,1,1,0,0,128,4,20.0,112,3,17.0,129,0
0.64,0.62,1,1,0,0,128,4,20.0,116,3,18.0,129,0
0.64,0.62,1,1,0,0,128,4,20.0,124,3,19.0,129,0
0.64,0.62,1,1,0,0,128,4,20.0,130,3,19.17,129,0
0.43,0.65,1,1,1,1,10,0,1.0,0,0,0.0,0,0
0.43,0.65,1,1,1,1,16,0,2.0,0,0,0.0,0,0
0.43,0.65,1,1,1,1,19,0,3.0,0,0,0.0,0,0
0.43,0.65,1,1,1,1,29,1,4.0,0,0,0.0,0,0
0.43,0.65,1,1,1,1,31,1,5.0,0,0,0.0,0,0
0.43,0.65,1,1,1,1,34,1,6.0,0,0,0.0,0,0
0.43,0.65,1,1,1,1,49,1,7.0,0,0,0.0,0,0
0.43,0.65,1,1,1,1,57,1,8.0,0,0,0.0,0,0
0.43,0.65,1,1,1,1,67,2,9.0,0,0,0.0,0,0
0.43,0.65,1,1,1,1,70,4,10.0,0,0,0.0,0,0
0.43,0.65,1,1,1,1,88,4,11.0,0,0,0.0,0,0
0.43,0.65,1,1,1,1,99,4,12.0,0,0,0.0,0,0
0.43,0.65,1,1,1,1,103,4,13.0,0,0,0.0,0,0
0.43,0.65,1,1,1,1,105,4,14.0,0,0,0.0,0,0
0.43,0.65,1,1,1,1,108,4,15.0,0,0,0.0,0,0
0.43,0.65,1,1,1,1,111,4,16.0,0,0,0.0,0,0
0.43,0.65,1,1,1,1,118,4,17.0,0,0,0.0,0,0
0.43,0.65,1,1,1,1,122,5,18.0,0,0,0.0,0,0
0.43,0.65,1,1,1,1,131,5,19.0,0,0,0.0,0,0
0.43,0.65,1,1,1,1,134,5,20.0,0,0,0.0,0,0
0.43,0.65,1,1,0,0,134,5,20.0,17,0,1.0,135,0
0.43,0.65,1,1,0,0,134,5,20.0,21,0,2.0,135,0
0.43,0.65,1,1,0,0,134,5,20.0,27,0,3.0,135,0
0.43,0.65,1,1,0,0,134,5,20.0,42,0,4.0,135,0
0.43,0.65,1,1,0,0,134,5,20.0,48,0,5.0,135,0
0.43,0.65,1,1,0,0,134,5,20.0,62,0,6.0,135,0
0.43,0.65,1,1,0,0,134,5,20.0,68,1,7.0,135,0
0.43,0.65,1,1,0,0,134,5,20.0,75,2,8.0,135,0
0.43,0.65,1,1,0,0,134,5,20.0,81,2,9.0,135,0
0.43,0.65,1,1,0,0,134,5,20.0,85,2,10.0,135,0
0.43,0.65,1,1,0,0,134,5,20.0,89,2,11.0,135,0
0.43,0.65,1,1,0,0,134,5,20.0,95,2,12.0,135,0
0.43,0.65,1,1,0,0,134,5,20.0,108,3,13.0,135,0
0.43,0.65,1,1,0,0,134,5,20.0,114,3,14.0,135,0
0.43,0.65,1,1,0,0,134,5,20.0,120,3,15.0,135,0
0.43,0.65,1,1,0,0,134,5,20.0,127,3,16.0,135,0
0.43,0.65,1,1,0,0,134,5,20.0,135,3,16.83,135,0
0.63,0.52,1,1,1,1,6,0,1.0,0,0,0.0,0,0
0.63,0.52,1,1,1,1,8,1,2.0,0,0,0.0,0,0
0.63,0.52,1,1,1,1,15,1,3.0,0,0,0.0,0,0
0.63,0.52,1,1,1,1,33,1,4.0,0,0,0.0,0,0
0.63,0.52,1,1,1,1,44,2,5.0,0,0,0.0,0,0
0.63,0.52,1,1,1,1,52,3,6.0,0,0,0.0,0,0
0.63,0.52,1,1,1,1,53,5,7.0,0,0,0.0,0,0
0.63,0.52,1,1,1,1,58,5,8.0,0,0,0.0,0,0
0.63,0.52,1,1,1,1,75,5,9.0,0,0,0.0,0,0
0.63,0.52,1,1,1,1,83,5,10.0,0,0,0.0,0,0
0.63,0.52,1,1,1,1,96,6,11.0,0,0,0.0,0,0
0.63,0.52,1,1,1,1,100,6,12.0,0,0,0.0,0,0
0.63,0.52,1,1,1,1,103,6,13.0,0,0,0.0,0,0
0.63,0.52,1,1,1,1,108,6,14.0,0,0,0.0,0,0
0.63,0.52,1,1,1,1,114,7,15.0,0,0,0.0,0,0
0.63,0.52,1,1,1,1,132,7,16.0,0,0,0.0,0,0
0.63,0.52,1,1,1,1,140,7,17.0,0,0,0.0,0,0
0.63,0.52,1,1,1,1,148,7,18.0,0,0,0.0,0,0
0.63,0.52,1,1,1,1,161,9,19.0,0,0,0.0,0,0
0.63,0.52,1,1,1,1,173,9,20.0,0,0,0.0,0,0
0.63,0.52,1,1,0,0,173,9,20.0,2,0,1.0,174,0
0.63,0.52,1,1,0,0,173,9,20.0,10,0,2.0,174,0
0.63,0.52,1,1,0,0,173,9,20.0,16,0,3.0,174,0
0.63,0.52,1,1,0,0,173,9,20.0,25,0,4.0,174,0
0.63,0.52,1,1,0,0,173,9,20.0,32,0,5.0,174,0
0.63,0.52,1,1,0,0,173,9,20.0,39,0,6.0,174,0
0.63,0.52,1,1,0,0,173,9,20.0,42,0,7.0,174,0
0.63,0.52,1,1,0,0,173,9,20.0,54,0,8.0,174,0
0.63,0.52,1,1,0,0,173,9,20.0,65,0,9.0,174,0
0.63,0.52,1,1,0,0,173,9,20.0,69,0,10.0,174,0
0.63,0.52,1,1,0,0,173,9,20.0,75,0,11.0,174,0
0.63,0.52,1,1,0,0,173,9,20.0,84,1,12.0,174,0
0.63,0.52,1,1,0,0,173,9,20.0,97,2,13.0,174,0
0.63,0.52,1,1,0,0,173,9,20.0,106,4,14.0,174,0
0.63,0.52,1,1,0,0,173,9,20.0,120,4,15.0,174,0
0.63,0.52,1,1,0,0,173,9,20.0,132,4,16.0,174,0
0.63,0.52,1,1,0,0,173,9,20.0,140,4,17.0,174,0
0.63,0.52,1,1,0,0,173,9,20.0,156,4,18.0,174,0
0.63,0.52,1,1,0,0,173,9,20.0,166,6,19.0,174,0
0.63,0.52,1,1,0,0,173,9,20.0,174,7,20.0,174,0
0.51,0.59,1,0,1,0,0,0,0.0,14,0,1.0,0,0
0.51,0.59,1,0,1,0,0,0,0.0,26,0,2.0,0,0
0.51,0.59,1,0,1,0,0,0,0.0,34,0,3.0,0,0
0.51,0.59,1,0,1,0,0,0,0.0,44,0,4.0,0,0
0.51,0.59,1,0,1,0,0,0,0.0,51,0,5.0,0,0
0.51,0.59,1,0,1,0,0,0,0.0,56,0,6.0,0,0
0.51,0.59,1,0,1,0,0,0,0.0,63,0,7.0,0,0
0.51,0.59,1,0,1,0,0,0,0.0,69,0,8.0,0,0
0.51,0.59,1,0,1,0,0,0,0.0,71,0,9.0,0,0
0.51,0.59,1,0,1,0,0,0,0.0,88,0,10.0,0,0
0.51,0.59,1,0,1,0,0,0,0.0,98,2,11.0,0,0
0.51,0.59,1,0,1,0,0,0,0.0,107,2,12.0,0,0
0.51,0.59,1,0,1,0,0,0,0.0,114,2,13.0,0,0
0.51,0.59,1,0,1,0,0,0,0.0,118,3,14.0,0,0
0.51,0.59,1,0,1,0,0,0,0.0,131,3,15.0,0,0
0.51,0.59,1,0,1,0,0,0,0.0,139,3,16.0,0,0
0.51,0.59,1,0,1,0,0,0,0.0,142,3,17.0,0,0
0.51,0.59,1,0,1,0,0,0,0.0,151,3,18.0,0,0
0.51,0.59,1,0,1,0,0,0,0.0,163,3,19.0,0,0
0.51,0.59,1,0,1,0,0,0,0.0,176,3,20.0,0,0
0.51,0.59,1,0,0,1,1,1,1.0,176,3,20.0,177,0
0.51,0.59,1,0,0,1,6,1,2.0,176,3,20.0,177,0
0.51,0.59,1,0,0,1,12,2,3.0,176,3,20.0,177,0
0.51,0.59,1,0,0,1,13,3,4.0,176,3,20.0,177,0
0.51,0.59,1,0,0,1,27,3,5.0,176,3,20.0,177,0
0.51,0.59,1,0,0,1,41,3,6.0,176,3,20.0,177,0
0.51,0.59,1,0,0,1,53,4,7.0,176,3,20.0,177,0
0.51,0.59,1,0,0,1,68,4,8.0,176,3,20.0,177,0
0.51,0.59,1,0,0,1,75,4,9.0,176,3,20.0,177,0
0.51,0.59,1,0,0,1,84,5,10.0,176,3,20.0,177,0
0.51,0.59,1,0,0,1,97,5,11.0,176,3,20.0,177,0
0.51,0.59,1,0,0,1,100,5,12.0,176,3,20.0,177,0
0.51,0.59,1,0,0,1,104,5,13.0,176,3,20.0,177,0
0.51,0.59,1,0,0,1,113,6,14.0,176,3,20.0,177,0
0.51,0.59,1,0,0,1,118,6,15.0,176,3,20.0,177,0
0.51,0.59,1,0,0,1,132,7,16.0,176,3,20.0,177,0
0.51,0.59,1,0,0,1,136,7,17.0,176,3,20.0,177,0
0.51,0.59,1,0,0,1,155,7,18.0,176,3,20.0,177,0
0.51,0.59,1,0,0,1,163,7,19.0,176,3,20.0,177,0
0.51,0.59,1,0,0,1,176,7,20.0,176,3,20.0,177,0
0.6,0.49,1,0,1,0,0,0,0.0,8,1,1.0,0,1
0.6,0.49,1,0,1,0,0,0,0.0,16,1,2.0,0,1
0.6,0.49,1,0,1,0,0,0,0.0,25,1,3.0,0,1
0.6,0.49,1,0,1,0,0,0,0.0,36,1,4.0,0,1
0.6,0.49,1,0,1,0,0,0,0.0,44,1,5.0,0,1
0.6,0.49,1,0,1,0,0,0,0.0,54,1,6.0,0,1
0.6,0.49,1,0,1,0,0,0,0.0,61,2,7.0,0,1
0.6,0.49,1,0,1,0,0,0,0.0,65,2,8.0,0,1
0.6,0.49,1,0,1,0,0,0,0.0,68,2,9.0,0,1
0.6,0.49,1,0,1,0,0,0,0.0,76,2,10.0,0,1
0.6,0.49,1,0,1,0,0,0,0.0,78,2,11.0,0,1
0.6,0.49,1,0,1,0,0,0,0.0,80,3,12.0,0,1
0.6,0.49,1,0,1,0,0,0,0.0,84,3,13.0,0,1
0.6,0.49,1,0,1,0,0,0,0.0,98,3,14.0,0,1
0.6,0.49,1,0,1,0,0,0,0.0,102,3,15.0,0,1
0.6,0.49,1,0,1,0,0,0,0.0,110,3,16.0,0,1
0.6,0.49,1,0,1,0,0,0,0.0,118,3,17.0,0,1
0.6,0.49,1,0,1,0,0,0,0.0,121,4,18.0,0,1
0.6,0.49,1,0,1,0,0,0,0.0,131,4,19.0,0,1
0.6,0.49,1,0,1,0,0,0,0.0,137,4,20.0,0,1
0.6,0.49,1,0,0,1,6,1,1.0,137,4,20.0,138,1
0.6,0.49,1,0,0,1,11,1,2.0,137,4,20.0,138,1
0.6,0.49,1,0,0,1,19,1,3.0,137,4,20.0,138,1
0.6,0.49,1,0,0,1,27,1,4.0,137,4,20.0,138,1
0.6,0.49,1,0,0,1,36,1,5.0,137,4,20.0,138,1
0.6,0.49,1,0,0,1,41,1,6.0,137,4,20.0,138,1
0.6,0.49,1,0,0,1,48,1,7.0,137,4,20.0,138,1
0.6,0.49,1,0,0,1,56,1,8.0,137,4,20.0,138,1
0.6,0.49,1,0,0,1,64,1,9.0,137,4,20.0,138,1
0.6,0.49,1,0,0,1,73,1,10.0,137,4,20.0,138,1
0.6,0.49,1,0,0,1,88,1,11.0,137,4,20.0,138,1
0.6,0.49,1,0,0,1,96,1,12.0,137,4,20.0,138,1
0.6,0.49,1,0,0,1,104,1,13.0,137,4,20.0,138,1
0.6,0.49,1,0,0,1,108,1,14.0,137,4,20.0,138,1
0.6,0.49,1,0,0,1,112,2,15.0,137,4,20.0,138,1
0.6,0.49,1,0,0,1,113,2,16.0,137,4,20.0,138,1
0.6,0.49,1,0,0,1,125,2,17.0,137,4,20.0,138,1
0.6,0.49,1,0,0,1,139,2,18.0,137,4,20.0,138,1
0.39,0.62,1,1,1,1,8,0,1.0,0,0,0.0,0,0
0.39,0.62,1,1,1,1,20,0,2.0,0,0,0.0,0,0
0.39,0.62,1,1,1,1,30,0,3.0,0,0,0.0,0,0
0.39,0.62,1,1,1,1,32,0,4.0,0,0,0.0,0,0
0.39,0.62,1,1,1,1,37,1,5.0,0,0,0.0,0,0
0.39,0.62,1,1,1,1,41,1,6.0,0,0,0.0,0,0
0.39,0.62,1,1,1,1,49,1,7.0,0,0,0.0,0,0
0.39,0.62,1,1,1,1,49,3,8.0,0,0,0.0,0,0
0.39,0.62,1,1,1,1,55,3,9.0,0,0,0.0,0,0
0.39,0.62,1,1,1,1,60,3,10.0,0,0,0.0,0,0
0.39,0.62,1,1,1,1,61,4,11.0,0,0,0.0,0,0
0.39,0.62,1,1,1,1,67,4,12.0,0,0,0.0,0,0
0.39,0.62,1,1,1,1,72,4,13.0,0,0,0.0,0,0
0.39,0.62,1,1,1,1,79,4,14.0,0,0,0.0,0,0
0.39,0.62,1,1,1,1,92,4,15.0,0,0,0.0,0,0
0.39,0.62,1,1,1,1,96,4,16.0,0,0,0.0,0,0
0.39,0.62,1,1,1,1,98,5,17.0,0,0,0.0,0,0
0.39,0.62,1,1,1,1,101,8,18.0,0,0,0.0,0,0
0.39,0.62,1,1,1,1,112,8,19.0,0,0,0.0,0,0
0.39,0.62,1,1,1,1,116,8,20.0,0,0,0.0,0,0
0.39,0.62,1,1,0,0,116,8,20.0,11,0,1.0,117,0
0.39,0.62,1,1,0,0,116,8,20.0,25,0,2.0,117,0
0.39,0.62,1,1,0,0,116,8,20.0,35,0,3.0,117,0
0.39,0.62,1,1,0,0,116,8,20.0,39,1,4.0,117,0
0.39,0.62,1,1,0,0,116,8,20.0,46,1,5.0,117,0
0.39,0.62,1,1,0,0,116,8,20.0,59,1,6.0,117,0
0.39,0.62,1,1,0,0,116,8,20.0,70,2,7.0,117,0
0.39,0.62,1,1,0,0,116,8,20.0,92,2,8.0,117,0
0.39,0.62,1,1,0,0,116,8,20.0,100,2,9.0,117,0
0.39,0.62,1,1,0,0,116,8,20.0,116,2,10.0,117,0
0.39,0.62,1,1,0,0,116,8,20.0,118,2,10.17,117,0
0.36,0.6,0,0,1,1,5,0,1.0,0,0,0.0,0,0
0.36,0.6,0,0,1,1,21,1,2.0,0,0,0.0,0,0
0.36,0.6,0,0,1,1,27,1,3.0,0,0,0.0,0,0
0.36,0.6,0,0,1,1,36,1,4.0,0,0,0.0,0,0
0.36,0.6,0,0,1,1,43,1,5.0,0,0,0.0,0,0
0.36,0.6,0,0,1,1,45,1,6.0,0,0,0.0,0,0
0.36,0.6,0,0,1,1,52,1,7.0,0,0,0.0,0,0
0.36,0.6,0,0,1,1,60,1,8.0,0,0,0.0,0,0
0.36,0.6,0,0,1,1,62,1,9.0,0,0,0.0,0,0
0.36,0.6,0,0,1,1,68,2,10.0,0,0,0.0,0,0
0.36,0.6,0,0,1,1,72,2,11.0,0,0,0.0,0,0
0.36,0.6,0,0,1,1,77,3,12.0,0,0,0.0,0,0
0.36,0.6,0,0,1,1,85,3,13.0,0,0,0.0,0,0
0.36,0.6,0,0,1,1,93,3,14.0,0,0,0.0,0,0
0.36,0.6,0,0,1,1,101,3,15.0,0,0,0.0,0,0
0.36,0.6,0,0,1,1,104,3,16.0,0,0,0.0,0,0
0.36,0.6,0,0,1,1,107,3,17.0,0,0,0.0,0,0
0.36,0.6,0,0,1,1,111,4,18.0,0,0,0.0,0,0
0.36,0.6,0,0,1,1,114,5,19.0,0,0,0.0,0,0
0.36,0.6,0,0,1,1,116,6,20.0,0,0,0.0,0,0
0.36,0.6,0,0,0,0,116,6,20.0,6,0,1.0,117,0
0.36,0.6,0,0,0,0,116,6,20.0,18,0,2.0,117,0
0.36,0.6,0,0,0,0,116,6,20.0,29,0,3.0,117,0
0.36,0.6,0,0,0,0,116,6,20.0,31,0,4.0,117,0
0.36,0.6,0,0,0,0,116,6,20.0,35,0,5.0,117,0
0.36,0.6,0,0,0,0,116,6,20.0,47,0,6.0,117,0
0.36,0.6,0,0,0,0,116,6,20.0,57,0,7.0,117,0
0.36,0.6,0,0,0,0,116,6,20.0,62,0,8.0,117,0
0.36,0.6,0,0,0,0,116,6,20.0,66,1,9.0,117,0
0.36,0.6,0,0,0,0,116,6,20.0,82,2,10.0,117,0
0.36,0.6,0,0,0,0,116,6,20.0,93,2,11.0,117,0
0.36,0.6,0,0,0,0,116,6,20.0,96,2,12.0,117,0
0.36,0.6,0,0,0,0,116,6,20.0,108,2,13.0,117,0
0.36,0.6,0,0,0,0,116,6,20.0,115,3,14.0,117,0
0.36,0.6,0,0,0,0,116,6,20.0,119,3,14.17,117,0
0.56,0.62,0,0,1,1,3,0,1.0,0,0,0.0,0,0
0.56,0.62,0,0,1,1,7,0,2.0,0,0,0.0,0,0
0.56,0.62,0,0,1,1,22,0,3.0,0,0,0.0,0,0
0.56,0.62,0,0,1,1,29,0,4.0,0,0,0.0,0,0
0.56,0.62,0,0,1,1,37,0,5.0,0,0,0.0,0,0
0.56,0.62,0,0,1,1,46,0,6.0,0,0,0.0,0,0
0.56,0.62,0,0,1,1,51,1,7.0,0,0,0.0,0,0
0.56,0.62,0,0,1,1,55,2,8.0,0,0,0.0,0,0
0.56,0.62,0,0,1,1,63,2,9.0,0,0,0.0,0,0
0.56,0.62,0,0,1,1,76,2,10.0,0,0,0.0,0,0
0.56,0.62,0,0,1,1,80,3,11.0,0,0,0.0,0,0
0.56,0.62,0,0,1,1,84,3,12.0,0,0,0.0,0,0
0.56,0.62,0,0,1,1,87,3,13.0,0,0,0.0,0,0
0.56,0.62,0,0,1,1,91,3,14.0,0,0,0.0,0,0
0.56,0.62,0,0,1,1,93,4,15.0,0,0,0.0,0,0
0.56,0.62,0,0,1,1,107,4,16.0,0,0,0.0,0,0
0.56,0.62,0,0,1,1,115,4,17.0,0,0,0.0,0,0
0.56,0.62,0,0,1,1,119,4,18.0,0,0,0.0,0,0
0.56,0.62,0,0,1,1,127,4,19.0,0,0,0.0,0,0
0.56,0.62,0,0,1,1,127,4,20.0,0,0,0.0,0,0
0.56,0.62,0,0,0,0,127,4,20.0,4,0,1.0,128,0
0.56,0.62,0,0,0,0,127,4,20.0,5,1,2.0,128,0
0.56,0.62,0,0,0,0,127,4,20.0,16,1,3.0,128,0
0.56,0.62,0,0,0,0,127,4,20.0,26,1,4.0,128,0
0.56,0.62,0,0,0,0,127,4,20.0,33,1,5.0,128,0
0.56,0.62,0,0,0,0,127,4,20.0,40,1,6.0,128,0
0.56,0.62,0,0,0,0,127,4,20.0,53,1,7.0,128,0
0.56,0.62,0,0,0,0,127,4,20.0,62,2,8.0,128,0
0.56,0.62,0,0,0,0,127,4,20.0,68,2,9.0,128,0
0.56,0.62,0,0,0,0,127,4,20.0,79,2,10.0,128,0
0.56,0.62,0,0,0,0,127,4,20.0,87,2,11.0,128,0
0.56,0.62,0,0,0,0,127,4,20.0,91,2,12.0,128,0
0.56,0.62,0,0,0,0,127,4,20.0,92,2,13.0,128,0
0.56,0.62,0,0,0,0,127,4,20.0,106,2,14.0,128,0
0.56,0.62,0,0,0,0,127,4,20.0,108,2,15.0,128,0
0.56,0.62,0,0,0,0,127,4,20.0,113,2,16.0,128,0
0.56,0.62,0,0,0,0,127,4,20.0,116,2,17.0,128,0
0.56,0.62,0,0,0,0,127,4,20.0,124,2,18.0,128,0
0.56,0.62,0,0,0,0,127,4,20.0,128,2,18.17,128,0
0.47,0.54,1,0,1,0,0,0,0.0,8,0,1.0,0,1
0.47,0.54,1,0,1,0,0,0,0.0,20,1,2.0,0,1
0.47,0.54,1,0,1,0,0,0,0.0,23,1,3.0,0,1
0.47,0.54,1,0,1,0,0,0,0.0,31,1,4.0,0,1
0.47,0.54,1,0,1,0,0,0,0.0,44,2,5.0,0,1
0.47,0.54,1,0,1,0,0,0,0.0,46,3,6.0,0,1
0.47,0.54,1,0,1,0,0,0,0.0,51,3,7.0,0,1
0.47,0.54,1,0,1,0,0,0,0.0,56,3,8.0,0,1
0.47,0.54,1,0,1,0,0,0,0.0,66,3,9.0,0,1
0.47,0.54,1,0,1,0,0,0,0.0,76,3,10.0,0,1
0.47,0.54,1,0,1,0,0,0,0.0,82,3,11.0,0,1
0.47,0.54,1,0,1,0,0,0,0.0,87,3,12.0,0,1
0.47,0.54,1,0,1,0,0,0,0.0,108,3,13.0,0,1
0.47,0.54,1,0,1,0,0,0,0.0,118,3,14.0,0,1
0.47,0.54,1,0,1,0,0,0,0.0,128,4,15.0,0,1
0.47,0.54,1,0,1,0,0,0,0.0,135,4,16.0,0,1
0.47,0.54,1,0,1,0,0,0,0.0,135,6,17.0,0,1
0.47,0.54,1,0,1,0,0,0,0.0,146,6,18.0,0,1
0.47,0.54,1,0,1,0,0,0,0.0,156,6,19.0,0,1
0.47,0.54,1,0,1,0,0,0,0.0,164,6,20.0,0,1
0.47,0.54,1,0,0,1,12,0,1.0,164,6,20.0,165,1
0.47,0.54,1,0,0,1,19,0,2.0,164,6,20.0,165,1
0.47,0.54,1,0,0,1,26,1,3.0,164,6,20.0,165,1
0.47,0.54,1,0,0,1,36,1,4.0,164,6,20.0,165,1
0.47,0.54,1,0,0,1,41,1,5.0,164,6,20.0,165,1
0.47,0.54,1,0,0,1,50,1,6.0,164,6,20.0,165,1
0.47,0.54,1,0,0,1,57,1,7.0,164,6,20.0,165,1
0.47,0.54,1,0,0,1,66,2,8.0,164,6,20.0,165,1
0.47,0.54,1,0,0,1,75,2,9.0,164,6,20.0,165,1
0.47,0.54,1,0,0,1,85,2,10.0,164,6,20.0,165,1
0.47,0.54,1,0,0,1,89,3,11.0,164,6,20.0,165,1
0.47,0.54,1,0,0,1,101,3,12.0,164,6,20.0,165,1
0.47,0.54,1,0,0,1,108,4,13.0,164,6,20.0,165,1
0.47,0.54,1,0,0,1,115,4,14.0,164,6,20.0,165,1
0.47,0.54,1,0,0,1,120,4,15.0,164,6,20.0,165,1
0.47,0.54,1,0,0,1,129,4,16.0,164,6,20.0,165,1
0.47,0.54,1,0,0,1,136,4,17.0,164,6,20.0,165,1
0.47,0.54,1,0,0,1,144,4,18.0,164,6,20.0,165,1
0.47,0.54,1,0,0,1,152,5,19.0,164,6,20.0,165,1
0.47,0.54,1,0,0,1,167,5,19.83,164,6,20.0,165,1
0.35,0.43,0,0,1,1,9,0,1.0,0,0,0.0,0,0
0.35,0.43,0,0,1,1,15,0,2.0,0,0,0.0,0,0
0.35,0.43,0,0,1,1,18,0,3.0,0,0,0.0,0,0
0.35,0.43,0,0,1,1,21,0,4.0,0,0,0.0,0,0
0.35,0.43,0,0,1,1,28,0,5.0,0,0,0.0,0,0
0.35,0.43,0,0,1,1,47,0,6.0,0,0,0.0,0,0
0.35,0.43,0,0,1,1,49,0,7.0,0,0,0.0,0,0
0.35,0.43,0,0,1,1,62,0,8.0,0,0,0.0,0,0
0.35,0.43,0,0,1,1,72,0,9.0,0,0,0.0,0,0
0.35,0.43,0,0,1,1,75,0,10.0,0,0,0.0,0,0
0.35,0.43,0,0,1,1,96,0,11.0,0,0,0.0,0,0
0.35,0.43,0,0,1,1,97,1,12.0,0,0,0.0,0,0
0.35,0.43,0,0,1,1,107,1,13.0,0,0,0.0,0,0
0.35,0.43,0,0,1,1,115,1,14.0,0,0,0.0,0,0
0.35,0.43,0,0,1,1,125,1,15.0,0,0,0.0,0,0
0.35,0.43,0,0,1,1,131,1,16.0,0,0,0.0,0,0
0.35,0.43,0,0,1,1,142,1,17.0,0,0,0.0,0,0
0.35,0.43,0,0,1,1,146,1,18.0,0,0,0.0,0,0
0.35,0.43,0,0,1,1,151,1,19.0,0,0,0.0,0,0
0.35,0.43,0,0,1,1,153,2,20.0,0,0,0.0,0,0
0.35,0.43,0,0,0,0,153,2,20.0,9,0,1.0,154,0
0.35,0.43,0,0,0,0,153,2,20.0,19,0,2.0,154,0
0.35,0.43,0,0,0,0,153,2,20.0,23,1,3.0,154,0
0.35,0.43,0,0,0,0,153,2,20.0,24,1,4.0,154,0
0.35,0.43,0,0,0,0,153,2,20.0,31,3,5.0,154,0
0.35,0.43,0,0,0,0,153,2,20.0,37,3,6.0,154,0
0.35,0.43,0,0,0,0,153,2,20.0,48,4,7.0,154,0
0.35,0.43,0,0,0,0,153,2,20.0,62,4,8.0,154,0
0.35,0.43,0,0,0,0,153,2,20.0,76,5,9.0,154,0
0.35,0.43,0,0,0,0,153,2,20.0,84,6,10.0,154,0
0.35,0.43,0,0,0,0,153,2,20.0,99,6,11.0,154,0
0.35,0.43,0,0,0,0,153,2,20.0,117,6,12.0,154,0
0.35,0.43,0,0,0,0,153,2,20.0,122,6,13.0,154,0
0.35,0.43,0,0,0,0,153,2,20.0,131,6,14.0,154,0
0.35,0.43,0,0,0,0,153,2,20.0,151,6,15.0,154,0
0.35,0.43,0,0,0,0,153,2,20.0,155,6,15.17,154,0
0.63,0.37,0,0,1,1,13,0,1.0,0,0,0.0,0,1
0.63,0.37,0,0,1,1,20,0,2.0,0,0,0.0,0,1
0.63,0.37,0,0,1,1,26,0,3.0,0,0,0.0,0,1
0.63,0.37,0,0,1,1,30,0,4.0,0,0,0.0,0,1
0.63,0.37,0,0,1,1,40,1,5.0,0,0,0.0,0,1
0.63,0.37,0,0,1,1,50,1,6.0,0,0,0.0,0,1
0.63,0.37,0,0,1,1,56,1,7.0,0,0,0.0,0,1
0.63,0.37,0,0,1,1,60,2,8.0,0,0,0.0,0,1
0.63,0.37,0,0,1,1,68,2,9.0,0,0,0.0,0,1
0.63,0.37,0,0,1,1,69,2,10.0,0,0,0.0,0,1
0.63,0.37,0,0,1,1,71,3,11.0,0,0,0.0,0,1
0.63,0.37,0,0,1,1,75,3,12.0,0,0,0.0,0,1
0.63,0.37,0,0,1,1,86,3,13.0,0,0,0.0,0,1
0.63,0.37,0,0,1,1,93,6,14.0,0,0,0.0,0,1
0.63,0.37,0,0,1,1,108,6,15.0,0,0,0.0,0,1
0.63,0.37,0,0,1,1,115,6,16.0,0,0,0.0,0,1
0.63,0.37,0,0,1,1,123,6,17.0,0,0,0.0,0,1
0.63,0.37,0,0,1,1,130,6,18.0,0,0,0.0,0,1
0.63,0.37,0,0,1,1,133,6,19.0,0,0,0.0,0,1
0.63,0.37,0,0,1,1,140,6,20.0,0,0,0.0,0,1
0.63,0.37,0,0,0,0,140,6,20.0,8,0,1.0,141,1
0.63,0.37,0,0,0,0,140,6,20.0,16,1,2.0,141,1
0.63,0.37,0,0,0,0,140,6,20.0,20,1,3.0,141,1
0.63,0.37,0,0,0,0,140,6,20.0,21,1,4.0,141,1
0.63,0.37,0,0,0,0,140,6,20.0,30,2,5.0,141,1
0.63,0.37,0,0,0,0,140,6,20.0,37,2,6.0,141,1
0.63,0.37,0,0,0,0,140,6,20.0,43,2,7.0,141,1
0.63,0.37,0,0,0,0,140,6,20.0,51,2,8.0,141,1
0.63,0.37,0,0,0,0,140,6,20.0,57,2,9.0,141,1
0.63,0.37,0,0,0,0,140,6,20.0,58,2,10.0,141,1
0.63,0.37,0,0,0,0,140,6,20.0,64,2,11.0,141,1
0.63,0.37,0,0,0,0,140,6,20.0,68,2,12.0,141,1
0.63,0.37,0,0,0,0,140,6,20.0,73,2,13.0,141,1
0.63,0.37,0,0,0,0,140,6,20.0,81,2,14.0,141,1
0.63,0.37,0,0,0,0,140,6,20.0,92,2,15.0,141,1
0.63,0.37,0,0,0,0,140,6,20.0,104,2,16.0,141,1
0.63,0.37,0,0,0,0,140,6,20.0,112,2,17.0,141,1
0.63,0.37,0,0,0,0,140,6,20.0,119,2,18.0,141,1
0.63,0.37,0,0,0,0,140,6,20.0,129,3,19.0,141,1
0.63,0.37,0,0,0,0,140,6,20.0,136,4,20.0,141,1
0.53,0.6,0,1,1,0,0,0,0.0,6,0,1.0,0,1
0.53,0.6,0,1,1,0,0,0,0.0,14,0,2.0,0,1
0.53,0.6,0,1,1,0,0,0,0.0,29,0,3.0,0,1
0.53,0.6,0,1,1,0,0,0,0.0,34,0,4.0,0,1
0.53,0.6,0,1,1,0,0,0,0.0,50,0,5.0,0,1
0.53,0.6,0,1,1,0,0,0,0.0,63,0,6.0,0,1
0.53,0.6,0,1,1,0,0,0,0.0,68,0,7.0,0,1
0.53,0.6,0,1,1,0,0,0,0.0,70,0,8.0,0,1
0.53,0.6,0,1,1,0,0,0,0.0,75,0,9.0,0,1
0.53,0.6,0,1,1,0,0,0,0.0,86,0,10.0,0,1
0.53,0.6,0,1,1,0,0,0,0.0,89,1,11.0,0,1
0.53,0.6,0,1,1,0,0,0,0.0,98,1,12.0,0,1
0.53,0.6,0,1,1,0,0,0,0.0,105,2,13.0,0,1
0.53,0.6,0,1,1,0,0,0,0.0,118,2,14.0,0,1
0.53,0.6,0,1,1,0,0,0,0.0,125,2,15.0,0,1
0.53,0.6,0,1,1,0,0,0,0.0,128,2,16.0,0,1
0.53,0.6,0,1,1,0,0,0,0.0,137,2,17.0,0,1
0.53,0.6,0,1,1,0,0,0,0.0,140,3,18.0,0,1
0.53,0.6,0,1,1,0,0,0,0.0,150,3,19.0,0,1
0.53,0.6,0,1,1,0,0,0,0.0,157,3,20.0,0,1
0.53,0.6,0,1,0,1,3,1,1.0,157,3,20.0,158,1
0.53,0.6,0,1,0,1,7,1,2.0,157,3,20.0,158,1
0.53,0.6,0,1,0,1,13,1,3.0,157,3,20.0,158,1
0.53,0.6,0,1,0,1,23,1,4.0,157,3,20.0,158,1
0.53,0.6,0,1,0,1,28,2,5.0,157,3,20.0,158,1
0.53,0.6,0,1,0,1,34,2,6.0,157,3,20.0,158,1
0.53,0.6,0,1,0,1,37,2,7.0,157,3,20.0,158,1
0.53,0.6,0,1,0,1,41,2,8.0,157,3,20.0,158,1
0.53,0.6,0,1,0,1,52,2,9.0,157,3,20.0,158,1
0.53,0.6,0,1,0,1,60,2,10.0,157,3,20.0,158,1
0.53,0.6,0,1,0,1,68,3,11.0,157,3,20.0,158,1
0.53,0.6,0,1,0,1,83,3,12.0,157,3,20.0,158,1
0.53,0.6,0,1,0,1,93,3,13.0,157,3,20.0,158,1
0.53,0.6,0,1,0,1,101,3,14.0,157,3,20.0,158,1
0.53,0.6,0,1,0,1,111,4,15.0,157,3,20.0,158,1
0.53,0.6,0,1,0,1,117,4,16.0,157,3,20.0,158,1
0.53,0.6,0,1,0,1,131,4,17.0,157,3,20.0,158,1
0.53,0.6,0,1,0,1,134,4,18.0,157,3,20.0,158,1
0.53,0.6,0,1,0,1,144,4,19.0,157,3,20.0,158,1
0.53,0.6,0,1,0,1,158,4,20.0,157,3,20.0,158,1
0.38,0.54,1,1,1,1,9,0,1.0,0,0,0.0,0,0
0.38,0.54,1,1,1,1,15,1,2.0,0,0,0.0,0,0
0.38,0.54,1,1,1,1,26,1,3.0,0,0,0.0,0,0
0.38,0.54,1,1,1,1,29,1,4.0,0,0,0.0,0,0
0.38,0.54,1,1,1,1,35,3,5.0,0,0,0.0,0,0
0.38,0.54,1,1,1,1,40,4,6.0,0,0,0.0,0,0
0.38,0.54,1,1,1,1,48,4,7.0,0,0,0.0,0,0
0.38,0.54,1,1,1,1,51,5,8.0,0,0,0.0,0,0
0.38,0.54,1,1,1,1,60,5,9.0,0,0,0.0,0,0
0.38,0.54,1,1,1,1,67,5,10.0,0,0,0.0,0,0
0.38,0.54,1,1,1,1,83,5,11.0,0,0,0.0,0,0
0.38,0.54,1,1,1,1,92,6,12.0,0,0,0.0,0,0
0.38,0.54,1,1,1,1,97,6,13.0,0,0,0.0,0,0
0.38,0.54,1,1,1,1,98,6,14.0,0,0,0.0,0,0
0.38,0.54,1,1,1,1,106,7,15.0,0,0,0.0,0,0
0.38,0.54,1,1,1,1,110,7,16.0,0,0,0.0,0,0
0.38,0.54,1,1,1,1,114,7,17.0,0,0,0.0,0,0
0.38,0.54,1,1,1,1,117,7,18.0,0,0,0.0,0,0
0.38,0.54,1,1,1,1,119,7,19.0,0,0,0.0,0,0
0.38,0.54,1,1,1,1,120,7,20.0,0,0,0.0,0,0
0.38,0.54,1,1,0,0,120,7,20.0,9,0,1.0,121,0
0.38,0.54,1,1,0,0,120,7,20.0,17,0,2.0,121,0
0.38,0.54,1,1,0,0,120,7,20.0,24,0,3.0,121,0
0.38,0.54,1,1,0,0,120,7,20.0,34,1,4.0,121,0
0.38,0.54,1,1,0,0,120,7,20.0,40,3,5.0,121,0
0.38,0.54,1,1,0,0,120,7,20.0,53,4,6.0,121,0
0.38,0.54,1,1,0,0,120,7,20.0,67,5,7.0,121,0
0.38,0.54,1,1,0,0,120,7,20.0,74,5,8.0,121,0
0.38,0.54,1,1,0,0,120,7,20.0,78,5,9.0,121,0
0.38,0.54,1,1,0,0,120,7,20.0,90,5,10.0,121,0
0.38,0.54,1,1,0,0,120,7,20.0,93,5,11.0,121,0
0.38,0.54,1,1,0,0,120,7,20.0,97,5,12.0,121,0
0.38,0.54,1,1,0,0,120,7,20.0,105,5,13.0,121,0
0.38,0.54,1,1,0,0,120,7,20.0,109,5,14.0,121,0
0.38,0.54,1,1,0,0,120,7,20.0,121,5,14.67,121,0
0.6,0.57,0,1,1,0,0,0,0.0,7,0,1.0,0,0
0.6,0.57,0,1,1,0,0,0,0.0,18,0,2.0,0,0
0.6,0.57,0,1,1,0,0,0,0.0,22,1,3.0,0,0
0.6,0.57,0,1,1,0,0,0,0.0,27,1,4.0,0,0
0.6,0.57,0,1,1,0,0,0,0.0,39,1,5.0,0,0
0.6,0.57,0,1,1,0,0,0,0.0,47,1,6.0,0,0
0.6,0.57,0,1,1,0,0,0,0.0,57,1,7.0,0,0
0.6,0.57,0,1,1,0,0,0,0.0,65,2,8.0,0,0
0.6,0.57,0,1,1,0,0,0,0.0,68,2,9.0,0,0
0.6,0.57,0,1,1,0,0,0,0.0,73,3,10.0,0,0
0.6,0.57,0,1,1,0,0,0,0.0,77,3,11.0,0,0
0.6,0.57,0,1,1,0,0,0,0.0,81,3,12.0,0,0
0.6,0.57,0,1,1,0,0,0,0.0,83,3,13.0,0,0
0.6,0.57,0,1,1,0,0,0,0.0,87,3,14.0,0,0
0.6,0.57,0,1,1,0,0,0,0.0,95,3,15.0,0,0
0.6,0.57,0,1,1,0,0,0,0.0,105,3,16.0,0,0
0.6,0.57,0,1,1,0,0,0,0.0,109,3,17.0,0,0
0.6,0.57,0,1,1,0,0,0,0.0,113,3,18.0,0,0
0.6,0.57,0,1,1,0,0,0,0.0,121,4,19.0,0,0
0.6,0.57,0,1,1,0,0,0,0.0,135,4,20.0,0,0
0.6,0.57,0,1,0,1,2,0,1.0,135,4,20.0,136,0
0.6,0.57,0,1,0,1,5,0,2.0,135,4,20.0,136,0
0.6,0.57,0,1,0,1,11,0,3.0,135,4,20.0,136,0
0.6,0.57,0,1,0,1,16,0,4.0,135,4,20.0,136,0
0.6,0.57,0,1,0,1,16,1,5.0,135,4,20.0,136,0
0.6,0.57,0,1,0,1,22,1,6.0,135,4,20.0,136,0
0.6,0.57,0,1,0,1,24,1,7.0,135,4,20.0,136,0
0.6,0.57,0,1,0,1,28,1,8.0,135,4,20.0,136,0
0.6,0.57,0,1,0,1,36,1,9.0,135,4,20.0,136,0
0.6,0.57,0,1,0,1,42,1,10.0,135,4,20.0,136,0
0.6,0.57,0,1,0,1,47,1,11.0,135,4,20.0,136,0
0.6,0.57,0,1,0,1,55,1,12.0,135,4,20.0,136,0
0.6,0.57,0,1,0,1,66,1,13.0,135,4,20.0,136,0
0.6,0.57,0,1,0,1,72,2,14.0,135,4,20.0,136,0
0.6,0.57,0,1,0,1,78,2,15.0,135,4,20.0,136,0
0.6,0.57,0,1,0,1,85,3,16.0,135,4,20.0,136,0
0.6,0.57,0,1,0,1,88,3,17.0,135,4,20.0,136,0
0.6,0.57,0,1,0,1,102,3,18.0,135,4,20.0,136,0
0.6,0.57,0,1,0,1,113,3,19.0,135,4,20.0,136,0
0.6,0.57,0,1,0,1,127,3,20.0,135,4,20.0,136,0
0.58,0.39,1,1,1,1,5,0,1.0,0,0,0.0,0,1
0.58,0.39,1,1,1,1,14,0,2.0,0,0,0.0,0,1
0.58,0.39,1,1,1,1,23,1,3.0,0,0,0.0,0,1
0.58,0.39,1,1,1,1,24,2,4.0,0,0,0.0,0,1
0.58,0.39,1,1,1,1,38,2,5.0,0,0,0.0,0,1
0.58,0.39,1,1,1,1,45,2,6.0,0,0,0.0,0,1
0.58,0.39,1,1,1,1,53,2,7.0,0,0,0.0,0,1
0.58,0.39,1,1,1,1,61,3,8.0,0,0,0.0,0,1
0.58,0.39,1,1,1,1,70,3,9.0,0,0,0.0,0,1
0.58,0.39,1,1,1,1,82,3,10.0,0,0,0.0,0,1
0.58,0.39,1,1,1,1,98,3,11.0,0,0,0.0,0,1
0.58,0.39,1,1,1,1,106,3,12.0,0,0,0.0,0,1
0.58,0.39,1,1,1,1,108,3,13.0,0,0,0.0,0,1
0.58,0.39,1,1,1,1,110,3,14.0,0,0,0.0,0,1
0.58,0.39,1,1,1,1,116,3,15.0,0,0,0.0,0,1
0.58,0.39,1,1,1,1,126,3,16.0,0,0,0.0,0,1
0.58,0.39,1,1,1,1,143,3,17.0,0,0,0.0,0,1
0.58,0.39,1,1,1,1,150,3,18.0,0,0,0.0,0,1
0.58,0.39,1,1,1,1,156,3,19.0,0,0,0.0,0,1
0.58,0.39,1,1,1,1,158,3,20.0,0,0,0.0,0,1
0.58,0.39,1,1,0,0,158,3,20.0,5,0,1.0,159,1
0.58,0.39,1,1,0,0,158,3,20.0,6,1,2.0,159,1
0.58,0.39,1,1,0,0,158,3,20.0,11,2,3.0,159,1
0.58,0.39,1,1,0,0,158,3,20.0,12,2,4.0,159,1
0.58,0.39,1,1,0,0,158,3,20.0,18,2,5.0,159,1
0.58,0.39,1,1,0,0,158,3,20.0,22,2,6.0,159,1
0.58,0.39,1,1,0,0,158,3,20.0,28,2,7.0,159,1
0.58,0.39,1,1,0,0,158,3,20.0,43,2,8.0,159,1
0.58,0.39,1,1,0,0,158,3,20.0,49,2,9.0,159,1
0.58,0.39,1,1,0,0,158,3,20.0,53,2,10.0,159,1
0.58,0.39,1,1,0,0,158,3,20.0,60,2,11.0,159,1
0.58,0.39,1,1,0,0,158,3,20.0,67,2,12.0,159,1
0.58,0.39,1,1,0,0,158,3,20.0,76,2,13.0,159,1
0.58,0.39,1,1,0,0,158,3,20.0,85,2,14.0,159,1
0.58,0.39,1,1,0,0,158,3,20.0,110,2,15.0,159,1
0.58,0.39,1,1,0,0,158,3,20.0,118,3,16.0,159,1
0.58,0.39,1,1,0,0,158,3,20.0,124,3,17.0,159,1
0.58,0.39,1,1,0,0,158,3,20.0,130,3,18.0,159,1
0.58,0.39,1,1,0,0,158,3,20.0,141,3,19.0,159,1
0.58,0.39,1,1,0,0,158,3,20.0,152,4,20.0,159,1
0.61,0.61,1,0,1,0,0,0,0.0,4,0,1.0,0,0
0.61,0.61,1,0,1,0,0,0,0.0,10,0,2.0,0,0
0.61,0.61,1,0,1,0,0,0,0.0,17,0,3.0,0,0
0.61,0.61,1,0,1,0,0,0,0.0,30,0,4.0,0,0
0.61,0.61,1,0,1,0,0,0,0.0,32,0,5.0,0,0
0.61,0.61,1,0,1,0,0,0,0.0,44,1,6.0,0,0
0.61,0.61,1,0,1,0,0,0,0.0,55,1,7.0,0,0
0.61,0.61,1,0,1,0,0,0,0.0,65,1,8.0,0,0
0.61,0.61,1,0,1,0,0,0,0.0,69,1,9.0,0,0
0.61,0.61,1,0,1,0,0,0,0.0,80,1,10.0,0,0
0.61,0.61,1,0,1,0,0,0,0.0,89,1,11.0,0,0
0.61,0.61,1,0,1,0,0,0,0.0,98,1,12.0,0,0
0.61,0.61,1,0,1,0,0,0,0.0,99,2,13.0,0,0
0.61,0.61,1,0,1,0,0,0,0.0,104,2,14.0,0,0
0.61,0.61,1,0,1,0,0,0,0.0,111,2,15.0,0,0
0.61,0.61,1,0,1,0,0,0,0.0,111,3,16.0,0,0
0.61,0.61,1,0,1,0,0,0,0.0,122,3,17.0,0,0
0.61,0.61,1,0,1,0,0,0,0.0,131,3,18.0,0,0
0.61,0.61,1,0,1,0,0,0,0.0,136,4,19.0,0,0
0.61,0.61,1,0,1,0,0,0,0.0,144,4,20.0,0,0
0.61,0.61,1,0,0,1,2,0,1.0,144,4,20.0,145,0
0.61,0.61,1,0,0,1,12,0,2.0,144,4,20.0,145,0
0.61,0.61,1,0,0,1,20,0,3.0,144,4,20.0,145,0
0.61,0.61,1,0,0,1,24,0,4.0,144,4,20.0,145,0
0.61,0.61,1,0,0,1,27,1,5.0,144,4,20.0,145,0
0.61,0.61,1,0,0,1,34,1,6.0,144,4,20.0,145,0
0.61,0.61,1,0,0,1,41,1,7.0,144,4,20.0,145,0
0.61,0.61,1,0,0,1,53,1,8.0,144,4,20.0,145,0
0.61,0.61,1,0,0,1,57,1,9.0,144,4,20.0,145,0
0.61,0.61,1,0,0,1,62,1,10.0,144,4,20.0,145,0
0.61,0.61,1,0,0,1,63,3,11.0,144,4,20.0,145,0
0.61,0.61,1,0,0,1,74,3,12.0,144,4,20.0,145,0
0.61,0.61,1,0,0,1,84,3,13.0,144,4,20.0,145,0
0.61,0.61,1,0,0,1,94,3,14.0,144,4,20.0,145,0
0.61,0.61,1,0,0,1,104,3,15.0,144,4,20.0,145,0
0.61,0.61,1,0,0,1,107,3,16.0,144,4,20.0,145,0
0.61,0.61,1,0,0,1,108,3,17.0,144,4,20.0,145,0
0.61,0.61,1,0,0,1,117,3,18.0,144,4,20.0,145,0
0.61,0.61,1,0,0,1,128,3,19.0,144,4,20.0,145,0
0.61,0.61,1,0,0,1,143,3,20.0,144,4,20.0,145,0
0.36,0.51,1,1,1,1,7,0,1.0,0,0,0.0,0,0
0.36,0.51,1,1,1,1,11,0,2.0,0,0,0.0,0,0
0.36,0.51,1,1,1,1,14,0,3.0,0,0,0.0,0,0
0.36,0.51,1,1,1,1,21,0,4.0,0,0,0.0,0,0
0.36,0.51,1,1,1,1,24,1,5.0,0,0,0.0,0,0
0.36,0.51,1,1,1,1,27,1,6.0,0,0,0.0,0,0
0.36,0.51,1,1,1,1,36,1,7.0,0,0,0.0,0,0
0.36,0.51,1,1,1,1,45,2,8.0,0,0,0.0,0,0
0.36,0.51,1,1,1,1,54,2,9.0,0,0,0.0,0,0
0.36,0.51,1,1,1,1,58,2,10.0,0,0,0.0,0,0
0.36,0.51,1,1,1,1,61,3,11.0,0,0,0.0,0,0
0.36,0.51,1,1,1,1,68,3,12.0,0,0,0.0,0,0
0.36,0.51,1,1,1,1,87,3,13.0,0,0,0.0,0,0
0.36,0.51,1,1,1,1,92,3,14.0,0,0,0.0,0,0
0.36,0.51,1,1,1,1,98,3,15.0,0,0,0.0,0,0
0.36,0.51,1,1,1,1,106,3,16.0,0,0,0.0,0,0
0.36,0.51,1,1,1,1,106,4,17.0,0,0,0.0,0,0
0.36,0.51,1,1,1,1,111,6,18.0,0,0,0.0,0,0
0.36,0.51,1,1,1,1,115,6,19.0,0,0,0.0,0,0
0.36,0.51,1,1,1,1,125,6,20.0,0,0,0.0,0,0
0.36,0.51,1,1,0,0,125,6,20.0,6,1,1.0,126,0
0.36,0.51,1,1,0,0,125,6,20.0,12,1,2.0,126,0
0.36,0.51,1,1,0,0,125,6,20.0,19,2,3.0,126,0
0.36,0.51,1,1,0,0,125,6,20.0,22,3,4.0,126,0
0.36,0.51,1,1,0,0,125,6,20.0,33,3,5.0,126,0
0.36,0.51,1,1,0,0,125,6,20.0,42,3,6.0,126,0
0.36,0.51,1,1,0,0,125,6,20.0,50,3,7.0,126,0
0.36,0.51,1,1,0,0,125,6,20.0,58,3,8.0,126,0
0.36,0.51,1,1,0,0,125,6,20.0,75,3,9.0,126,0
0.36,0.51,1,1,0,0,125,6,20.0,85,4,10.0,126,0
0.36,0.51,1,1,0,0,125,6,20.0,87,4,11.0,126,0
0.36,0.51,1,1,0,0,125,6,20.0,96,4,12.0,126,0
0.36,0.51,1,1,0,0,125,6,20.0,103,4,13.0,126,0
0.36,0.51,1,1,0,0,125,6,20.0,109,4,14.0,126,0
0.36,0.51,1,1,0,0,125,6,20.0,119,4,15.0,126,0
0.36,0.51,1,1,0,0,125,6,20.0,126,4,15.67,126,0
0.65,0.57,1,1,1,1,8,1,1.0,0,0,0.0,0,1
0.65,0.57,1,1,1,1,15,1,2.0,0,0,0.0,0,1
0.65,0.57,1,1,1,1,20,1,3.0,0,0,0.0,0,1
0.65,0.57,1,1,1,1,24,3,4.0,0,0,0.0,0,1
0.65,0.57,1,1,1,1,33,3,5.0,0,0,0.0,0,1
0.65,0.57,1,1,1,1,36,5,6.0,0,0,0.0,0,1
0.65,0.57,1,1,1,1,46,5,7.0,0,0,0.0,0,1
0.65,0.57,1,1,1,1,55,5,8.0,0,0,0.0,0,1
0.65,0.57,1,1,1,1,60,6,9.0,0,0,0.0,0,1
0.65,0.57,1,1,1,1,66,6,10.0,0,0,0.0,0,1
0.65,0.57,1,1,1,1,76,6,11.0,0,0,0.0,0,1
0.65,0.57,1,1,1,1,79,6,12.0,0,0,0.0,0,1
0.65,0.57,1,1,1,1,89,6,13.0,0,0,0.0,0,1
0.65,0.57,1,1,1,1,101,7,14.0,0,0,0.0,0,1
0.65,0.57,1,1,1,1,109,7,15.0,0,0,0.0,0,1
0.65,0.57,1,1,1,1,113,7,16.0,0,0,0.0,0,1
0.65,0.57,1,1,1,1,125,8,17.0,0,0,0.0,0,1
0.65,0.57,1,1,1,1,131,8,18.0,0,0,0.0,0,1
0.65,0.57,1,1,1,1,149,8,19.0,0,0,0.0,0,1
0.65,0.57,1,1,1,1,161,8,20.0,0,0,0.0,0,1
0.65,0.57,1,1,0,0,161,8,20.0,9,0,1.0,162,1
0.65,0.57,1,1,0,0,161,8,20.0,22,0,2.0,162,1
0.65,0.57,1,1,0,0,161,8,20.0,30,0,3.0,162,1
0.65,0.57,1,1,0,0,161,8,20.0,41,0,4.0,162,1
0.65,0.57,1,1,0,0,161,8,20.0,48,0,5.0,162,1
0.65,0.57,1,1,0,0,161,8,20.0,54,0,6.0,162,1
0.65,0.57,1,1,0,0,161,8,20.0,61,0,7.0,162,1
0.65,0.57,1,1,0,0,161,8,20.0,68,1,8.0,162,1
0.65,0.57,1,1,0,0,161,8,20.0,80,1,9.0,162,1
0.65,0.57,1,1,0,0,161,8,20.0,85,1,10.0,162,1
0.65,0.57,1,1,0,0,161,8,20.0,90,1,11.0,162,1
0.65,0.57,1,1,0,0,161,8,20.0,92,1,12.0,162,1
0.65,0.57,1,1,0,0,161,8,20.0,97,1,13.0,162,1
0.65,0.57,1,1,0,0,161,8,20.0,105,1,14.0,162,1
0.65,0.57,1,1,0,0,161,8,20.0,117,1,15.0,162,1
0.65,0.57,1,1,0,0,161,8,20.0,131,1,16.0,162,1
0.65,0.57,1,1,0,0,161,8,20.0,138,1,17.0,162,1
0.65,0.57,1,1,0,0,161,8,20.0,145,1,18.0,162,1
0.65,0.57,1,1,0,0,161,8,20.0,156,2,19.0,162,1
0.65,0.57,1,1,0,0,161,8,20.0,159,2,20.0,162,1
0.49,0.37,1,0,1,0,0,0,0.0,8,0,1.0,0,1
0.49,0.37,1,0,1,0,0,0,0.0,16,0,2.0,0,1
0.49,0.37,1,0,1,0,0,0,0.0,20,1,3.0,0,1
0.49,0.37,1,0,1,0,0,0,0.0,25,2,4.0,0,1
0.49,0.37,1,0,1,0,0,0,0.0,28,2,5.0,0,1
0.49,0.37,1,0,1,0,0,0,0.0,45,2,6.0,0,1
0.49,0.37,1,0,1,0,0,0,0.0,56,2,7.0,0,1
0.49,0.37,1,0,1,0,0,0,0.0,58,2,8.0,0,1
0.49,0.37,1,0,1,0,0,0,0.0,62,2,9.0,0,1
0.49,0.37,1,0,1,0,0,0,0.0,70,2,10.0,0,1
0.49,0.37,1,0,1,0,0,0,0.0,82,2,11.0,0,1
0.49,0.37,1,0,1,0,0,0,0.0,89,2,12.0,0,1
0.49,0.37,1,0,1,0,0,0,0.0,97,2,13.0,0,1
0.49,0.37,1,0,1,0,0,0,0.0,104,2,14.0,0,1
0.49,0.37,1,0,1,0,0,0,0.0,111,3,15.0,0,1
0.49,0.37,1,0,1,0,0,0,0.0,117,3,16.0,0,1
0.49,0.37,1,0,1,0,0,0,0.0,122,3,17.0,0,1
0.49,0.37,1,0,1,0,0,0,0.0,132,3,18.0,0,1
0.49,0.37,1,0,1,0,0,0,0.0,137,3,19.0,0,1
0.49,0.37,1,0,1,0,0,0,0.0,149,4,20.0,0,1
0.49,0.37,1,0,0,1,7,0,1.0,149,4,20.0,150,1
0.49,0.37,1,0,0,1,11,0,2.0,149,4,20.0,150,1
0.49,0.37,1,0,0,1,23,0,3.0,149,4,20.0,150,1
0.49,0.37,1,0,0,1,33,1,4.0,149,4,20.0,150,1
0.49,0.37,1,0,0,1,50,1,5.0,149,4,20.0,150,1
0.49,0.37,1,0,0,1,57,2,6.0,149,4,20.0,150,1
0.49,0.37,1,0,0,1,61,3,7.0,149,4,20.0,150,1
0.49,0.37,1,0,0,1,66,3,8.0,149,4,20.0,150,1
0.49,0.37,1,0,0,1,73,3,9.0,149,4,20.0,150,1
0.49,0.37,1,0,0,1,86,3,10.0,149,4,20.0,150,1
0.49,0.37,1,0,0,1,89,3,11.0,149,4,20.0,150,1
0.49,0.37,1,0,0,1,98,3,12.0,149,4,20.0,150,1
0.49,0.37,1,0,0,1,103,3,13.0,149,4,20.0,150,1
0.49,0.37,1,0,0,1,109,3,14.0,149,4,20.0,150,1
0.49,0.37,1,0,0,1,122,4,15.0,149,4,20.0,150,1
0.49,0.37,1,0,0,1,125,5,16.0,149,4,20.0,150,1
0.49,0.37,1,0,0,1,135,5,17.0,149,4,20.0,150,1
0.49,0.37,1,0,0,1,142,5,18.0,149,4,20.0,150,1
0.49,0.37,1,0,0,1,145,5,19.0,149,4,20.0,150,1
0.49,0.37,1,0,0,1,150,5,19.67,149,4,20.0,150,1
0.58,0.39,0,0,1,1,9,0,1.0,0,0,0.0,0,1
0.58,0.39,0,0,1,1,23,0,2.0,0,0,0.0,0,1
0.58,0.39,0,0,1,1,25,0,3.0,0,0,0.0,0,1
0.58,0.39,0,0,1,1,37,0,4.0,0,0,0.0,0,1
0.58,0.39,0,0,1,1,42,0,5.0,0,0,0.0,0,1
0.58,0.39,0,0,1,1,51,0,6.0,0,0,0.0,0,1
0.58,0.39,0,0,1,1,57,0,7.0,0,0,0.0,0,1
0.58,0.39,0,0,1,1,61,0,8.0,0,0,0.0,0,1
0.58,0.39,0,0,1,1,63,1,9.0,0,0,0.0,0,1
0.58,0.39,0,0,1,1,65,1,10.0,0,0,0.0,0,1
0.58,0.39,0,0,1,1,71,1,11.0,0,0,0.0,0,1
0.58,0.39,0,0,1,1,78,1,12.0,0,0,0.0,0,1
0.58,0.39,0,0,1,1,92,2,13.0,0,0,0.0,0,1
0.58,0.39,0,0,1,1,98,2,14.0,0,0,0.0,0,1
0.58,0.39,0,0,1,1,108,3,15.0,0,0,0.0,0,1
0.58,0.39,0,0,1,1,120,3,16.0,0,0,0.0,0,1
0.58,0.39,0,0,1,1,127,3,17.0,0,0,0.0,0,1
0.58,0.39,0,0,1,1,130,3,18.0,0,0,0.0,0,1
0.58,0.39,0,0,1,1,142,3,19.0,0,0,0.0,0,1
0.58,0.39,0,0,1,1,154,3,20.0,0,0,0.0,0,1
0.58,0.39,0,0,0,0,154,3,20.0,3,0,1.0,155,1
0.58,0.39,0,0,0,0,154,3,20.0,7,0,2.0,155,1
0.58,0.39,0,0,0,0,154,3,20.0,21,0,3.0,155,1
0.58,0.39,0,0,0,0,154,3,20.0,22,0,4.0,155,1
0.58,0.39,0,0,0,0,154,3,20.0,29,0,5.0,155,1
0.58,0.39,0,0,0,0,154,3,20.0,38,0,6.0,155,1
0.58,0.39,0,0,0,0,154,3,20.0,43,0,7.0,155,1
0.58,0.39,0,0,0,0,154,3,20.0,46,0,8.0,155,1
0.58,0.39,0,0,0,0,154,3,20.0,51,0,9.0,155,1
0.58,0.39,0,0,0,0,154,3,20.0,54,1,10.0,155,1
0.58,0.39,0,0,0,0,154,3,20.0,60,1,11.0,155,1
0.58,0.39,0,0,0,0,154,3,20.0,65,2,12.0,155,1
0.58,0.39,0,0,0,0,154,3,20.0,67,3,13.0,155,1
0.58,0.39,0,0,0,0,154,3,20.0,77,3,14.0,155,1
0.58,0.39,0,0,0,0,154,3,20.0,84,3,15.0,155,1
0.58,0.39,0,0,0,0,154,3,20.0,108,4,16.0,155,1
0.58,0.39,0,0,0,0,154,3,20.0,114,5,17.0,155,1
0.58,0.39,0,0,0,0,154,3,20.0,124,5,18.0,155,1
0.58,0.39,0,0,0,0,154,3,20.0,129,7,19.0,155,1
0.58,0.39,0,0,0,0,154,3,20.0,138,7,20.0,155,1
0.42,0.6,1,1,1,1,6,0,1.0,0,0,0.0,0,0
0.42,0.6,1,1,1,1,13,0,2.0,0,0,0.0,0,0
0.42,0.6,1,1,1,1,23,0,3.0,0,0,0.0,0,0
0.42,0.6,1,1,1,1,29,0,4.0,0,0,0.0,0,0
0.42,0.6,1,1,1,1,32,0,5.0,0,0,0.0,0,0
0.42,0.6,1,1,1,1,39,0,6.0,0,0,0.0,0,0
0.42,0.6,1,1,1,1,43,0,7.0,0,0,0.0,0,0
0.42,0.6,1,1,1,1,46,0,8.0,0,0,0.0,0,0
0.42,0.6,1,1,1,1,50,0,9.0,0,0,0.0,0,0
0.42,0.6,1,1,1,1,54,0,10.0,0,0,0.0,0,0
0.42,0.6,1,1,1,1,61,0,11.0,0,0,0.0,0,0
0.42,0.6,1,1,1,1,63,2,12.0,0,0,0.0,0,0
0.42,0.6,1,1,1,1,70,2,13.0,0,0,0.0,0,0
0.42,0.6,1,1,1,1,77,2,14.0,0,0,0.0,0,0
0.42,0.6,1,1,1,1,91,2,15.0,0,0,0.0,0,0
0.42,0.6,1,1,1,1,101,2,16.0,0,0,0.0,0,0
0.42,0.6,1,1,1,1,104,3,17.0,0,0,0.0,0,0
0.42,0.6,1,1,1,1,110,3,18.0,0,0,0.0,0,0
0.42,0.6,1,1,1,1,118,3,19.0,0,0,0.0,0,0
0.42,0.6,1,1,1,1,124,3,20.0,0,0,0.0,0,0
0.42,0.6,1,1,0,0,124,3,20.0,8,0,1.0,125,0
0.42,0.6,1,1,0,0,124,3,20.0,21,0,2.0,125,0
0.42,0.6,1,1,0,0,124,3,20.0,29,0,3.0,125,0
0.42,0.6,1,1,0,0,124,3,20.0,33,0,4.0,125,0
0.42,0.6,1,1,0,0,124,3,20.0,44,0,5.0,125,0
0.42,0.6,1,1,0,0,124,3,20.0,52,0,6.0,125,0
0.42,0.6,1,1,0,0,124,3,20.0,58,0,7.0,125,0
0.42,0.6,1,1,0,0,124,3,20.0,71,0,8.0,125,0
0.42,0.6,1,1,0,0,124,3,20.0,79,1,9.0,125,0
0.42,0.6,1,1,0,0,124,3,20.0,82,1,10.0,125,0
0.42,0.6,1,1,0,0,124,3,20.0,95,1,11.0,125,0
0.42,0.6,1,1,0,0,124,3,20.0,111,1,12.0,125,0
0.42,0.6,1,1,0,0,124,3,20.0,124,2,13.0,125,0
0.42,0.6,1,1,0,0,124,3,20.0,125,2,13.17,125,0
0.54,0.39,0,1,1,0,0,0,0.0,2,0,1.0,0,1
0.54,0.39,0,1,1,0,0,0,0.0,3,1,2.0,0,1
0.54,0.39,0,1,1,0,0,0,0.0,5,1,3.0,0,1
0.54,0.39,0,1,1,0,0,0,0.0,13,1,4.0,0,1
0.54,0.39,0,1,1,0,0,0,0.0,15,1,5.0,0,1
0.54,0.39,0,1,1,0,0,0,0.0,19,2,6.0,0,1
0.54,0.39,0,1,1,0,0,0,0.0,27,2,7.0,0,1
0.54,0.39,0,1,1,0,0,0,0.0,33,2,8.0,0,1
0.54,0.39,0,1,1,0,0,0,0.0,41,3,9.0,0,1
0.54,0.39,0,1,1,0,0,0,0.0,43,3,10.0,0,1
0.54,0.39,0,1,1,0,0,0,0.0,46,4,11.0,0,1
0.54,0.39,0,1,1,0,0,0,0.0,60,4,12.0,0,1
0.54,0.39,0,1,1,0,0,0,0.0,69,4,13.0,0,1
0.54,0.39,0,1,1,0,0,0,0.0,76,4,14.0,0,1
0.54,0.39,0,1,1,0,0,0,0.0,79,4,15.0,0,1
0.54,0.39,0,1,1,0,0,0,0.0,85,5,16.0,0,1
0.54,0.39,0,1,1,0,0,0,0.0,90,5,17.0,0,1
0.54,0.39,0,1,1,0,0,0,0.0,93,5,18.0,0,1
0.54,0.39,0,1,1,0,0,0,0.0,95,5,19.0,0,1
0.54,0.39,0,1,1,0,0,0,0.0,101,5,20.0,0,1
0.54,0.39,0,1,0,1,1,0,1.0,101,5,20.0,102,1
0.54,0.39,0,1,0,1,4,0,2.0,101,5,20.0,102,1
0.54,0.39,0,1,0,1,21,0,3.0,101,5,20.0,102,1
0.54,0.39,0,1,0,1,32,0,4.0,101,5,20.0,102,1
0.54,0.39,0,1,0,1,44,0,5.0,101,5,20.0,102,1
0.54,0.39,0,1,0,1,48,0,6.0,101,5,20.0,102,1
0.54,0.39,0,1,0,1,52,1,7.0,101,5,20.0,102,1
0.54,0.39,0,1,0,1,63,1,8.0,101,5,20.0,102,1
0.54,0.39,0,1,0,1,73,1,9.0,101,5,20.0,102,1
0.54,0.39,0,1,0,1,78,2,10.0,101,5,20.0,102,1
0.54,0.39,0,1,0,1,95,2,11.0,101,5,20.0,102,1
0.54,0.39,0,1,0,1,107,2,11.83,101,5,20.0,102,1
0.45,0.45,0,1,1,0,0,0,0.0,6,1,1.0,0,1
0.45,0.45,0,1,1,0,0,0,0.0,13,1,2.0,0,1
0.45,0.45,0,1,1,0,0,0,0.0,17,2,3.0,0,1
0.45,0.45,0,1,1,0,0,0,0.0,22,2,4.0,0,1
0.45,0.45,0,1,1,0,0,0,0.0,31,2,5.0,0,1
0.45,0.45,0,1,1,0,0,0,0.0,40,2,6.0,0,1
0.45,0.45,0,1,1,0,0,0,0.0,47,2,7.0,0,1
0.45,0.45,0,1,1,0,0,0,0.0,50,2,8.0,0,1
0.45,0.45,0,1,1,0,0,0,0.0,57,2,9.0,0,1
0.45,0.45,0,1,1,0,0,0,0.0,61,2,10.0,0,1
0.45,0.45,0,1,1,0,0,0,0.0,66,2,11.0,0,1
0.45,0.45,0,1,1,0,0,0,0.0,70,3,12.0,0,1
0.45,0.45,0,1,1,0,0,0,0.0,75,3,13.0,0,1
0.45,0.45,0,1,1,0,0,0,0.0,80,3,14.0,0,1
0.45,0.45,0,1,1,0,0,0,0.0,84,4,15.0,0,1
0.45,0.45,0,1,1,0,0,0,0.0,90,6,16.0,0,1
0.45,0.45,0,1,1,0,0,0,0.0,103,6,17.0,0,1
0.45,0.45,0,1,1,0,0,0,0.0,105,6,18.0,0,1
0.45,0.45,0,1,1,0,0,0,0.0,119,6,19.0,0,1
0.45,0.45,0,1,1,0,0,0,0.0,124,6,20.0,0,1
0.45,0.45,0,1,0,1,6,0,1.0,124,6,20.0,125,1
0.45,0.45,0,1,0,1,11,0,2.0,124,6,20.0,125,1
0.45,0.45,0,1,0,1,22,0,3.0,124,6,20.0,125,1
0.45,0.45,0,1,0,1,33,0,4.0,124,6,20.0,125,1
0.45,0.45,0,1,0,1,36,0,5.0,124,6,20.0,125,1
0.45,0.45,0,1,0,1,50,1,6.0,124,6,20.0,125,1
0.45,0.45,0,1,0,1,52,1,7.0,124,6,20.0,125,1
0.45,0.45,0,1,0,1,55,2,8.0,124,6,20.0,125,1
0.45,0.45,0,1,0,1,61,2,9.0,124,6,20.0,125,1
0.45,0.45,0,1,0,1,68,2,10.0,124,6,20.0,125,1
0.45,0.45,0,1,0,1,73,3,11.0,124,6,20.0,125,1
0.45,0.45,0,1,0,1,74,4,12.0,124,6,20.0,125,1
0.45,0.45,0,1,0,1,80,5,13.0,124,6,20.0,125,1
0.45,0.45,0,1,0,1,83,5,14.0,124,6,20.0,125,1
0.45,0.45,0,1,0,1,86,6,15.0,124,6,20.0,125,1
0.45,0.45,0,1,0,1,96,7,16.0,124,6,20.0,125,1
0.45,0.45,0,1,0,1,100,7,17.0,124,6,20.0,125,1
0.45,0.45,0,1,0,1,104,7,18.0,124,6,20.0,125,1
0.45,0.45,0,1,0,1,116,7,19.0,124,6,20.0,125,1
0.45,0.45,0,1,0,1,125,7,19.83,124,6,20.0,125,1
0.47,0.46,0,1,1,0,0,0,0.0,13,0,1.0,0,0
0.47,0.46,0,1,1,0,0,0,0.0,26,0,2.0,0,0
0.47,0.46,0,1,1,0,0,0,0.0,30,0,3.0,0,0
0.47,0.46,0,1,1,0,0,0,0.0,41,0,4.0,0,0
0.47,0.46,0,1,1,0,0,0,0.0,50,0,5.0,0,0
0.47,0.46,0,1,1,0,0,0,0.0,52,1,6.0,0,0
0.47,0.46,0,1,1,0,0,0,0.0,63,1,7.0,0,0
0.47,0.46,0,1,1,0,0,0,0.0,71,1,8.0,0,0
0.47,0.46,0,1,1,0,0,0,0.0,86,1,9.0,0,0
0.47,0.46,0,1,1,0,0,0,0.0,91,1,10.0,0,0
0.47,0.46,0,1,1,0,0,0,0.0,97,1,11.0,0,0
0.47,0.46,0,1,1,0,0,0,0.0,109,1,12.0,0,0
0.47,0.46,0,1,1,0,0,0,0.0,115,2,13.0,0,0
0.47,0.46,0,1,1,0,0,0,0.0,126,2,14.0,0,0
0.47,0.46,0,1,1,0,0,0,0.0,134,3,15.0,0,0
0.47,0.46,0,1,1,0,0,0,0.0,144,3,16.0,0,0
0.47,0.46,0,1,1,0,0,0,0.0,156,3,17.0,0,0
0.47,0.46,0,1,1,0,0,0,0.0,160,3,18.0,0,0
0.47,0.46,0,1,1,0,0,0,0.0,169,3,19.0,0,0
0.47,0.46,0,1,1,0,0,0,0.0,171,3,20.0,0,0
0.47,0.46,0,1,0,1,6,0,1.0,171,3,20.0,172,0
0.47,0.46,0,1,0,1,10,0,2.0,171,3,20.0,172,0
0.47,0.46,0,1,0,1,12,0,3.0,171,3,20.0,172,0
0.47,0.46,0,1,0,1,13,2,4.0,171,3,20.0,172,0
0.47,0.46,0,1,0,1,28,2,5.0,171,3,20.0,172,0
0.47,0.46,0,1,0,1,37,2,6.0,171,3,20.0,172,0
0.47,0.46,0,1,0,1,46,2,7.0,171,3,20.0,172,0
0.47,0.46,0,1,0,1,58,2,8.0,171,3,20.0,172,0
0.47,0.46,0,1,0,1,62,2,9.0,171,3,20.0,172,0
0.47,0.46,0,1,0,1,72,2,10.0,171,3,20.0,172,0
0.47,0.46,0,1,0,1,76,2,11.0,171,3,20.0,172,0
0.47,0.46,0,1,0,1,93,2,12.0,171,3,20.0,172,0
0.47,0.46,0,1,0,1,101,2,13.0,171,3,20.0,172,0
0.47,0.46,0,1,0,1,111,3,14.0,171,3,20.0,172,0
0.47,0.46,0,1,0,1,117,3,15.0,171,3,20.0,172,0
0.47,0.46,0,1,0,1,132,3,16.0,171,3,20.0,172,0
0.47,0.46,0,1,0,1,138,3,17.0,171,3,20.0,172,0
0.47,0.46,0,1,0,1,146,3,18.0,171,3,20.0,172,0
0.47,0.46,0,1,0,1,160,4,19.0,171,3,20.0,172,0
0.47,0.46,0,1,0,1,163,5,20.0,171,3,20.0,172,0
0.65,0.45,0,1,1,0,0,0,0.0,5,0,1.0,0,1
0.65,0.45,0,1,1,0,0,0,0.0,16,0,2.0,0,1
0.65,0.45,0,1,1,0,0,0,0.0,23,0,3.0,0,1
0.65,0.45,0,1,1,0,0,0,0.0,27,0,4.0,0,1
0.65,0.45,0,1,1,0,0,0,0.0,30,0,5.0,0,1
0.65,0.45,0,1,1,0,0,0,0.0,34,0,6.0,0,1
0.65,0.45,0,1,1,0,0,0,0.0,40,0,7.0,0,1
0.65,0.45,0,1,1,0,0,0,0.0,43,1,8.0,0,1
0.65,0.45,0,1,1,0,0,0,0.0,54,1,9.0,0,1
0.65,0.45,0,1,1,0,0,0,0.0,65,1,10.0,0,1
0.65,0.45,0,1,1,0,0,0,0.0,69,1,11.0,0,1
0.65,0.45,0,1,1,0,0,0,0.0,73,1,12.0,0,1
0.65,0.45,0,1,1,0,0,0,0.0,84,1,13.0,0,1
0.65,0.45,0,1,1,0,0,0,0.0,92,1,14.0,0,1
0.65,0.45,0,1,1,0,0,0,0.0,96,1,15.0,0,1
0.65,0.45,0,1,1,0,0,0,0.0,104,2,16.0,0,1
0.65,0.45,0,1,1,0,0,0,0.0,116,2,17.0,0,1
0.65,0.45,0,1,1,0,0,0,0.0,122,2,18.0,0,1
0.65,0.45,0,1,1,0,0,0,0.0,129,2,19.0,0,1
0.65,0.45,0,1,1,0,0,0,0.0,133,2,20.0,0,1
0.65,0.45,0,1,0,1,9,0,1.0,133,2,20.0,134,1
0.65,0.45,0,1,0,1,18,0,2.0,133,2,20.0,134,1
0.65,0.45,0,1,0,1,31,0,3.0,133,2,20.0,134,1
0.65,0.45,0,1,0,1,42,0,4.0,133,2,20.0,134,1
0.65,0.45,0,1,0,1,52,0,5.0,133,2,20.0,134,1
0.65,0.45,0,1,0,1,63,0,6.0,133,2,20.0,134,1
0.65,0.45,0,1,0,1,68,0,7.0,133,2,20.0,134,1
0.65,0.45,0,1,0,1,75,0,8.0,133,2,20.0,134,1
0.65,0.45,0,1,0,1,78,0,9.0,133,2,20.0,134,1
0.65,0.45,0,1,0,1,86,0,10.0,133,2,20.0,134,1
0.65,0.45,0,1,0,1,89,1,11.0,133,2,20.0,134,1
0.65,0.45,0,1,0,1,97,1,12.0,133,2,20.0,134,1
0.65,0.45,0,1,0,1,101,1,13.0,133,2,20.0,134,1
0.65,0.45,0,1,0,1,106,1,14.0,133,2,20.0,134,1
0.65,0.45,0,1,0,1,108,1,15.0,133,2,20.0,134,1
0.65,0.45,0,1,0,1,119,1,16.0,133,2,20.0,134,1
0.65,0.45,0,1,0,1,125,1,17.0,133,2,20.0,134,1
0.65,0.45,0,1,0,1,134,1,17.67,133,2,20.0,134,1
0.48,0.4,1,1,1,1,9,0,1.0,0,0,0.0,0,1
0.48,0.4,1,1,1,1,20,0,2.0,0,0,0.0,0,1
0.48,0.4,1,1,1,1,31,0,3.0,0,0,0.0,0,1
0.48,0.4,1,1,1,1,33,0,4.0,0,0,0.0,0,1
0.48,0.4,1,1,1,1,39,0,5.0,0,0,0.0,0,1
0.48,0.4,1,1,1,1,52,0,6.0,0,0,0.0,0,1
0.48,0.4,1,1,1,1,60,0,7.0,0,0,0.0,0,1
0.48,0.4,1,1,1,1,66,0,8.0,0,0,0.0,0,1
0.48,0.4,1,1,1,1,72,0,9.0,0,0,0.0,0,1
0.48,0.4,1,1,1,1,82,0,10.0,0,0,0.0,0,1
0.48,0.4,1,1,1,1,90,0,11.0,0,0,0.0,0,1
0.48,0.4,1,1,1,1,96,0,12.0,0,0,0.0,0,1
0.48,0.4,1,1,1,1,108,1,13.0,0,0,0.0,0,1
0.48,0.4,1,1,1,1,113,1,14.0,0,0,0.0,0,1
0.48,0.4,1,1,1,1,122,1,15.0,0,0,0.0,0,1
0.48,0.4,1,1,1,1,128,1,16.0,0,0,0.0,0,1
0.48,0.4,1,1,1,1,132,1,17.0,0,0,0.0,0,1
0.48,0.4,1,1,1,1,145,1,18.0,0,0,0.0,0,1
0.48,0.4,1,1,1,1,153,1,19.0,0,0,0.0,0,1
0.48,0.4,1,1,1,1,158,2,20.0,0,0,0.0,0,1
0.48,0.4,1,1,0,0,158,2,20.0,4,0,1.0,159,1
0.48,0.4,1,1,0,0,158,2,20.0,7,0,2.0,159,1
0.48,0.4,1,1,0,0,158,2,20.0,18,0,3.0,159,1
0.48,0.4,1,1,0,0,158,2,20.0,22,0,4.0,159,1
0.48,0.4,1,1,0,0,158,2,20.0,30,0,5.0,159,1
0.48,0.4,1,1,0,0,158,2,20.0,36,0,6.0,159,1
0.48,0.4,1,1,0,0,158,2,20.0,40,0,7.0,159,1
0.48,0.4,1,1,0,0,158,2,20.0,54,1,8.0,159,1
0.48,0.4,1,1,0,0,158,2,20.0,57,2,9.0,159,1
0.48,0.4,1,1,0,0,158,2,20.0,59,2,10.0,159,1
0.48,0.4,1,1,0,0,158,2,20.0,60,2,11.0,159,1
0.48,0.4,1,1,0,0,158,2,20.0,69,2,12.0,159,1
0.48,0.4,1,1,0,0,158,2,20.0,84,2,13.0,159,1
0.48,0.4,1,1,0,0,158,2,20.0,98,2,14.0,159,1
0.48,0.4,1,1,0,0,158,2,20.0,103,2,15.0,159,1
0.48,0.4,1,1,0,0,158,2,20.0,115,2,16.0,159,1
0.48,0.4,1,1,0,0,158,2,20.0,132,2,17.0,159,1
0.48,0.4,1,1,0,0,158,2,20.0,140,2,18.0,159,1
0.48,0.4,1,1,0,0,158,2,20.0,146,3,19.0,159,1
0.48,0.4,1,1,0,0,158,2,20.0,155,3,20.0,159,1
0.61,0.46,1,0,1,0,0,0,0.0,4,0,1.0,0,1
0.61,0.46,1,0,1,0,0,0,0.0,7,2,2.0,0,1
0.61,0.46,1,0,1,0,0,0,0.0,13,2,3.0,0,1
0.61,0.46,1,0,1,0,0,0,0.0,14,2,4.0,0,1
0.61,0.46,1,0,1,0,0,0,0.0,18,2,5.0,0,1
0.61,0.46,1,0,1,0,0,0,0.0,27,2,6.0,0,1
0.61,0.46,1,0,1,0,0,0,0.0,36,2,7.0,0,1
0.61,0.46,1,0,1,0,0,0,0.0,38,3,8.0,0,1
0.61,0.46,1,0,1,0,0,0,0.0,42,3,9.0,0,1
0.61,0.46,1,0,1,0,0,0,0.0,44,4,10.0,0,1
0.61,0.46,1,0,1,0,0,0,0.0,48,4,11.0,0,1
0.61,0.46,1,0,1,0,0,0,0.0,59,4,12.0,0,1
0.61,0.46,1,0,1,0,0,0,0.0,75,4,13.0,0,1
0.61,0.46,1,0,1,0,0,0,0.0,81,4,14.0,0,1
0.61,0.46,1,0,1,0,0,0,0.0,83,5,15.0,0,1
0.61,0.46,1,0,1,0,0,0,0.0,87,5,16.0,0,1
0.61,0.46,1,0,1,0,0,0,0.0,92,5,17.0,0,1
0.61,0.46,1,0,1,0,0,0,0.0,103,5,18.0,0,1
0.61,0.46,1,0,1,0,0,0,0.0,109,5,19.0,0,1
0.61,0.46,1,0,1,0,0,0,0.0,116,6,20.0,0,1
0.61,0.46,1,0,0,1,10,1,1.0,116,6,20.0,117,1
0.61,0.46,1,0,0,1,18,2,2.0,116,6,20.0,117,1
0.61,0.46,1,0,0,1,26,3,3.0,116,6,20.0,117,1
0.61,0.46,1,0,0,1,30,3,4.0,116,6,20.0,117,1
0.61,0.46,1,0,0,1,35,3,5.0,116,6,20.0,117,1
0.61,0.46,1,0,0,1,46,4,6.0,116,6,20.0,117,1
0.61,0.46,1,0,0,1,57,4,7.0,116,6,20.0,117,1
0.61,0.46,1,0,0,1,63,4,8.0,116,6,20.0,117,1
0.61,0.46,1,0,0,1,73,5,9.0,116,6,20.0,117,1
0.61,0.46,1,0,0,1,77,5,10.0,116,6,20.0,117,1
0.61,0.46,1,0,0,1,85,6,11.0,116,6,20.0,117,1
0.61,0.46,1,0,0,1,93,6,12.0,116,6,20.0,117,1
0.61,0.46,1,0,0,1,103,6,13.0,116,6,20.0,117,1
0.61,0.46,1,0,0,1,116,6,14.0,116,6,20.0,117,1
0.61,0.46,1,0,0,1,122,6,14.5,116,6,20.0,117,1
0.44,0.55,1,1,1,1,3,2,1.0,0,0,0.0,0,1
0.44,0.55,1,1,1,1,11,2,2.0,0,0,0.0,0,1
0.44,0.55,1,1,1,1,24,2,3.0,0,0,0.0,0,1
0.44,0.55,1,1,1,1,34,2,4.0,0,0,0.0,0,1
0.44,0.55,1,1,1,1,38,2,5.0,0,0,0.0,0,1
0.44,0.55,1,1,1,1,52,3,6.0,0,0,0.0,0,1
0.44,0.55,1,1,1,1,57,4,7.0,0,0,0.0,0,1
0.44,0.55,1,1,1,1,67,5,8.0,0,0,0.0,0,1
0.44,0.55,1,1,1,1,78,5,9.0,0,0,0.0,0,1
0.44,0.55,1,1,1,1,89,5,10.0,0,0,0.0,0,1
0.44,0.55,1,1,1,1,97,6,11.0,0,0,0.0,0,1
0.44,0.55,1,1,1,1,105,6,12.0,0,0,0.0,0,1
0.44,0.55,1,1,1,1,110,6,13.0,0,0,0.0,0,1
0.44,0.55,1,1,1,1,116,6,14.0,0,0,0.0,0,1
0.44,0.55,1,1,1,1,118,7,15.0,0,0,0.0,0,1
0.44,0.55,1,1,1,1,125,7,16.0,0,0,0.0,0,1
0.44,0.55,1,1,1,1,134,7,17.0,0,0,0.0,0,1
0.44,0.55,1,1,1,1,147,7,18.0,0,0,0.0,0,1
0.44,0.55,1,1,1,1,154,7,19.0,0,0,0.0,0,1
0.44,0.55,1,1,1,1,159,8,20.0,0,0,0.0,0,1
0.44,0.55,1,1,0,0,159,8,20.0,5,1,1.0,160,1
0.44,0.55,1,1,0,0,159,8,20.0,18,1,2.0,160,1
0.44,0.55,1,1,0,0,159,8,20.0,24,1,3.0,160,1
0.44,0.55,1,1,0,0,159,8,20.0,41,1,4.0,160,1
0.44,0.55,1,1,0,0,159,8,20.0,49,2,5.0,160,1
0.44,0.55,1,1,0,0,159,8,20.0,59,2,6.0,160,1
0.44,0.55,1,1,0,0,159,8,20.0,62,2,7.0,160,1
0.44,0.55,1,1,0,0,159,8,20.0,64,2,8.0,160,1
0.44,0.55,1,1,0,0,159,8,20.0,67,2,9.0,160,1
0.44,0.55,1,1,0,0,159,8,20.0,73,2,10.0,160,1
0.44,0.55,1,1,0,0,159,8,20.0,77,2,11.0,160,1
0.44,0.55,1,1,0,0,159,8,20.0,79,4,12.0,160,1
0.44,0.55,1,1,0,0,159,8,20.0,95,4,13.0,160,1
0.44,0.55,1,1,0,0,159,8,20.0,100,4,14.0,160,1
0.44,0.55,1,1,0,0,159,8,20.0,108,4,15.0,160,1
0.44,0.55,1,1,0,0,159,8,20.0,120,5,16.0,160,1
0.44,0.55,1,1,0,0,159,8,20.0,123,5,17.0,160,1
0.44,0.55,1,1,0,0,159,8,20.0,134,5,18.0,160,1
0.44,0.55,1,1,0,0,159,8,20.0,144,6,19.0,160,1
0.44,0.55,1,1,0,0,159,8,20.0,156,6,20.0,160,1
0.61,0.57,0,0,1,1,5,0,1.0,0,0,0.0,0,0
0.61,0.57,0,0,1,1,10,0,2.0,0,0,0.0,0,0
0.61,0.57,0,0,1,1,14,0,3.0,0,0,0.0,0,0
0.61,0.57,0,0,1,1,29,0,4.0,0,0,0.0,0,0
0.61,0.57,0,0,1,1,41,0,5.0,0,0,0.0,0,0
0.61,0.57,0,0,1,1,49,0,6.0,0,0,0.0,0,0
0.61,0.57,0,0,1,1,58,0,7.0,0,0,0.0,0,0
0.61,0.57,0,0,1,1,73,0,8.0,0,0,0.0,0,0
0.61,0.57,0,0,1,1,82,0,9.0,0,0,0.0,0,0
0.61,0.57,0,0,1,1,87,0,10.0,0,0,0.0,0,0
0.61,0.57,0,0,1,1,98,0,11.0,0,0,0.0,0,0
0.61,0.57,0,0,1,1,100,0,12.0,0,0,0.0,0,0
0.61,0.57,0,0,1,1,104,0,13.0,0,0,0.0,0,0
0.61,0.57,0,0,1,1,111,0,14.0,0,0,0.0,0,0
0.61,0.57,0,0,1,1,124,0,15.0,0,0,0.0,0,0
0.61,0.57,0,0,1,1,129,0,16.0,0,0,0.0,0,0
0.61,0.57,0,0,1,1,141,0,17.0,0,0,0.0,0,0
0.61,0.57,0,0,1,1,150,0,18.0,0,0,0.0,0,0
0.61,0.57,0,0,1,1,151,1,19.0,0,0,0.0,0,0
0.61,0.57,0,0,1,1,155,1,20.0,0,0,0.0,0,0
0.61,0.57,0,0,0,0,155,1,20.0,2,0,1.0,156,0
0.61,0.57,0,0,0,0,155,1,20.0,10,1,2.0,156,0
0.61,0.57,0,0,0,0,155,1,20.0,16,2,3.0,156,0
0.61,0.57,0,0,0,0,155,1,20.0,21,2,4.0,156,0
0.61,0.57,0,0,0,0,155,1,20.0,28,2,5.0,156,0
0.61,0.57,0,0,0,0,155,1,20.0,32,3,6.0,156,0
0.61,0.57,0,0,0,0,155,1,20.0,42,3,7.0,156,0
0.61,0.57,0,0,0,0,155,1,20.0,47,3,8.0,156,0
0.61,0.57,0,0,0,0,155,1,20.0,52,3,9.0,156,0
0.61,0.57,0,0,0,0,155,1,20.0,56,3,10.0,156,0
0.61,0.57,0,0,0,0,155,1,20.0,65,4,11.0,156,0
0.61,0.57,0,0,0,0,155,1,20.0,79,4,12.0,156,0
0.61,0.57,0,0,0,0,155,1,20.0,83,5,13.0,156,0
0.61,0.57,0,0,0,0,155,1,20.0,90,5,14.0,156,0
0.61,0.57,0,0,0,0,155,1,20.0,100,5,15.0,156,0
0.61,0.57,0,0,0,0,155,1,20.0,110,5,16.0,156,0
0.61,0.57,0,0,0,0,155,1,20.0,121,5,17.0,156,0
0.61,0.57,0,0,0,0,155,1,20.0,133,7,18.0,156,0
0.61,0.57,0,0,0,0,155,1,20.0,152,8,19.0,156,0
0.61,0.57,0,0,0,0,155,1,20.0,158,9,19.67,156,0
0.51,0.5,0,0,1,1,16,0,1.0,0,0,0.0,0,0
0.51,0.5,0,0,1,1,20,0,2.0,0,0,0.0,0,0
0.51,0.5,0,0,1,1,27,1,3.0,0,0,0.0,0,0
0.51,0.5,0,0,1,1,33,1,4.0,0,0,0.0,0,0
0.51,0.5,0,0,1,1,35,2,5.0,0,0,0.0,0,0
0.51,0.5,0,0,1,1,50,2,6.0,0,0,0.0,0,0
0.51,0.5,0,0,1,1,58,3,7.0,0,0,0.0,0,0
0.51,0.5,0,0,1,1,61,3,8.0,0,0,0.0,0,0
0.51,0.5,0,0,1,1,69,4,9.0,0,0,0.0,0,0
0.51,0.5,0,0,1,1,79,4,10.0,0,0,0.0,0,0
0.51,0.5,0,0,1,1,82,4,11.0,0,0,0.0,0,0
0.51,0.5,0,0,1,1,85,5,12.0,0,0,0.0,0,0
0.51,0.5,0,0,1,1,98,5,13.0,0,0,0.0,0,0
0.51,0.5,0,0,1,1,107,5,14.0,0,0,0.0,0,0
0.51,0.5,0,0,1,1,115,6,15.0,0,0,0.0,0,0
0.51,0.5,0,0,1,1,129,6,16.0,0,0,0.0,0,0
0.51,0.5,0,0,1,1,132,6,17.0,0,0,0.0,0,0
0.51,0.5,0,0,1,1,141,6,18.0,0,0,0.0,0,0
0.51,0.5,0,0,1,1,144,6,19.0,0,0,0.0,0,0
0.51,0.5,0,0,1,1,150,6,20.0,0,0,0.0,0,0
0.51,0.5,0,0,0,0,150,6,20.0,5,0,1.0,151,0
0.51,0.5,0,0,0,0,150,6,20.0,10,0,2.0,151,0
0.51,0.5,0,0,0,0,150,6,20.0,21,0,3.0,151,0
0.51,0.5,0,0,0,0,150,6,20.0,29,1,4.0,151,0
0.51,0.5,0,0,0,0,150,6,20.0,36,1,5.0,151,0
0.51,0.5,0,0,0,0,150,6,20.0,42,1,6.0,151,0
0.51,0.5,0,0,0,0,150,6,20.0,50,2,7.0,151,0
0.51,0.5,0,0,0,0,150,6,20.0,54,3,8.0,151,0
0.51,0.5,0,0,0,0,150,6,20.0,57,4,9.0,151,0
0.51,0.5,0,0,0,0,150,6,20.0,68,4,10.0,151,0
0.51,0.5,0,0,0,0,150,6,20.0,69,6,11.0,151,0
0.51,0.5,0,0,0,0,150,6,20.0,77,6,12.0,151,0
0.51,0.5,0,0,0,0,150,6,20.0,88,6,13.0,151,0
0.51,0.5,0,0,0,0,150,6,20.0,92,6,14.0,151,0
0.51,0.5,0,0,0,0,150,6,20.0,106,6,15.0,151,0
0.51,0.5,0,0,0,0,150,6,20.0,113,7,16.0,151,0
0.51,0.5,0,0,0,0,150,6,20.0,121,7,17.0,151,0
0.51,0.5,0,0,0,0,150,6,20.0,130,7,18.0,151,0
0.51,0.5,0,0,0,0,150,6,20.0,139,7,19.0,151,0
0.51,0.5,0,0,0,0,150,6,20.0,150,7,20.0,151,0
0.57,0.46,0,0,1,1,6,0,1.0,0,0,0.0,0,1
0.57,0.46,0,0,1,1,23,0,2.0,0,0,0.0,0,1
0.57,0.46,0,0,1,1,33,0,3.0,0,0,0.0,0,1
0.57,0.46,0,0,1,1,39,0,4.0,0,0,0.0,0,1
0.57,0.46,0,0,1,1,49,0,5.0,0,0,0.0,0,1
0.57,0.46,0,0,1,1,61,0,6.0,0,0,0.0,0,1
0.57,0.46,0,0,1,1,65,0,7.0,0,0,0.0,0,1
0.57,0.46,0,0,1,1,68,0,8.0,0,0,0.0,0,1
0.57,0.46,0,0,1,1,78,0,9.0,0,0,0.0,0,1
0.57,0.46,0,0,1,1,86,2,10.0,0,0,0.0,0,1
0.57,0.46,0,0,1,1,95,2,11.0,0,0,0.0,0,1
0.57,0.46,0,0,1,1,100,2,12.0,0,0,0.0,0,1
0.57,0.46,0,0,1,1,123,2,13.0,0,0,0.0,0,1
0.57,0.46,0,0,1,1,137,2,14.0,0,0,0.0,0,1
0.57,0.46,0,0,1,1,149,2,15.0,0,0,0.0,0,1
0.57,0.46,0,0,1,1,154,5,16.0,0,0,0.0,0,1
0.57,0.46,0,0,1,1,173,5,17.0,0,0,0.0,0,1
0.57,0.46,0,0,1,1,188,5,18.0,0,0,0.0,0,1
0.57,0.46,0,0,1,1,191,5,19.0,0,0,0.0,0,1
0.57,0.46,0,0,1,1,203,5,20.0,0,0,0.0,0,1
0.57,0.46,0,0,0,0,203,5,20.0,9,0,1.0,204,1
0.57,0.46,0,0,0,0,203,5,20.0,18,1,2.0,204,1
0.57,0.46,0,0,0,0,203,5,20.0,20,1,3.0,204,1
0.57,0.46,0,0,0,0,203,5,20.0,30,1,4.0,204,1
0.57,0.46,0,0,0,0,203,5,20.0,38,2,5.0,204,1
0.57,0.46,0,0,0,0,203,5,20.0,46,3,6.0,204,1
0.57,0.46,0,0,0,0,203,5,20.0,57,4,7.0,204,1
0.57,0.46,0,0,0,0,203,5,20.0,80,4,8.0,204,1
0.57,0.46,0,0,0,0,203,5,20.0,89,5,9.0,204,1
0.57,0.46,0,0,0,0,203,5,20.0,93,5,10.0,204,1
0.57,0.46,0,0,0,0,203,5,20.0,102,5,11.0,204,1
0.57,0.46,0,0,0,0,203,5,20.0,112,5,12.0,204,1
0.57,0.46,0,0,0,0,203,5,20.0,116,5,13.0,204,1
0.57,0.46,0,0,0,0,203,5,20.0,133,5,14.0,204,1
0.57,0.46,0,0,0,0,203,5,20.0,145,5,15.0,204,1
0.57,0.46,0,0,0,0,203,5,20.0,155,5,16.0,204,1
0.57,0.46,0,0,0,0,203,5,20.0,172,6,17.0,204,1
0.57,0.46,0,0,0,0,203,5,20.0,178,8,18.0,204,1
0.57,0.46,0,0,0,0,203,5,20.0,185,9,19.0,204,1
0.57,0.46,0,0,0,0,203,5,20.0,193,9,20.0,204,1
0.44,0.48,0,1,1,0,0,0,0.0,2,0,1.0,0,0
0.44,0.48,0,1,1,0,0,0,0.0,11,0,2.0,0,0
0.44,0.48,0,1,1,0,0,0,0.0,23,0,3.0,0,0
0.44,0.48,0,1,1,0,0,0,0.0,29,0,4.0,0,0
0.44,0.48,0,1,1,0,0,0,0.0,43,0,5.0,0,0
0.44,0.48,0,1,1,0,0,0,0.0,48,0,6.0,0,0
0.44,0.48,0,1,1,0,0,0,0.0,63,0,7.0,0,0
0.44,0.48,0,1,1,0,0,0,0.0,65,1,8.0,0,0
0.44,0.48,0,1,1,0,0,0,0.0,71,1,9.0,0,0
0.44,0.48,0,1,1,0,0,0,0.0,80,1,10.0,0,0
0.44,0.48,0,1,1,0,0,0,0.0,86,2,11.0,0,0
0.44,0.48,0,1,1,0,0,0,0.0,93,2,12.0,0,0
0.44,0.48,0,1,1,0,0,0,0.0,95,4,13.0,0,0
0.44,0.48,0,1,1,0,0,0,0.0,102,5,14.0,0,0
0.44,0.48,0,1,1,0,0,0,0.0,110,5,15.0,0,0
0.44,0.48,0,1,1,0,0,0,0.0,113,6,16.0,0,0
0.44,0.48,0,1,1,0,0,0,0.0,121,6,17.0,0,0
0.44,0.48,0,1,1,0,0,0,0.0,123,7,18.0,0,0
0.44,0.48,0,1,1,0,0,0,0.0,138,7,19.0,0,0
0.44,0.48,0,1,1,0,0,0,0.0,152,7,20.0,0,0
0.44,0.48,0,1,0,1,9,0,1.0,152,7,20.0,153,0
0.44,0.48,0,1,0,1,15,0,2.0,152,7,20.0,153,0
0.44,0.48,0,1,0,1,28,0,3.0,152,7,20.0,153,0
0.44,0.48,0,1,0,1,34,0,4.0,152,7,20.0,153,0
0.44,0.48,0,1,0,1,42,0,5.0,152,7,20.0,153,0
0.44,0.48,0,1,0,1,46,1,6.0,152,7,20.0,153,0
0.44,0.48,0,1,0,1,50,1,7.0,152,7,20.0,153,0
0.44,0.48,0,1,0,1,54,1,8.0,152,7,20.0,153,0
0.44,0.48,0,1,0,1,62,1,9.0,152,7,20.0,153,0
0.44,0.48,0,1,0,1,64,1,10.0,152,7,20.0,153,0
0.44,0.48,0,1,0,1,71,1,11.0,152,7,20.0,153,0
0.44,0.48,0,1,0,1,79,1,12.0,152,7,20.0,153,0
0.44,0.48,0,1,0,1,84,1,13.0,152,7,20.0,153,0
0.44,0.48,0,1,0,1,96,2,14.0,152,7,20.0,153,0
0.44,0.48,0,1,0,1,105,2,15.0,152,7,20.0,153,0
0.44,0.48,0,1,0,1,112,2,16.0,152,7,20.0,153,0
0.44,0.48,0,1,0,1,128,2,17.0,152,7,20.0,153,0
0.44,0.48,0,1,0,1,131,3,18.0,152,7,20.0,153,0
0.44,0.48,0,1,0,1,138,3,19.0,152,7,20.0,153,0
0.44,0.48,0,1,0,1,144,3,20.0,152,7,20.0,153,0
0.57,0.65,1,1,1,1,6,0,1.0,0,0,0.0,0,1
0.57,0.65,1,1,1,1,17,1,2.0,0,0,0.0,0,1
0.57,0.65,1,1,1,1,24,1,3.0,0,0,0.0,0,1
0.57,0.65,1,1,1,1,27,2,4.0,0,0,0.0,0,1
0.57,0.65,1,1,1,1,35,2,5.0,0,0,0.0,0,1
0.57,0.65,1,1,1,1,39,2,6.0,0,0,0.0,0,1
0.57,0.65,1,1,1,1,51,2,7.0,0,0,0.0,0,1
0.57,0.65,1,1,1,1,63,2,8.0,0,0,0.0,0,1
0.57,0.65,1,1,1,1,74,2,9.0,0,0,0.0,0,1
0.57,0.65,1,1,1,1,76,3,10.0,0,0,0.0,0,1
0.57,0.65,1,1,1,1,81,3,11.0,0,0,0.0,0,1
0.57,0.65,1,1,1,1,83,3,12.0,0,0,0.0,0,1
0.57,0.65,1,1,1,1,92,4,13.0,0,0,0.0,0,1
0.57,0.65,1,1,1,1,98,4,14.0,0,0,0.0,0,1
0.57,0.65,1,1,1,1,110,4,15.0,0,0,0.0,0,1
0.57,0.65,1,1,1,1,117,5,16.0,0,0,0.0,0,1
0.57,0.65,1,1,1,1,123,5,17.0,0,0,0.0,0,1
0.57,0.65,1,1,1,1,126,6,18.0,0,0,0.0,0,1
0.57,0.65,1,1,1,1,129,6,19.0,0,0,0.0,0,1
0.57,0.65,1,1,1,1,131,6,20.0,0,0,0.0,0,1
0.57,0.65,1,1,0,0,131,6,20.0,5,0,1.0,132,1
0.57,0.65,1,1,0,0,131,6,20.0,14,0,2.0,132,1
0.57,0.65,1,1,0,0,131,6,20.0,23,0,3.0,132,1
0.57,0.65,1,1,0,0,131,6,20.0,25,0,4.0,132,1
0.57,0.65,1,1,0,0,131,6,20.0,28,0,5.0,132,1
0.57,0.65,1,1,0,0,131,6,20.0,29,0,6.0,132,1
0.57,0.65,1,1,0,0,131,6,20.0,31,0,7.0,132,1
0.57,0.65,1,1,0,0,131,6,20.0,41,0,8.0,132,1
0.57,0.65,1,1,0,0,131,6,20.0,49,0,9.0,132,1
0.57,0.65,1,1,0,0,131,6,20.0,53,0,10.0,132,1
0.57,0.65,1,1,0,0,131,6,20.0,63,1,11.0,132,1
0.57,0.65,1,1,0,0,131,6,20.0,76,1,12.0,132,1
0.57,0.65,1,1,0,0,131,6,20.0,80,1,13.0,132,1
0.57,0.65,1,1,0,0,131,6,20.0,88,1,14.0,132,1
0.57,0.65,1,1,0,0,131,6,20.0,89,1,15.0,132,1
0.57,0.65,1,1,0,0,131,6,20.0,93,1,16.0,132,1
0.57,0.65,1,1,0,0,131,6,20.0,106,1,17.0,132,1
0.57,0.65,1,1,0,0,131,6,20.0,109,1,18.0,132,1
0.57,0.65,1,1,0,0,131,6,20.0,117,1,19.0,132,1
0.57,0.65,1,1,0,0,131,6,20.0,128,1,20.0,132,1
0.61,0.64,0,1,1,0,0,0,0.0,9,0,1.0,0,0
0.61,0.64,0,1,1,0,0,0,0.0,21,0,2.0,0,0
0.61,0.64,0,1,1,0,0,0,0.0,26,0,3.0,0,0
0.61,0.64,0,1,1,0,0,0,0.0,35,0,4.0,0,0
0.61,0.64,0,1,1,0,0,0,0.0,41,0,5.0,0,0
0.61,0.64,0,1,1,0,0,0,0.0,57,0,6.0,0,0
0.61,0.64,0,1,1,0,0,0,0.0,58,0,7.0,0,0
0.61,0.64,0,1,1,0,0,0,0.0,64,0,8.0,0,0
0.61,0.64,0,1,1,0,0,0,0.0,70,0,9.0,0,0
0.61,0.64,0,1,1,0,0,0,0.0,79,0,10.0,0,0
0.61,0.64,0,1,1,0,0,0,0.0,85,0,11.0,0,0
0.61,0.64,0,1,1,0,0,0,0.0,89,0,12.0,0,0
0.61,0.64,0,1,1,0,0,0,0.0,98,0,13.0,0,0
0.61,0.64,0,1,1,0,0,0,0.0,104,0,14.0,0,0
0.61,0.64,0,1,1,0,0,0,0.0,112,0,15.0,0,0
0.61,0.64,0,1,1,0,0,0,0.0,120,0,16.0,0,0
0.61,0.64,0,1,1,0,0,0,0.0,129,0,17.0,0,0
0.61,0.64,0,1,1,0,0,0,0.0,133,0,18.0,0,0
0.61,0.64,0,1,1,0,0,0,0.0,150,0,19.0,0,0
0.61,0.64,0,1,1,0,0,0,0.0,155,0,20.0,0,0
0.61,0.64,0,1,0,1,8,0,1.0,155,0,20.0,156,0
0.61,0.64,0,1,0,1,15,0,2.0,155,0,20.0,156,0
0.61,0.64,0,1,0,1,24,1,3.0,155,0,20.0,156,0
0.61,0.64,0,1,0,1,30,1,4.0,155,0,20.0,156,0
0.61,0.64,0,1,0,1,40,1,5.0,155,0,20.0,156,0
0.61,0.64,0,1,0,1,52,1,6.0,155,0,20.0,156,0
0.61,0.64,0,1,0,1,57,1,7.0,155,0,20.0,156,0
0.61,0.64,0,1,0,1,59,2,8.0,155,0,20.0,156,0
0.61,0.64,0,1,0,1,65,2,9.0,155,0,20.0,156,0
0.61,0.64,0,1,0,1,72,2,10.0,155,0,20.0,156,0
0.61,0.64,0,1,0,1,86,3,11.0,155,0,20.0,156,0
0.61,0.64,0,1,0,1,93,3,12.0,155,0,20.0,156,0
0.61,0.64,0,1,0,1,102,3,13.0,155,0,20.0,156,0
0.61,0.64,0,1,0,1,107,3,14.0,155,0,20.0,156,0
0.61,0.64,0,1,0,1,114,3,15.0,155,0,20.0,156,0
0.61,0.64,0,1,0,1,120,3,16.0,155,0,20.0,156,0
0.61,0.64,0,1,0,1,130,3,17.0,155,0,20.0,156,0
0.61,0.64,0,1,0,1,133,3,18.0,155,0,20.0,156,0
0.61,0.64,0,1,0,1,137,3,19.0,155,0,20.0,156,0
0.61,0.64,0,1,0,1,147,3,20.0,155,0,20.0,156,0
0.36,0.4,0,1,1,0,0,0,0.0,8,1,1.0,0,1
0.36,0.4,0,1,1,0,0,0,0.0,10,1,2.0,0,1
0.36,0.4,0,1,1,0,0,0,0.0,16,2,3.0,0,1
0.36,0.4,0,1,1,0,0,0,0.0,23,4,4.0,0,1
0.36,0.4,0,1,1,0,0,0,0.0,31,4,5.0,0,1
0.36,0.4,0,1,1,0,0,0,0.0,34,4,6.0,0,1
0.36,0.4,0,1,1,0,0,0,0.0,38,4,7.0,0,1
0.36,0.4,0,1,1,0,0,0,0.0,41,5,8.0,0,1
0.36,0.4,0,1,1,0,0,0,0.0,46,5,9.0,0,1
0.36,0.4,0,1,1,0,0,0,0.0,53,5,10.0,0,1
0.36,0.4,0,1,1,0,0,0,0.0,65,5,11.0,0,1
0.36,0.4,0,1,1,0,0,0,0.0,77,5,12.0,0,1
0.36,0.4,0,1,1,0,0,0,0.0,84,6,13.0,0,1
0.36,0.4,0,1,1,0,0,0,0.0,93,7,14.0,0,1
0.36,0.4,0,1,1,0,0,0,0.0,96,9,15.0,0,1
0.36,0.4,0,1,1,0,0,0,0.0,98,9,16.0,0,1
0.36,0.4,0,1,1,0,0,0,0.0,99,10,16.5,0,1
0.36,0.4,0,1,0,1,3,0,1.0,99,10,17.0,100,1
0.36,0.4,0,1,0,1,9,0,2.0,99,10,17.0,100,1
0.36,0.4,0,1,0,1,11,0,3.0,99,10,17.0,100,1
0.36,0.4,0,1,0,1,15,0,4.0,99,10,17.0,100,1
0.36,0.4,0,1,0,1,20,0,5.0,99,10,17.0,100,1
0.36,0.4,0,1,0,1,24,0,6.0,99,10,17.0,100,1
0.36,0.4,0,1,0,1,29,0,7.0,99,10,17.0,100,1
0.36,0.4,0,1,0,1,32,0,8.0,99,10,17.0,100,1
0.36,0.4,0,1,0,1,38,0,9.0,99,10,17.0,100,1
0.36,0.4,0,1,0,1,53,0,10.0,99,10,17.0,100,1
0.36,0.4,0,1,0,1,56,1,11.0,99,10,17.0,100,1
0.36,0.4,0,1,0,1,63,1,12.0,99,10,17.0,100,1
0.36,0.4,0,1,0,1,66,1,13.0,99,10,17.0,100,1
0.36,0.4,0,1,0,1,73,1,14.0,99,10,17.0,100,1
0.36,0.4,0,1,0,1,88,1,15.0,99,10,17.0,100,1
0.36,0.4,0,1,0,1,96,1,16.0,99,10,17.0,100,1
0.36,0.4,0,1,0,1,101,2,17.0,99,10,17.0,100,1
0.47,0.45,0,0,1,1,11,0,1.0,0,0,0.0,0,1
0.47,0.45,0,0,1,1,18,1,2.0,0,0,0.0,0,1
0.47,0.45,0,0,1,1,22,1,3.0,0,0,0.0,0,1
0.47,0.45,0,0,1,1,31,1,4.0,0,0,0.0,0,1
0.47,0.45,0,0,1,1,39,2,5.0,0,0,0.0,0,1
0.47,0.45,0,0,1,1,50,2,6.0,0,0,0.0,0,1
0.47,0.45,0,0,1,1,63,2,7.0,0,0,0.0,0,1
0.47,0.45,0,0,1,1,72,3,8.0,0,0,0.0,0,1
0.47,0.45,0,0,1,1,76,3,9.0,0,0,0.0,0,1
0.47,0.45,0,0,1,1,83,4,10.0,0,0,0.0,0,1
0.47,0.45,0,0,1,1,86,5,11.0,0,0,0.0,0,1
0.47,0.45,0,0,1,1,97,5,12.0,0,0,0.0,0,1
0.47,0.45,0,0,1,1,108,5,13.0,0,0,0.0,0,1
0.47,0.45,0,0,1,1,126,5,14.0,0,0,0.0,0,1
0.47,0.45,0,0,1,1,136,5,15.0,0,0,0.0,0,1
0.47,0.45,0,0,1,1,142,5,16.0,0,0,0.0,0,1
0.47,0.45,0,0,1,1,150,5,17.0,0,0,0.0,0,1
0.47,0.45,0,0,1,1,153,5,18.0,0,0,0.0,0,1
0.47,0.45,0,0,1,1,154,5,19.0,0,0,0.0,0,1
0.47,0.45,0,0,1,1,157,5,20.0,0,0,0.0,0,1
0.47,0.45,0,0,0,0,157,5,20.0,5,0,1.0,158,1
0.47,0.45,0,0,0,0,157,5,20.0,19,0,2.0,158,1
0.47,0.45,0,0,0,0,157,5,20.0,19,0,3.0,158,1
0.47,0.45,0,0,0,0,157,5,20.0,23,0,4.0,158,1
0.47,0.45,0,0,0,0,157,5,20.0,30,0,5.0,158,1
0.47,0.45,0,0,0,0,157,5,20.0,40,0,6.0,158,1
0.47,0.45,0,0,0,0,157,5,20.0,53,0,7.0,158,1
0.47,0.45,0,0,0,0,157,5,20.0,59,0,8.0,158,1
0.47,0.45,0,0,0,0,157,5,20.0,75,0,9.0,158,1
0.47,0.45,0,0,0,0,157,5,20.0,84,0,10.0,158,1
0.47,0.45,0,0,0,0,157,5,20.0,97,0,11.0,158,1
0.47,0.45,0,0,0,0,157,5,20.0,104,0,12.0,158,1
0.47,0.45,0,0,0,0,157,5,20.0,113,1,13.0,158,1
0.47,0.45,0,0,0,0,157,5,20.0,113,2,14.0,158,1
0.47,0.45,0,0,0,0,157,5,20.0,116,3,15.0,158,1
0.47,0.45,0,0,0,0,157,5,20.0,126,3,16.0,158,1
0.47,0.45,0,0,0,0,157,5,20.0,128,5,17.0,158,1
0.47,0.45,0,0,0,0,157,5,20.0,138,6,18.0,158,1
0.47,0.45,0,0,0,0,157,5,20.0,147,7,19.0,158,1
0.47,0.45,0,0,0,0,157,5,20.0,156,7,20.0,158,1
0.57,0.57,1,1,1,1,8,1,1.0,0,0,0.0,0,0
0.57,0.57,1,1,1,1,11,1,2.0,0,0,0.0,0,0
0.57,0.57,1,1,1,1,18,1,3.0,0,0,0.0,0,0
0.57,0.57,1,1,1,1,21,2,4.0,0,0,0.0,0,0
0.57,0.57,1,1,1,1,33,3,5.0,0,0,0.0,0,0
0.57,0.57,1,1,1,1,42,3,6.0,0,0,0.0,0,0
0.57,0.57,1,1,1,1,48,3,7.0,0,0,0.0,0,0
0.57,0.57,1,1,1,1,49,3,8.0,0,0,0.0,0,0
0.57,0.57,1,1,1,1,58,3,9.0,0,0,0.0,0,0
0.57,0.57,1,1,1,1,66,4,10.0,0,0,0.0,0,0
0.57,0.57,1,1,1,1,71,5,11.0,0,0,0.0,0,0
0.57,0.57,1,1,1,1,85,5,12.0,0,0,0.0,0,0
0.57,0.57,1,1,1,1,95,5,13.0,0,0,0.0,0,0
0.57,0.57,1,1,1,1,100,5,14.0,0,0,0.0,0,0
0.57,0.57,1,1,1,1,108,5,15.0,0,0,0.0,0,0
0.57,0.57,1,1,1,1,115,5,16.0,0,0,0.0,0,0
0.57,0.57,1,1,1,1,117,5,17.0,0,0,0.0,0,0
0.57,0.57,1,1,1,1,121,5,18.0,0,0,0.0,0,0
0.57,0.57,1,1,1,1,141,5,19.0,0,0,0.0,0,0
0.57,0.57,1,1,1,1,150,5,20.0,0,0,0.0,0,0
0.57,0.57,1,1,0,0,150,5,20.0,14,0,1.0,151,0
0.57,0.57,1,1,0,0,150,5,20.0,23,0,2.0,151,0
0.57,0.57,1,1,0,0,150,5,20.0,26,0,3.0,151,0
0.57,0.57,1,1,0,0,150,5,20.0,32,0,4.0,151,0
0.57,0.57,1,1,0,0,150,5,20.0,37,0,5.0,151,0
0.57,0.57,1,1,0,0,150,5,20.0,52,0,6.0,151,0
0.57,0.57,1,1,0,0,150,5,20.0,56,0,7.0,151,0
0.57,0.57,1,1,0,0,150,5,20.0,62,0,8.0,151,0
0.57,0.57,1,1,0,0,150,5,20.0,64,0,9.0,151,0
0.57,0.57,1,1,0,0,150,5,20.0,69,0,10.0,151,0
0.57,0.57,1,1,0,0,150,5,20.0,85,0,11.0,151,0
0.57,0.57,1,1,0,0,150,5,20.0,92,0,12.0,151,0
0.57,0.57,1,1,0,0,150,5,20.0,97,0,13.0,151,0
0.57,0.57,1,1,0,0,150,5,20.0,105,0,14.0,151,0
0.57,0.57,1,1,0,0,150,5,20.0,109,0,15.0,151,0
0.57,0.57,1,1,0,0,150,5,20.0,120,0,16.0,151,0
0.57,0.57,1,1,0,0,150,5,20.0,125,0,17.0,151,0
0.57,0.57,1,1,0,0,150,5,20.0,128,0,18.0,151,0
0.57,0.57,1,1,0,0,150,5,20.0,132,1,19.0,151,0
0.57,0.57,1,1,0,0,150,5,20.0,153,1,19.83,151,0
0.58,0.6,0,0,1,1,17,0,1.0,0,0,0.0,0,0
0.58,0.6,0,0,1,1,32,0,2.0,0,0,0.0,0,0
0.58,0.6,0,0,1,1,45,0,3.0,0,0,0.0,0,0
0.58,0.6,0,0,1,1,50,1,4.0,0,0,0.0,0,0
0.58,0.6,0,0,1,1,57,1,5.0,0,0,0.0,0,0
0.58,0.6,0,0,1,1,61,1,6.0,0,0,0.0,0,0
0.58,0.6,0,0,1,1,66,1,7.0,0,0,0.0,0,0
0.58,0.6,0,0,1,1,68,1,8.0,0,0,0.0,0,0
0.58,0.6,0,0,1,1,70,1,9.0,0,0,0.0,0,0
0.58,0.6,0,0,1,1,81,1,10.0,0,0,0.0,0,0
0.58,0.6,0,0,1,1,91,1,11.0,0,0,0.0,0,0
0.58,0.6,0,0,1,1,100,1,12.0,0,0,0.0,0,0
0.58,0.6,0,0,1,1,103,1,13.0,0,0,0.0,0,0
0.58,0.6,0,0,1,1,113,1,14.0,0,0,0.0,0,0
0.58,0.6,0,0,1,1,118,2,15.0,0,0,0.0,0,0
0.58,0.6,0,0,1,1,123,2,16.0,0,0,0.0,0,0
0.58,0.6,0,0,1,1,136,2,17.0,0,0,0.0,0,0
0.58,0.6,0,0,1,1,142,2,18.0,0,0,0.0,0,0
0.58,0.6,0,0,1,1,152,3,19.0,0,0,0.0,0,0
0.58,0.6,0,0,1,1,157,3,20.0,0,0,0.0,0,0
0.58,0.6,0,0,0,0,157,3,20.0,1,1,1.0,158,0
0.58,0.6,0,0,0,0,157,3,20.0,9,3,2.0,158,0
0.58,0.6,0,0,0,0,157,3,20.0,20,4,3.0,158,0
0.58,0.6,0,0,0,0,157,3,20.0,23,4,4.0,158,0
0.58,0.6,0,0,0,0,157,3,20.0,34,5,5.0,158,0
0.58,0.6,0,0,0,0,157,3,20.0,37,5,6.0,158,0
0.58,0.6,0,0,0,0,157,3,20.0,46,6,7.0,158,0
0.58,0.6,0,0,0,0,157,3,20.0,53,6,8.0,158,0
0.58,0.6,0,0,0,0,157,3,20.0,64,6,9.0,158,0
0.58,0.6,0,0,0,0,157,3,20.0,72,6,10.0,158,0
0.58,0.6,0,0,0,0,157,3,20.0,76,7,11.0,158,0
0.58,0.6,0,0,0,0,157,3,20.0,80,7,12.0,158,0
0.58,0.6,0,0,0,0,157,3,20.0,92,7,13.0,158,0
0.58,0.6,0,0,0,0,157,3,20.0,100,7,14.0,158,0
0.58,0.6,0,0,0,0,157,3,20.0,109,7,15.0,158,0
0.58,0.6,0,0,0,0,157,3,20.0,119,7,16.0,158,0
0.58,0.6,0,0,0,0,157,3,20.0,128,7,17.0,158,0
0.58,0.6,0,0,0,0,157,3,20.0,134,7,18.0,158,0
0.58,0.6,0,0,0,0,157,3,20.0,146,8,19.0,158,0
0.58,0.6,0,0,0,0,157,3,20.0,159,8,20.0,158,0
0.58,0.42,0,1,1,0,0,0,0.0,7,0,1.0,0,1
0.58,0.42,0,1,1,0,0,0,0.0,17,0,2.0,0,1
0.58,0.42,0,1,1,0,0,0,0.0,20,0,3.0,0,1
0.58,0.42,0,1,1,0,0,0,0.0,32,0,4.0,0,1
0.58,0.42,0,1,1,0,0,0,0.0,40,0,5.0,0,1
0.58,0.42,0,1,1,0,0,0,0.0,48,0,6.0,0,1
0.58,0.42,0,1,1,0,0,0,0.0,49,0,7.0,0,1
0.58,0.42,0,1,1,0,0,0,0.0,65,0,8.0,0,1
0.58,0.42,0,1,1,0,0,0,0.0,74,0,9.0,0,1
0.58,0.42,0,1,1,0,0,0,0.0,83,0,10.0,0,1
0.58,0.42,0,1,1,0,0,0,0.0,84,0,11.0,0,1
0.58,0.42,0,1,1,0,0,0,0.0,88,0,12.0,0,1
0.58,0.42,0,1,1,0,0,0,0.0,93,0,13.0,0,1
0.58,0.42,0,1,1,0,0,0,0.0,101,1,14.0,0,1
0.58,0.42,0,1,1,0,0,0,0.0,117,1,15.0,0,1
0.58,0.42,0,1,1,0,0,0,0.0,133,1,16.0,0,1
0.58,0.42,0,1,1,0,0,0,0.0,140,1,17.0,0,1
0.58,0.42,0,1,1,0,0,0,0.0,142,1,18.0,0,1
0.58,0.42,0,1,1,0,0,0,0.0,150,1,19.0,0,1
0.58,0.42,0,1,1,0,0,0,0.0,153,1,20.0,0,1
0.58,0.42,0,1,0,1,8,0,1.0,153,1,20.0,154,1
0.58,0.42,0,1,0,1,13,0,2.0,153,1,20.0,154,1
0.58,0.42,0,1,0,1,16,0,3.0,153,1,20.0,154,1
0.58,0.42,0,1,0,1,29,0,4.0,153,1,20.0,154,1
0.58,0.42,0,1,0,1,41,1,5.0,153,1,20.0,154,1
0.58,0.42,0,1,0,1,45,1,6.0,153,1,20.0,154,1
0.58,0.42,0,1,0,1,55,1,7.0,153,1,20.0,154,1
0.58,0.42,0,1,0,1,79,1,8.0,153,1,20.0,154,1
0.58,0.42,0,1,0,1,82,1,9.0,153,1,20.0,154,1
0.58,0.42,0,1,0,1,88,1,10.0,153,1,20.0,154,1
0.58,0.42,0,1,0,1,94,1,11.0,153,1,20.0,154,1
0.58,0.42,0,1,0,1,108,1,12.0,153,1,20.0,154,1
0.58,0.42,0,1,0,1,117,1,13.0,153,1,20.0,154,1
0.58,0.42,0,1,0,1,128,2,14.0,153,1,20.0,154,1
0.58,0.42,0,1,0,1,138,2,15.0,153,1,20.0,154,1
0.58,0.42,0,1,0,1,141,2,16.0,153,1,20.0,154,1
0.58,0.42,0,1,0,1,144,2,17.0,153,1,20.0,154,1
0.58,0.42,0,1,0,1,152,2,18.0,153,1,20.0,154,1
0.58,0.42,0,1,0,1,156,2,18.17,153,1,20.0,154,1
0.47,0.63,1,1,1,1,4,0,1.0,0,0,0.0,0,0
0.47,0.63,1,1,1,1,16,0,2.0,0,0,0.0,0,0
0.47,0.63,1,1,1,1,25,0,3.0,0,0,0.0,0,0
0.47,0.63,1,1,1,1,30,0,4.0,0,0,0.0,0,0
0.47,0.63,1,1,1,1,37,0,5.0,0,0,0.0,0,0
0.47,0.63,1,1,1,1,41,0,6.0,0,0,0.0,0,0
0.47,0.63,1,1,1,1,50,1,7.0,0,0,0.0,0,0
0.47,0.63,1,1,1,1,56,1,8.0,0,0,0.0,0,0
0.47,0.63,1,1,1,1,67,1,9.0,0,0,0.0,0,0
0.47,0.63,1,1,1,1,71,1,10.0,0,0,0.0,0,0
0.47,0.63,1,1,1,1,77,2,11.0,0,0,0.0,0,0
0.47,0.63,1,1,1,1,86,3,12.0,0,0,0.0,0,0
0.47,0.63,1,1,1,1,90,3,13.0,0,0,0.0,0,0
0.47,0.63,1,1,1,1,93,4,14.0,0,0,0.0,0,0
0.47,0.63,1,1,1,1,99,4,15.0,0,0,0.0,0,0
0.47,0.63,1,1,1,1,106,4,16.0,0,0,0.0,0,0
0.47,0.63,1,1,1,1,110,5,17.0,0,0,0.0,0,0
0.47,0.63,1,1,1,1,117,5,18.0,0,0,0.0,0,0
0.47,0.63,1,1,1,1,122,5,19.0,0,0,0.0,0,0
0.47,0.63,1,1,1,1,130,5,20.0,0,0,0.0,0,0
0.47,0.63,1,1,0,0,130,5,20.0,20,0,1.0,131,0
0.47,0.63,1,1,0,0,130,5,20.0,22,0,2.0,131,0
0.47,0.63,1,1,0,0,130,5,20.0,29,1,3.0,131,0
0.47,0.63,1,1,0,0,130,5,20.0,34,1,4.0,131,0
0.47,0.63,1,1,0,0,130,5,20.0,44,1,5.0,131,0
0.47,0.63,1,1,0,0,130,5,20.0,51,1,6.0,131,0
0.47,0.63,1,1,0,0,130,5,20.0,60,1,7.0,131,0
0.47,0.63,1,1,0,0,130,5,20.0,63,1,8.0,131,0
0.47,0.63,1,1,0,0,130,5,20.0,83,1,9.0,131,0
0.47,0.63,1,1,0,0,130,5,20.0,93,1,10.0,131,0
0.47,0.63,1,1,0,0,130,5,20.0,111,1,11.0,131,0
0.47,0.63,1,1,0,0,130,5,20.0,122,2,12.0,131,0
0.47,0.63,1,1,0,0,130,5,20.0,122,2,13.0,131,0
0.47,0.63,1,1,0,0,130,5,20.0,132,2,13.83,131,0
0.42,0.65,1,1,1,1,7,0,1.0,0,0,0.0,0,0
0.42,0.65,1,1,1,1,9,0,2.0,0,0,0.0,0,0
0.42,0.65,1,1,1,1,15,0,3.0,0,0,0.0,0,0
0.42,0.65,1,1,1,1,26,0,4.0,0,0,0.0,0,0
0.42,0.65,1,1,1,1,26,0,5.0,0,0,0.0,0,0
0.42,0.65,1,1,1,1,30,0,6.0,0,0,0.0,0,0
0.42,0.65,1,1,1,1,44,0,7.0,0,0,0.0,0,0
0.42,0.65,1,1,1,1,50,0,8.0,0,0,0.0,0,0
0.42,0.65,1,1,1,1,55,0,9.0,0,0,0.0,0,0
0.42,0.65,1,1,1,1,64,0,10.0,0,0,0.0,0,0
0.42,0.65,1,1,1,1,75,0,11.0,0,0,0.0,0,0
0.42,0.65,1,1,1,1,80,0,12.0,0,0,0.0,0,0
0.42,0.65,1,1,1,1,87,0,13.0,0,0,0.0,0,0
0.42,0.65,1,1,1,1,91,0,14.0,0,0,0.0,0,0
0.42,0.65,1,1,1,1,95,1,15.0,0,0,0.0,0,0
0.42,0.65,1,1,1,1,99,2,16.0,0,0,0.0,0,0
0.42,0.65,1,1,1,1,102,2,17.0,0,0,0.0,0,0
0.42,0.65,1,1,1,1,109,2,18.0,0,0,0.0,0,0
0.42,0.65,1,1,1,1,118,2,19.0,0,0,0.0,0,0
0.42,0.65,1,1,1,1,123,2,20.0,0,0,0.0,0,0
0.42,0.65,1,1,0,0,123,2,20.0,4,0,1.0,124,0
0.42,0.65,1,1,0,0,123,2,20.0,7,0,2.0,124,0
0.42,0.65,1,1,0,0,123,2,20.0,12,1,3.0,124,0
0.42,0.65,1,1,0,0,123,2,20.0,20,1,4.0,124,0
0.42,0.65,1,1,0,0,123,2,20.0,30,1,5.0,124,0
0.42,0.65,1,1,0,0,123,2,20.0,36,2,6.0,124,0
0.42,0.65,1,1,0,0,123,2,20.0,38,2,7.0,124,0
0.42,0.65,1,1,0,0,123,2,20.0,50,3,8.0,124,0
0.42,0.65,1,1,0,0,123,2,20.0,52,3,9.0,124,0
0.42,0.65,1,1,0,0,123,2,20.0,74,3,10.0,124,0
0.42,0.65,1,1,0,0,123,2,20.0,75,3,11.0,124,0
0.42,0.65,1,1,0,0,123,2,20.0,81,4,12.0,124,0
0.42,0.65,1,1,0,0,123,2,20.0,94,4,13.0,124,0
0.42,0.65,1,1,0,0,123,2,20.0,104,4,14.0,124,0
0.42,0.65,1,1,0,0,123,2,20.0,115,4,15.0,124,0
0.42,0.65,1,1,0,0,123,2,20.0,124,4,15.83,124,0
0.46,0.61,1,1,1,1,9,0,1.0,0,0,0.0,0,0
0.46,0.61,1,1,1,1,15,0,2.0,0,0,0.0,0,0
0.46,0.61,1,1,1,1,16,1,3.0,0,0,0.0,0,0
0.46,0.61,1,1,1,1,20,1,4.0,0,0,0.0,0,0
0.46,0.61,1,1,1,1,24,1,5.0,0,0,0.0,0,0
0.46,0.61,1,1,1,1,34,1,6.0,0,0,0.0,0,0
0.46,0.61,1,1,1,1,35,1,7.0,0,0,0.0,0,0
0.46,0.61,1,1,1,1,38,1,8.0,0,0,0.0,0,0
0.46,0.61,1,1,1,1,47,1,9.0,0,0,0.0,0,0
0.46,0.61,1,1,1,1,49,2,10.0,0,0,0.0,0,0
0.46,0.61,1,1,1,1,52,2,11.0,0,0,0.0,0,0
0.46,0.61,1,1,1,1,56,2,12.0,0,0,0.0,0,0
0.46,0.61,1,1,1,1,61,3,13.0,0,0,0.0,0,0
0.46,0.61,1,1,1,1,65,4,14.0,0,0,0.0,0,0
0.46,0.61,1,1,1,1,65,5,15.0,0,0,0.0,0,0
0.46,0.61,1,1,1,1,73,5,16.0,0,0,0.0,0,0
0.46,0.61,1,1,1,1,79,6,17.0,0,0,0.0,0,0
0.46,0.61,1,1,1,1,90,6,18.0,0,0,0.0,0,0
0.46,0.61,1,1,1,1,95,6,19.0,0,0,0.0,0,0
0.46,0.61,1,1,1,1,102,7,20.0,0,0,0.0,0,0
0.46,0.61,1,1,0,0,102,7,20.0,3,1,1.0,103,0
0.46,0.61,1,1,0,0,102,7,20.0,23,1,2.0,103,0
0.46,0.61,1,1,0,0,102,7,20.0,27,1,3.0,103,0
0.46,0.61,1,1,0,0,102,7,20.0,28,1,4.0,103,0
0.46,0.61,1,1,0,0,102,7,20.0,31,1,5.0,103,0
0.46,0.61,1,1,0,0,102,7,20.0,43,1,6.0,103,0
0.46,0.61,1,1,0,0,102,7,20.0,44,1,7.0,103,0
0.46,0.61,1,1,0,0,102,7,20.0,49,1,8.0,103,0
0.46,0.61,1,1,0,0,102,7,20.0,56,1,9.0,103,0
0.46,0.61,1,1,0,0,102,7,20.0,61,2,10.0,103,0
0.46,0.61,1,1,0,0,102,7,20.0,73,2,11.0,103,0
0.46,0.61,1,1,0,0,102,7,20.0,77,3,12.0,103,0
0.46,0.61,1,1,0,0,102,7,20.0,81,3,13.0,103,0
0.46,0.61,1,1,0,0,102,7,20.0,91,4,14.0,103,0
0.46,0.61,1,1,0,0,102,7,20.0,100,5,15.0,103,0
0.46,0.61,1,1,0,0,102,7,20.0,103,5,15.33,103,0
0.48,0.58,0,1,1,0,0,0,0.0,8,0,1.0,0,0
0.48,0.58,0,1,1,0,0,0,0.0,17,0,2.0,0,0
0.48,0.58,0,1,1,0,0,0,0.0,29,0,3.0,0,0
0.48,0.58,0,1,1,0,0,0,0.0,34,0,4.0,0,0
0.48,0.58,0,1,1,0,0,0,0.0,39,0,5.0,0,0
0.48,0.58,0,1,1,0,0,0,0.0,45,1,6.0,0,0
0.48,0.58,0,1,1,0,0,0,0.0,57,1,7.0,0,0
0.48,0.58,0,1,1,0,0,0,0.0,63,1,8.0,0,0
0.48,0.58,0,1,1,0,0,0,0.0,64,1,9.0,0,0
0.48,0.58,0,1,1,0,0,0,0.0,77,1,10.0,0,0
0.48,0.58,0,1,1,0,0,0,0.0,94,1,11.0,0,0
0.48,0.58,0,1,1,0,0,0,0.0,101,2,12.0,0,0
0.48,0.58,0,1,1,0,0,0,0.0,105,3,13.0,0,0
0.48,0.58,0,1,1,0,0,0,0.0,109,3,14.0,0,0
0.48,0.58,0,1,1,0,0,0,0.0,115,5,15.0,0,0
0.48,0.58,0,1,1,0,0,0,0.0,128,6,16.0,0,0
0.48,0.58,0,1,1,0,0,0,0.0,137,7,17.0,0,0
0.48,0.58,0,1,1,0,0,0,0.0,142,8,18.0,0,0
0.48,0.58,0,1,1,0,0,0,0.0,158,9,19.0,0,0
0.48,0.58,0,1,1,0,0,0,0.0,166,9,20.0,0,0
0.48,0.58,0,1,0,1,8,1,1.0,166,9,20.0,167,0
0.48,0.58,0,1,0,1,12,1,2.0,166,9,20.0,167,0
0.48,0.58,0,1,0,1,20,1,3.0,166,9,20.0,167,0
0.48,0.58,0,1,0,1,24,1,4.0,166,9,20.0,167,0
0.48,0.58,0,1,0,1,28,1,5.0,166,9,20.0,167,0
0.48,0.58,0,1,0,1,32,1,6.0,166,9,20.0,167,0
0.48,0.58,0,1,0,1,43,1,7.0,166,9,20.0,167,0
0.48,0.58,0,1,0,1,44,2,8.0,166,9,20.0,167,0
0.48,0.58,0,1,0,1,51,2,9.0,166,9,20.0,167,0
0.48,0.58,0,1,0,1,57,2,10.0,166,9,20.0,167,0
0.48,0.58,0,1,0,1,61,2,11.0,166,9,20.0,167,0
0.48,0.58,0,1,0,1,71,2,12.0,166,9,20.0,167,0
0.48,0.58,0,1,0,1,88,2,13.0,166,9,20.0,167,0
0.48,0.58,0,1,0,1,98,2,14.0,166,9,20.0,167,0
0.48,0.58,0,1,0,1,102,2,15.0,166,9,20.0,167,0
0.48,0.58,0,1,0,1,114,2,16.0,166,9,20.0,167,0
0.48,0.58,0,1,0,1,125,2,17.0,166,9,20.0,167,0
0.48,0.58,0,1,0,1,145,2,18.0,166,9,20.0,167,0
0.48,0.58,0,1,0,1,152,2,19.0,166,9,20.0,167,0
0.48,0.58,0,1,0,1,159,2,20.0,166,9,20.0,167,0
0.61,0.44,1,1,1,1,7,0,1.0,0,0,0.0,0,1
0.61,0.44,1,1,1,1,12,0,2.0,0,0,0.0,0,1
0.61,0.44,1,1,1,1,20,0,3.0,0,0,0.0,0,1
0.61,0.44,1,1,1,1,36,1,4.0,0,0,0.0,0,1
0.61,0.44,1,1,1,1,47,1,5.0,0,0,0.0,0,1
0.61,0.44,1,1,1,1,49,2,6.0,0,0,0.0,0,1
0.61,0.44,1,1,1,1,50,2,7.0,0,0,0.0,0,1
0.61,0.44,1,1,1,1,62,3,8.0,0,0,0.0,0,1
0.61,0.44,1,1,1,1,62,3,9.0,0,0,0.0,0,1
0.61,0.44,1,1,1,1,65,3,10.0,0,0,0.0,0,1
0.61,0.44,1,1,1,1,76,3,11.0,0,0,0.0,0,1
0.61,0.44,1,1,1,1,81,4,12.0,0,0,0.0,0,1
0.61,0.44,1,1,1,1,89,4,13.0,0,0,0.0,0,1
0.61,0.44,1,1,1,1,104,4,14.0,0,0,0.0,0,1
0.61,0.44,1,1,1,1,111,4,15.0,0,0,0.0,0,1
0.61,0.44,1,1,1,1,120,4,16.0,0,0,0.0,0,1
0.61,0.44,1,1,1,1,124,5,17.0,0,0,0.0,0,1
0.61,0.44,1,1,1,1,135,5,18.0,0,0,0.0,0,1
0.61,0.44,1,1,1,1,138,5,19.0,0,0,0.0,0,1
0.61,0.44,1,1,1,1,154,5,20.0,0,0,0.0,0,1
0.61,0.44,1,1,0,0,154,5,20.0,6,0,1.0,155,1
0.61,0.44,1,1,0,0,154,5,20.0,17,0,2.0,155,1
0.61,0.44,1,1,0,0,154,5,20.0,24,1,3.0,155,1
0.61,0.44,1,1,0,0,154,5,20.0,26,1,4.0,155,1
0.61,0.44,1,1,0,0,154,5,20.0,35,1,5.0,155,1
0.61,0.44,1,1,0,0,154,5,20.0,50,1,6.0,155,1
0.61,0.44,1,1,0,0,154,5,20.0,63,2,7.0,155,1
0.61,0.44,1,1,0,0,154,5,20.0,78,2,8.0,155,1
0.61,0.44,1,1,0,0,154,5,20.0,80,2,9.0,155,1
0.61,0.44,1,1,0,0,154,5,20.0,93,2,10.0,155,1
0.61,0.44,1,1,0,0,154,5,20.0,94,4,11.0,155,1
0.61,0.44,1,1,0,0,154,5,20.0,99,4,12.0,155,1
0.61,0.44,1,1,0,0,154,5,20.0,105,4,13.0,155,1
0.61,0.44,1,1,0,0,154,5,20.0,109,4,14.0,155,1
0.61,0.44,1,1,0,0,154,5,20.0,114,4,15.0,155,1
0.61,0.44,1,1,0,0,154,5,20.0,120,5,16.0,155,1
0.61,0.44,1,1,0,0,154,5,20.0,127,6,17.0,155,1
0.61,0.44,1,1,0,0,154,5,20.0,136,8,18.0,155,1
0.61,0.44,1,1,0,0,154,5,20.0,139,9,19.0,155,1
0.61,0.44,1,1,0,0,154,5,20.0,139,10,19.33,155,1
0.48,0.41,0,0,1,1,10,0,1.0,0,0,0.0,0,0
0.48,0.41,0,0,1,1,15,1,2.0,0,0,0.0,0,0
0.48,0.41,0,0,1,1,21,1,3.0,0,0,0.0,0,0
0.48,0.41,0,0,1,1,31,2,4.0,0,0,0.0,0,0
0.48,0.41,0,0,1,1,34,2,5.0,0,0,0.0,0,0
0.48,0.41,0,0,1,1,42,2,6.0,0,0,0.0,0,0
0.48,0.41,0,0,1,1,43,2,7.0,0,0,0.0,0,0
0.48,0.41,0,0,1,1,54,2,8.0,0,0,0.0,0,0
0.48,0.41,0,0,1,1,63,2,9.0,0,0,0.0,0,0
0.48,0.41,0,0,1,1,66,3,10.0,0,0,0.0,0,0
0.48,0.41,0,0,1,1,70,3,11.0,0,0,0.0,0,0
0.48,0.41,0,0,1,1,83,3,12.0,0,0,0.0,0,0
0.48,0.41,0,0,1,1,94,3,13.0,0,0,0.0,0,0
0.48,0.41,0,0,1,1,103,4,14.0,0,0,0.0,0,0
0.48,0.41,0,0,1,1,109,4,15.0,0,0,0.0,0,0
0.48,0.41,0,0,1,1,119,4,16.0,0,0,0.0,0,0
0.48,0.41,0,0,1,1,128,4,17.0,0,0,0.0,0,0
0.48,0.41,0,0,1,1,135,4,18.0,0,0,0.0,0,0
0.48,0.41,0,0,1,1,142,4,19.0,0,0,0.0,0,0
0.48,0.41,0,0,1,1,146,4,20.0,0,0,0.0,0,0
0.48,0.41,0,0,0,0,146,4,20.0,10,1,1.0,147,0
0.48,0.41,0,0,0,0,146,4,20.0,16,1,2.0,147,0
0.48,0.41,0,0,0,0,146,4,20.0,22,1,3.0,147,0
0.48,0.41,0,0,0,0,146,4,20.0,27,2,4.0,147,0
0.48,0.41,0,0,0,0,146,4,20.0,33,2,5.0,147,0
0.48,0.41,0,0,0,0,146,4,20.0,34,2,6.0,147,0
0.48,0.41,0,0,0,0,146,4,20.0,38,2,7.0,147,0
0.48,0.41,0,0,0,0,146,4,20.0,51,2,8.0,147,0
0.48,0.41,0,0,0,0,146,4,20.0,54,3,9.0,147,0
0.48,0.41,0,0,0,0,146,4,20.0,62,3,10.0,147,0
0.48,0.41,0,0,0,0,146,4,20.0,66,3,11.0,147,0
0.48,0.41,0,0,0,0,146,4,20.0,76,3,12.0,147,0
0.48,0.41,0,0,0,0,146,4,20.0,82,3,13.0,147,0
0.48,0.41,0,0,0,0,146,4,20.0,91,3,14.0,147,0
0.48,0.41,0,0,0,0,146,4,20.0,94,4,15.0,147,0
0.48,0.41,0,0,0,0,146,4,20.0,109,4,16.0,147,0
0.48,0.41,0,0,0,0,146,4,20.0,120,4,17.0,147,0
0.48,0.41,0,0,0,0,146,4,20.0,125,5,18.0,147,0
0.48,0.41,0,0,0,0,146,4,20.0,135,6,19.0,147,0
0.48,0.41,0,0,0,0,146,4,20.0,150,6,20.0,147,0
0.4,0.44,0,1,1,0,0,0,0.0,5,0,1.0,0,1
0.4,0.44,0,1,1,0,0,0,0.0,7,0,2.0,0,1
0.4,0.44,0,1,1,0,0,0,0.0,14,0,3.0,0,1
0.4,0.44,0,1,1,0,0,0,0.0,23,0,4.0,0,1
0.4,0.44,0,1,1,0,0,0,0.0,31,0,5.0,0,1
0.4,0.44,0,1,1,0,0,0,0.0,35,0,6.0,0,1
0.4,0.44,0,1,1,0,0,0,0.0,38,1,7.0,0,1
0.4,0.44,0,1,1,0,0,0,0.0,45,2,8.0,0,1
0.4,0.44,0,1,1,0,0,0,0.0,52,3,9.0,0,1
0.4,0.44,0,1,1,0,0,0,0.0,54,3,10.0,0,1
0.4,0.44,0,1,1,0,0,0,0.0,62,3,11.0,0,1
0.4,0.44,0,1,1,0,0,0,0.0,64,3,12.0,0,1
0.4,0.44,0,1,1,0,0,0,0.0,68,4,13.0,0,1
0.4,0.44,0,1,1,0,0,0,0.0,73,4,14.0,0,1
0.4,0.44,0,1,1,0,0,0,0.0,76,4,15.0,0,1
0.4,0.44,0,1,1,0,0,0,0.0,82,4,16.0,0,1
0.4,0.44,0,1,1,0,0,0,0.0,88,4,17.0,0,1
0.4,0.44,0,1,1,0,0,0,0.0,95,4,18.0,0,1
0.4,0.44,0,1,1,0,0,0,0.0,104,4,19.0,0,1
0.4,0.44,0,1,1,0,0,0,0.0,104,4,20.0,0,1
0.4,0.44,0,1,0,1,5,1,1.0,104,4,20.0,105,1
0.4,0.44,0,1,0,1,8,1,2.0,104,4,20.0,105,1
0.4,0.44,0,1,0,1,16,1,3.0,104,4,20.0,105,1
0.4,0.44,0,1,0,1,22,1,4.0,104,4,20.0,105,1
0.4,0.44,0,1,0,1,27,1,5.0,104,4,20.0,105,1
0.4,0.44,0,1,0,1,32,1,6.0,104,4,20.0,105,1
0.4,0.44,0,1,0,1,37,1,7.0,104,4,20.0,105,1
0.4,0.44,0,1,0,1,43,1,8.0,104,4,20.0,105,1
0.4,0.44,0,1,0,1,55,1,9.0,104,4,20.0,105,1
0.4,0.44,0,1,0,1,63,1,10.0,104,4,20.0,105,1
0.4,0.44,0,1,0,1,69,1,11.0,104,4,20.0,105,1
0.4,0.44,0,1,0,1,75,1,12.0,104,4,20.0,105,1
0.4,0.44,0,1,0,1,84,1,13.0,104,4,20.0,105,1
0.4,0.44,0,1,0,1,88,1,14.0,104,4,20.0,105,1
0.4,0.44,0,1,0,1,92,1,15.0,104,4,20.0,105,1
0.4,0.44,0,1,0,1,101,1,16.0,104,4,20.0,105,1
0.4,0.44,0,1,0,1,107,1,16.5,104,4,20.0,105,1
0.44,0.48,1,0,1,0,0,0,0.0,12,0,1.0,0,0
0.44,0.48,1,0,1,0,0,0,0.0,22,1,2.0,0,0
0.44,0.48,1,0,1,0,0,0,0.0,26,1,3.0,0,0
0.44,0.48,1,0,1,0,0,0,0.0,28,2,4.0,0,0
0.44,0.48,1,0,1,0,0,0,0.0,40,2,5.0,0,0
0.44,0.48,1,0,1,0,0,0,0.0,43,3,6.0,0,0
0.44,0.48,1,0,1,0,0,0,0.0,51,3,7.0,0,0
0.44,0.48,1,0,1,0,0,0,0.0,54,3,8.0,0,0
0.44,0.48,1,0,1,0,0,0,0.0,61,3,9.0,0,0
0.44,0.48,1,0,1,0,0,0,0.0,75,3,10.0,0,0
0.44,0.48,1,0,1,0,0,0,0.0,76,4,11.0,0,0
0.44,0.48,1,0,1,0,0,0,0.0,87,5,12.0,0,0
0.44,0.48,1,0,1,0,0,0,0.0,95,5,13.0,0,0
0.44,0.48,1,0,1,0,0,0,0.0,102,5,14.0,0,0
0.44,0.48,1,0,1,0,0,0,0.0,107,6,15.0,0,0
0.44,0.48,1,0,1,0,0,0,0.0,112,6,16.0,0,0
0.44,0.48,1,0,1,0,0,0,0.0,113,7,17.0,0,0
0.44,0.48,1,0,1,0,0,0,0.0,117,7,18.0,0,0
0.44,0.48,1,0,1,0,0,0,0.0,122,8,19.0,0,0
0.44,0.48,1,0,1,0,0,0,0.0,134,8,20.0,0,0
0.44,0.48,1,0,0,1,6,1,1.0,134,8,20.0,135,0
0.44,0.48,1,0,0,1,21,1,2.0,134,8,20.0,135,0
0.44,0.48,1,0,0,1,39,1,3.0,134,8,20.0,135,0
0.44,0.48,1,0,0,1,42,1,4.0,134,8,20.0,135,0
0.44,0.48,1,0,0,1,50,2,5.0,134,8,20.0,135,0
0.44,0.48,1,0,0,1,53,2,6.0,134,8,20.0,135,0
0.44,0.48,1,0,0,1,59,2,7.0,134,8,20.0,135,0
0.44,0.48,1,0,0,1,69,2,8.0,134,8,20.0,135,0
0.44,0.48,1,0,0,1,71,3,9.0,134,8,20.0,135,0
0.44,0.48,1,0,0,1,81,3,10.0,134,8,20.0,135,0
0.44,0.48,1,0,0,1,86,3,11.0,134,8,20.0,135,0
0.44,0.48,1,0,0,1,94,3,12.0,134,8,20.0,135,0
0.44,0.48,1,0,0,1,102,3,13.0,134,8,20.0,135,0
0.44,0.48,1,0,0,1,102,3,14.0,134,8,20.0,135,0
0.44,0.48,1,0,0,1,103,4,15.0,134,8,20.0,135,0
0.44,0.48,1,0,0,1,109,4,16.0,134,8,20.0,135,0
0.44,0.48,1,0,0,1,112,4,17.0,134,8,20.0,135,0
0.44,0.48,1,0,0,1,117,4,18.0,134,8,20.0,135,0
0.44,0.48,1,0,0,1,124,4,19.0,134,8,20.0,135,0
0.44,0.48,1,0,0,1,133,5,20.0,134,8,20.0,135,0
0.53,0.47,1,0,1,0,0,0,0.0,9,0,1.0,0,1
0.53,0.47,1,0,1,0,0,0,0.0,15,0,2.0,0,1
0.53,0.47,1,0,1,0,0,0,0.0,18,0,3.0,0,1
0.53,0.47,1,0,1,0,0,0,0.0,23,1,4.0,0,1
0.53,0.47,1,0,1,0,0,0,0.0,26,1,5.0,0,1
0.53,0.47,1,0,1,0,0,0,0.0,31,1,6.0,0,1
0.53,0.47,1,0,1,0,0,0,0.0,35,1,7.0,0,1
0.53,0.47,1,0,1,0,0,0,0.0,48,1,8.0,0,1
0.53,0.47,1,0,1,0,0,0,0.0,53,1,9.0,0,1
0.53,0.47,1,0,1,0,0,0,0.0,61,1,10.0,0,1
0.53,0.47,1,0,1,0,0,0,0.0,66,1,11.0,0,1
0.53,0.47,1,0,1,0,0,0,0.0,70,1,12.0,0,1
0.53,0.47,1,0,1,0,0,0,0.0,74,1,13.0,0,1
0.53,0.47,1,0,1,0,0,0,0.0,85,1,14.0,0,1
0.53,0.47,1,0,1,0,0,0,0.0,88,2,15.0,0,1
0.53,0.47,1,0,1,0,0,0,0.0,100,2,16.0,0,1
0.53,0.47,1,0,1,0,0,0,0.0,103,2,17.0,0,1
0.53,0.47,1,0,1,0,0,0,0.0,106,2,18.0,0,1
0.53,0.47,1,0,1,0,0,0,0.0,114,2,19.0,0,1
0.53,0.47,1,0,1,0,0,0,0.0,118,2,20.0,0,1
0.53,0.47,1,0,0,1,4,1,1.0,118,2,20.0,119,1
0.53,0.47,1,0,0,1,20,2,2.0,118,2,20.0,119,1
0.53,0.47,1,0,0,1,23,3,3.0,118,2,20.0,119,1
0.53,0.47,1,0,0,1,28,3,4.0,118,2,20.0,119,1
0.53,0.47,1,0,0,1,36,3,5.0,118,2,20.0,119,1
0.53,0.47,1,0,0,1,38,3,6.0,118,2,20.0,119,1
0.53,0.47,1,0,0,1,46,3,7.0,118,2,20.0,119,1
0.53,0.47,1,0,0,1,50,3,8.0,118,2,20.0,119,1
0.53,0.47,1,0,0,1,57,3,9.0,118,2,20.0,119,1
0.53,0.47,1,0,0,1,64,4,10.0,118,2,20.0,119,1
0.53,0.47,1,0,0,1,66,5,11.0,118,2,20.0,119,1
0.53,0.47,1,0,0,1,74,5,12.0,118,2,20.0,119,1
0.53,0.47,1,0,0,1,81,5,13.0,118,2,20.0,119,1
0.53,0.47,1,0,0,1,91,6,14.0,118,2,20.0,119,1
0.53,0.47,1,0,0,1,105,6,15.0,118,2,20.0,119,1
0.53,0.47,1,0,0,1,111,6,16.0,118,2,20.0,119,1
0.53,0.47,1,0,0,1,119,6,16.5,118,2,20.0,119,1
0.51,0.43,1,0,1,0,0,0,0.0,5,0,1.0,0,1
0.51,0.43,1,0,1,0,0,0,0.0,17,0,2.0,0,1
0.51,0.43,1,0,1,0,0,0,0.0,21,0,3.0,0,1
0.51,0.43,1,0,1,0,0,0,0.0,27,0,4.0,0,1
0.51,0.43,1,0,1,0,0,0,0.0,38,0,5.0,0,1
0.51,0.43,1,0,1,0,0,0,0.0,46,0,6.0,0,1
0.51,0.43,1,0,1,0,0,0,0.0,51,1,7.0,0,1
0.51,0.43,1,0,1,0,0,0,0.0,56,2,8.0,0,1
0.51,0.43,1,0,1,0,0,0,0.0,62,2,9.0,0,1
0.51,0.43,1,0,1,0,0,0,0.0,64,3,10.0,0,1
0.51,0.43,1,0,1,0,0,0,0.0,73,3,11.0,0,1
0.51,0.43,1,0,1,0,0,0,0.0,84,3,12.0,0,1
0.51,0.43,1,0,1,0,0,0,0.0,92,3,13.0,0,1
0.51,0.43,1,0,1,0,0,0,0.0,97,3,14.0,0,1
0.51,0.43,1,0,1,0,0,0,0.0,101,3,15.0,0,1
0.51,0.43,1,0,1,0,0,0,0.0,104,3,16.0,0,1
0.51,0.43,1,0,1,0,0,0,0.0,113,3,17.0,0,1
0.51,0.43,1,0,1,0,0,0,0.0,122,3,18.0,0,1
0.51,0.43,1,0,1,0,0,0,0.0,135,3,19.0,0,1
0.51,0.43,1,0,1,0,0,0,0.0,139,3,20.0,0,1
0.51,0.43,1,0,0,1,7,0,1.0,139,3,20.0,140,1
0.51,0.43,1,0,0,1,13,0,2.0,139,3,20.0,140,1
0.51,0.43,1,0,0,1,21,1,3.0,139,3,20.0,140,1
0.51,0.43,1,0,0,1,27,1,4.0,139,3,20.0,140,1
0.51,0.43,1,0,0,1,28,1,5.0,139,3,20.0,140,1
0.51,0.43,1,0,0,1,44,1,6.0,139,3,20.0,140,1
0.51,0.43,1,0,0,1,57,2,7.0,139,3,20.0,140,1
0.51,0.43,1,0,0,1,67,2,8.0,139,3,20.0,140,1
0.51,0.43,1,0,0,1,73,2,9.0,139,3,20.0,140,1
0.51,0.43,1,0,0,1,76,2,10.0,139,3,20.0,140,1
0.51,0.43,1,0,0,1,84,2,11.0,139,3,20.0,140,1
0.51,0.43,1,0,0,1,89,2,12.0,139,3,20.0,140,1
0.51,0.43,1,0,0,1,97,2,13.0,139,3,20.0,140,1
0.51,0.43,1,0,0,1,109,2,14.0,139,3,20.0,140,1
0.51,0.43,1,0,0,1,117,3,15.0,139,3,20.0,140,1
0.51,0.43,1,0,0,1,122,3,16.0,139,3,20.0,140,1
0.51,0.43,1,0,0,1,126,3,17.0,139,3,20.0,140,1
0.51,0.43,1,0,0,1,132,3,18.0,139,3,20.0,140,1
0.51,0.43,1,0,0,1,142,3,18.5,139,3,20.0,140,1
0.46,0.48,0,0,1,1,13,0,1.0,0,0,0.0,0,0
0.46,0.48,0,0,1,1,16,1,2.0,0,0,0.0,0,0
0.46,0.48,0,0,1,1,23,1,3.0,0,0,0.0,0,0
0.46,0.48,0,0,1,1,28,1,4.0,0,0,0.0,0,0
0.46,0.48,0,0,1,1,33,2,5.0,0,0,0.0,0,0
0.46,0.48,0,0,1,1,40,2,6.0,0,0,0.0,0,0
0.46,0.48,0,0,1,1,47,4,7.0,0,0,0.0,0,0
0.46,0.48,0,0,1,1,52,4,8.0,0,0,0.0,0,0
0.46,0.48,0,0,1,1,55,4,9.0,0,0,0.0,0,0
0.46,0.48,0,0,1,1,59,4,10.0,0,0,0.0,0,0
0.46,0.48,0,0,1,1,64,4,11.0,0,0,0.0,0,0
0.46,0.48,0,0,1,1,74,4,12.0,0,0,0.0,0,0
0.46,0.48,0,0,1,1,82,4,13.0,0,0,0.0,0,0
0.46,0.48,0,0,1,1,87,4,14.0,0,0,0.0,0,0
0.46,0.48,0,0,1,1,95,4,15.0,0,0,0.0,0,0
0.46,0.48,0,0,1,1,98,4,16.0,0,0,0.0,0,0
0.46,0.48,0,0,1,1,106,5,17.0,0,0,0.0,0,0
0.46,0.48,0,0,1,1,112,5,18.0,0,0,0.0,0,0
0.46,0.48,0,0,1,1,125,5,19.0,0,0,0.0,0,0
0.46,0.48,0,0,1,1,127,5,20.0,0,0,0.0,0,0
0.46,0.48,0,0,0,0,127,5,20.0,3,0,1.0,128,0
0.46,0.48,0,0,0,0,127,5,20.0,14,0,2.0,128,0
0.46,0.48,0,0,0,0,127,5,20.0,20,0,3.0,128,0
0.46,0.48,0,0,0,0,127,5,20.0,24,0,4.0,128,0
0.46,0.48,0,0,0,0,127,5,20.0,38,0,5.0,128,0
0.46,0.48,0,0,0,0,127,5,20.0,42,0,6.0,128,0
0.46,0.48,0,0,0,0,127,5,20.0,48,1,7.0,128,0
0.46,0.48,0,0,0,0,127,5,20.0,55,2,8.0,128,0
0.46,0.48,0,0,0,0,127,5,20.0,59,2,9.0,128,0
0.46,0.48,0,0,0,0,127,5,20.0,61,2,10.0,128,0
0.46,0.48,0,0,0,0,127,5,20.0,68,2,11.0,128,0
0.46,0.48,0,0,0,0,127,5,20.0,78,2,12.0,128,0
0.46,0.48,0,0,0,0,127,5,20.0,92,2,13.0,128,0
0.46,0.48,0,0,0,0,127,5,20.0,98,3,14.0,128,0
0.46,0.48,0,0,0,0,127,5,20.0,112,3,15.0,128,0
0.46,0.48,0,0,0,0,127,5,20.0,118,3,16.0,128,0
0.46,0.48,0,0,0,0,127,5,20.0,121,3,17.0,128,0
0.46,0.48,0,0,0,0,127,5,20.0,123,4,18.0,128,0
0.46,0.48,0,0,0,0,127,5,20.0,131,5,19.0,128,0
0.47,0.49,1,1,1,1,1,2,1.0,0,0,0.0,0,0
0.47,0.49,1,1,1,1,8,2,2.0,0,0,0.0,0,0
0.47,0.49,1,1,1,1,20,2,3.0,0,0,0.0,0,0
0.47,0.49,1,1,1,1,32,2,4.0,0,0,0.0,0,0
0.47,0.49,1,1,1,1,41,2,5.0,0,0,0.0,0,0
0.47,0.49,1,1,1,1,48,2,6.0,0,0,0.0,0,0
0.47,0.49,1,1,1,1,52,2,7.0,0,0,0.0,0,0
0.47,0.49,1,1,1,1,55,2,8.0,0,0,0.0,0,0
0.47,0.49,1,1,1,1,63,4,9.0,0,0,0.0,0,0
0.47,0.49,1,1,1,1,69,4,10.0,0,0,0.0,0,0
0.47,0.49,1,1,1,1,73,4,11.0,0,0,0.0,0,0
0.47,0.49,1,1,1,1,77,4,12.0,0,0,0.0,0,0
0.47,0.49,1,1,1,1,85,4,13.0,0,0,0.0,0,0
0.47,0.49,1,1,1,1,90,4,14.0,0,0,0.0,0,0
0.47,0.49,1,1,1,1,99,4,15.0,0,0,0.0,0,0
0.47,0.49,1,1,1,1,106,4,16.0,0,0,0.0,0,0
0.47,0.49,1,1,1,1,110,5,17.0,0,0,0.0,0,0
0.47,0.49,1,1,1,1,119,5,18.0,0,0,0.0,0,0
0.47,0.49,1,1,1,1,130,5,19.0,0,0,0.0,0,0
0.47,0.49,1,1,1,1,134,6,20.0,0,0,0.0,0,0
0.47,0.49,1,1,0,0,134,6,20.0,6,0,1.0,135,0
0.47,0.49,1,1,0,0,134,6,20.0,17,0,2.0,135,0
0.47,0.49,1,1,0,0,134,6,20.0,24,0,3.0,135,0
0.47,0.49,1,1,0,0,134,6,20.0,32,1,4.0,135,0
0.47,0.49,1,1,0,0,134,6,20.0,46,1,5.0,135,0
0.47,0.49,1,1,0,0,134,6,20.0,49,1,6.0,135,0
0.47,0.49,1,1,0,0,134,6,20.0,52,2,7.0,135,0
0.47,0.49,1,1,0,0,134,6,20.0,58,2,8.0,135,0
0.47,0.49,1,1,0,0,134,6,20.0,62,4,9.0,135,0
0.47,0.49,1,1,0,0,134,6,20.0,63,4,10.0,135,0
0.47,0.49,1,1,0,0,134,6,20.0,67,4,11.0,135,0
0.47,0.49,1,1,0,0,134,6,20.0,78,4,12.0,135,0
0.47,0.49,1,1,0,0,134,6,20.0,89,4,13.0,135,0
0.47,0.49,1,1,0,0,134,6,20.0,101,4,14.0,135,0
0.47,0.49,1,1,0,0,134,6,20.0,111,4,15.0,135,0
0.47,0.49,1,1,0,0,134,6,20.0,116,5,16.0,135,0
0.47,0.49,1,1,0,0,134,6,20.0,120,6,17.0,135,0
0.47,0.49,1,1,0,0,134,6,20.0,121,6,18.0,135,0
0.47,0.49,1,1,0,0,134,6,20.0,124,6,19.0,135,0
0.47,0.49,1,1,0,0,134,6,20.0,135,6,19.5,135,0
0.56,0.61,1,1,1,1,3,0,1.0,0,0,0.0,0,0
0.56,0.61,1,1,1,1,15,0,2.0,0,0,0.0,0,0
0.56,0.61,1,1,1,1,25,0,3.0,0,0,0.0,0,0
0.56,0.61,1,1,1,1,31,0,4.0,0,0,0.0,0,0
0.56,0.61,1,1,1,1,44,0,5.0,0,0,0.0,0,0
0.56,0.61,1,1,1,1,47,0,6.0,0,0,0.0,0,0
0.56,0.61,1,1,1,1,50,0,7.0,0,0,0.0,0,0
0.56,0.61,1,1,1,1,54,0,8.0,0,0,0.0,0,0
0.56,0.61,1,1,1,1,57,0,9.0,0,0,0.0,0,0
0.56,0.61,1,1,1,1,61,0,10.0,0,0,0.0,0,0
0.56,0.61,1,1,1,1,66,0,11.0,0,0,0.0,0,0
0.56,0.61,1,1,1,1,66,0,12.0,0,0,0.0,0,0
0.56,0.61,1,1,1,1,71,0,13.0,0,0,0.0,0,0
0.56,0.61,1,1,1,1,74,1,14.0,0,0,0.0,0,0
0.56,0.61,1,1,1,1,87,1,15.0,0,0,0.0,0,0
0.56,0.61,1,1,1,1,94,1,16.0,0,0,0.0,0,0
0.56,0.61,1,1,1,1,101,3,17.0,0,0,0.0,0,0
0.56,0.61,1,1,1,1,115,3,18.0,0,0,0.0,0,0
0.56,0.61,1,1,1,1,119,3,19.0,0,0,0.0,0,0
0.56,0.61,1,1,1,1,123,3,20.0,0,0,0.0,0,0
0.56,0.61,1,1,0,0,123,3,20.0,5,1,1.0,124,0
0.56,0.61,1,1,0,0,123,3,20.0,7,1,2.0,124,0
0.56,0.61,1,1,0,0,123,3,20.0,13,1,3.0,124,0
0.56,0.61,1,1,0,0,123,3,20.0,18,1,4.0,124,0
0.56,0.61,1,1,0,0,123,3,20.0,25,1,5.0,124,0
0.56,0.61,1,1,0,0,123,3,20.0,31,1,6.0,124,0
0.56,0.61,1,1,0,0,123,3,20.0,39,1,7.0,124,0
0.56,0.61,1,1,0,0,123,3,20.0,51,1,8.0,124,0
0.56,0.61,1,1,0,0,123,3,20.0,54,1,9.0,124,0
0.56,0.61,1,1,0,0,123,3,20.0,57,1,10.0,124,0
0.56,0.61,1,1,0,0,123,3,20.0,69,2,11.0,124,0
0.56,0.61,1,1,0,0,123,3,20.0,71,2,12.0,124,0
0.56,0.61,1,1,0,0,123,3,20.0,78,2,13.0,124,0
0.56,0.61,1,1,0,0,123,3,20.0,82,2,14.0,124,0
0.56,0.61,1,1,0,0,123,3,20.0,86,2,15.0,124,0
0.56,0.61,1,1,0,0,123,3,20.0,93,2,16.0,124,0
0.56,0.61,1,1,0,0,123,3,20.0,104,2,17.0,124,0
0.56,0.61,1,1,0,0,123,3,20.0,104,2,18.0,124,0
0.56,0.61,1,1,0,0,123,3,20.0,124,2,18.83,124,0
0.4,0.55,0,0,1,1,5,0,1.0,0,0,0.0,0,0
0.4,0.55,0,0,1,1,12,0,2.0,0,0,0.0,0,0
0.4,0.55,0,0,1,1,13,0,3.0,0,0,0.0,0,0
0.4,0.55,0,0,1,1,20,1,4.0,0,0,0.0,0,0
0.4,0.55,0,0,1,1,26,1,5.0,0,0,0.0,0,0
0.4,0.55,0,0,1,1,29,2,6.0,0,0,0.0,0,0
0.4,0.55,0,0,1,1,30,2,7.0,0,0,0.0,0,0
0.4,0.55,0,0,1,1,37,2,8.0,0,0,0.0,0,0
0.4,0.55,0,0,1,1,40,2,9.0,0,0,0.0,0,0
0.4,0.55,0,0,1,1,41,2,10.0,0,0,0.0,0,0
0.4,0.55,0,0,1,1,44,3,11.0,0,0,0.0,0,0
0.4,0.55,0,0,1,1,56,4,12.0,0,0,0.0,0,0
0.4,0.55,0,0,1,1,67,5,13.0,0,0,0.0,0,0
0.4,0.55,0,0,1,1,71,5,14.0,0,0,0.0,0,0
0.4,0.55,0,0,1,1,76,6,15.0,0,0,0.0,0,0
0.4,0.55,0,0,1,1,87,6,16.0,0,0,0.0,0,0
0.4,0.55,0,0,1,1,95,7,17.0,0,0,0.0,0,0
0.4,0.55,0,0,1,1,108,7,18.0,0,0,0.0,0,0
0.4,0.55,0,0,1,1,114,7,19.0,0,0,0.0,0,0
0.4,0.55,0,0,1,1,119,7,20.0,0,0,0.0,0,0
0.4,0.55,0,0,0,0,119,7,20.0,6,0,1.0,120,0
0.4,0.55,0,0,0,0,119,7,20.0,17,0,2.0,120,0
0.4,0.55,0,0,0,0,119,7,20.0,24,0,3.0,120,0
0.4,0.55,0,0,0,0,119,7,20.0,30,0,4.0,120,0
0.4,0.55,0,0,0,0,119,7,20.0,37,0,5.0,120,0
0.4,0.55,0,0,0,0,119,7,20.0,50,1,6.0,120,0
0.4,0.55,0,0,0,0,119,7,20.0,52,1,7.0,120,0
0.4,0.55,0,0,0,0,119,7,20.0,58,1,8.0,120,0
0.4,0.55,0,0,0,0,119,7,20.0,62,1,9.0,120,0
0.4,0.55,0,0,0,0,119,7,20.0,65,2,10.0,120,0
0.4,0.55,0,0,0,0,119,7,20.0,79,2,11.0,120,0
0.4,0.55,0,0,0,0,119,7,20.0,82,2,12.0,120,0
0.4,0.55,0,0,0,0,119,7,20.0,100,2,13.0,120,0
0.4,0.55,0,0,0,0,119,7,20.0,105,3,14.0,120,0
0.4,0.55,0,0,0,0,119,7,20.0,113,3,15.0,120,0
0.4,0.55,0,0,0,0,119,7,20.0,122,3,15.5,120,0
0.42,0.63,1,1,1,1,8,0,1.0,0,0,0.0,0,0
0.42,0.63,1,1,1,1,13,0,2.0,0,0,0.0,0,0
0.42,0.63,1,1,1,1,23,2,3.0,0,0,0.0,0,0
0.42,0.63,1,1,1,1,25,2,4.0,0,0,0.0,0,0
0.42,0.63,1,1,1,1,36,2,5.0,0,0,0.0,0,0
0.42,0.63,1,1,1,1,43,2,6.0,0,0,0.0,0,0
0.42,0.63,1,1,1,1,52,2,7.0,0,0,0.0,0,0
0.42,0.63,1,1,1,1,55,2,8.0,0,0,0.0,0,0
0.42,0.63,1,1,1,1,64,2,9.0,0,0,0.0,0,0
0.42,0.63,1,1,1,1,69,2,10.0,0,0,0.0,0,0
0.42,0.63,1,1,1,1,75,2,11.0,0,0,0.0,0,0
0.42,0.63,1,1,1,1,85,2,12.0,0,0,0.0,0,0
0.42,0.63,1,1,1,1,87,2,13.0,0,0,0.0,0,0
0.42,0.63,1,1,1,1,89,2,14.0,0,0,0.0,0,0
0.42,0.63,1,1,1,1,92,2,15.0,0,0,0.0,0,0
0.42,0.63,1,1,1,1,103,2,16.0,0,0,0.0,0,0
0.42,0.63,1,1,1,1,112,2,17.0,0,0,0.0,0,0
0.42,0.63,1,1,1,1,125,3,18.0,0,0,0.0,0,0
0.42,0.63,1,1,1,1,129,4,19.0,0,0,0.0,0,0
0.42,0.63,1,1,1,1,136,4,20.0,0,0,0.0,0,0
0.42,0.63,1,1,0,0,136,4,20.0,6,0,1.0,137,0
0.42,0.63,1,1,0,0,136,4,20.0,7,0,2.0,137,0
0.42,0.63,1,1,0,0,136,4,20.0,15,0,3.0,137,0
0.42,0.63,1,1,0,0,136,4,20.0,16,2,4.0,137,0
0.42,0.63,1,1,0,0,136,4,20.0,25,3,5.0,137,0
0.42,0.63,1,1,0,0,136,4,20.0,35,3,6.0,137,0
0.42,0.63,1,1,0,0,136,4,20.0,48,4,7.0,137,0
0.42,0.63,1,1,0,0,136,4,20.0,57,5,8.0,137,0
0.42,0.63,1,1,0,0,136,4,20.0,60,5,9.0,137,0
0.42,0.63,1,1,0,0,136,4,20.0,76,5,10.0,137,0
0.42,0.63,1,1,0,0,136,4,20.0,86,5,11.0,137,0
0.42,0.63,1,1,0,0,136,4,20.0,98,5,12.0,137,0
0.42,0.63,1,1,0,0,136,4,20.0,114,5,13.0,137,0
0.42,0.63,1,1,0,0,136,4,20.0,126,5,14.0,137,0
0.42,0.63,1,1,0,0,136,4,20.0,135,5,15.0,137,0
0.42,0.63,1,1,0,0,136,4,20.0,137,5,15.33,137,0
0.62,0.62,1,1,1,1,8,0,1.0,0,0,0.0,0,1
0.62,0.62,1,1,1,1,19,0,2.0,0,0,0.0,0,1
0.62,0.62,1,1,1,1,22,1,3.0,0,0,0.0,0,1
0.62,0.62,1,1,1,1,28,1,4.0,0,0,0.0,0,1
0.62,0.62,1,1,1,1,37,1,5.0,0,0,0.0,0,1
0.62,0.62,1,1,1,1,47,1,6.0,0,0,0.0,0,1
0.62,0.62,1,1,1,1,55,1,7.0,0,0,0.0,0,1
0.62,0.62,1,1,1,1,67,1,8.0,0,0,0.0,0,1
0.62,0.62,1,1,1,1,77,1,9.0,0,0,0.0,0,1
0.62,0.62,1,1,1,1,86,2,10.0,0,0,0.0,0,1
0.62,0.62,1,1,1,1,97,2,11.0,0,0,0.0,0,1
0.62,0.62,1,1,1,1,103,2,12.0,0,0,0.0,0,1
0.62,0.62,1,1,1,1,106,4,13.0,0,0,0.0,0,1
0.62,0.62,1,1,1,1,112,4,14.0,0,0,0.0,0,1
0.62,0.62,1,1,1,1,120,4,15.0,0,0,0.0,0,1
0.62,0.62,1,1,1,1,126,4,16.0,0,0,0.0,0,1
0.62,0.62,1,1,1,1,138,4,17.0,0,0,0.0,0,1
0.62,0.62,1,1,1,1,145,4,18.0,0,0,0.0,0,1
0.62,0.62,1,1,1,1,150,4,19.0,0,0,0.0,0,1
0.62,0.62,1,1,1,1,158,4,20.0,0,0,0.0,0,1
0.62,0.62,1,1,0,0,158,4,20.0,3,1,1.0,159,1
0.62,0.62,1,1,0,0,158,4,20.0,13,1,2.0,159,1
0.62,0.62,1,1,0,0,158,4,20.0,16,2,3.0,159,1
0.62,0.62,1,1,0,0,158,4,20.0,20,2,4.0,159,1
0.62,0.62,1,1,0,0,158,4,20.0,26,3,5.0,159,1
0.62,0.62,1,1,0,0,158,4,20.0,38,4,6.0,159,1
0.62,0.62,1,1,0,0,158,4,20.0,51,4,7.0,159,1
0.62,0.62,1,1,0,0,158,4,20.0,63,5,8.0,159,1
0.62,0.62,1,1,0,0,158,4,20.0,67,5,9.0,159,1
0.62,0.62,1,1,0,0,158,4,20.0,73,6,10.0,159,1
0.62,0.62,1,1,0,0,158,4,20.0,87,6,11.0,159,1
0.62,0.62,1,1,0,0,158,4,20.0,92,7,12.0,159,1
0.62,0.62,1,1,0,0,158,4,20.0,101,9,13.0,159,1
0.62,0.62,1,1,0,0,158,4,20.0,105,9,14.0,159,1
0.62,0.62,1,1,0,0,158,4,20.0,115,9,15.0,159,1
0.62,0.62,1,1,0,0,158,4,20.0,122,9,16.0,159,1
0.62,0.62,1,1,0,0,158,4,20.0,125,9,17.0,159,1
0.62,0.62,1,1,0,0,158,4,20.0,129,9,18.0,159,1
0.62,0.62,1,1,0,0,158,4,20.0,129,10,18.33,159,1
0.46,0.41,0,1,1,0,0,0,0.0,6,0,1.0,0,1
0.46,0.41,0,1,1,0,0,0,0.0,8,0,2.0,0,1
0.46,0.41,0,1,1,0,0,0,0.0,16,0,3.0,0,1
0.46,0.41,0,1,1,0,0,0,0.0,34,0,4.0,0,1
0.46,0.41,0,1,1,0,0,0,0.0,42,0,5.0,0,1
0.46,0.41,0,1,1,0,0,0,0.0,50,0,6.0,0,1
0.46,0.41,0,1,1,0,0,0,0.0,55,1,7.0,0,1
0.46,0.41,0,1,1,0,0,0,0.0,68,1,8.0,0,1
0.46,0.41,0,1,1,0,0,0,0.0,75,1,9.0,0,1
0.46,0.41,0,1,1,0,0,0,0.0,82,1,10.0,0,1
0.46,0.41,0,1,1,0,0,0,0.0,90,2,11.0,0,1
0.46,0.41,0,1,1,0,0,0,0.0,100,2,12.0,0,1
0.46,0.41,0,1,1,0,0,0,0.0,109,2,13.0,0,1
0.46,0.41,0,1,1,0,0,0,0.0,113,2,14.0,0,1
0.46,0.41,0,1,1,0,0,0,0.0,116,2,15.0,0,1
0.46,0.41,0,1,1,0,0,0,0.0,120,2,16.0,0,1
0.46,0.41,0,1,1,0,0,0,0.0,133,3,17.0,0,1
0.46,0.41,0,1,1,0,0,0,0.0,136,4,18.0,0,1
0.46,0.41,0,1,1,0,0,0,0.0,141,4,19.0,0,1
0.46,0.41,0,1,1,0,0,0,0.0,149,4,20.0,0,1
0.46,0.41,0,1,0,1,3,0,1.0,149,4,20.0,150,1
0.46,0.41,0,1,0,1,12,0,2.0,149,4,20.0,150,1
0.46,0.41,0,1,0,1,19,1,3.0,149,4,20.0,150,1
0.46,0.41,0,1,0,1,20,3,4.0,149,4,20.0,150,1
0.46,0.41,0,1,0,1,32,3,5.0,149,4,20.0,150,1
0.46,0.41,0,1,0,1,38,3,6.0,149,4,20.0,150,1
0.46,0.41,0,1,0,1,45,3,7.0,149,4,20.0,150,1
0.46,0.41,0,1,0,1,62,3,8.0,149,4,20.0,150,1
0.46,0.41,0,1,0,1,77,3,9.0,149,4,20.0,150,1
0.46,0.41,0,1,0,1,86,3,10.0,149,4,20.0,150,1
0.46,0.41,0,1,0,1,91,3,11.0,149,4,20.0,150,1
0.46,0.41,0,1,0,1,106,3,12.0,149,4,20.0,150,1
0.46,0.41,0,1,0,1,120,3,13.0,149,4,20.0,150,1
0.46,0.41,0,1,0,1,123,3,14.0,149,4,20.0,150,1
0.46,0.41,0,1,0,1,131,3,15.0,149,4,20.0,150,1
0.46,0.41,0,1,0,1,135,3,16.0,149,4,20.0,150,1
0.46,0.41,0,1,0,1,147,3,17.0,149,4,20.0,150,1
0.46,0.41,0,1,0,1,150,3,17.67,149,4,20.0,150,1
0.5,0.54,1,1,1,1,6,1,1.0,0,0,0.0,0,0
0.5,0.54,1,1,1,1,11,1,2.0,0,0,0.0,0,0
0.5,0.54,1,1,1,1,18,1,3.0,0,0,0.0,0,0
0.5,0.54,1,1,1,1,22,2,4.0,0,0,0.0,0,0
0.5,0.54,1,1,1,1,37,2,5.0,0,0,0.0,0,0
0.5,0.54,1,1,1,1,41,2,6.0,0,0,0.0,0,0
0.5,0.54,1,1,1,1,47,2,7.0,0,0,0.0,0,0
0.5,0.54,1,1,1,1,48,2,8.0,0,0,0.0,0,0
0.5,0.54,1,1,1,1,50,3,9.0,0,0,0.0,0,0
0.5,0.54,1,1,1,1,55,3,10.0,0,0,0.0,0,0
0.5,0.54,1,1,1,1,57,4,11.0,0,0,0.0,0,0
0.5,0.54,1,1,1,1,75,4,12.0,0,0,0.0,0,0
0.5,0.54,1,1,1,1,84,5,13.0,0,0,0.0,0,0
0.5,0.54,1,1,1,1,88,7,14.0,0,0,0.0,0,0
0.5,0.54,1,1,1,1,92,7,15.0,0,0,0.0,0,0
0.5,0.54,1,1,1,1,94,8,16.0,0,0,0.0,0,0
0.5,0.54,1,1,1,1,102,8,17.0,0,0,0.0,0,0
0.5,0.54,1,1,1,1,106,8,18.0,0,0,0.0,0,0
0.5,0.54,1,1,1,1,116,9,19.0,0,0,0.0,0,0
0.5,0.54,1,1,1,1,120,9,20.0,0,0,0.0,0,0
0.5,0.54,1,1,0,0,120,9,20.0,11,0,1.0,121,0
0.5,0.54,1,1,0,0,120,9,20.0,21,1,2.0,121,0
0.5,0.54,1,1,0,0,120,9,20.0,27,1,3.0,121,0
0.5,0.54,1,1,0,0,120,9,20.0,42,1,4.0,121,0
0.5,0.54,1,1,0,0,120,9,20.0,54,2,5.0,121,0
0.5,0.54,1,1,0,0,120,9,20.0,56,3,6.0,121,0
0.5,0.54,1,1,0,0,120,9,20.0,65,3,7.0,121,0
0.5,0.54,1,1,0,0,120,9,20.0,71,3,8.0,121,0
0.5,0.54,1,1,0,0,120,9,20.0,73,4,9.0,121,0
0.5,0.54,1,1,0,0,120,9,20.0,80,4,10.0,121,0
0.5,0.54,1,1,0,0,120,9,20.0,84,4,11.0,121,0
0.5,0.54,1,1,0,0,120,9,20.0,95,5,12.0,121,0
0.5,0.54,1,1,0,0,120,9,20.0,98,5,13.0,121,0
0.5,0.54,1,1,0,0,120,9,20.0,105,6,14.0,121,0
0.5,0.54,1,1,0,0,120,9,20.0,113,7,15.0,121,0
0.5,0.54,1,1,0,0,120,9,20.0,121,7,15.83,121,0
0.39,0.53,1,0,1,0,0,0,0.0,2,0,1.0,0,0
0.39,0.53,1,0,1,0,0,0,0.0,13,1,2.0,0,0
0.39,0.53,1,0,1,0,0,0,0.0,26,1,3.0,0,0
0.39,0.53,1,0,1,0,0,0,0.0,29,1,4.0,0,0
0.39,0.53,1,0,1,0,0,0,0.0,39,2,5.0,0,0
0.39,0.53,1,0,1,0,0,0,0.0,50,2,6.0,0,0
0.39,0.53,1,0,1,0,0,0,0.0,53,3,7.0,0,0
0.39,0.53,1,0,1,0,0,0,0.0,57,3,8.0,0,0
0.39,0.53,1,0,1,0,0,0,0.0,69,3,9.0,0,0
0.39,0.53,1,0,1,0,0,0,0.0,76,4,10.0,0,0
0.39,0.53,1,0,1,0,0,0,0.0,94,4,11.0,0,0
0.39,0.53,1,0,1,0,0,0,0.0,103,4,12.0,0,0
0.39,0.53,1,0,1,0,0,0,0.0,112,4,13.0,0,0
0.39,0.53,1,0,1,0,0,0,0.0,122,4,14.0,0,0
0.39,0.53,1,0,1,0,0,0,0.0,130,4,15.0,0,0
0.39,0.53,1,0,1,0,0,0,0.0,135,5,16.0,0,0
0.39,0.53,1,0,1,0,0,0,0.0,144,6,17.0,0,0
0.39,0.53,1,0,1,0,0,0,0.0,148,6,18.0,0,0
0.39,0.53,1,0,1,0,0,0,0.0,151,7,19.0,0,0
0.39,0.53,1,0,1,0,0,0,0.0,154,8,20.0,0,0
0.39,0.53,1,0,0,1,13,1,1.0,154,8,20.0,155,0
0.39,0.53,1,0,0,1,22,2,2.0,154,8,20.0,155,0
0.39,0.53,1,0,0,1,28,2,3.0,154,8,20.0,155,0
0.39,0.53,1,0,0,1,29,4,4.0,154,8,20.0,155,0
0.39,0.53,1,0,0,1,41,5,5.0,154,8,20.0,155,0
0.39,0.53,1,0,0,1,49,5,6.0,154,8,20.0,155,0
0.39,0.53,1,0,0,1,53,5,7.0,154,8,20.0,155,0
0.39,0.53,1,0,0,1,57,5,8.0,154,8,20.0,155,0
0.39,0.53,1,0,0,1,62,6,9.0,154,8,20.0,155,0
0.39,0.53,1,0,0,1,73,6,10.0,154,8,20.0,155,0
0.39,0.53,1,0,0,1,75,6,11.0,154,8,20.0,155,0
0.39,0.53,1,0,0,1,78,6,12.0,154,8,20.0,155,0
0.39,0.53,1,0,0,1,85,6,13.0,154,8,20.0,155,0
0.39,0.53,1,0,0,1,97,6,14.0,154,8,20.0,155,0
0.39,0.53,1,0,0,1,99,6,15.0,154,8,20.0,155,0
0.39,0.53,1,0,0,1,109,7,16.0,154,8,20.0,155,0
0.39,0.53,1,0,0,1,114,8,17.0,154,8,20.0,155,0
0.39,0.53,1,0,0,1,127,8,18.0,154,8,20.0,155,0
0.39,0.53,1,0,0,1,143,8,19.0,154,8,20.0,155,0
0.39,0.53,1,0,0,1,144,10,19.83,154,8,20.0,155,0
0.53,0.45,0,0,1,1,5,0,1.0,0,0,0.0,0,1
0.53,0.45,0,0,1,1,11,0,2.0,0,0,0.0,0,1
0.53,0.45,0,0,1,1,19,0,3.0,0,0,0.0,0,1
0.53,0.45,0,0,1,1,22,0,4.0,0,0,0.0,0,1
0.53,0.45,0,0,1,1,29,0,5.0,0,0,0.0,0,1
0.53,0.45,0,0,1,1,33,1,6.0,0,0,0.0,0,1
0.53,0.45,0,0,1,1,43,1,7.0,0,0,0.0,0,1
0.53,0.45,0,0,1,1,50,1,8.0,0,0,0.0,0,1
0.53,0.45,0,0,1,1,55,1,9.0,0,0,0.0,0,1
0.53,0.45,0,0,1,1,69,1,10.0,0,0,0.0,0,1
0.53,0.45,0,0,1,1,71,2,11.0,0,0,0.0,0,1
0.53,0.45,0,0,1,1,73,2,12.0,0,0,0.0,0,1
0.53,0.45,0,0,1,1,79,2,13.0,0,0,0.0,0,1
0.53,0.45,0,0,1,1,100,2,14.0,0,0,0.0,0,1
0.53,0.45,0,0,1,1,103,2,15.0,0,0,0.0,0,1
0.53,0.45,0,0,1,1,108,2,16.0,0,0,0.0,0,1
0.53,0.45,0,0,1,1,113,2,17.0,0,0,0.0,0,1
0.53,0.45,0,0,1,1,117,2,18.0,0,0,0.0,0,1
0.53,0.45,0,0,1,1,133,2,19.0,0,0,0.0,0,1
0.53,0.45,0,0,1,1,138,2,20.0,0,0,0.0,0,1
0.53,0.45,0,0,0,0,138,2,20.0,6,0,1.0,139,1
0.53,0.45,0,0,0,0,138,2,20.0,15,0,2.0,139,1
0.53,0.45,0,0,0,0,138,2,20.0,19,0,3.0,139,1
0.53,0.45,0,0,0,0,138,2,20.0,23,1,4.0,139,1
0.53,0.45,0,0,0,0,138,2,20.0,26,1,5.0,139,1
0.53,0.45,0,0,0,0,138,2,20.0,33,1,6.0,139,1
0.53,0.45,0,0,0,0,138,2,20.0,39,1,7.0,139,1
0.53,0.45,0,0,0,0,138,2,20.0,53,1,8.0,139,1
0.53,0.45,0,0,0,0,138,2,20.0,58,1,9.0,139,1
0.53,0.45,0,0,0,0,138,2,20.0,71,1,10.0,139,1
0.53,0.45,0,0,0,0,138,2,20.0,78,1,11.0,139,1
0.53,0.45,0,0,0,0,138,2,20.0,88,1,12.0,139,1
0.53,0.45,0,0,0,0,138,2,20.0,95,1,13.0,139,1
0.53,0.45,0,0,0,0,138,2,20.0,99,1,14.0,139,1
0.53,0.45,0,0,0,0,138,2,20.0,114,1,15.0,139,1
0.53,0.45,0,0,0,0,138,2,20.0,117,2,16.0,139,1
0.53,0.45,0,0,0,0,138,2,20.0,121,2,17.0,139,1
0.53,0.45,0,0,0,0,138,2,20.0,124,3,18.0,139,1
0.53,0.45,0,0,0,0,138,2,20.0,126,3,19.0,139,1
0.53,0.45,0,0,0,0,138,2,20.0,136,3,20.0,139,1
0.64,0.5,0,1,1,0,0,0,0.0,7,0,1.0,0,1
0.64,0.5,0,1,1,0,0,0,0.0,12,0,2.0,0,1
0.64,0.5,0,1,1,0,0,0,0.0,15,0,3.0,0,1
0.64,0.5,0,1,1,0,0,0,0.0,21,0,4.0,0,1
0.64,0.5,0,1,1,0,0,0,0.0,28,0,5.0,0,1
0.64,0.5,0,1,1,0,0,0,0.0,34,0,6.0,0,1
0.64,0.5,0,1,1,0,0,0,0.0,46,0,7.0,0,1
0.64,0.5,0,1,1,0,0,0,0.0,49,0,8.0,0,1
0.64,0.5,0,1,1,0,0,0,0.0,53,1,9.0,0,1
0.64,0.5,0,1,1,0,0,0,0.0,64,1,10.0,0,1
0.64,0.5,0,1,1,0,0,0,0.0,74,2,11.0,0,1
0.64,0.5,0,1,1,0,0,0,0.0,80,3,12.0,0,1
0.64,0.5,0,1,1,0,0,0,0.0,85,4,13.0,0,1
0.64,0.5,0,1,1,0,0,0,0.0,86,6,14.0,0,1
0.64,0.5,0,1,1,0,0,0,0.0,95,6,15.0,0,1
0.64,0.5,0,1,1,0,0,0,0.0,104,6,16.0,0,1
0.64,0.5,0,1,1,0,0,0,0.0,105,7,17.0,0,1
0.64,0.5,0,1,1,0,0,0,0.0,107,7,18.0,0,1
0.64,0.5,0,1,1,0,0,0,0.0,109,7,19.0,0,1
0.64,0.5,0,1,1,0,0,0,0.0,121,7,20.0,0,1
0.64,0.5,0,1,0,1,15,0,1.0,121,7,20.0,122,1
0.64,0.5,0,1,0,1,25,0,2.0,121,7,20.0,122,1
0.64,0.5,0,1,0,1,38,0,3.0,121,7,20.0,122,1
0.64,0.5,0,1,0,1,44,1,4.0,121,7,20.0,122,1
0.64,0.5,0,1,0,1,49,2,5.0,121,7,20.0,122,1
0.64,0.5,0,1,0,1,56,2,6.0,121,7,20.0,122,1
0.64,0.5,0,1,0,1,60,2,7.0,121,7,20.0,122,1
0.64,0.5,0,1,0,1,70,2,8.0,121,7,20.0,122,1
0.64,0.5,0,1,0,1,71,3,9.0,121,7,20.0,122,1
0.64,0.5,0,1,0,1,82,3,10.0,121,7,20.0,122,1
0.64,0.5,0,1,0,1,92,3,11.0,121,7,20.0,122,1
0.64,0.5,0,1,0,1,101,3,12.0,121,7,20.0,122,1
0.64,0.5,0,1,0,1,110,3,13.0,121,7,20.0,122,1
0.64,0.5,0,1,0,1,116,3,14.0,121,7,20.0,122,1
0.64,0.5,0,1,0,1,123,3,15.0,121,7,20.0,122,1
0.45,0.56,0,1,1,0,0,0,0.0,5,0,1.0,0,0
0.45,0.56,0,1,1,0,0,0,0.0,10,0,2.0,0,0
0.45,0.56,0,1,1,0,0,0,0.0,15,1,3.0,0,0
0.45,0.56,0,1,1,0,0,0,0.0,18,2,4.0,0,0
0.45,0.56,0,1,1,0,0,0,0.0,29,2,5.0,0,0
0.45,0.56,0,1,1,0,0,0,0.0,43,2,6.0,0,0
0.45,0.56,0,1,1,0,0,0,0.0,45,2,7.0,0,0
0.45,0.56,0,1,1,0,0,0,0.0,56,2,8.0,0,0
0.45,0.56,0,1,1,0,0,0,0.0,66,2,9.0,0,0
0.45,0.56,0,1,1,0,0,0,0.0,73,2,10.0,0,0
0.45,0.56,0,1,1,0,0,0,0.0,93,2,11.0,0,0
0.45,0.56,0,1,1,0,0,0,0.0,101,3,12.0,0,0
0.45,0.56,0,1,1,0,0,0,0.0,110,3,13.0,0,0
0.45,0.56,0,1,1,0,0,0,0.0,118,3,14.0,0,0
0.45,0.56,0,1,1,0,0,0,0.0,125,3,15.0,0,0
0.45,0.56,0,1,1,0,0,0,0.0,130,3,16.0,0,0
0.45,0.56,0,1,1,0,0,0,0.0,141,3,17.0,0,0
0.45,0.56,0,1,1,0,0,0,0.0,141,3,18.0,0,0
0.45,0.56,0,1,1,0,0,0,0.0,146,3,19.0,0,0
0.45,0.56,0,1,1,0,0,0,0.0,155,3,20.0,0,0
0.45,0.56,0,1,0,1,7,0,1.0,155,3,20.0,156,0
0.45,0.56,0,1,0,1,9,1,2.0,155,3,20.0,156,0
0.45,0.56,0,1,0,1,18,1,3.0,155,3,20.0,156,0
0.45,0.56,0,1,0,1,36,1,4.0,155,3,20.0,156,0
0.45,0.56,0,1,0,1,49,1,5.0,155,3,20.0,156,0
0.45,0.56,0,1,0,1,49,2,6.0,155,3,20.0,156,0
0.45,0.56,0,1,0,1,58,2,7.0,155,3,20.0,156,0
0.45,0.56,0,1,0,1,62,3,8.0,155,3,20.0,156,0
0.45,0.56,0,1,0,1,76,3,9.0,155,3,20.0,156,0
0.45,0.56,0,1,0,1,81,4,10.0,155,3,20.0,156,0
0.45,0.56,0,1,0,1,94,4,11.0,155,3,20.0,156,0
0.45,0.56,0,1,0,1,96,4,12.0,155,3,20.0,156,0
0.45,0.56,0,1,0,1,108,4,13.0,155,3,20.0,156,0
0.45,0.56,0,1,0,1,116,4,14.0,155,3,20.0,156,0
0.45,0.56,0,1,0,1,121,4,15.0,155,3,20.0,156,0
0.45,0.56,0,1,0,1,127,5,16.0,155,3,20.0,156,0
0.45,0.56,0,1,0,1,129,5,17.0,155,3,20.0,156,0
0.45,0.56,0,1,0,1,133,5,18.0,155,3,20.0,156,0
0.45,0.56,0,1,0,1,151,5,19.0,155,3,20.0,156,0
0.45,0.56,0,1,0,1,155,5,20.0,155,3,20.0,156,0
0.42,0.56,0,1,1,0,0,0,0.0,7,0,1.0,0,1
0.42,0.56,0,1,1,0,0,0,0.0,11,0,2.0,0,1
0.42,0.56,0,1,1,0,0,0,0.0,11,0,3.0,0,1
0.42,0.56,0,1,1,0,0,0,0.0,19,0,4.0,0,1
0.42,0.56,0,1,1,0,0,0,0.0,25,0,5.0,0,1
0.42,0.56,0,1,1,0,0,0,0.0,30,0,6.0,0,1
0.42,0.56,0,1,1,0,0,0,0.0,31,0,7.0,0,1
0.42,0.56,0,1,1,0,0,0,0.0,39,0,8.0,0,1
0.42,0.56,0,1,1,0,0,0,0.0,47,0,9.0,0,1
0.42,0.56,0,1,1,0,0,0,0.0,49,1,10.0,0,1
0.42,0.56,0,1,1,0,0,0,0.0,55,1,11.0,0,1
0.42,0.56,0,1,1,0,0,0,0.0,58,2,12.0,0,1
0.42,0.56,0,1,1,0,0,0,0.0,69,2,13.0,0,1
0.42,0.56,0,1,1,0,0,0,0.0,72,2,14.0,0,1
0.42,0.56,0,1,1,0,0,0,0.0,75,2,15.0,0,1
0.42,0.56,0,1,1,0,0,0,0.0,79,2,16.0,0,1
0.42,0.56,0,1,1,0,0,0,0.0,82,3,17.0,0,1
0.42,0.56,0,1,1,0,0,0,0.0,91,3,18.0,0,1
0.42,0.56,0,1,1,0,0,0,0.0,94,3,19.0,0,1
0.42,0.56,0,1,1,0,0,0,0.0,96,3,20.0,0,1
0.42,0.56,0,1,0,1,5,1,1.0,96,3,20.0,97,1
0.42,0.56,0,1,0,1,7,1,2.0,96,3,20.0,97,1
0.42,0.56,0,1,0,1,19,1,3.0,96,3,20.0,97,1
0.42,0.56,0,1,0,1,22,1,4.0,96,3,20.0,97,1
0.42,0.56,0,1,0,1,26,1,5.0,96,3,20.0,97,1
0.42,0.56,0,1,0,1,29,1,6.0,96,3,20.0,97,1
0.42,0.56,0,1,0,1,32,1,7.0,96,3,20.0,97,1
0.42,0.56,0,1,0,1,39,1,8.0,96,3,20.0,97,1
0.42,0.56,0,1,0,1,41,1,9.0,96,3,20.0,97,1
0.42,0.56,0,1,0,1,45,2,10.0,96,3,20.0,97,1
0.42,0.56,0,1,0,1,53,2,11.0,96,3,20.0,97,1
0.42,0.56,0,1,0,1,56,3,12.0,96,3,20.0,97,1
0.42,0.56,0,1,0,1,61,3,13.0,96,3,20.0,97,1
0.42,0.56,0,1,0,1,66,3,14.0,96,3,20.0,97,1
0.42,0.56,0,1,0,1,77,3,15.0,96,3,20.0,97,1
0.42,0.56,0,1,0,1,82,3,16.0,96,3,20.0,97,1
0.42,0.56,0,1,0,1,86,3,17.0,96,3,20.0,97,1
0.42,0.56,0,1,0,1,94,3,18.0,96,3,20.0,97,1
0.42,0.56,0,1,0,1,98,3,18.17,96,3,20.0,97,1
0.36,0.65,1,1,1,1,5,0,1.0,0,0,0.0,0,0
0.36,0.65,1,1,1,1,11,1,2.0,0,0,0.0,0,0
0.36,0.65,1,1,1,1,13,1,3.0,0,0,0.0,0,0
0.36,0.65,1,1,1,1,14,1,4.0,0,0,0.0,0,0
0.36,0.65,1,1,1,1,20,1,5.0,0,0,0.0,0,0
0.36,0.65,1,1,1,1,27,1,6.0,0,0,0.0,0,0
0.36,0.65,1,1,1,1,31,1,7.0,0,0,0.0,0,0
0.36,0.65,1,1,1,1,40,1,8.0,0,0,0.0,0,0
0.36,0.65,1,1,1,1,44,2,9.0,0,0,0.0,0,0
0.36,0.65,1,1,1,1,49,2,10.0,0,0,0.0,0,0
0.36,0.65,1,1,1,1,59,2,11.0,0,0,0.0,0,0
0.36,0.65,1,1,1,1,65,2,12.0,0,0,0.0,0,0
0.36,0.65,1,1,1,1,69,3,13.0,0,0,0.0,0,0
0.36,0.65,1,1,1,1,72,4,14.0,0,0,0.0,0,0
0.36,0.65,1,1,1,1,79,4,15.0,0,0,0.0,0,0
0.36,0.65,1,1,1,1,81,4,16.0,0,0,0.0,0,0
0.36,0.65,1,1,1,1,87,4,17.0,0,0,0.0,0,0
0.36,0.65,1,1,1,1,94,5,18.0,0,0,0.0,0,0
0.36,0.65,1,1,1,1,101,5,19.0,0,0,0.0,0,0
0.36,0.65,1,1,1,1,106,5,20.0,0,0,0.0,0,0
0.36,0.65,1,1,0,0,106,5,20.0,3,0,1.0,107,0
0.36,0.65,1,1,0,0,106,5,20.0,14,1,2.0,107,0
0.36,0.65,1,1,0,0,106,5,20.0,16,1,3.0,107,0
0.36,0.65,1,1,0,0,106,5,20.0,27,2,4.0,107,0
0.36,0.65,1,1,0,0,106,5,20.0,41,2,5.0,107,0
0.36,0.65,1,1,0,0,106,5,20.0,50,3,6.0,107,0
0.36,0.65,1,1,0,0,106,5,20.0,57,3,7.0,107,0
0.36,0.65,1,1,0,0,106,5,20.0,68,3,8.0,107,0
0.36,0.65,1,1,0,0,106,5,20.0,75,3,9.0,107,0
0.36,0.65,1,1,0,0,106,5,20.0,90,3,10.0,107,0
0.36,0.65,1,1,0,0,106,5,20.0,101,3,11.0,107,0
0.36,0.65,1,1,0,0,106,5,20.0,108,3,11.33,107,0
0.53,0.62,1,0,1,0,0,0,0.0,5,0,1.0,0,0
0.53,0.62,1,0,1,0,0,0,0.0,17,2,2.0,0,0
0.53,0.62,1,0,1,0,0,0,0.0,21,2,3.0,0,0
0.53,0.62,1,0,1,0,0,0,0.0,31,2,4.0,0,0
0.53,0.62,1,0,1,0,0,0,0.0,34,2,5.0,0,0
0.53,0.62,1,0,1,0,0,0,0.0,48,2,6.0,0,0
0.53,0.62,1,0,1,0,0,0,0.0,54,2,7.0,0,0
0.53,0.62,1,0,1,0,0,0,0.0,63,3,8.0,0,0
0.53,0.62,1,0,1,0,0,0,0.0,73,3,9.0,0,0
0.53,0.62,1,0,1,0,0,0,0.0,75,3,10.0,0,0
0.53,0.62,1,0,1,0,0,0,0.0,80,4,11.0,0,0
0.53,0.62,1,0,1,0,0,0,0.0,88,4,12.0,0,0
0.53,0.62,1,0,1,0,0,0,0.0,96,4,13.0,0,0
0.53,0.62,1,0,1,0,0,0,0.0,99,4,14.0,0,0
0.53,0.62,1,0,1,0,0,0,0.0,102,4,15.0,0,0
0.53,0.62,1,0,1,0,0,0,0.0,109,4,16.0,0,0
0.53,0.62,1,0,1,0,0,0,0.0,117,4,17.0,0,0
0.53,0.62,1,0,1,0,0,0,0.0,119,5,18.0,0,0
0.53,0.62,1,0,1,0,0,0,0.0,129,5,19.0,0,0
0.53,0.62,1,0,1,0,0,0,0.0,138,5,20.0,0,0
0.53,0.62,1,0,0,1,6,0,1.0,138,5,20.0,139,0
0.53,0.62,1,0,0,1,11,0,2.0,138,5,20.0,139,0
0.53,0.62,1,0,0,1,16,2,3.0,138,5,20.0,139,0
0.53,0.62,1,0,0,1,19,3,4.0,138,5,20.0,139,0
0.53,0.62,1,0,0,1,30,4,5.0,138,5,20.0,139,0
0.53,0.62,1,0,0,1,32,4,6.0,138,5,20.0,139,0
0.53,0.62,1,0,0,1,38,5,7.0,138,5,20.0,139,0
0.53,0.62,1,0,0,1,41,5,8.0,138,5,20.0,139,0
0.53,0.62,1,0,0,1,45,5,9.0,138,5,20.0,139,0
0.53,0.62,1,0,0,1,48,5,10.0,138,5,20.0,139,0
0.53,0.62,1,0,0,1,52,5,11.0,138,5,20.0,139,0
0.53,0.62,1,0,0,1,58,5,12.0,138,5,20.0,139,0
0.53,0.62,1,0,0,1,67,5,13.0,138,5,20.0,139,0
0.53,0.62,1,0,0,1,82,5,14.0,138,5,20.0,139,0
0.53,0.62,1,0,0,1,93,5,15.0,138,5,20.0,139,0
0.53,0.62,1,0,0,1,96,7,16.0,138,5,20.0,139,0
0.53,0.62,1,0,0,1,105,8,17.0,138,5,20.0,139,0
0.53,0.62,1,0,0,1,116,8,18.0,138,5,20.0,139,0
0.53,0.62,1,0,0,1,123,8,19.0,138,5,20.0,139,0
0.53,0.62,1,0,0,1,128,9,20.0,138,5,20.0,139,0
0.61,0.43,1,1,1,1,5,1,1.0,0,0,0.0,0,1
0.61,0.43,1,1,1,1,9,1,2.0,0,0,0.0,0,1
0.61,0.43,1,1,1,1,21,1,3.0,0,0,0.0,0,1
0.61,0.43,1,1,1,1,24,1,4.0,0,0,0.0,0,1
0.61,0.43,1,1,1,1,39,1,5.0,0,0,0.0,0,1
0.61,0.43,1,1,1,1,47,2,6.0,0,0,0.0,0,1
0.61,0.43,1,1,1,1,54,3,7.0,0,0,0.0,0,1
0.61,0.43,1,1,1,1,66,3,8.0,0,0,0.0,0,1
0.61,0.43,1,1,1,1,72,3,9.0,0,0,0.0,0,1
0.61,0.43,1,1,1,1,94,3,10.0,0,0,0.0,0,1
0.61,0.43,1,1,1,1,103,4,11.0,0,0,0.0,0,1
0.61,0.43,1,1,1,1,111,4,12.0,0,0,0.0,0,1
0.61,0.43,1,1,1,1,123,4,13.0,0,0,0.0,0,1
0.61,0.43,1,1,1,1,132,5,14.0,0,0,0.0,0,1
0.61,0.43,1,1,1,1,142,5,15.0,0,0,0.0,0,1
0.61,0.43,1,1,1,1,145,5,16.0,0,0,0.0,0,1
0.61,0.43,1,1,1,1,155,5,17.0,0,0,0.0,0,1
0.61,0.43,1,1,1,1,162,5,18.0,0,0,0.0,0,1
0.61,0.43,1,1,1,1,169,5,19.0,0,0,0.0,0,1
0.61,0.43,1,1,1,1,180,5,20.0,0,0,0.0,0,1
0.61,0.43,1,1,0,0,180,5,20.0,7,0,1.0,181,1
0.61,0.43,1,1,0,0,180,5,20.0,14,0,2.0,181,1
0.61,0.43,1,1,0,0,180,5,20.0,15,0,3.0,181,1
0.61,0.43,1,1,0,0,180,5,20.0,20,0,4.0,181,1
0.61,0.43,1,1,0,0,180,5,20.0,21,1,5.0,181,1
0.61,0.43,1,1,0,0,180,5,20.0,29,1,6.0,181,1
0.61,0.43,1,1,0,0,180,5,20.0,36,2,7.0,181,1
0.61,0.43,1,1,0,0,180,5,20.0,40,4,8.0,181,1
0.61,0.43,1,1,0,0,180,5,20.0,53,4,9.0,181,1
0.61,0.43,1,1,0,0,180,5,20.0,65,4,10.0,181,1
0.61,0.43,1,1,0,0,180,5,20.0,74,5,11.0,181,1
0.61,0.43,1,1,0,0,180,5,20.0,80,5,12.0,181,1
0.61,0.43,1,1,0,0,180,5,20.0,98,5,13.0,181,1
0.61,0.43,1,1,0,0,180,5,20.0,109,5,14.0,181,1
0.61,0.43,1,1,0,0,180,5,20.0,117,5,15.0,181,1
0.61,0.43,1,1,0,0,180,5,20.0,126,5,16.0,181,1
0.61,0.43,1,1,0,0,180,5,20.0,136,5,17.0,181,1
0.61,0.43,1,1,0,0,180,5,20.0,144,6,18.0,181,1
0.61,0.43,1,1,0,0,180,5,20.0,149,6,19.0,181,1
0.61,0.43,1,1,0,0,180,5,20.0,167,6,20.0,181,1
0.54,0.51,1,1,1,1,13,0,1.0,0,0,0.0,0,1
0.54,0.51,1,1,1,1,26,0,2.0,0,0,0.0,0,1
0.54,0.51,1,1,1,1,36,0,3.0,0,0,0.0,0,1
0.54,0.51,1,1,1,1,41,0,4.0,0,0,0.0,0,1
0.54,0.51,1,1,1,1,49,0,5.0,0,0,0.0,0,1
0.54,0.51,1,1,1,1,60,1,6.0,0,0,0.0,0,1
0.54,0.51,1,1,1,1,70,1,7.0,0,0,0.0,0,1
0.54,0.51,1,1,1,1,81,1,8.0,0,0,0.0,0,1
0.54,0.51,1,1,1,1,86,1,9.0,0,0,0.0,0,1
0.54,0.51,1,1,1,1,100,1,10.0,0,0,0.0,0,1
0.54,0.51,1,1,1,1,105,1,11.0,0,0,0.0,0,1
0.54,0.51,1,1,1,1,112,2,12.0,0,0,0.0,0,1
0.54,0.51,1,1,1,1,115,2,13.0,0,0,0.0,0,1
0.54,0.51,1,1,1,1,117,2,14.0,0,0,0.0,0,1
0.54,0.51,1,1,1,1,119,2,15.0,0,0,0.0,0,1
0.54,0.51,1,1,1,1,124,3,16.0,0,0,0.0,0,1
0.54,0.51,1,1,1,1,132,3,17.0,0,0,0.0,0,1
0.54,0.51,1,1,1,1,140,3,18.0,0,0,0.0,0,1
0.54,0.51,1,1,1,1,149,3,19.0,0,0,0.0,0,1
0.54,0.51,1,1,1,1,153,3,20.0,0,0,0.0,0,1
0.54,0.51,1,1,0,0,153,3,20.0,10,0,1.0,154,1
0.54,0.51,1,1,0,0,153,3,20.0,18,0,2.0,154,1
0.54,0.51,1,1,0,0,153,3,20.0,23,0,3.0,154,1
0.54,0.51,1,1,0,0,153,3,20.0,31,1,4.0,154,1
0.54,0.51,1,1,0,0,153,3,20.0,39,1,5.0,154,1
0.54,0.51,1,1,0,0,153,3,20.0,41,2,6.0,154,1
0.54,0.51,1,1,0,0,153,3,20.0,45,2,7.0,154,1
0.54,0.51,1,1,0,0,153,3,20.0,52,3,8.0,154,1
0.54,0.51,1,1,0,0,153,3,20.0,55,4,9.0,154,1
0.54,0.51,1,1,0,0,153,3,20.0,70,4,10.0,154,1
0.54,0.51,1,1,0,0,153,3,20.0,78,4,11.0,154,1
0.54,0.51,1,1,0,0,153,3,20.0,88,4,12.0,154,1
0.54,0.51,1,1,0,0,153,3,20.0,100,4,13.0,154,1
0.54,0.51,1,1,0,0,153,3,20.0,105,4,14.0,154,1
0.54,0.51,1,1,0,0,153,3,20.0,111,4,15.0,154,1
0.54,0.51,1,1,0,0,153,3,20.0,115,4,16.0,154,1
0.54,0.51,1,1,0,0,153,3,20.0,122,5,17.0,154,1
0.54,0.51,1,1,0,0,153,3,20.0,127,7,18.0,154,1
0.54,0.51,1,1,0,0,153,3,20.0,141,7,19.0,154,1
0.54,0.51,1,1,0,0,153,3,20.0,151,8,20.0,154,1
0.49,0.63,1,1,1,1,6,0,1.0,0,0,0.0,0,0
0.49,0.63,1,1,1,1,19,0,2.0,0,0,0.0,0,0
0.49,0.63,1,1,1,1,29,0,3.0,0,0,0.0,0,0
0.49,0.63,1,1,1,1,34,0,4.0,0,0,0.0,0,0
0.49,0.63,1,1,1,1,42,0,5.0,0,0,0.0,0,0
0.49,0.63,1,1,1,1,42,1,6.0,0,0,0.0,0,0
0.49,0.63,1,1,1,1,46,2,7.0,0,0,0.0,0,0
0.49,0.63,1,1,1,1,49,3,8.0,0,0,0.0,0,0
0.49,0.63,1,1,1,1,57,3,9.0,0,0,0.0,0,0
0.49,0.63,1,1,1,1,64,3,10.0,0,0,0.0,0,0
0.49,0.63,1,1,1,1,73,3,11.0,0,0,0.0,0,0
0.49,0.63,1,1,1,1,77,3,12.0,0,0,0.0,0,0
0.49,0.63,1,1,1,1,86,3,13.0,0,0,0.0,0,0
0.49,0.63,1,1,1,1,98,3,14.0,0,0,0.0,0,0
0.49,0.63,1,1,1,1,109,3,15.0,0,0,0.0,0,0
0.49,0.63,1,1,1,1,115,3,16.0,0,0,0.0,0,0
0.49,0.63,1,1,1,1,122,3,17.0,0,0,0.0,0,0
0.49,0.63,1,1,1,1,133,3,18.0,0,0,0.0,0,0
0.49,0.63,1,1,1,1,135,3,19.0,0,0,0.0,0,0
0.49,0.63,1,1,1,1,139,3,20.0,0,0,0.0,0,0
0.49,0.63,1,1,0,0,139,3,20.0,5,0,1.0,140,0
0.49,0.63,1,1,0,0,139,3,20.0,16,0,2.0,140,0
0.49,0.63,1,1,0,0,139,3,20.0,18,1,3.0,140,0
0.49,0.63,1,1,0,0,139,3,20.0,29,2,4.0,140,0
0.49,0.63,1,1,0,0,139,3,20.0,34,2,5.0,140,0
0.49,0.63,1,1,0,0,139,3,20.0,46,2,6.0,140,0
0.49,0.63,1,1,0,0,139,3,20.0,52,2,7.0,140,0
0.49,0.63,1,1,0,0,139,3,20.0,60,2,8.0,140,0
0.49,0.63,1,1,0,0,139,3,20.0,69,2,9.0,140,0
0.49,0.63,1,1,0,0,139,3,20.0,73,2,10.0,140,0
0.49,0.63,1,1,0,0,139,3,20.0,79,2,11.0,140,0
0.49,0.63,1,1,0,0,139,3,20.0,82,2,12.0,140,0
0.49,0.63,1,1,0,0,139,3,20.0,94,2,13.0,140,0
0.49,0.63,1,1,0,0,139,3,20.0,107,2,14.0,140,0
0.49,0.63,1,1,0,0,139,3,20.0,122,2,15.0,140,0
0.49,0.63,1,1,0,0,139,3,20.0,124,2,16.0,140,0
0.49,0.63,1,1,0,0,139,3,20.0,126,2,17.0,140,0
0.49,0.63,1,1,0,0,139,3,20.0,130,2,18.0,140,0
0.49,0.63,1,1,0,0,139,3,20.0,132,2,19.0,140,0
0.49,0.63,1,1,0,0,139,3,20.0,142,2,19.83,140,0
0.47,0.61,0,0,1,1,8,0,1.0,0,0,0.0,0,0
0.47,0.61,0,0,1,1,15,0,2.0,0,0,0.0,0,0
0.47,0.61,0,0,1,1,17,0,3.0,0,0,0.0,0,0
0.47,0.61,0,0,1,1,17,0,4.0,0,0,0.0,0,0
0.47,0.61,0,0,1,1,18,0,5.0,0,0,0.0,0,0
0.47,0.61,0,0,1,1,25,1,6.0,0,0,0.0,0,0
0.47,0.61,0,0,1,1,26,1,7.0,0,0,0.0,0,0
0.47,0.61,0,0,1,1,31,2,8.0,0,0,0.0,0,0
0.47,0.61,0,0,1,1,34,3,9.0,0,0,0.0,0,0
0.47,0.61,0,0,1,1,39,3,10.0,0,0,0.0,0,0
0.47,0.61,0,0,1,1,49,3,11.0,0,0,0.0,0,0
0.47,0.61,0,0,1,1,55,3,12.0,0,0,0.0,0,0
0.47,0.61,0,0,1,1,66,3,13.0,0,0,0.0,0,0
0.47,0.61,0,0,1,1,73,3,14.0,0,0,0.0,0,0
0.47,0.61,0,0,1,1,77,3,15.0,0,0,0.0,0,0
0.47,0.61,0,0,1,1,80,3,16.0,0,0,0.0,0,0
0.47,0.61,0,0,1,1,104,3,17.0,0,0,0.0,0,0
0.47,0.61,0,0,1,1,114,3,18.0,0,0,0.0,0,0
0.47,0.61,0,0,1,1,119,4,19.0,0,0,0.0,0,0
0.47,0.61,0,0,1,1,120,4,20.0,0,0,0.0,0,0
0.47,0.61,0,0,0,0,120,4,20.0,7,0,1.0,121,0
0.47,0.61,0,0,0,0,120,4,20.0,15,0,2.0,121,0
0.47,0.61,0,0,0,0,120,4,20.0,18,1,3.0,121,0
0.47,0.61,0,0,0,0,120,4,20.0,26,1,4.0,121,0
0.47,0.61,0,0,0,0,120,4,20.0,34,1,5.0,121,0
0.47,0.61,0,0,0,0,120,4,20.0,35,1,6.0,121,0
0.47,0.61,0,0,0,0,120,4,20.0,41,1,7.0,121,0
0.47,0.61,0,0,0,0,120,4,20.0,50,1,8.0,121,0
0.47,0.61,0,0,0,0,120,4,20.0,60,1,9.0,121,0
0.47,0.61,0,0,0,0,120,4,20.0,66,1,10.0,121,0
0.47,0.61,0,0,0,0,120,4,20.0,76,1,11.0,121,0
0.47,0.61,0,0,0,0,120,4,20.0,95,2,12.0,121,0
0.47,0.61,0,0,0,0,120,4,20.0,110,2,13.0,121,0
0.47,0.61,0,0,0,0,120,4,20.0,116,2,14.0,121,0
0.47,0.61,0,0,0,0,120,4,20.0,125,2,15.0,121,0
0.58,0.48,1,1,1,1,11,0,1.0,0,0,0.0,0,0
0.58,0.48,1,1,1,1,24,0,2.0,0,0,0.0,0,0
0.58,0.48,1,1,1,1,32,0,3.0,0,0,0.0,0,0
0.58,0.48,1,1,1,1,44,0,4.0,0,0,0.0,0,0
0.58,0.48,1,1,1,1,51,0,5.0,0,0,0.0,0,0
0.58,0.48,1,1,1,1,58,0,6.0,0,0,0.0,0,0
0.58,0.48,1,1,1,1,61,1,7.0,0,0,0.0,0,0
0.58,0.48,1,1,1,1,65,2,8.0,0,0,0.0,0,0
0.58,0.48,1,1,1,1,76,2,9.0,0,0,0.0,0,0
0.58,0.48,1,1,1,1,88,2,10.0,0,0,0.0,0,0
0.58,0.48,1,1,1,1,89,2,11.0,0,0,0.0,0,0
0.58,0.48,1,1,1,1,99,2,12.0,0,0,0.0,0,0
0.58,0.48,1,1,1,1,107,2,13.0,0,0,0.0,0,0
0.58,0.48,1,1,1,1,113,2,14.0,0,0,0.0,0,0
0.58,0.48,1,1,1,1,115,3,15.0,0,0,0.0,0,0
0.58,0.48,1,1,1,1,122,3,16.0,0,0,0.0,0,0
0.58,0.48,1,1,1,1,129,4,17.0,0,0,0.0,0,0
0.58,0.48,1,1,1,1,132,4,18.0,0,0,0.0,0,0
0.58,0.48,1,1,1,1,135,4,19.0,0,0,0.0,0,0
0.58,0.48,1,1,1,1,139,4,20.0,0,0,0.0,0,0
0.58,0.48,1,1,0,0,139,4,20.0,7,0,1.0,140,0
0.58,0.48,1,1,0,0,139,4,20.0,18,1,2.0,140,0
0.58,0.48,1,1,0,0,139,4,20.0,25,2,3.0,140,0
0.58,0.48,1,1,0,0,139,4,20.0,28,2,4.0,140,0
0.58,0.48,1,1,0,0,139,4,20.0,40,2,5.0,140,0
0.58,0.48,1,1,0,0,139,4,20.0,49,2,6.0,140,0
0.58,0.48,1,1,0,0,139,4,20.0,65,2,7.0,140,0
0.58,0.48,1,1,0,0,139,4,20.0,69,2,8.0,140,0
0.58,0.48,1,1,0,0,139,4,20.0,86,2,9.0,140,0
0.58,0.48,1,1,0,0,139,4,20.0,99,2,10.0,140,0
0.58,0.48,1,1,0,0,139,4,20.0,106,2,11.0,140,0
0.58,0.48,1,1,0,0,139,4,20.0,110,2,12.0,140,0
0.58,0.48,1,1,0,0,139,4,20.0,115,3,13.0,140,0
0.58,0.48,1,1,0,0,139,4,20.0,122,3,14.0,140,0
0.58,0.48,1,1,0,0,139,4,20.0,128,3,15.0,140,0
0.58,0.48,1,1,0,0,139,4,20.0,132,3,16.0,140,0
0.58,0.48,1,1,0,0,139,4,20.0,134,3,17.0,140,0
0.58,0.48,1,1,0,0,139,4,20.0,138,4,18.0,140,0
0.58,0.48,1,1,0,0,139,4,20.0,140,4,18.17,140,0
0.63,0.35,1,0,1,0,0,0,0.0,17,1,1.0,0,1
0.63,0.35,1,0,1,0,0,0,0.0,22,1,2.0,0,1
0.63,0.35,1,0,1,0,0,0,0.0,31,1,3.0,0,1
0.63,0.35,1,0,1,0,0,0,0.0,32,2,4.0,0,1
0.63,0.35,1,0,1,0,0,0,0.0,34,3,5.0,0,1
0.63,0.35,1,0,1,0,0,0,0.0,41,3,6.0,0,1
0.63,0.35,1,0,1,0,0,0,0.0,50,3,7.0,0,1
0.63,0.35,1,0,1,0,0,0,0.0,58,3,8.0,0,1
0.63,0.35,1,0,1,0,0,0,0.0,61,3,9.0,0,1
0.63,0.35,1,0,1,0,0,0,0.0,64,3,10.0,0,1
0.63,0.35,1,0,1,0,0,0,0.0,67,3,11.0,0,1
0.63,0.35,1,0,1,0,0,0,0.0,71,3,12.0,0,1
0.63,0.35,1,0,1,0,0,0,0.0,75,3,13.0,0,1
0.63,0.35,1,0,1,0,0,0,0.0,82,3,14.0,0,1
0.63,0.35,1,0,1,0,0,0,0.0,85,4,15.0,0,1
0.63,0.35,1,0,1,0,0,0,0.0,94,4,16.0,0,1
0.63,0.35,1,0,1,0,0,0,0.0,96,4,17.0,0,1
0.63,0.35,1,0,1,0,0,0,0.0,98,5,18.0,0,1
0.63,0.35,1,0,1,0,0,0,0.0,104,5,19.0,0,1
0.63,0.35,1,0,1,0,0,0,0.0,109,5,20.0,0,1
0.63,0.35,1,0,0,1,8,0,1.0,109,5,20.0,110,1
0.63,0.35,1,0,0,1,16,1,2.0,109,5,20.0,110,1
0.63,0.35,1,0,0,1,33,1,3.0,109,5,20.0,110,1
0.63,0.35,1,0,0,1,43,1,4.0,109,5,20.0,110,1
0.63,0.35,1,0,0,1,51,1,5.0,109,5,20.0,110,1
0.63,0.35,1,0,0,1,57,1,6.0,109,5,20.0,110,1
0.63,0.35,1,0,0,1,67,1,7.0,109,5,20.0,110,1
0.63,0.35,1,0,0,1,87,1,8.0,109,5,20.0,110,1
0.63,0.35,1,0,0,1,94,2,9.0,109,5,20.0,110,1
0.63,0.35,1,0,0,1,104,2,10.0,109,5,20.0,110,1
0.63,0.35,1,0,0,1,108,2,11.0,109,5,20.0,110,1
0.63,0.35,1,0,0,1,110,2,11.5,109,5,20.0,110,1
0.37,0.61,1,1,1,1,1,2,1.0,0,0,0.0,0,0
0.37,0.61,1,1,1,1,3,2,2.0,0,0,0.0,0,0
0.37,0.61,1,1,1,1,12,2,3.0,0,0,0.0,0,0
0.37,0.61,1,1,1,1,27,2,4.0,0,0,0.0,0,0
0.37,0.61,1,1,1,1,32,2,5.0,0,0,0.0,0,0
0.37,0.61,1,1,1,1,40,2,6.0,0,0,0.0,0,0
0.37,0.61,1,1,1,1,42,2,7.0,0,0,0.0,0,0
0.37,0.61,1,1,1,1,50,2,8.0,0,0,0.0,0,0
0.37,0.61,1,1,1,1,58,3,9.0,0,0,0.0,0,0
0.37,0.61,1,1,1,1,68,3,10.0,0,0,0.0,0,0
0.37,0.61,1,1,1,1,73,3,11.0,0,0,0.0,0,0
0.37,0.61,1,1,1,1,76,3,12.0,0,0,0.0,0,0
0.37,0.61,1,1,1,1,81,3,13.0,0,0,0.0,0,0
0.37,0.61,1,1,1,1,91,3,14.0,0,0,0.0,0,0
0.37,0.61,1,1,1,1,94,3,15.0,0,0,0.0,0,0
0.37,0.61,1,1,1,1,102,3,16.0,0,0,0.0,0,0
0.37,0.61,1,1,1,1,104,4,17.0,0,0,0.0,0,0
0.37,0.61,1,1,1,1,107,4,18.0,0,0,0.0,0,0
0.37,0.61,1,1,1,1,113,5,19.0,0,0,0.0,0,0
0.37,0.61,1,1,1,1,118,6,20.0,0,0,0.0,0,0
0.37,0.61,1,1,0,0,118,6,20.0,11,0,1.0,119,0
0.37,0.61,1,1,0,0,118,6,20.0,18,0,2.0,119,0
0.37,0.61,1,1,0,0,118,6,20.0,20,1,3.0,119,0
0.37,0.61,1,1,0,0,118,6,20.0,28,1,4.0,119,0
0.37,0.61,1,1,0,0,118,6,20.0,33,1,5.0,119,0
0.37,0.61,1,1,0,0,118,6,20.0,44,1,6.0,119,0
0.37,0.61,1,1,0,0,118,6,20.0,47,1,7.0,119,0
0.37,0.61,1,1,0,0,118,6,20.0,67,1,8.0,119,0
0.37,0.61,1,1,0,0,118,6,20.0,68,3,9.0,119,0
0.37,0.61,1,1,0,0,118,6,20.0,72,3,10.0,119,0
0.37,0.61,1,1,0,0,118,6,20.0,78,3,11.0,119,0
0.37,0.61,1,1,0,0,118,6,20.0,87,3,12.0,119,0
0.37,0.61,1,1,0,0,118,6,20.0,103,3,13.0,119,0
0.37,0.61,1,1,0,0,118,6,20.0,112,4,14.0,119,0
0.37,0.61,1,1,0,0,118,6,20.0,116,4,15.0,119,0
0.37,0.61,1,1,0,0,118,6,20.0,122,4,15.17,119,0
0.49,0.38,1,0,1,0,0,0,0.0,3,2,1.0,0,1
0.49,0.38,1,0,1,0,0,0,0.0,8,2,2.0,0,1
0.49,0.38,1,0,1,0,0,0,0.0,13,2,3.0,0,1
0.49,0.38,1,0,1,0,0,0,0.0,22,2,4.0,0,1
0.49,0.38,1,0,1,0,0,0,0.0,25,2,5.0,0,1
0.49,0.38,1,0,1,0,0,0,0.0,28,2,6.0,0,1
0.49,0.38,1,0,1,0,0,0,0.0,38,2,7.0,0,1
0.49,0.38,1,0,1,0,0,0,0.0,49,2,8.0,0,1
0.49,0.38,1,0,1,0,0,0,0.0,54,3,9.0,0,1
0.49,0.38,1,0,1,0,0,0,0.0,63,3,10.0,0,1
0.49,0.38,1,0,1,0,0,0,0.0,75,3,11.0,0,1
0.49,0.38,1,0,1,0,0,0,0.0,81,3,12.0,0,1
0.49,0.38,1,0,1,0,0,0,0.0,83,4,13.0,0,1
0.49,0.38,1,0,1,0,0,0,0.0,86,5,14.0,0,1
0.49,0.38,1,0,1,0,0,0,0.0,93,5,15.0,0,1
0.49,0.38,1,0,1,0,0,0,0.0,101,5,16.0,0,1
0.49,0.38,1,0,1,0,0,0,0.0,105,5,17.0,0,1
0.49,0.38,1,0,1,0,0,0,0.0,110,6,18.0,0,1
0.49,0.38,1,0,1,0,0,0,0.0,120,6,19.0,0,1
0.49,0.38,1,0,1,0,0,0,0.0,122,6,20.0,0,1
0.49,0.38,1,0,0,1,3,1,1.0,122,6,20.0,123,1
0.49,0.38,1,0,0,1,15,2,2.0,122,6,20.0,123,1
0.49,0.38,1,0,0,1,21,2,3.0,122,6,20.0,123,1
0.49,0.38,1,0,0,1,29,2,4.0,122,6,20.0,123,1
0.49,0.38,1,0,0,1,37,2,5.0,122,6,20.0,123,1
0.49,0.38,1,0,0,1,48,2,6.0,122,6,20.0,123,1
0.49,0.38,1,0,0,1,51,2,7.0,122,6,20.0,123,1
0.49,0.38,1,0,0,1,56,2,8.0,122,6,20.0,123,1
0.49,0.38,1,0,0,1,66,2,9.0,122,6,20.0,123,1
0.49,0.38,1,0,0,1,73,3,10.0,122,6,20.0,123,1
0.49,0.38,1,0,0,1,76,3,11.0,122,6,20.0,123,1
0.49,0.38,1,0,0,1,83,4,12.0,122,6,20.0,123,1
0.49,0.38,1,0,0,1,91,4,13.0,122,6,20.0,123,1
0.49,0.38,1,0,0,1,96,5,14.0,122,6,20.0,123,1
0.49,0.38,1,0,0,1,109,5,15.0,122,6,20.0,123,1
0.49,0.38,1,0,0,1,116,5,16.0,122,6,20.0,123,1
0.49,0.38,1,0,0,1,122,5,17.0,122,6,20.0,123,1
0.49,0.38,1,0,0,1,123,5,17.17,122,6,20.0,123,1
0.53,0.54,1,0,1,0,0,0,0.0,3,0,1.0,0,1
0.53,0.54,1,0,1,0,0,0,0.0,5,1,2.0,0,1
0.53,0.54,1,0,1,0,0,0,0.0,8,2,3.0,0,1
0.53,0.54,1,0,1,0,0,0,0.0,10,3,4.0,0,1
0.53,0.54,1,0,1,0,0,0,0.0,14,4,5.0,0,1
0.53,0.54,1,0,1,0,0,0,0.0,22,4,6.0,0,1
0.53,0.54,1,0,1,0,0,0,0.0,29,4,7.0,0,1
0.53,0.54,1,0,1,0,0,0,0.0,31,5,8.0,0,1
0.53,0.54,1,0,1,0,0,0,0.0,34,5,9.0,0,1
0.53,0.54,1,0,1,0,0,0,0.0,42,5,10.0,0,1
0.53,0.54,1,0,1,0,0,0,0.0,44,6,11.0,0,1
0.53,0.54,1,0,1,0,0,0,0.0,52,6,12.0,0,1
0.53,0.54,1,0,1,0,0,0,0.0,57,6,13.0,0,1
0.53,0.54,1,0,1,0,0,0,0.0,65,6,14.0,0,1
0.53,0.54,1,0,1,0,0,0,0.0,65,6,15.0,0,1
0.53,0.54,1,0,1,0,0,0,0.0,75,6,16.0,0,1
0.53,0.54,1,0,1,0,0,0,0.0,83,6,17.0,0,1
0.53,0.54,1,0,1,0,0,0,0.0,91,7,18.0,0,1
0.53,0.54,1,0,1,0,0,0,0.0,95,7,19.0,0,1
0.53,0.54,1,0,1,0,0,0,0.0,99,7,20.0,0,1
0.53,0.54,1,0,0,1,10,0,1.0,99,7,20.0,100,1
0.53,0.54,1,0,0,1,16,0,2.0,99,7,20.0,100,1
0.53,0.54,1,0,0,1,19,1,3.0,99,7,20.0,100,1
0.53,0.54,1,0,0,1,25,2,4.0,99,7,20.0,100,1
0.53,0.54,1,0,0,1,32,4,5.0,99,7,20.0,100,1
0.53,0.54,1,0,0,1,34,4,6.0,99,7,20.0,100,1
0.53,0.54,1,0,0,1,41,4,7.0,99,7,20.0,100,1
0.53,0.54,1,0,0,1,49,4,8.0,99,7,20.0,100,1
0.53,0.54,1,0,0,1,57,4,9.0,99,7,20.0,100,1
0.53,0.54,1,0,0,1,70,4,10.0,99,7,20.0,100,1
0.53,0.54,1,0,0,1,77,4,11.0,99,7,20.0,100,1
0.53,0.54,1,0,0,1,78,5,12.0,99,7,20.0,100,1
0.53,0.54,1,0,0,1,85,5,13.0,99,7,20.0,100,1
0.53,0.54,1,0,0,1,90,5,14.0,99,7,20.0,100,1
0.53,0.54,1,0,0,1,98,5,15.0,99,7,20.0,100,1
0.53,0.54,1,0,0,1,102,5,15.17,99,7,20.0,100,1
0.48,0.5,1,1,1,1,9,2,1.0,0,0,0.0,0,0
0.48,0.5,1,1,1,1,15,2,2.0,0,0,0.0,0,0
0.48,0.5,1,1,1,1,15,2,3.0,0,0,0.0,0,0
0.48,0.5,1,1,1,1,19,2,4.0,0,0,0.0,0,0
0.48,0.5,1,1,1,1,25,2,5.0,0,0,0.0,0,0
0.48,0.5,1,1,1,1,30,3,6.0,0,0,0.0,0,0
0.48,0.5,1,1,1,1,35,3,7.0,0,0,0.0,0,0
0.48,0.5,1,1,1,1,43,4,8.0,0,0,0.0,0,0
0.48,0.5,1,1,1,1,44,5,9.0,0,0,0.0,0,0
0.48,0.5,1,1,1,1,50,5,10.0,0,0,0.0,0,0
0.48,0.5,1,1,1,1,55,6,11.0,0,0,0.0,0,0
0.48,0.5,1,1,1,1,66,6,12.0,0,0,0.0,0,0
0.48,0.5,1,1,1,1,73,6,13.0,0,0,0.0,0,0
0.48,0.5,1,1,1,1,81,6,14.0,0,0,0.0,0,0
0.48,0.5,1,1,1,1,83,6,15.0,0,0,0.0,0,0
0.48,0.5,1,1,1,1,89,6,16.0,0,0,0.0,0,0
0.48,0.5,1,1,1,1,97,6,17.0,0,0,0.0,0,0
0.48,0.5,1,1,1,1,109,6,18.0,0,0,0.0,0,0
0.48,0.5,1,1,1,1,115,7,19.0,0,0,0.0,0,0
0.48,0.5,1,1,1,1,125,8,20.0,0,0,0.0,0,0
0.48,0.5,1,1,0,0,125,8,20.0,10,1,1.0,126,0
0.48,0.5,1,1,0,0,125,8,20.0,12,1,2.0,126,0
0.48,0.5,1,1,0,0,125,8,20.0,15,1,3.0,126,0
0.48,0.5,1,1,0,0,125,8,20.0,22,1,4.0,126,0
0.48,0.5,1,1,0,0,125,8,20.0,26,1,5.0,126,0
0.48,0.5,1,1,0,0,125,8,20.0,29,2,6.0,126,0
0.48,0.5,1,1,0,0,125,8,20.0,36,2,7.0,126,0
0.48,0.5,1,1,0,0,125,8,20.0,42,2,8.0,126,0
0.48,0.5,1,1,0,0,125,8,20.0,47,2,9.0,126,0
0.48,0.5,1,1,0,0,125,8,20.0,53,2,10.0,126,0
0.48,0.5,1,1,0,0,125,8,20.0,59,2,11.0,126,0
0.48,0.5,1,1,0,0,125,8,20.0,62,2,12.0,126,0
0.48,0.5,1,1,0,0,125,8,20.0,68,2,13.0,126,0
0.48,0.5,1,1,0,0,125,8,20.0,82,2,14.0,126,0
0.48,0.5,1,1,0,0,125,8,20.0,101,2,15.0,126,0
0.48,0.5,1,1,0,0,125,8,20.0,112,2,16.0,126,0
0.48,0.5,1,1,0,0,125,8,20.0,116,3,17.0,126,0
0.48,0.5,1,1,0,0,125,8,20.0,118,3,18.0,126,0
0.48,0.5,1,1,0,0,125,8,20.0,120,3,19.0,126,0
0.48,0.5,1,1,0,0,125,8,20.0,126,3,20.0,126,0
0.38,0.53,0,1,1,0,0,0,0.0,6,0,1.0,0,1
0.38,0.53,0,1,1,0,0,0,0.0,9,0,2.0,0,1
0.38,0.53,0,1,1,0,0,0,0.0,18,0,3.0,0,1
0.38,0.53,0,1,1,0,0,0,0.0,32,0,4.0,0,1
0.38,0.53,0,1,1,0,0,0,0.0,50,0,5.0,0,1
0.38,0.53,0,1,1,0,0,0,0.0,59,0,6.0,0,1
0.38,0.53,0,1,1,0,0,0,0.0,63,1,7.0,0,1
0.38,0.53,0,1,1,0,0,0,0.0,74,1,8.0,0,1
0.38,0.53,0,1,1,0,0,0,0.0,83,1,9.0,0,1
0.38,0.53,0,1,1,0,0,0,0.0,90,2,10.0,0,1
0.38,0.53,0,1,1,0,0,0,0.0,99,2,11.0,0,1
0.38,0.53,0,1,1,0,0,0,0.0,103,2,12.0,0,1
0.38,0.53,0,1,1,0,0,0,0.0,112,4,13.0,0,1
0.38,0.53,0,1,1,0,0,0,0.0,115,4,14.0,0,1
0.38,0.53,0,1,1,0,0,0,0.0,128,5,15.0,0,1
0.38,0.53,0,1,1,0,0,0,0.0,138,5,16.0,0,1
0.38,0.53,0,1,1,0,0,0,0.0,143,5,17.0,0,1
0.38,0.53,0,1,1,0,0,0,0.0,147,5,18.0,0,1
0.38,0.53,0,1,1,0,0,0,0.0,154,6,19.0,0,1
0.38,0.53,0,1,1,0,0,0,0.0,157,7,20.0,0,1
0.38,0.53,0,1,0,1,8,0,1.0,157,7,20.0,158,1
0.38,0.53,0,1,0,1,12,0,2.0,157,7,20.0,158,1
0.38,0.53,0,1,0,1,14,1,3.0,157,7,20.0,158,1
0.38,0.53,0,1,0,1,17,1,4.0,157,7,20.0,158,1
0.38,0.53,0,1,0,1,23,1,5.0,157,7,20.0,158,1
0.38,0.53,0,1,0,1,34,1,6.0,157,7,20.0,158,1
0.38,0.53,0,1,0,1,46,1,7.0,157,7,20.0,158,1
0.38,0.53,0,1,0,1,51,1,8.0,157,7,20.0,158,1
0.38,0.53,0,1,0,1,56,1,9.0,157,7,20.0,158,1
0.38,0.53,0,1,0,1,69,1,10.0,157,7,20.0,158,1
0.38,0.53,0,1,0,1,72,1,11.0,157,7,20.0,158,1
0.38,0.53,0,1,0,1,75,2,12.0,157,7,20.0,158,1
0.38,0.53,0,1,0,1,79,2,13.0,157,7,20.0,158,1
0.38,0.53,0,1,0,1,85,2,14.0,157,7,20.0,158,1
0.38,0.53,0,1,0,1,93,4,15.0,157,7,20.0,158,1
0.38,0.53,0,1,0,1,103,5,16.0,157,7,20.0,158,1
0.38,0.53,0,1,0,1,125,5,17.0,157,7,20.0,158,1
0.38,0.53,0,1,0,1,141,5,18.0,157,7,20.0,158,1
0.38,0.53,0,1,0,1,150,7,19.0,157,7,20.0,158,1
0.38,0.53,0,1,0,1,158,7,19.83,157,7,20.0,158,1
0.5,0.64,1,0,1,0,0,0,0.0,0,0,1.0,0,1
0.5,0.64,1,0,1,0,0,0,0.0,12,0,2.0,0,1
0.5,0.64,1,0,1,0,0,0,0.0,27,0,3.0,0,1
0.5,0.64,1,0,1,0,0,0,0.0,32,0,4.0,0,1
0.5,0.64,1,0,1,0,0,0,0.0,39,0,5.0,0,1
0.5,0.64,1,0,1,0,0,0,0.0,45,1,6.0,0,1
0.5,0.64,1,0,1,0,0,0,0.0,55,2,7.0,0,1
0.5,0.64,1,0,1,0,0,0,0.0,59,2,8.0,0,1
0.5,0.64,1,0,1,0,0,0,0.0,60,2,9.0,0,1
0.5,0.64,1,0,1,0,0,0,0.0,73,2,10.0,0,1
0.5,0.64,1,0,1,0,0,0,0.0,76,2,11.0,0,1
0.5,0.64,1,0,1,0,0,0,0.0,82,2,12.0,0,1
0.5,0.64,1,0,1,0,0,0,0.0,90,2,13.0,0,1
0.5,0.64,1,0,1,0,0,0,0.0,98,2,14.0,0,1
0.5,0.64,1,0,1,0,0,0,0.0,110,2,15.0,0,1
0.5,0.64,1,0,1,0,0,0,0.0,119,4,16.0,0,1
0.5,0.64,1,0,1,0,0,0,0.0,124,4,17.0,0,1
0.5,0.64,1,0,1,0,0,0,0.0,137,4,18.0,0,1
0.5,0.64,1,0,1,0,0,0,0.0,142,4,19.0,0,1
0.5,0.64,1,0,1,0,0,0,0.0,145,4,20.0,0,1
0.5,0.64,1,0,0,1,4,0,1.0,145,4,20.0,146,1
0.5,0.64,1,0,0,1,17,0,2.0,145,4,20.0,146,1
0.5,0.64,1,0,0,1,18,0,3.0,145,4,20.0,146,1
0.5,0.64,1,0,0,1,24,0,4.0,145,4,20.0,146,1
0.5,0.64,1,0,0,1,27,0,5.0,145,4,20.0,146,1
0.5,0.64,1,0,0,1,33,0,6.0,145,4,20.0,146,1
0.5,0.64,1,0,0,1,42,0,7.0,145,4,20.0,146,1
0.5,0.64,1,0,0,1,47,0,8.0,145,4,20.0,146,1
0.5,0.64,1,0,0,1,53,0,9.0,145,4,20.0,146,1
0.5,0.64,1,0,0,1,62,0,10.0,145,4,20.0,146,1
0.5,0.64,1,0,0,1,65,0,11.0,145,4,20.0,146,1
0.5,0.64,1,0,0,1,75,0,12.0,145,4,20.0,146,1
0.5,0.64,1,0,0,1,83,1,13.0,145,4,20.0,146,1
0.5,0.64,1,0,0,1,94,1,14.0,145,4,20.0,146,1
0.5,0.64,1,0,0,1,99,1,15.0,145,4,20.0,146,1
0.5,0.64,1,0,0,1,108,1,16.0,145,4,20.0,146,1
0.5,0.64,1,0,0,1,117,1,17.0,145,4,20.0,146,1
0.5,0.64,1,0,0,1,128,1,18.0,145,4,20.0,146,1
0.5,0.64,1,0,0,1,137,1,19.0,145,4,20.0,146,1
0.5,0.64,1,0,0,1,147,1,19.67,145,4,20.0,146,1
0.61,0.47,0,1,1,0,0,0,0.0,10,1,1.0,0,1
0.61,0.47,0,1,1,0,0,0,0.0,13,3,2.0,0,1
0.61,0.47,0,1,1,0,0,0,0.0,19,3,3.0,0,1
0.61,0.47,0,1,1,0,0,0,0.0,27,3,4.0,0,1
0.61,0.47,0,1,1,0,0,0,0.0,31,3,5.0,0,1
0.61,0.47,0,1,1,0,0,0,0.0,37,4,6.0,0,1
0.61,0.47,0,1,1,0,0,0,0.0,45,5,7.0,0,1
0.61,0.47,0,1,1,0,0,0,0.0,49,5,8.0,0,1
0.61,0.47,0,1,1,0,0,0,0.0,60,5,9.0,0,1
0.61,0.47,0,1,1,0,0,0,0.0,65,5,10.0,0,1
0.61,0.47,0,1,1,0,0,0,0.0,72,5,11.0,0,1
0.61,0.47,0,1,1,0,0,0,0.0,78,5,12.0,0,1
0.61,0.47,0,1,1,0,0,0,0.0,89,5,13.0,0,1
0.61,0.47,0,1,1,0,0,0,0.0,95,6,14.0,0,1
0.61,0.47,0,1,1,0,0,0,0.0,100,7,15.0,0,1
0.61,0.47,0,1,1,0,0,0,0.0,100,8,16.0,0,1
0.61,0.47,0,1,1,0,0,0,0.0,110,8,17.0,0,1
0.61,0.47,0,1,1,0,0,0,0.0,119,8,18.0,0,1
0.61,0.47,0,1,1,0,0,0,0.0,126,8,19.0,0,1
0.61,0.47,0,1,1,0,0,0,0.0,136,9,20.0,0,1
0.61,0.47,0,1,0,1,4,0,1.0,136,9,20.0,137,1
0.61,0.47,0,1,0,1,17,0,2.0,136,9,20.0,137,1
0.61,0.47,0,1,0,1,38,0,3.0,136,9,20.0,137,1
0.61,0.47,0,1,0,1,49,0,4.0,136,9,20.0,137,1
0.61,0.47,0,1,0,1,57,0,5.0,136,9,20.0,137,1
0.61,0.47,0,1,0,1,67,0,6.0,136,9,20.0,137,1
0.61,0.47,0,1,0,1,75,0,7.0,136,9,20.0,137,1
0.61,0.47,0,1,0,1,90,1,8.0,136,9,20.0,137,1
0.61,0.47,0,1,0,1,101,2,9.0,136,9,20.0,137,1
0.61,0.47,0,1,0,1,108,3,10.0,136,9,20.0,137,1
0.61,0.47,0,1,0,1,116,3,11.0,136,9,20.0,137,1
0.61,0.47,0,1,0,1,117,5,12.0,136,9,20.0,137,1
0.61,0.47,0,1,0,1,125,6,13.0,136,9,20.0,137,1
0.61,0.47,0,1,0,1,137,7,13.67,136,9,20.0,137,1
0.54,0.65,0,1,1,0,0,0,0.0,6,0,1.0,0,1
0.54,0.65,0,1,1,0,0,0,0.0,16,0,2.0,0,1
0.54,0.65,0,1,1,0,0,0,0.0,21,0,3.0,0,1
0.54,0.65,0,1,1,0,0,0,0.0,24,1,4.0,0,1
0.54,0.65,0,1,1,0,0,0,0.0,27,1,5.0,0,1
0.54,0.65,0,1,1,0,0,0,0.0,35,2,6.0,0,1
0.54,0.65,0,1,1,0,0,0,0.0,40,2,7.0,0,1
0.54,0.65,0,1,1,0,0,0,0.0,54,2,8.0,0,1
0.54,0.65,0,1,1,0,0,0,0.0,58,2,9.0,0,1
0.54,0.65,0,1,1,0,0,0,0.0,74,2,10.0,0,1
0.54,0.65,0,1,1,0,0,0,0.0,79,2,11.0,0,1
0.54,0.65,0,1,1,0,0,0,0.0,93,2,12.0,0,1
0.54,0.65,0,1,1,0,0,0,0.0,107,2,13.0,0,1
0.54,0.65,0,1,1,0,0,0,0.0,113,2,14.0,0,1
0.54,0.65,0,1,1,0,0,0,0.0,120,2,15.0,0,1
0.54,0.65,0,1,1,0,0,0,0.0,127,2,16.0,0,1
0.54,0.65,0,1,1,0,0,0,0.0,131,2,17.0,0,1
0.54,0.65,0,1,1,0,0,0,0.0,140,3,18.0,0,1
0.54,0.65,0,1,1,0,0,0,0.0,147,3,19.0,0,1
0.54,0.65,0,1,1,0,0,0,0.0,150,4,20.0,0,1
0.54,0.65,0,1,0,1,7,1,1.0,150,4,20.0,151,1
0.54,0.65,0,1,0,1,12,3,2.0,150,4,20.0,151,1
0.54,0.65,0,1,0,1,17,3,3.0,150,4,20.0,151,1
0.54,0.65,0,1,0,1,17,4,4.0,150,4,20.0,151,1
0.54,0.65,0,1,0,1,26,4,5.0,150,4,20.0,151,1
0.54,0.65,0,1,0,1,29,4,6.0,150,4,20.0,151,1
0.54,0.65,0,1,0,1,36,4,7.0,150,4,20.0,151,1
0.54,0.65,0,1,0,1,44,4,8.0,150,4,20.0,151,1
0.54,0.65,0,1,0,1,50,4,9.0,150,4,20.0,151,1
0.54,0.65,0,1,0,1,54,5,10.0,150,4,20.0,151,1
0.54,0.65,0,1,0,1,65,5,11.0,150,4,20.0,151,1
0.54,0.65,0,1,0,1,75,5,12.0,150,4,20.0,151,1
0.54,0.65,0,1,0,1,81,5,13.0,150,4,20.0,151,1
0.54,0.65,0,1,0,1,86,5,14.0,150,4,20.0,151,1
0.54,0.65,0,1,0,1,104,5,15.0,150,4,20.0,151,1
0.54,0.65,0,1,0,1,106,5,16.0,150,4,20.0,151,1
0.54,0.65,0,1,0,1,113,5,17.0,150,4,20.0,151,1
0.54,0.65,0,1,0,1,119,5,18.0,150,4,20.0,151,1
0.54,0.65,0,1,0,1,139,7,19.0,150,4,20.0,151,1
0.54,0.65,0,1,0,1,151,8,20.0,150,4,20.0,151,1
0.46,0.41,1,1,1,1,5,1,1.0,0,0,0.0,0,0
0.46,0.41,1,1,1,1,11,1,2.0,0,0,0.0,0,0
0.46,0.41,1,1,1,1,16,1,3.0,0,0,0.0,0,0
0.46,0.41,1,1,1,1,28,2,4.0,0,0,0.0,0,0
0.46,0.41,1,1,1,1,42,3,5.0,0,0,0.0,0,0
0.46,0.41,1,1,1,1,53,3,6.0,0,0,0.0,0,0
0.46,0.41,1,1,1,1,59,3,7.0,0,0,0.0,0,0
0.46,0.41,1,1,1,1,63,3,8.0,0,0,0.0,0,0
0.46,0.41,1,1,1,1,67,3,9.0,0,0,0.0,0,0
0.46,0.41,1,1,1,1,83,3,10.0,0,0,0.0,0,0
0.46,0.41,1,1,1,1,86,3,11.0,0,0,0.0,0,0
0.46,0.41,1,1,1,1,90,3,12.0,0,0,0.0,0,0
0.46,0.41,1,1,1,1,91,3,13.0,0,0,0.0,0,0
0.46,0.41,1,1,1,1,102,3,14.0,0,0,0.0,0,0
0.46,0.41,1,1,1,1,112,3,15.0,0,0,0.0,0,0
0.46,0.41,1,1,1,1,122,4,16.0,0,0,0.0,0,0
0.46,0.41,1,1,1,1,134,4,17.0,0,0,0.0,0,0
0.46,0.41,1,1,1,1,138,4,18.0,0,0,0.0,0,0
0.46,0.41,1,1,1,1,143,4,19.0,0,0,0.0,0,0
0.46,0.41,1,1,1,1,147,4,20.0,0,0,0.0,0,0
0.46,0.41,1,1,0,0,147,4,20.0,10,0,1.0,148,0
0.46,0.41,1,1,0,0,147,4,20.0,14,1,2.0,148,0
0.46,0.41,1,1,0,0,147,4,20.0,22,1,3.0,148,0
0.46,0.41,1,1,0,0,147,4,20.0,30,1,4.0,148,0
0.46,0.41,1,1,0,0,147,4,20.0,34,1,5.0,148,0
0.46,0.41,1,1,0,0,147,4,20.0,38,1,6.0,148,0
0.46,0.41,1,1,0,0,147,4,20.0,52,1,7.0,148,0
0.46,0.41,1,1,0,0,147,4,20.0,59,2,8.0,148,0
0.46,0.41,1,1,0,0,147,4,20.0,78,2,9.0,148,0
0.46,0.41,1,1,0,0,147,4,20.0,89,2,10.0,148,0
0.46,0.41,1,1,0,0,147,4,20.0,93,2,11.0,148,0
0.46,0.41,1,1,0,0,147,4,20.0,102,2,12.0,148,0
0.46,0.41,1,1,0,0,147,4,20.0,105,3,13.0,148,0
0.46,0.41,1,1,0,0,147,4,20.0,106,3,14.0,148,0
0.46,0.41,1,1,0,0,147,4,20.0,113,4,15.0,148,0
0.46,0.41,1,1,0,0,147,4,20.0,119,4,16.0,148,0
0.46,0.41,1,1,0,0,147,4,20.0,129,4,17.0,148,0
0.46,0.41,1,1,0,0,147,4,20.0,130,4,18.0,148,0
0.46,0.41,1,1,0,0,147,4,20.0,142,4,19.0,148,0
0.46,0.41,1,1,0,0,147,4,20.0,148,6,20.0,148,0
0.61,0.54,0,0,1,1,17,0,1.0,0,0,0.0,0,0
0.61,0.54,0,0,1,1,27,0,2.0,0,0,0.0,0,0
0.61,0.54,0,0,1,1,30,2,3.0,0,0,0.0,0,0
0.61,0.54,0,0,1,1,34,2,4.0,0,0,0.0,0,0
0.61,0.54,0,0,1,1,42,2,5.0,0,0,0.0,0,0
0.61,0.54,0,0,1,1,53,2,6.0,0,0,0.0,0,0
0.61,0.54,0,0,1,1,63,2,7.0,0,0,0.0,0,0
0.61,0.54,0,0,1,1,67,2,8.0,0,0,0.0,0,0
0.61,0.54,0,0,1,1,77,2,9.0,0,0,0.0,0,0
0.61,0.54,0,0,1,1,81,2,10.0,0,0,0.0,0,0
0.61,0.54,0,0,1,1,85,2,11.0,0,0,0.0,0,0
0.61,0.54,0,0,1,1,97,2,12.0,0,0,0.0,0,0
0.61,0.54,0,0,1,1,102,2,13.0,0,0,0.0,0,0
0.61,0.54,0,0,1,1,105,2,14.0,0,0,0.0,0,0
0.61,0.54,0,0,1,1,113,3,15.0,0,0,0.0,0,0
0.61,0.54,0,0,1,1,120,4,16.0,0,0,0.0,0,0
0.61,0.54,0,0,1,1,127,4,17.0,0,0,0.0,0,0
0.61,0.54,0,0,1,1,130,4,18.0,0,0,0.0,0,0
0.61,0.54,0,0,1,1,134,5,19.0,0,0,0.0,0,0
0.61,0.54,0,0,1,1,141,5,20.0,0,0,0.0,0,0
0.61,0.54,0,0,0,0,141,5,20.0,12,0,1.0,142,0
0.61,0.54,0,0,0,0,141,5,20.0,12,1,2.0,142,0
0.61,0.54,0,0,0,0,141,5,20.0,13,1,3.0,142,0
0.61,0.54,0,0,0,0,141,5,20.0,21,1,4.0,142,0
0.61,0.54,0,0,0,0,141,5,20.0,27,2,5.0,142,0
0.61,0.54,0,0,0,0,141,5,20.0,30,2,6.0,142,0
0.61,0.54,0,0,0,0,141,5,20.0,41,3,7.0,142,0
0.61,0.54,0,0,0,0,141,5,20.0,58,3,8.0,142,0
0.61,0.54,0,0,0,0,141,5,20.0,75,4,9.0,142,0
0.61,0.54,0,0,0,0,141,5,20.0,83,5,10.0,142,0
0.61,0.54,0,0,0,0,141,5,20.0,96,5,11.0,142,0
0.61,0.54,0,0,0,0,141,5,20.0,101,5,12.0,142,0
0.61,0.54,0,0,0,0,141,5,20.0,119,5,13.0,142,0
0.61,0.54,0,0,0,0,141,5,20.0,122,5,14.0,142,0
0.61,0.54,0,0,0,0,141,5,20.0,133,5,15.0,142,0
0.61,0.54,0,0,0,0,141,5,20.0,141,6,16.0,142,0
0.61,0.54,0,0,0,0,141,5,20.0,142,6,16.5,142,0
0.47,0.58,1,0,1,0,0,0,0.0,6,0,1.0,0,0
0.47,0.58,1,0,1,0,0,0,0.0,15,0,2.0,0,0
0.47,0.58,1,0,1,0,0,0,0.0,22,0,3.0,0,0
0.47,0.58,1,0,1,0,0,0,0.0,30,0,4.0,0,0
0.47,0.58,1,0,1,0,0,0,0.0,42,0,5.0,0,0
0.47,0.58,1,0,1,0,0,0,0.0,57,0,6.0,0,0
0.47,0.58,1,0,1,0,0,0,0.0,67,0,7.0,0,0
0.47,0.58,1,0,1,0,0,0,0.0,84,0,8.0,0,0
0.47,0.58,1,0,1,0,0,0,0.0,92,0,9.0,0,0
0.47,0.58,1,0,1,0,0,0,0.0,98,0,10.0,0,0
0.47,0.58,1,0,1,0,0,0,0.0,106,0,11.0,0,0
0.47,0.58,1,0,1,0,0,0,0.0,114,0,12.0,0,0
0.47,0.58,1,0,1,0,0,0,0.0,123,0,13.0,0,0
0.47,0.58,1,0,1,0,0,0,0.0,128,0,14.0,0,0
0.47,0.58,1,0,1,0,0,0,0.0,135,1,15.0,0,0
0.47,0.58,1,0,1,0,0,0,0.0,138,1,16.0,0,0
0.47,0.58,1,0,1,0,0,0,0.0,145,1,17.0,0,0
0.47,0.58,1,0,1,0,0,0,0.0,151,1,18.0,0,0
0.47,0.58,1,0,1,0,0,0,0.0,152,2,19.0,0,0
0.47,0.58,1,0,1,0,0,0,0.0,165,2,20.0,0,0
0.47,0.58,1,0,0,1,9,0,1.0,165,2,20.0,166,0
0.47,0.58,1,0,0,1,12,1,2.0,165,2,20.0,166,0
0.47,0.58,1,0,0,1,19,1,3.0,165,2,20.0,166,0
0.47,0.58,1,0,0,1,32,2,4.0,165,2,20.0,166,0
0.47,0.58,1,0,0,1,38,2,5.0,165,2,20.0,166,0
0.47,0.58,1,0,0,1,39,3,6.0,165,2,20.0,166,0
0.47,0.58,1,0,0,1,44,3,7.0,165,2,20.0,166,0
0.47,0.58,1,0,0,1,56,3,8.0,165,2,20.0,166,0
0.47,0.58,1,0,0,1,60,3,9.0,165,2,20.0,166,0
0.47,0.58,1,0,0,1,61,3,10.0,165,2,20.0,166,0
0.47,0.58,1,0,0,1,64,3,11.0,165,2,20.0,166,0
0.47,0.58,1,0,0,1,67,4,12.0,165,2,20.0,166,0
0.47,0.58,1,0,0,1,87,4,13.0,165,2,20.0,166,0
0.47,0.58,1,0,0,1,95,4,14.0,165,2,20.0,166,0
0.47,0.58,1,0,0,1,102,4,15.0,165,2,20.0,166,0
0.47,0.58,1,0,0,1,119,4,16.0,165,2,20.0,166,0
0.47,0.58,1,0,0,1,130,4,17.0,165,2,20.0,166,0
0.47,0.58,1,0,0,1,147,4,18.0,165,2,20.0,166,0
0.47,0.58,1,0,0,1,151,4,19.0,165,2,20.0,166,0
0.47,0.58,1,0,0,1,164,4,20.0,165,2,20.0,166,0
0.6,0.65,0,0,1,1,6,1,1.0,0,0,0.0,0,1
0.6,0.65,0,0,1,1,10,1,2.0,0,0,0.0,0,1
0.6,0.65,0,0,1,1,18,2,3.0,0,0,0.0,0,1
0.6,0.65,0,0,1,1,21,2,4.0,0,0,0.0,0,1
0.6,0.65,0,0,1,1,30,2,5.0,0,0,0.0,0,1
0.6,0.65,0,0,1,1,41,2,6.0,0,0,0.0,0,1
0.6,0.65,0,0,1,1,45,2,7.0,0,0,0.0,0,1
0.6,0.65,0,0,1,1,52,2,8.0,0,0,0.0,0,1
0.6,0.65,0,0,1,1,55,2,9.0,0,0,0.0,0,1
0.6,0.65,0,0,1,1,66,2,10.0,0,0,0.0,0,1
0.6,0.65,0,0,1,1,74,2,11.0,0,0,0.0,0,1
0.6,0.65,0,0,1,1,76,3,12.0,0,0,0.0,0,1
0.6,0.65,0,0,1,1,87,3,13.0,0,0,0.0,0,1
0.6,0.65,0,0,1,1,90,3,14.0,0,0,0.0,0,1
0.6,0.65,0,0,1,1,99,3,15.0,0,0,0.0,0,1
0.6,0.65,0,0,1,1,103,3,16.0,0,0,0.0,0,1
0.6,0.65,0,0,1,1,111,3,17.0,0,0,0.0,0,1
0.6,0.65,0,0,1,1,122,3,18.0,0,0,0.0,0,1
0.6,0.65,0,0,1,1,128,4,19.0,0,0,0.0,0,1
0.6,0.65,0,0,1,1,142,4,20.0,0,0,0.0,0,1
0.6,0.65,0,0,0,0,142,4,20.0,2,0,1.0,143,1
0.6,0.65,0,0,0,0,142,4,20.0,8,0,2.0,143,1
0.6,0.65,0,0,0,0,142,4,20.0,16,0,3.0,143,1
0.6,0.65,0,0,0,0,142,4,20.0,24,0,4.0,143,1
0.6,0.65,0,0,0,0,142,4,20.0,29,0,5.0,143,1
0.6,0.65,0,0,0,0,142,4,20.0,33,1,6.0,143,1
0.6,0.65,0,0,0,0,142,4,20.0,37,2,7.0,143,1
0.6,0.65,0,0,0,0,142,4,20.0,44,2,8.0,143,1
0.6,0.65,0,0,0,0,142,4,20.0,52,2,9.0,143,1
0.6,0.65,0,0,0,0,142,4,20.0,57,2,10.0,143,1
0.6,0.65,0,0,0,0,142,4,20.0,66,2,11.0,143,1
0.6,0.65,0,0,0,0,142,4,20.0,75,2,12.0,143,1
0.6,0.65,0,0,0,0,142,4,20.0,81,3,13.0,143,1
0.6,0.65,0,0,0,0,142,4,20.0,92,3,14.0,143,1
0.6,0.65,0,0,0,0,142,4,20.0,97,3,15.0,143,1
0.6,0.65,0,0,0,0,142,4,20.0,105,3,16.0,143,1
0.6,0.65,0,0,0,0,142,4,20.0,109,4,17.0,143,1
0.6,0.65,0,0,0,0,142,4,20.0,117,5,18.0,143,1
0.6,0.65,0,0,0,0,142,4,20.0,121,6,19.0,143,1
0.6,0.65,0,0,0,0,142,4,20.0,138,6,20.0,143,1
0.47,0.44,0,0,1,1,3,0,1.0,0,0,0.0,0,1
0.47,0.44,0,0,1,1,11,0,2.0,0,0,0.0,0,1
0.47,0.44,0,0,1,1,17,0,3.0,0,0,0.0,0,1
0.47,0.44,0,0,1,1,30,0,4.0,0,0,0.0,0,1
0.47,0.44,0,0,1,1,38,0,5.0,0,0,0.0,0,1
0.47,0.44,0,0,1,1,44,0,6.0,0,0,0.0,0,1
0.47,0.44,0,0,1,1,51,0,7.0,0,0,0.0,0,1
0.47,0.44,0,0,1,1,56,0,8.0,0,0,0.0,0,1
0.47,0.44,0,0,1,1,66,0,9.0,0,0,0.0,0,1
0.47,0.44,0,0,1,1,70,0,10.0,0,0,0.0,0,1
0.47,0.44,0,0,1,1,86,1,11.0,0,0,0.0,0,1
0.47,0.44,0,0,1,1,97,1,12.0,0,0,0.0,0,1
0.47,0.44,0,0,1,1,102,1,13.0,0,0,0.0,0,1
0.47,0.44,0,0,1,1,105,1,14.0,0,0,0.0,0,1
0.47,0.44,0,0,1,1,117,3,15.0,0,0,0.0,0,1
0.47,0.44,0,0,1,1,120,3,16.0,0,0,0.0,0,1
0.47,0.44,0,0,1,1,133,3,17.0,0,0,0.0,0,1
0.47,0.44,0,0,1,1,135,3,18.0,0,0,0.0,0,1
0.47,0.44,0,0,1,1,140,4,19.0,0,0,0.0,0,1
0.47,0.44,0,0,1,1,150,4,20.0,0,0,0.0,0,1
0.47,0.44,0,0,0,0,150,4,20.0,7,0,1.0,151,1
0.47,0.44,0,0,0,0,150,4,20.0,13,0,2.0,151,1
0.47,0.44,0,0,0,0,150,4,20.0,22,0,3.0,151,1
0.47,0.44,0,0,0,0,150,4,20.0,27,0,4.0,151,1
0.47,0.44,0,0,0,0,150,4,20.0,29,1,5.0,151,1
0.47,0.44,0,0,0,0,150,4,20.0,31,1,6.0,151,1
0.47,0.44,0,0,0,0,150,4,20.0,40,1,7.0,151,1
0.47,0.44,0,0,0,0,150,4,20.0,48,1,8.0,151,1
0.47,0.44,0,0,0,0,150,4,20.0,56,1,9.0,151,1
0.47,0.44,0,0,0,0,150,4,20.0,62,2,10.0,151,1
0.47,0.44,0,0,0,0,150,4,20.0,64,2,11.0,151,1
0.47,0.44,0,0,0,0,150,4,20.0,71,2,12.0,151,1
0.47,0.44,0,0,0,0,150,4,20.0,75,2,13.0,151,1
0.47,0.44,0,0,0,0,150,4,20.0,84,3,14.0,151,1
0.47,0.44,0,0,0,0,150,4,20.0,93,5,15.0,151,1
0.47,0.44,0,0,0,0,150,4,20.0,96,7,16.0,151,1
0.47,0.44,0,0,0,0,150,4,20.0,104,7,17.0,151,1
0.47,0.44,0,0,0,0,150,4,20.0,124,7,18.0,151,1
0.47,0.44,0,0,0,0,150,4,20.0,141,7,19.0,151,1
0.47,0.44,0,0,0,0,150,4,20.0,147,7,20.0,151,1
0.55,0.43,0,0,1,1,3,0,1.0,0,0,0.0,0,1
0.55,0.43,0,0,1,1,15,0,2.0,0,0,0.0,0,1
0.55,0.43,0,0,1,1,17,0,3.0,0,0,0.0,0,1
0.55,0.43,0,0,1,1,35,0,4.0,0,0,0.0,0,1
0.55,0.43,0,0,1,1,42,0,5.0,0,0,0.0,0,1
0.55,0.43,0,0,1,1,57,0,6.0,0,0,0.0,0,1
0.55,0.43,0,0,1,1,65,0,7.0,0,0,0.0,0,1
0.55,0.43,0,0,1,1,79,1,8.0,0,0,0.0,0,1
0.55,0.43,0,0,1,1,87,1,9.0,0,0,0.0,0,1
0.55,0.43,0,0,1,1,98,2,10.0,0,0,0.0,0,1
0.55,0.43,0,0,1,1,102,2,11.0,0,0,0.0,0,1
0.55,0.43,0,0,1,1,116,2,12.0,0,0,0.0,0,1
0.55,0.43,0,0,1,1,120,2,13.0,0,0,0.0,0,1
0.55,0.43,0,0,1,1,128,2,14.0,0,0,0.0,0,1
0.55,0.43,0,0,1,1,140,3,15.0,0,0,0.0,0,1
0.55,0.43,0,0,1,1,145,3,16.0,0,0,0.0,0,1
0.55,0.43,0,0,1,1,158,4,17.0,0,0,0.0,0,1
0.55,0.43,0,0,1,1,175,4,18.0,0,0,0.0,0,1
0.55,0.43,0,0,1,1,179,4,19.0,0,0,0.0,0,1
0.55,0.43,0,0,1,1,186,4,20.0,0,0,0.0,0,1
0.55,0.43,0,0,0,0,186,4,20.0,0,1,1.0,187,1
0.55,0.43,0,0,0,0,186,4,20.0,13,1,2.0,187,1
0.55,0.43,0,0,0,0,186,4,20.0,19,2,3.0,187,1
0.55,0.43,0,0,0,0,186,4,20.0,24,2,4.0,187,1
0.55,0.43,0,0,0,0,186,4,20.0,36,2,5.0,187,1
0.55,0.43,0,0,0,0,186,4,20.0,39,4,6.0,187,1
0.55,0.43,0,0,0,0,186,4,20.0,58,4,7.0,187,1
0.55,0.43,0,0,0,0,186,4,20.0,72,4,8.0,187,1
0.55,0.43,0,0,0,0,186,4,20.0,76,4,9.0,187,1
0.55,0.43,0,0,0,0,186,4,20.0,85,4,10.0,187,1
0.55,0.43,0,0,0,0,186,4,20.0,96,4,11.0,187,1
0.55,0.43,0,0,0,0,186,4,20.0,108,4,12.0,187,1
0.55,0.43,0,0,0,0,186,4,20.0,119,4,13.0,187,1
0.55,0.43,0,0,0,0,186,4,20.0,128,5,14.0,187,1
0.55,0.43,0,0,0,0,186,4,20.0,132,5,15.0,187,1
0.55,0.43,0,0,0,0,186,4,20.0,146,5,16.0,187,1
0.55,0.43,0,0,0,0,186,4,20.0,149,5,17.0,187,1
0.55,0.43,0,0,0,0,186,4,20.0,162,5,18.0,187,1
0.55,0.43,0,0,0,0,186,4,20.0,174,5,19.0,187,1
0.55,0.43,0,0,0,0,186,4,20.0,179,5,20.0,187,1
0.59,0.62,1,0,1,0,0,0,0.0,5,1,1.0,0,0
0.59,0.62,1,0,1,0,0,0,0.0,8,2,2.0,0,0
0.59,0.62,1,0,1,0,0,0,0.0,14,3,3.0,0,0
0.59,0.62,1,0,1,0,0,0,0.0,15,3,4.0,0,0
0.59,0.62,1,0,1,0,0,0,0.0,18,4,5.0,0,0
0.59,0.62,1,0,1,0,0,0,0.0,25,4,6.0,0,0
0.59,0.62,1,0,1,0,0,0,0.0,38,4,7.0,0,0
0.59,0.62,1,0,1,0,0,0,0.0,42,4,8.0,0,0
0.59,0.62,1,0,1,0,0,0,0.0,46,5,9.0,0,0
0.59,0.62,1,0,1,0,0,0,0.0,50,5,10.0,0,0
0.59,0.62,1,0,1,0,0,0,0.0,69,5,11.0,0,0
0.59,0.62,1,0,1,0,0,0,0.0,80,5,12.0,0,0
0.59,0.62,1,0,1,0,0,0,0.0,86,5,13.0,0,0
0.59,0.62,1,0,1,0,0,0,0.0,92,5,14.0,0,0
0.59,0.62,1,0,1,0,0,0,0.0,106,5,15.0,0,0
0.59,0.62,1,0,1,0,0,0,0.0,115,5,16.0,0,0
0.59,0.62,1,0,1,0,0,0,0.0,121,5,17.0,0,0
0.59,0.62,1,0,1,0,0,0,0.0,127,5,18.0,0,0
0.59,0.62,1,0,1,0,0,0,0.0,139,5,19.0,0,0
0.59,0.62,1,0,1,0,0,0,0.0,144,5,20.0,0,0
0.59,0.62,1,0,0,1,3,0,1.0,144,5,20.0,145,0
0.59,0.62,1,0,0,1,8,1,2.0,144,5,20.0,145,0
0.59,0.62,1,0,0,1,18,1,3.0,144,5,20.0,145,0
0.59,0.62,1,0,0,1,24,1,4.0,144,5,20.0,145,0
0.59,0.62,1,0,0,1,31,1,5.0,144,5,20.0,145,0
0.59,0.62,1,0,0,1,39,1,6.0,144,5,20.0,145,0
0.59,0.62,1,0,0,1,47,1,7.0,144,5,20.0,145,0
0.59,0.62,1,0,0,1,53,2,8.0,144,5,20.0,145,0
0.59,0.62,1,0,0,1,61,2,9.0,144,5,20.0,145,0
0.59,0.62,1,0,0,1,65,2,10.0,144,5,20.0,145,0
0.59,0.62,1,0,0,1,72,2,11.0,144,5,20.0,145,0
0.59,0.62,1,0,0,1,80,4,12.0,144,5,20.0,145,0
0.59,0.62,1,0,0,1,88,4,13.0,144,5,20.0,145,0
0.59,0.62,1,0,0,1,91,5,14.0,144,5,20.0,145,0
0.59,0.62,1,0,0,1,100,6,15.0,144,5,20.0,145,0
0.59,0.62,1,0,0,1,110,6,16.0,144,5,20.0,145,0
0.59,0.62,1,0,0,1,118,7,17.0,144,5,20.0,145,0
0.59,0.62,1,0,0,1,121,7,18.0,144,5,20.0,145,0
0.59,0.62,1,0,0,1,137,7,19.0,144,5,20.0,145,0
0.59,0.62,1,0,0,1,143,8,20.0,144,5,20.0,145,0
0.51,0.35,1,1,1,1,8,0,1.0,0,0,0.0,0,1
0.51,0.35,1,1,1,1,18,0,2.0,0,0,0.0,0,1
0.51,0.35,1,1,1,1,22,0,3.0,0,0,0.0,0,1
0.51,0.35,1,1,1,1,33,0,4.0,0,0,0.0,0,1
0.51,0.35,1,1,1,1,44,0,5.0,0,0,0.0,0,1
0.51,0.35,1,1,1,1,52,1,6.0,0,0,0.0,0,1
0.51,0.35,1,1,1,1,54,1,7.0,0,0,0.0,0,1
0.51,0.35,1,1,1,1,57,1,8.0,0,0,0.0,0,1
0.51,0.35,1,1,1,1,61,1,9.0,0,0,0.0,0,1
0.51,0.35,1,1,1,1,72,2,10.0,0,0,0.0,0,1
0.51,0.35,1,1,1,1,74,3,11.0,0,0,0.0,0,1
0.51,0.35,1,1,1,1,81,3,12.0,0,0,0.0,0,1
0.51,0.35,1,1,1,1,91,3,13.0,0,0,0.0,0,1
0.51,0.35,1,1,1,1,102,3,14.0,0,0,0.0,0,1
0.51,0.35,1,1,1,1,110,3,15.0,0,0,0.0,0,1
0.51,0.35,1,1,1,1,118,3,16.0,0,0,0.0,0,1
0.51,0.35,1,1,1,1,133,3,17.0,0,0,0.0,0,1
0.51,0.35,1,1,1,1,138,3,18.0,0,0,0.0,0,1
0.51,0.35,1,1,1,1,142,3,19.0,0,0,0.0,0,1
0.51,0.35,1,1,1,1,154,3,20.0,0,0,0.0,0,1
0.51,0.35,1,1,0,0,154,3,20.0,11,0,1.0,155,1
0.51,0.35,1,1,0,0,154,3,20.0,17,0,2.0,155,1
0.51,0.35,1,1,0,0,154,3,20.0,24,0,3.0,155,1
0.51,0.35,1,1,0,0,154,3,20.0,27,1,4.0,155,1
0.51,0.35,1,1,0,0,154,3,20.0,34,2,5.0,155,1
0.51,0.35,1,1,0,0,154,3,20.0,36,3,6.0,155,1
0.51,0.35,1,1,0,0,154,3,20.0,47,3,7.0,155,1
0.51,0.35,1,1,0,0,154,3,20.0,52,3,8.0,155,1
0.51,0.35,1,1,0,0,154,3,20.0,55,4,9.0,155,1
0.51,0.35,1,1,0,0,154,3,20.0,61,4,10.0,155,1
0.51,0.35,1,1,0,0,154,3,20.0,63,4,11.0,155,1
0.51,0.35,1,1,0,0,154,3,20.0,70,5,12.0,155,1
0.51,0.35,1,1,0,0,154,3,20.0,73,5,13.0,155,1
0.51,0.35,1,1,0,0,154,3,20.0,85,7,14.0,155,1
0.51,0.35,1,1,0,0,154,3,20.0,95,7,15.0,155,1
0.51,0.35,1,1,0,0,154,3,20.0,102,7,16.0,155,1
0.51,0.35,1,1,0,0,154,3,20.0,113,7,17.0,155,1
0.51,0.35,1,1,0,0,154,3,20.0,127,7,18.0,155,1
0.51,0.35,1,1,0,0,154,3,20.0,135,8,19.0,155,1
0.51,0.35,1,1,0,0,154,3,20.0,153,8,20.0,155,1
0.41,0.42,1,1,1,1,11,0,1.0,0,0,0.0,0,1
0.41,0.42,1,1,1,1,19,1,2.0,0,0,0.0,0,1
0.41,0.42,1,1,1,1,21,2,3.0,0,0,0.0,0,1
0.41,0.42,1,1,1,1,30,3,4.0,0,0,0.0,0,1
0.41,0.42,1,1,1,1,36,3,5.0,0,0,0.0,0,1
0.41,0.42,1,1,1,1,40,3,6.0,0,0,0.0,0,1
0.41,0.42,1,1,1,1,45,3,7.0,0,0,0.0,0,1
0.41,0.42,1,1,1,1,59,3,8.0,0,0,0.0,0,1
0.41,0.42,1,1,1,1,68,3,9.0,0,0,0.0,0,1
0.41,0.42,1,1,1,1,83,3,10.0,0,0,0.0,0,1
0.41,0.42,1,1,1,1,92,3,11.0,0,0,0.0,0,1
0.41,0.42,1,1,1,1,99,3,12.0,0,0,0.0,0,1
0.41,0.42,1,1,1,1,107,4,13.0,0,0,0.0,0,1
0.41,0.42,1,1,1,1,113,4,14.0,0,0,0.0,0,1
0.41,0.42,1,1,1,1,135,4,15.0,0,0,0.0,0,1
0.41,0.42,1,1,1,1,140,4,16.0,0,0,0.0,0,1
0.41,0.42,1,1,1,1,148,4,17.0,0,0,0.0,0,1
0.41,0.42,1,1,1,1,160,4,18.0,0,0,0.0,0,1
0.41,0.42,1,1,1,1,169,4,19.0,0,0,0.0,0,1
0.41,0.42,1,1,1,1,174,4,20.0,0,0,0.0,0,1
0.41,0.42,1,1,0,0,174,4,20.0,3,1,1.0,175,1
0.41,0.42,1,1,0,0,174,4,20.0,8,1,2.0,175,1
0.41,0.42,1,1,0,0,174,4,20.0,13,1,3.0,175,1
0.41,0.42,1,1,0,0,174,4,20.0,28,1,4.0,175,1
0.41,0.42,1,1,0,0,174,4,20.0,39,1,5.0,175,1
0.41,0.42,1,1,0,0,174,4,20.0,48,1,6.0,175,1
0.41,0.42,1,1,0,0,174,4,20.0,61,1,7.0,175,1
0.41,0.42,1,1,0,0,174,4,20.0,67,1,8.0,175,1
0.41,0.42,1,1,0,0,174,4,20.0,77,1,9.0,175,1
0.41,0.42,1,1,0,0,174,4,20.0,82,1,10.0,175,1
0.41,0.42,1,1,0,0,174,4,20.0,88,1,11.0,175,1
0.41,0.42,1,1,0,0,174,4,20.0,99,1,12.0,175,1
0.41,0.42,1,1,0,0,174,4,20.0,102,1,13.0,175,1
0.41,0.42,1,1,0,0,174,4,20.0,113,1,14.0,175,1
0.41,0.42,1,1,0,0,174,4,20.0,122,1,15.0,175,1
0.41,0.42,1,1,0,0,174,4,20.0,127,2,16.0,175,1
0.41,0.42,1,1,0,0,174,4,20.0,139,2,17.0,175,1
0.41,0.42,1,1,0,0,174,4,20.0,145,2,18.0,175,1
0.41,0.42,1,1,0,0,174,4,20.0,163,2,19.0,175,1
0.41,0.42,1,1,0,0,174,4,20.0,171,2,20.0,175,1
0.43,0.63,0,1,1,0,0,0,0.0,13,0,1.0,0,0
0.43,0.63,0,1,1,0,0,0,0.0,17,0,2.0,0,0
0.43,0.63,0,1,1,0,0,0,0.0,31,0,3.0,0,0
0.43,0.63,0,1,1,0,0,0,0.0,34,1,4.0,0,0
0.43,0.63,0,1,1,0,0,0,0.0,41,1,5.0,0,0
0.43,0.63,0,1,1,0,0,0,0.0,54,1,6.0,0,0
0.43,0.63,0,1,1,0,0,0,0.0,67,1,7.0,0,0
0.43,0.63,0,1,1,0,0,0,0.0,81,1,8.0,0,0
0.43,0.63,0,1,1,0,0,0,0.0,90,2,9.0,0,0
0.43,0.63,0,1,1,0,0,0,0.0,97,2,10.0,0,0
0.43,0.63,0,1,1,0,0,0,0.0,105,2,11.0,0,0
0.43,0.63,0,1,1,0,0,0,0.0,112,3,12.0,0,0
0.43,0.63,0,1,1,0,0,0,0.0,122,3,13.0,0,0
0.43,0.63,0,1,1,0,0,0,0.0,126,3,14.0,0,0
0.43,0.63,0,1,1,0,0,0,0.0,133,3,15.0,0,0
0.43,0.63,0,1,1,0,0,0,0.0,141,3,16.0,0,0
0.43,0.63,0,1,1,0,0,0,0.0,150,3,17.0,0,0
0.43,0.63,0,1,1,0,0,0,0.0,162,3,18.0,0,0
0.43,0.63,0,1,1,0,0,0,0.0,167,4,19.0,0,0
0.43,0.63,0,1,1,0,0,0,0.0,177,4,20.0,0,0
0.43,0.63,0,1,0,1,7,0,1.0,177,4,20.0,178,0
0.43,0.63,0,1,0,1,21,0,2.0,177,4,20.0,178,0
0.43,0.63,0,1,0,1,33,0,3.0,177,4,20.0,178,0
0.43,0.63,0,1,0,1,41,0,4.0,177,4,20.0,178,0
0.43,0.63,0,1,0,1,46,0,5.0,177,4,20.0,178,0
0.43,0.63,0,1,0,1,58,0,6.0,177,4,20.0,178,0
0.43,0.63,0,1,0,1,64,0,7.0,177,4,20.0,178,0
0.43,0.63,0,1,0,1,67,0,8.0,177,4,20.0,178,0
0.43,0.63,0,1,0,1,72,0,9.0,177,4,20.0,178,0
0.43,0.63,0,1,0,1,83,0,10.0,177,4,20.0,178,0
0.43,0.63,0,1,0,1,88,0,11.0,177,4,20.0,178,0
0.43,0.63,0,1,0,1,90,0,12.0,177,4,20.0,178,0
0.43,0.63,0,1,0,1,98,0,13.0,177,4,20.0,178,0
0.43,0.63,0,1,0,1,107,0,14.0,177,4,20.0,178,0
0.43,0.63,0,1,0,1,117,2,15.0,177,4,20.0,178,0
0.43,0.63,0,1,0,1,129,2,16.0,177,4,20.0,178,0
0.43,0.63,0,1,0,1,145,2,17.0,177,4,20.0,178,0
0.43,0.63,0,1,0,1,147,3,18.0,177,4,20.0,178,0
0.43,0.63,0,1,0,1,153,3,19.0,177,4,20.0,178,0
0.43,0.63,0,1,0,1,162,4,20.0,177,4,20.0,178,0
0.57,0.51,0,0,1,1,2,0,1.0,0,0,0.0,0,1
0.57,0.51,0,0,1,1,12,1,2.0,0,0,0.0,0,1
0.57,0.51,0,0,1,1,18,1,3.0,0,0,0.0,0,1
0.57,0.51,0,0,1,1,28,2,4.0,0,0,0.0,0,1
0.57,0.51,0,0,1,1,46,2,5.0,0,0,0.0,0,1
0.57,0.51,0,0,1,1,53,2,6.0,0,0,0.0,0,1
0.57,0.51,0,0,1,1,68,2,7.0,0,0,0.0,0,1
0.57,0.51,0,0,1,1,77,2,8.0,0,0,0.0,0,1
0.57,0.51,0,0,1,1,80,2,9.0,0,0,0.0,0,1
0.57,0.51,0,0,1,1,97,2,10.0,0,0,0.0,0,1
0.57,0.51,0,0,1,1,99,3,11.0,0,0,0.0,0,1
0.57,0.51,0,0,1,1,102,3,12.0,0,0,0.0,0,1
0.57,0.51,0,0,1,1,108,3,13.0,0,0,0.0,0,1
0.57,0.51,0,0,1,1,117,3,14.0,0,0,0.0,0,1
0.57,0.51,0,0,1,1,122,5,15.0,0,0,0.0,0,1
0.57,0.51,0,0,1,1,131,5,16.0,0,0,0.0,0,1
0.57,0.51,0,0,1,1,132,6,17.0,0,0,0.0,0,1
0.57,0.51,0,0,1,1,143,6,18.0,0,0,0.0,0,1
0.57,0.51,0,0,1,1,146,6,19.0,0,0,0.0,0,1
0.57,0.51,0,0,1,1,164,6,20.0,0,0,0.0,0,1
0.57,0.51,0,0,0,0,164,6,20.0,5,1,1.0,165,1
0.57,0.51,0,0,0,0,164,6,20.0,17,1,2.0,165,1
0.57,0.51,0,0,0,0,164,6,20.0,19,1,3.0,165,1
0.57,0.51,0,0,0,0,164,6,20.0,26,1,4.0,165,1
0.57,0.51,0,0,0,0,164,6,20.0,42,2,5.0,165,1
0.57,0.51,0,0,0,0,164,6,20.0,47,2,6.0,165,1
0.57,0.51,0,0,0,0,164,6,20.0,53,2,7.0,165,1
0.57,0.51,0,0,0,0,164,6,20.0,59,3,8.0,165,1
0.57,0.51,0,0,0,0,164,6,20.0,72,3,9.0,165,1
0.57,0.51,0,0,0,0,164,6,20.0,79,4,10.0,165,1
0.57,0.51,0,0,0,0,164,6,20.0,84,4,11.0,165,1
0.57,0.51,0,0,0,0,164,6,20.0,88,4,12.0,165,1
0.57,0.51,0,0,0,0,164,6,20.0,99,4,13.0,165,1
0.57,0.51,0,0,0,0,164,6,20.0,107,4,14.0,165,1
0.57,0.51,0,0,0,0,164,6,20.0,112,4,15.0,165,1
0.57,0.51,0,0,0,0,164,6,20.0,126,4,16.0,165,1
0.57,0.51,0,0,0,0,164,6,20.0,134,5,17.0,165,1
0.57,0.51,0,0,0,0,164,6,20.0,140,7,18.0,165,1
0.57,0.51,0,0,0,0,164,6,20.0,148,7,19.0,165,1
0.57,0.51,0,0,0,0,164,6,20.0,162,8,20.0,165,1
0.47,0.44,0,0,1,1,10,0,1.0,0,0,0.0,0,0
0.47,0.44,0,0,1,1,16,1,2.0,0,0,0.0,0,0
0.47,0.44,0,0,1,1,18,1,3.0,0,0,0.0,0,0
0.47,0.44,0,0,1,1,29,1,4.0,0,0,0.0,0,0
0.47,0.44,0,0,1,1,31,2,5.0,0,0,0.0,0,0
0.47,0.44,0,0,1,1,35,2,6.0,0,0,0.0,0,0
0.47,0.44,0,0,1,1,38,2,7.0,0,0,0.0,0,0
0.47,0.44,0,0,1,1,42,2,8.0,0,0,0.0,0,0
0.47,0.44,0,0,1,1,47,4,9.0,0,0,0.0,0,0
0.47,0.44,0,0,1,1,61,4,10.0,0,0,0.0,0,0
0.47,0.44,0,0,1,1,69,4,11.0,0,0,0.0,0,0
0.47,0.44,0,0,1,1,78,4,12.0,0,0,0.0,0,0
0.47,0.44,0,0,1,1,90,5,13.0,0,0,0.0,0,0
0.47,0.44,0,0,1,1,97,5,14.0,0,0,0.0,0,0
0.47,0.44,0,0,1,1,106,5,15.0,0,0,0.0,0,0
0.47,0.44,0,0,1,1,112,5,16.0,0,0,0.0,0,0
0.47,0.44,0,0,1,1,122,5,17.0,0,0,0.0,0,0
0.47,0.44,0,0,1,1,132,5,18.0,0,0,0.0,0,0
0.47,0.44,0,0,1,1,143,5,19.0,0,0,0.0,0,0
0.47,0.44,0,0,1,1,145,5,20.0,0,0,0.0,0,0
0.47,0.44,0,0,0,0,145,5,20.0,2,0,1.0,146,0
0.47,0.44,0,0,0,0,145,5,20.0,8,0,2.0,146,0
0.47,0.44,0,0,0,0,145,5,20.0,22,0,3.0,146,0
0.47,0.44,0,0,0,0,145,5,20.0,26,0,4.0,146,0
0.47,0.44,0,0,0,0,145,5,20.0,40,0,5.0,146,0
0.47,0.44,0,0,0,0,145,5,20.0,42,0,6.0,146,0
0.47,0.44,0,0,0,0,145,5,20.0,51,0,7.0,146,0
0.47,0.44,0,0,0,0,145,5,20.0,56,0,8.0,146,0
0.47,0.44,0,0,0,0,145,5,20.0,61,0,9.0,146,0
0.47,0.44,0,0,0,0,145,5,20.0,73,0,10.0,146,0
0.47,0.44,0,0,0,0,145,5,20.0,75,0,11.0,146,0
0.47,0.44,0,0,0,0,145,5,20.0,77,0,12.0,146,0
0.47,0.44,0,0,0,0,145,5,20.0,80,0,13.0,146,0
0.47,0.44,0,0,0,0,145,5,20.0,87,0,14.0,146,0
0.47,0.44,0,0,0,0,145,5,20.0,96,1,15.0,146,0
0.47,0.44,0,0,0,0,145,5,20.0,109,1,16.0,146,0
0.47,0.44,0,0,0,0,145,5,20.0,118,2,17.0,146,0
0.47,0.44,0,0,0,0,145,5,20.0,124,2,18.0,146,0
0.47,0.44,0,0,0,0,145,5,20.0,137,2,19.0,146,0
0.47,0.44,0,0,0,0,145,5,20.0,145,2,20.0,146,0
0.57,0.39,1,1,1,1,12,0,1.0,0,0,0.0,0,1
0.57,0.39,1,1,1,1,18,1,2.0,0,0,0.0,0,1
0.57,0.39,1,1,1,1,26,1,3.0,0,0,0.0,0,1
0.57,0.39,1,1,1,1,44,1,4.0,0,0,0.0,0,1
0.57,0.39,1,1,1,1,53,2,5.0,0,0,0.0,0,1
0.57,0.39,1,1,1,1,69,2,6.0,0,0,0.0,0,1
0.57,0.39,1,1,1,1,73,2,7.0,0,0,0.0,0,1
0.57,0.39,1,1,1,1,77,2,8.0,0,0,0.0,0,1
0.57,0.39,1,1,1,1,81,3,9.0,0,0,0.0,0,1
0.57,0.39,1,1,1,1,93,4,10.0,0,0,0.0,0,1
0.57,0.39,1,1,1,1,97,4,11.0,0,0,0.0,0,1
0.57,0.39,1,1,1,1,108,4,12.0,0,0,0.0,0,1
0.57,0.39,1,1,1,1,116,4,13.0,0,0,0.0,0,1
0.57,0.39,1,1,1,1,128,4,14.0,0,0,0.0,0,1
0.57,0.39,1,1,1,1,133,5,15.0,0,0,0.0,0,1
0.57,0.39,1,1,1,1,141,5,16.0,0,0,0.0,0,1
0.57,0.39,1,1,1,1,151,5,17.0,0,0,0.0,0,1
0.57,0.39,1,1,1,1,160,5,18.0,0,0,0.0,0,1
0.57,0.39,1,1,1,1,169,5,19.0,0,0,0.0,0,1
0.57,0.39,1,1,1,1,177,6,20.0,0,0,0.0,0,1
0.57,0.39,1,1,0,0,177,6,20.0,4,0,1.0,178,1
0.57,0.39,1,1,0,0,177,6,20.0,5,0,2.0,178,1
0.57,0.39,1,1,0,0,177,6,20.0,17,1,3.0,178,1
0.57,0.39,1,1,0,0,177,6,20.0,32,1,4.0,178,1
0.57,0.39,1,1,0,0,177,6,20.0,36,1,5.0,178,1
0.57,0.39,1,1,0,0,177,6,20.0,39,1,6.0,178,1
0.57,0.39,1,1,0,0,177,6,20.0,40,1,7.0,178,1
0.57,0.39,1,1,0,0,177,6,20.0,45,1,8.0,178,1
0.57,0.39,1,1,0,0,177,6,20.0,52,1,9.0,178,1
0.57,0.39,1,1,0,0,177,6,20.0,70,1,10.0,178,1
0.57,0.39,1,1,0,0,177,6,20.0,87,1,11.0,178,1
0.57,0.39,1,1,0,0,177,6,20.0,96,1,12.0,178,1
0.57,0.39,1,1,0,0,177,6,20.0,103,2,13.0,178,1
0.57,0.39,1,1,0,0,177,6,20.0,109,2,14.0,178,1
0.57,0.39,1,1,0,0,177,6,20.0,115,2,15.0,178,1
0.57,0.39,1,1,0,0,177,6,20.0,126,3,16.0,178,1
0.57,0.39,1,1,0,0,177,6,20.0,141,3,17.0,178,1
0.57,0.39,1,1,0,0,177,6,20.0,147,3,18.0,178,1
0.57,0.39,1,1,0,0,177,6,20.0,153,3,19.0,178,1
0.57,0.39,1,1,0,0,177,6,20.0,159,3,20.0,178,1
0.59,0.42,0,1,1,0,0,0,0.0,1,0,1.0,0,1
0.59,0.42,0,1,1,0,0,0,0.0,15,1,2.0,0,1
0.59,0.42,0,1,1,0,0,0,0.0,26,2,3.0,0,1
0.59,0.42,0,1,1,0,0,0,0.0,33,2,4.0,0,1
0.59,0.42,0,1,1,0,0,0,0.0,43,2,5.0,0,1
0.59,0.42,0,1,1,0,0,0,0.0,53,3,6.0,0,1
0.59,0.42,0,1,1,0,0,0,0.0,57,3,7.0,0,1
0.59,0.42,0,1,1,0,0,0,0.0,64,4,8.0,0,1
0.59,0.42,0,1,1,0,0,0,0.0,69,4,9.0,0,1
0.59,0.42,0,1,1,0,0,0,0.0,71,4,10.0,0,1
0.59,0.42,0,1,1,0,0,0,0.0,75,4,11.0,0,1
0.59,0.42,0,1,1,0,0,0,0.0,78,4,12.0,0,1
0.59,0.42,0,1,1,0,0,0,0.0,84,5,13.0,0,1
0.59,0.42,0,1,1,0,0,0,0.0,88,5,14.0,0,1
0.59,0.42,0,1,1,0,0,0,0.0,96,5,15.0,0,1
0.59,0.42,0,1,1,0,0,0,0.0,99,5,16.0,0,1
0.59,0.42,0,1,1,0,0,0,0.0,108,5,17.0,0,1
0.59,0.42,0,1,1,0,0,0,0.0,117,5,18.0,0,1
0.59,0.42,0,1,1,0,0,0,0.0,126,5,19.0,0,1
0.59,0.42,0,1,1,0,0,0,0.0,131,5,20.0,0,1
0.59,0.42,0,1,0,1,9,0,1.0,131,5,20.0,132,1
0.59,0.42,0,1,0,1,17,0,2.0,131,5,20.0,132,1
0.59,0.42,0,1,0,1,19,1,3.0,131,5,20.0,132,1
0.59,0.42,0,1,0,1,25,1,4.0,131,5,20.0,132,1
0.59,0.42,0,1,0,1,30,1,5.0,131,5,20.0,132,1
0.59,0.42,0,1,0,1,41,2,6.0,131,5,20.0,132,1
0.59,0.42,0,1,0,1,56,2,7.0,131,5,20.0,132,1
0.59,0.42,0,1,0,1,62,3,8.0,131,5,20.0,132,1
0.59,0.42,0,1,0,1,65,3,9.0,131,5,20.0,132,1
0.59,0.42,0,1,0,1,77,3,10.0,131,5,20.0,132,1
0.59,0.42,0,1,0,1,81,3,11.0,131,5,20.0,132,1
0.59,0.42,0,1,0,1,93,3,12.0,131,5,20.0,132,1
0.59,0.42,0,1,0,1,109,3,13.0,131,5,20.0,132,1
0.59,0.42,0,1,0,1,119,4,14.0,131,5,20.0,132,1
0.59,0.42,0,1,0,1,131,4,15.0,131,5,20.0,132,1
0.59,0.42,0,1,0,1,132,4,15.17,131,5,20.0,132,1
0.52,0.53,0,1,1,0,0,0,0.0,5,0,1.0,0,0
0.52,0.53,0,1,1,0,0,0,0.0,9,0,2.0,0,0
0.52,0.53,0,1,1,0,0,0,0.0,13,0,3.0,0,0
0.52,0.53,0,1,1,0,0,0,0.0,19,1,4.0,0,0
0.52,0.53,0,1,1,0,0,0,0.0,33,1,5.0,0,0
0.52,0.53,0,1,1,0,0,0,0.0,36,1,6.0,0,0
0.52,0.53,0,1,1,0,0,0,0.0,39,1,7.0,0,0
0.52,0.53,0,1,1,0,0,0,0.0,52,1,8.0,0,0
0.52,0.53,0,1,1,0,0,0,0.0,61,1,9.0,0,0
0.52,0.53,0,1,1,0,0,0,0.0,75,2,10.0,0,0
0.52,0.53,0,1,1,0,0,0,0.0,83,2,11.0,0,0
0.52,0.53,0,1,1,0,0,0,0.0,94,2,12.0,0,0
0.52,0.53,0,1,1,0,0,0,0.0,104,3,13.0,0,0
0.52,0.53,0,1,1,0,0,0,0.0,112,3,14.0,0,0
0.52,0.53,0,1,1,0,0,0,0.0,119,4,15.0,0,0
0.52,0.53,0,1,1,0,0,0,0.0,128,4,16.0,0,0
0.52,0.53,0,1,1,0,0,0,0.0,131,6,17.0,0,0
0.52,0.53,0,1,1,0,0,0,0.0,139,6,18.0,0,0
0.52,0.53,0,1,1,0,0,0,0.0,150,6,19.0,0,0
0.52,0.53,0,1,1,0,0,0,0.0,170,6,20.0,0,0
0.52,0.53,0,1,0,1,9,0,1.0,170,6,20.0,171,0
0.52,0.53,0,1,0,1,19,0,2.0,170,6,20.0,171,0
0.52,0.53,0,1,0,1,24,1,3.0,170,6,20.0,171,0
0.52,0.53,0,1,0,1,27,1,4.0,170,6,20.0,171,0
0.52,0.53,0,1,0,1,33,1,5.0,170,6,20.0,171,0
0.52,0.53,0,1,0,1,43,1,6.0,170,6,20.0,171,0
0.52,0.53,0,1,0,1,46,1,7.0,170,6,20.0,171,0
0.52,0.53,0,1,0,1,49,2,8.0,170,6,20.0,171,0
0.52,0.53,0,1,0,1,56,2,9.0,170,6,20.0,171,0
0.52,0.53,0,1,0,1,69,2,10.0,170,6,20.0,171,0
0.52,0.53,0,1,0,1,75,3,11.0,170,6,20.0,171,0
0.52,0.53,0,1,0,1,81,3,12.0,170,6,20.0,171,0
0.52,0.53,0,1,0,1,85,3,13.0,170,6,20.0,171,0
0.52,0.53,0,1,0,1,93,3,14.0,170,6,20.0,171,0
0.52,0.53,0,1,0,1,109,4,15.0,170,6,20.0,171,0
0.52,0.53,0,1,0,1,121,4,16.0,170,6,20.0,171,0
0.52,0.53,0,1,0,1,129,4,17.0,170,6,20.0,171,0
0.52,0.53,0,1,0,1,134,5,18.0,170,6,20.0,171,0
0.52,0.53,0,1,0,1,142,6,19.0,170,6,20.0,171,0
0.52,0.53,0,1,0,1,152,6,20.0,170,6,20.0,171,0
0.6,0.51,0,1,1,0,0,0,0.0,3,1,1.0,0,1
0.6,0.51,0,1,1,0,0,0,0.0,13,1,2.0,0,1
0.6,0.51,0,1,1,0,0,0,0.0,24,2,3.0,0,1
0.6,0.51,0,1,1,0,0,0,0.0,37,2,4.0,0,1
0.6,0.51,0,1,1,0,0,0,0.0,40,3,5.0,0,1
0.6,0.51,0,1,1,0,0,0,0.0,54,3,6.0,0,1
0.6,0.51,0,1,1,0,0,0,0.0,63,3,7.0,0,1
0.6,0.51,0,1,1,0,0,0,0.0,65,4,8.0,0,1
0.6,0.51,0,1,1,0,0,0,0.0,82,4,9.0,0,1
0.6,0.51,0,1,1,0,0,0,0.0,96,4,10.0,0,1
0.6,0.51,0,1,1,0,0,0,0.0,104,4,11.0,0,1
0.6,0.51,0,1,1,0,0,0,0.0,112,4,12.0,0,1
0.6,0.51,0,1,1,0,0,0,0.0,115,4,13.0,0,1
0.6,0.51,0,1,1,0,0,0,0.0,122,4,14.0,0,1
0.6,0.51,0,1,1,0,0,0,0.0,126,4,15.0,0,1
0.6,0.51,0,1,1,0,0,0,0.0,128,4,16.0,0,1
0.6,0.51,0,1,1,0,0,0,0.0,133,4,17.0,0,1
0.6,0.51,0,1,1,0,0,0,0.0,141,4,18.0,0,1
0.6,0.51,0,1,1,0,0,0,0.0,151,4,19.0,0,1
0.6,0.51,0,1,1,0,0,0,0.0,161,4,20.0,0,1
0.6,0.51,0,1,0,1,4,2,1.0,161,4,20.0,162,1
0.6,0.51,0,1,0,1,12,2,2.0,161,4,20.0,162,1
0.6,0.51,0,1,0,1,18,2,3.0,161,4,20.0,162,1
0.6,0.51,0,1,0,1,21,3,4.0,161,4,20.0,162,1
0.6,0.51,0,1,0,1,32,3,5.0,161,4,20.0,162,1
0.6,0.51,0,1,0,1,40,3,6.0,161,4,20.0,162,1
0.6,0.51,0,1,0,1,46,5,7.0,161,4,20.0,162,1
0.6,0.51,0,1,0,1,51,5,8.0,161,4,20.0,162,1
0.6,0.51,0,1,0,1,62,5,9.0,161,4,20.0,162,1
0.6,0.51,0,1,0,1,68,5,10.0,161,4,20.0,162,1
0.6,0.51,0,1,0,1,78,5,11.0,161,4,20.0,162,1
0.6,0.51,0,1,0,1,85,6,12.0,161,4,20.0,162,1
0.6,0.51,0,1,0,1,89,7,13.0,161,4,20.0,162,1
0.6,0.51,0,1,0,1,97,7,14.0,161,4,20.0,162,1
0.6,0.51,0,1,0,1,112,7,15.0,161,4,20.0,162,1
0.6,0.51,0,1,0,1,123,8,16.0,161,4,20.0,162,1
0.6,0.51,0,1,0,1,131,8,17.0,161,4,20.0,162,1
0.6,0.51,0,1,0,1,144,8,18.0,161,4,20.0,162,1
0.6,0.51,0,1,0,1,152,9,19.0,161,4,20.0,162,1
0.6,0.51,0,1,0,1,163,9,19.83,161,4,20.0,162,1
0.36,0.55,1,1,1,1,4,0,1.0,0,0,0.0,0,0
0.36,0.55,1,1,1,1,17,0,2.0,0,0,0.0,0,0
0.36,0.55,1,1,1,1,21,1,3.0,0,0,0.0,0,0
0.36,0.55,1,1,1,1,27,1,4.0,0,0,0.0,0,0
0.36,0.55,1,1,1,1,36,1,5.0,0,0,0.0,0,0
0.36,0.55,1,1,1,1,39,1,6.0,0,0,0.0,0,0
0.36,0.55,1,1,1,1,42,1,7.0,0,0,0.0,0,0
0.36,0.55,1,1,1,1,45,1,8.0,0,0,0.0,0,0
0.36,0.55,1,1,1,1,48,2,9.0,0,0,0.0,0,0
0.36,0.55,1,1,1,1,59,3,10.0,0,0,0.0,0,0
0.36,0.55,1,1,1,1,65,3,11.0,0,0,0.0,0,0
0.36,0.55,1,1,1,1,72,3,12.0,0,0,0.0,0,0
0.36,0.55,1,1,1,1,74,3,13.0,0,0,0.0,0,0
0.36,0.55,1,1,1,1,76,3,14.0,0,0,0.0,0,0
0.36,0.55,1,1,1,1,84,3,15.0,0,0,0.0,0,0
0.36,0.55,1,1,1,1,88,4,16.0,0,0,0.0,0,0
0.36,0.55,1,1,1,1,98,4,17.0,0,0,0.0,0,0
0.36,0.55,1,1,1,1,116,4,18.0,0,0,0.0,0,0
0.36,0.55,1,1,1,1,117,4,19.0,0,0,0.0,0,0
0.36,0.55,1,1,1,1,128,4,20.0,0,0,0.0,0,0
0.36,0.55,1,1,0,0,128,4,20.0,2,2,1.0,129,0
0.36,0.55,1,1,0,0,128,4,20.0,6,2,2.0,129,0
0.36,0.55,1,1,0,0,128,4,20.0,20,2,3.0,129,0
0.36,0.55,1,1,0,0,128,4,20.0,28,2,4.0,129,0
0.36,0.55,1,1,0,0,128,4,20.0,31,3,5.0,129,0
0.36,0.55,1,1,0,0,128,4,20.0,35,3,6.0,129,0
0.36,0.55,1,1,0,0,128,4,20.0,43,3,7.0,129,0
0.36,0.55,1,1,0,0,128,4,20.0,46,3,8.0,129,0
0.36,0.55,1,1,0,0,128,4,20.0,53,3,9.0,129,0
0.36,0.55,1,1,0,0,128,4,20.0,60,3,10.0,129,0
0.36,0.55,1,1,0,0,128,4,20.0,72,3,11.0,129,0
0.36,0.55,1,1,0,0,128,4,20.0,76,3,12.0,129,0
0.36,0.55,1,1,0,0,128,4,20.0,84,3,13.0,129,0
0.36,0.55,1,1,0,0,128,4,20.0,92,3,14.0,129,0
0.36,0.55,1,1,0,0,128,4,20.0,94,3,15.0,129,0
0.36,0.55,1,1,0,0,128,4,20.0,100,3,16.0,129,0
0.36,0.55,1,1,0,0,128,4,20.0,110,4,17.0,129,0
0.36,0.55,1,1,0,0,128,4,20.0,118,4,18.0,129,0
0.36,0.55,1,1,0,0,128,4,20.0,128,4,19.0,129,0
0.36,0.55,1,1,0,0,128,4,20.0,129,4,19.17,129,0
0.42,0.51,0,1,1,0,0,0,0.0,2,0,1.0,0,0
0.42,0.51,0,1,1,0,0,0,0.0,8,0,2.0,0,0
0.42,0.51,0,1,1,0,0,0,0.0,22,0,3.0,0,0
0.42,0.51,0,1,1,0,0,0,0.0,36,0,4.0,0,0
0.42,0.51,0,1,1,0,0,0,0.0,49,0,5.0,0,0
0.42,0.51,0,1,1,0,0,0,0.0,53,0,6.0,0,0
0.42,0.51,0,1,1,0,0,0,0.0,56,0,7.0,0,0
0.42,0.51,0,1,1,0,0,0,0.0,60,0,8.0,0,0
0.42,0.51,0,1,1,0,0,0,0.0,66,2,9.0,0,0
0.42,0.51,0,1,1,0,0,0,0.0,70,3,10.0,0,0
0.42,0.51,0,1,1,0,0,0,0.0,79,3,11.0,0,0
0.42,0.51,0,1,1,0,0,0,0.0,82,4,12.0,0,0
0.42,0.51,0,1,1,0,0,0,0.0,85,4,13.0,0,0
0.42,0.51,0,1,1,0,0,0,0.0,91,5,14.0,0,0
0.42,0.51,0,1,1,0,0,0,0.0,101,5,15.0,0,0
0.42,0.51,0,1,1,0,0,0,0.0,108,5,16.0,0,0
0.42,0.51,0,1,1,0,0,0,0.0,116,5,17.0,0,0
0.42,0.51,0,1,1,0,0,0,0.0,122,5,18.0,0,0
0.42,0.51,0,1,1,0,0,0,0.0,133,5,19.0,0,0
0.42,0.51,0,1,1,0,0,0,0.0,150,5,20.0,0,0
0.42,0.51,0,1,0,1,4,0,1.0,150,5,20.0,151,0
0.42,0.51,0,1,0,1,8,0,2.0,150,5,20.0,151,0
0.42,0.51,0,1,0,1,12,0,3.0,150,5,20.0,151,0
0.42,0.51,0,1,0,1,28,0,4.0,150,5,20.0,151,0
0.42,0.51,0,1,0,1,39,0,5.0,150,5,20.0,151,0
0.42,0.51,0,1,0,1,43,1,6.0,150,5,20.0,151,0
0.42,0.51,0,1,0,1,50,1,7.0,150,5,20.0,151,0
0.42,0.51,0,1,0,1,55,1,8.0,150,5,20.0,151,0
0.42,0.51,0,1,0,1,66,1,9.0,150,5,20.0,151,0
0.42,0.51,0,1,0,1,69,1,10.0,150,5,20.0,151,0
0.42,0.51,0,1,0,1,73,3,11.0,150,5,20.0,151,0
0.42,0.51,0,1,0,1,85,3,12.0,150,5,20.0,151,0
0.42,0.51,0,1,0,1,94,3,13.0,150,5,20.0,151,0
0.42,0.51,0,1,0,1,104,4,14.0,150,5,20.0,151,0
0.42,0.51,0,1,0,1,109,4,15.0,150,5,20.0,151,0
0.42,0.51,0,1,0,1,113,4,16.0,150,5,20.0,151,0
0.42,0.51,0,1,0,1,121,5,17.0,150,5,20.0,151,0
0.42,0.51,0,1,0,1,129,5,18.0,150,5,20.0,151,0
0.42,0.51,0,1,0,1,131,5,19.0,150,5,20.0,151,0
0.42,0.51,0,1,0,1,140,5,20.0,150,5,20.0,151,0
0.46,0.59,1,0,1,0,0,0,0.0,4,1,1.0,0,0
0.46,0.59,1,0,1,0,0,0,0.0,8,1,2.0,0,0
0.46,0.59,1,0,1,0,0,0,0.0,15,2,3.0,0,0
0.46,0.59,1,0,1,0,0,0,0.0,24,2,4.0,0,0
0.46,0.59,1,0,1,0,0,0,0.0,33,2,5.0,0,0
0.46,0.59,1,0,1,0,0,0,0.0,45,2,6.0,0,0
0.46,0.59,1,0,1,0,0,0,0.0,58,3,7.0,0,0
0.46,0.59,1,0,1,0,0,0,0.0,65,3,8.0,0,0
0.46,0.59,1,0,1,0,0,0,0.0,77,3,9.0,0,0
0.46,0.59,1,0,1,0,0,0,0.0,85,3,10.0,0,0
0.46,0.59,1,0,1,0,0,0,0.0,88,3,11.0,0,0
0.46,0.59,1,0,1,0,0,0,0.0,98,3,12.0,0,0
0.46,0.59,1,0,1,0,0,0,0.0,104,3,13.0,0,0
0.46,0.59,1,0,1,0,0,0,0.0,117,3,14.0,0,0
0.46,0.59,1,0,1,0,0,0,0.0,127,3,15.0,0,0
0.46,0.59,1,0,1,0,0,0,0.0,131,3,16.0,0,0
0.46,0.59,1,0,1,0,0,0,0.0,138,3,17.0,0,0
0.46,0.59,1,0,1,0,0,0,0.0,152,4,18.0,0,0
0.46,0.59,1,0,1,0,0,0,0.0,160,5,19.0,0,0
0.46,0.59,1,0,1,0,0,0,0.0,163,6,20.0,0,0
0.46,0.59,1,0,0,1,10,0,1.0,163,6,20.0,164,0
0.46,0.59,1,0,0,1,13,1,2.0,163,6,20.0,164,0
0.46,0.59,1,0,0,1,18,2,3.0,163,6,20.0,164,0
0.46,0.59,1,0,0,1,25,3,4.0,163,6,20.0,164,0
0.46,0.59,1,0,0,1,28,3,5.0,163,6,20.0,164,0
0.46,0.59,1,0,0,1,35,3,6.0,163,6,20.0,164,0
0.46,0.59,1,0,0,1,45,3,7.0,163,6,20.0,164,0
0.46,0.59,1,0,0,1,51,3,8.0,163,6,20.0,164,0
0.46,0.59,1,0,0,1,60,3,9.0,163,6,20.0,164,0
0.46,0.59,1,0,0,1,72,3,10.0,163,6,20.0,164,0
0.46,0.59,1,0,0,1,80,3,11.0,163,6,20.0,164,0
0.46,0.59,1,0,0,1,84,3,12.0,163,6,20.0,164,0
0.46,0.59,1,0,0,1,89,3,13.0,163,6,20.0,164,0
0.46,0.59,1,0,0,1,96,3,14.0,163,6,20.0,164,0
0.46,0.59,1,0,0,1,100,3,15.0,163,6,20.0,164,0
0.46,0.59,1,0,0,1,110,4,16.0,163,6,20.0,164,0
0.46,0.59,1,0,0,1,124,4,17.0,163,6,20.0,164,0
0.46,0.59,1,0,0,1,143,6,18.0,163,6,20.0,164,0
0.46,0.59,1,0,0,1,153,7,19.0,163,6,20.0,164,0
0.46,0.59,1,0,0,1,160,7,20.0,163,6,20.0,164,0
0.61,0.41,1,1,1,1,15,1,1.0,0,0,0.0,0,1
0.61,0.41,1,1,1,1,29,1,2.0,0,0,0.0,0,1
0.61,0.41,1,1,1,1,34,1,3.0,0,0,0.0,0,1
0.61,0.41,1,1,1,1,42,2,4.0,0,0,0.0,0,1
0.61,0.41,1,1,1,1,45,3,5.0,0,0,0.0,0,1
0.61,0.41,1,1,1,1,53,3,6.0,0,0,0.0,0,1
0.61,0.41,1,1,1,1,66,3,7.0,0,0,0.0,0,1
0.61,0.41,1,1,1,1,71,3,8.0,0,0,0.0,0,1
0.61,0.41,1,1,1,1,79,4,9.0,0,0,0.0,0,1
0.61,0.41,1,1,1,1,82,4,10.0,0,0,0.0,0,1
0.61,0.41,1,1,1,1,86,4,11.0,0,0,0.0,0,1
0.61,0.41,1,1,1,1,100,4,12.0,0,0,0.0,0,1
0.61,0.41,1,1,1,1,100,4,13.0,0,0,0.0,0,1
0.61,0.41,1,1,1,1,106,4,14.0,0,0,0.0,0,1
0.61,0.41,1,1,1,1,108,4,15.0,0,0,0.0,0,1
0.61,0.41,1,1,1,1,111,5,16.0,0,0,0.0,0,1
0.61,0.41,1,1,1,1,122,5,17.0,0,0,0.0,0,1
0.61,0.41,1,1,1,1,130,5,18.0,0,0,0.0,0,1
0.61,0.41,1,1,1,1,136,5,19.0,0,0,0.0,0,1
0.61,0.41,1,1,1,1,143,5,20.0,0,0,0.0,0,1
0.61,0.41,1,1,0,0,143,5,20.0,12,0,1.0,144,1
0.61,0.41,1,1,0,0,143,5,20.0,22,0,2.0,144,1
0.61,0.41,1,1,0,0,143,5,20.0,28,0,3.0,144,1
0.61,0.41,1,1,0,0,143,5,20.0,35,0,4.0,144,1
0.61,0.41,1,1,0,0,143,5,20.0,38,0,5.0,144,1
0.61,0.41,1,1,0,0,143,5,20.0,43,0,6.0,144,1
0.61,0.41,1,1,0,0,143,5,20.0,45,1,7.0,144,1
0.61,0.41,1,1,0,0,143,5,20.0,47,2,8.0,144,1
0.61,0.41,1,1,0,0,143,5,20.0,54,2,9.0,144,1
0.61,0.41,1,1,0,0,143,5,20.0,63,2,10.0,144,1
0.61,0.41,1,1,0,0,143,5,20.0,76,2,11.0,144,1
0.61,0.41,1,1,0,0,143,5,20.0,82,3,12.0,144,1
0.61,0.41,1,1,0,0,143,5,20.0,87,3,13.0,144,1
0.61,0.41,1,1,0,0,143,5,20.0,96,3,14.0,144,1
0.61,0.41,1,1,0,0,143,5,20.0,101,3,15.0,144,1
0.61,0.41,1,1,0,0,143,5,20.0,107,3,16.0,144,1
0.61,0.41,1,1,0,0,143,5,20.0,117,3,17.0,144,1
0.61,0.41,1,1,0,0,143,5,20.0,125,4,18.0,144,1
0.61,0.41,1,1,0,0,143,5,20.0,133,4,19.0,144,1
0.61,0.41,1,1,0,0,143,5,20.0,142,4,20.0,144,1
0.49,0.57,0,1,1,0,0,0,0.0,12,0,1.0,0,1
0.49,0.57,0,1,1,0,0,0,0.0,16,0,2.0,0,1
0.49,0.57,0,1,1,0,0,0,0.0,24,0,3.0,0,1
0.49,0.57,0,1,1,0,0,0,0.0,29,0,4.0,0,1
0.49,0.57,0,1,1,0,0,0,0.0,35,0,5.0,0,1
0.49,0.57,0,1,1,0,0,0,0.0,44,0,6.0,0,1
0.49,0.57,0,1,1,0,0,0,0.0,47,1,7.0,0,1
0.49,0.57,0,1,1,0,0,0,0.0,53,1,8.0,0,1
0.49,0.57,0,1,1,0,0,0,0.0,55,1,9.0,0,1
0.49,0.57,0,1,1,0,0,0,0.0,59,1,10.0,0,1
0.49,0.57,0,1,1,0,0,0,0.0,64,2,11.0,0,1
0.49,0.57,0,1,1,0,0,0,0.0,76,2,12.0,0,1
0.49,0.57,0,1,1,0,0,0,0.0,89,2,13.0,0,1
0.49,0.57,0,1,1,0,0,0,0.0,99,2,14.0,0,1
0.49,0.57,0,1,1,0,0,0,0.0,109,2,15.0,0,1
0.49,0.57,0,1,1,0,0,0,0.0,116,3,16.0,0,1
0.49,0.57,0,1,1,0,0,0,0.0,125,3,17.0,0,1
0.49,0.57,0,1,1,0,0,0,0.0,127,3,18.0,0,1
0.49,0.57,0,1,1,0,0,0,0.0,132,3,19.0,0,1
0.49,0.57,0,1,1,0,0,0,0.0,137,3,20.0,0,1
0.49,0.57,0,1,0,1,14,0,1.0,137,3,20.0,138,1
0.49,0.57,0,1,0,1,22,0,2.0,137,3,20.0,138,1
0.49,0.57,0,1,0,1,28,0,3.0,137,3,20.0,138,1
0.49,0.57,0,1,0,1,36,0,4.0,137,3,20.0,138,1
0.49,0.57,0,1,0,1,45,1,5.0,137,3,20.0,138,1
0.49,0.57,0,1,0,1,53,1,6.0,137,3,20.0,138,1
0.49,0.57,0,1,0,1,59,2,7.0,137,3,20.0,138,1
0.49,0.57,0,1,0,1,73,2,8.0,137,3,20.0,138,1
0.49,0.57,0,1,0,1,82,2,9.0,137,3,20.0,138,1
0.49,0.57,0,1,0,1,89,3,10.0,137,3,20.0,138,1
0.49,0.57,0,1,0,1,96,3,11.0,137,3,20.0,138,1
0.49,0.57,0,1,0,1,107,3,12.0,137,3,20.0,138,1
0.49,0.57,0,1,0,1,114,3,13.0,137,3,20.0,138,1
0.49,0.57,0,1,0,1,119,3,14.0,137,3,20.0,138,1
0.49,0.57,0,1,0,1,136,3,15.0,137,3,20.0,138,1
0.49,0.57,0,1,0,1,138,3,15.67,137,3,20.0,138,1
0.51,0.55,0,0,1,1,10,0,1.0,0,0,0.0,0,0
0.51,0.55,0,0,1,1,17,1,2.0,0,0,0.0,0,0
0.51,0.55,0,0,1,1,24,1,3.0,0,0,0.0,0,0
0.51,0.55,0,0,1,1,32,2,4.0,0,0,0.0,0,0
0.51,0.55,0,0,1,1,35,2,5.0,0,0,0.0,0,0
0.51,0.55,0,0,1,1,41,2,6.0,0,0,0.0,0,0
0.51,0.55,0,0,1,1,50,2,7.0,0,0,0.0,0,0
0.51,0.55,0,0,1,1,57,2,8.0,0,0,0.0,0,0
0.51,0.55,0,0,1,1,64,2,9.0,0,0,0.0,0,0
0.51,0.55,0,0,1,1,68,2,10.0,0,0,0.0,0,0
0.51,0.55,0,0,1,1,70,3,11.0,0,0,0.0,0,0
0.51,0.55,0,0,1,1,76,3,12.0,0,0,0.0,0,0
0.51,0.55,0,0,1,1,78,3,13.0,0,0,0.0,0,0
0.51,0.55,0,0,1,1,82,3,14.0,0,0,0.0,0,0
0.51,0.55,0,0,1,1,86,3,15.0,0,0,0.0,0,0
0.51,0.55,0,0,1,1,97,3,16.0,0,0,0.0,0,0
0.51,0.55,0,0,1,1,106,3,17.0,0,0,0.0,0,0
0.51,0.55,0,0,1,1,113,3,18.0,0,0,0.0,0,0
0.51,0.55,0,0,1,1,117,3,19.0,0,0,0.0,0,0
0.51,0.55,0,0,1,1,120,3,20.0,0,0,0.0,0,0
0.51,0.55,0,0,0,0,120,3,20.0,3,0,1.0,121,0
0.51,0.55,0,0,0,0,120,3,20.0,9,1,2.0,121,0
0.51,0.55,0,0,0,0,120,3,20.0,15,1,3.0,121,0
0.51,0.55,0,0,0,0,120,3,20.0,19,1,4.0,121,0
0.51,0.55,0,0,0,0,120,3,20.0,27,1,5.0,121,0
0.51,0.55,0,0,0,0,120,3,20.0,39,1,6.0,121,0
0.51,0.55,0,0,0,0,120,3,20.0,49,1,7.0,121,0
0.51,0.55,0,0,0,0,120,3,20.0,60,1,8.0,121,0
0.51,0.55,0,0,0,0,120,3,20.0,70,2,9.0,121,0
0.51,0.55,0,0,0,0,120,3,20.0,82,2,10.0,121,0
0.51,0.55,0,0,0,0,120,3,20.0,94,2,11.0,121,0
0.51,0.55,0,0,0,0,120,3,20.0,106,3,12.0,121,0
0.51,0.55,0,0,0,0,120,3,20.0,117,3,13.0,121,0
0.51,0.55,0,0,0,0,120,3,20.0,124,3,13.33,121,0
0.65,0.49,0,1,1,0,0,0,0.0,10,1,1.0,0,1
0.65,0.49,0,1,1,0,0,0,0.0,15,1,2.0,0,1
0.65,0.49,0,1,1,0,0,0,0.0,17,3,3.0,0,1
0.65,0.49,0,1,1,0,0,0,0.0,21,3,4.0,0,1
0.65,0.49,0,1,1,0,0,0,0.0,22,5,5.0,0,1
0.65,0.49,0,1,1,0,0,0,0.0,25,5,6.0,0,1
0.65,0.49,0,1,1,0,0,0,0.0,29,5,7.0,0,1
0.65,0.49,0,1,1,0,0,0,0.0,39,5,8.0,0,1
0.65,0.49,0,1,1,0,0,0,0.0,44,6,9.0,0,1
0.65,0.49,0,1,1,0,0,0,0.0,45,6,10.0,0,1
0.65,0.49,0,1,1,0,0,0,0.0,53,7,11.0,0,1
0.65,0.49,0,1,1,0,0,0,0.0,61,7,12.0,0,1
0.65,0.49,0,1,1,0,0,0,0.0,65,8,13.0,0,1
0.65,0.49,0,1,1,0,0,0,0.0,70,8,14.0,0,1
0.65,0.49,0,1,1,0,0,0,0.0,71,9,15.0,0,1
0.65,0.49,0,1,1,0,0,0,0.0,77,9,16.0,0,1
0.65,0.49,0,1,1,0,0,0,0.0,79,9,17.0,0,1
0.65,0.49,0,1,1,0,0,0,0.0,86,9,18.0,0,1
0.65,0.49,0,1,1,0,0,0,0.0,91,9,19.0,0,1
0.65,0.49,0,1,1,0,0,0,0.0,96,9,20.0,0,1
0.65,0.49,0,1,0,1,5,1,1.0,96,9,20.0,97,1
0.65,0.49,0,1,0,1,21,1,2.0,96,9,20.0,97,1
0.65,0.49,0,1,0,1,33,1,3.0,96,9,20.0,97,1
0.65,0.49,0,1,0,1,43,1,4.0,96,9,20.0,97,1
0.65,0.49,0,1,0,1,51,1,5.0,96,9,20.0,97,1
0.65,0.49,0,1,0,1,57,1,6.0,96,9,20.0,97,1
0.65,0.49,0,1,0,1,61,1,7.0,96,9,20.0,97,1
0.65,0.49,0,1,0,1,69,1,8.0,96,9,20.0,97,1
0.65,0.49,0,1,0,1,80,1,9.0,96,9,20.0,97,1
0.65,0.49,0,1,0,1,88,1,10.0,96,9,20.0,97,1
0.65,0.49,0,1,0,1,98,1,10.67,96,9,20.0,97,1
0.4,0.57,1,1,1,1,12,0,1.0,0,0,0.0,0,0
0.4,0.57,1,1,1,1,22,0,2.0,0,0,0.0,0,0
0.4,0.57,1,1,1,1,26,0,3.0,0,0,0.0,0,0
0.4,0.57,1,1,1,1,28,0,4.0,0,0,0.0,0,0
0.4,0.57,1,1,1,1,33,1,5.0,0,0,0.0,0,0
0.4,0.57,1,1,1,1,39,1,6.0,0,0,0.0,0,0
0.4,0.57,1,1,1,1,52,1,7.0,0,0,0.0,0,0
0.4,0.57,1,1,1,1,64,1,8.0,0,0,0.0,0,0
0.4,0.57,1,1,1,1,68,1,9.0,0,0,0.0,0,0
0.4,0.57,1,1,1,1,74,1,10.0,0,0,0.0,0,0
0.4,0.57,1,1,1,1,79,2,11.0,0,0,0.0,0,0
0.4,0.57,1,1,1,1,83,2,12.0,0,0,0.0,0,0
0.4,0.57,1,1,1,1,87,2,13.0,0,0,0.0,0,0
0.4,0.57,1,1,1,1,98,2,14.0,0,0,0.0,0,0
0.4,0.57,1,1,1,1,101,2,15.0,0,0,0.0,0,0
0.4,0.57,1,1,1,1,103,2,16.0,0,0,0.0,0,0
0.4,0.57,1,1,1,1,112,2,17.0,0,0,0.0,0,0
0.4,0.57,1,1,1,1,121,2,18.0,0,0,0.0,0,0
0.4,0.57,1,1,1,1,126,2,19.0,0,0,0.0,0,0
0.4,0.57,1,1,1,1,128,3,20.0,0,0,0.0,0,0
0.4,0.57,1,1,0,0,128,3,20.0,9,0,1.0,129,0
0.4,0.57,1,1,0,0,128,3,20.0,18,0,2.0,129,0
0.4,0.57,1,1,0,0,128,3,20.0,34,0,3.0,129,0
0.4,0.57,1,1,0,0,128,3,20.0,36,1,4.0,129,0
0.4,0.57,1,1,0,0,128,3,20.0,40,1,5.0,129,0
0.4,0.57,1,1,0,0,128,3,20.0,50,1,6.0,129,0
0.4,0.57,1,1,0,0,128,3,20.0,53,2,7.0,129,0
0.4,0.57,1,1,0,0,128,3,20.0,66,2,8.0,129,0
0.4,0.57,1,1,0,0,128,3,20.0,67,3,9.0,129,0
0.4,0.57,1,1,0,0,128,3,20.0,74,3,10.0,129,0
0.4,0.57,1,1,0,0,128,3,20.0,77,3,11.0,129,0
0.4,0.57,1,1,0,0,128,3,20.0,85,3,12.0,129,0
0.4,0.57,1,1,0,0,128,3,20.0,89,5,13.0,129,0
0.4,0.57,1,1,0,0,128,3,20.0,91,6,14.0,129,0
0.4,0.57,1,1,0,0,128,3,20.0,98,6,15.0,129,0
0.4,0.57,1,1,0,0,128,3,20.0,112,6,16.0,129,0
0.4,0.57,1,1,0,0,128,3,20.0,115,8,17.0,129,0
0.4,0.57,1,1,0,0,128,3,20.0,127,8,18.0,129,0
0.4,0.57,1,1,0,0,128,3,20.0,129,8,18.5,129,0
0.41,0.38,1,1,1,1,13,0,1.0,0,0,0.0,0,0
0.41,0.38,1,1,1,1,26,0,2.0,0,0,0.0,0,0
0.41,0.38,1,1,1,1,36,0,3.0,0,0,0.0,0,0
0.41,0.38,1,1,1,1,47,0,4.0,0,0,0.0,0,0
0.41,0.38,1,1,1,1,51,0,5.0,0,0,0.0,0,0
0.41,0.38,1,1,1,1,53,0,6.0,0,0,0.0,0,0
0.41,0.38,1,1,1,1,62,1,7.0,0,0,0.0,0,0
0.41,0.38,1,1,1,1,72,1,8.0,0,0,0.0,0,0
0.41,0.38,1,1,1,1,76,1,9.0,0,0,0.0,0,0
0.41,0.38,1,1,1,1,79,1,10.0,0,0,0.0,0,0
0.41,0.38,1,1,1,1,83,1,11.0,0,0,0.0,0,0
0.41,0.38,1,1,1,1,90,1,12.0,0,0,0.0,0,0
0.41,0.38,1,1,1,1,103,1,13.0,0,0,0.0,0,0
0.41,0.38,1,1,1,1,109,1,14.0,0,0,0.0,0,0
0.41,0.38,1,1,1,1,119,1,15.0,0,0,0.0,0,0
0.41,0.38,1,1,1,1,126,1,16.0,0,0,0.0,0,0
0.41,0.38,1,1,1,1,137,1,17.0,0,0,0.0,0,0
0.41,0.38,1,1,1,1,140,2,18.0,0,0,0.0,0,0
0.41,0.38,1,1,1,1,148,2,19.0,0,0,0.0,0,0
0.41,0.38,1,1,1,1,152,2,20.0,0,0,0.0,0,0
0.41,0.38,1,1,0,0,152,2,20.0,4,1,1.0,153,0
0.41,0.38,1,1,0,0,152,2,20.0,9,1,2.0,153,0
0.41,0.38,1,1,0,0,152,2,20.0,23,1,3.0,153,0
0.41,0.38,1,1,0,0,152,2,20.0,30,1,4.0,153,0
0.41,0.38,1,1,0,0,152,2,20.0,35,2,5.0,153,0
0.41,0.38,1,1,0,0,152,2,20.0,38,2,6.0,153,0
0.41,0.38,1,1,0,0,152,2,20.0,40,2,7.0,153,0
0.41,0.38,1,1,0,0,152,2,20.0,46,2,8.0,153,0
0.41,0.38,1,1,0,0,152,2,20.0,48,3,9.0,153,0
0.41,0.38,1,1,0,0,152,2,20.0,54,5,10.0,153,0
0.41,0.38,1,1,0,0,152,2,20.0,68,5,11.0,153,0
0.41,0.38,1,1,0,0,152,2,20.0,74,5,12.0,153,0
0.41,0.38,1,1,0,0,152,2,20.0,92,5,13.0,153,0
0.41,0.38,1,1,0,0,152,2,20.0,108,5,14.0,153,0
0.41,0.38,1,1,0,0,152,2,20.0,124,5,15.0,153,0
0.41,0.38,1,1,0,0,152,2,20.0,127,7,16.0,153,0
0.41,0.38,1,1,0,0,152,2,20.0,136,7,17.0,153,0
0.41,0.38,1,1,0,0,152,2,20.0,142,7,18.0,153,0
0.41,0.38,1,1,0,0,152,2,20.0,150,7,19.0,153,0
0.41,0.38,1,1,0,0,152,2,20.0,153,7,19.83,153,0
0.47,0.42,1,1,1,1,5,1,1.0,0,0,0.0,0,0
0.47,0.42,1,1,1,1,11,1,2.0,0,0,0.0,0,0
0.47,0.42,1,1,1,1,21,2,3.0,0,0,0.0,0,0
0.47,0.42,1,1,1,1,28,2,4.0,0,0,0.0,0,0
0.47,0.42,1,1,1,1,36,2,5.0,0,0,0.0,0,0
0.47,0.42,1,1,1,1,47,2,6.0,0,0,0.0,0,0
0.47,0.42,1,1,1,1,53,3,7.0,0,0,0.0,0,0
0.47,0.42,1,1,1,1,63,3,8.0,0,0,0.0,0,0
0.47,0.42,1,1,1,1,69,6,9.0,0,0,0.0,0,0
0.47,0.42,1,1,1,1,76,7,10.0,0,0,0.0,0,0
0.47,0.42,1,1,1,1,90,7,11.0,0,0,0.0,0,0
0.47,0.42,1,1,1,1,99,7,12.0,0,0,0.0,0,0
0.47,0.42,1,1,1,1,115,7,13.0,0,0,0.0,0,0
0.47,0.42,1,1,1,1,119,7,14.0,0,0,0.0,0,0
0.47,0.42,1,1,1,1,128,7,15.0,0,0,0.0,0,0
0.47,0.42,1,1,1,1,132,8,16.0,0,0,0.0,0,0
0.47,0.42,1,1,1,1,143,10,17.0,0,0,0.0,0,0
0.47,0.42,1,1,1,1,143,10,17.17,0,0,0.0,0,0
0.47,0.42,1,1,0,0,143,10,18.0,1,0,1.0,144,0
0.47,0.42,1,1,0,0,143,10,18.0,4,0,2.0,144,0
0.47,0.42,1,1,0,0,143,10,18.0,10,1,3.0,144,0
0.47,0.42,1,1,0,0,143,10,18.0,14,1,4.0,144,0
0.47,0.42,1,1,0,0,143,10,18.0,15,2,5.0,144,0
0.47,0.42,1,1,0,0,143,10,18.0,28,2,6.0,144,0
0.47,0.42,1,1,0,0,143,10,18.0,38,2,7.0,144,0
0.47,0.42,1,1,0,0,143,10,18.0,49,2,8.0,144,0
0.47,0.42,1,1,0,0,143,10,18.0,55,2,9.0,144,0
0.47,0.42,1,1,0,0,143,10,18.0,64,3,10.0,144,0
0.47,0.42,1,1,0,0,143,10,18.0,68,3,11.0,144,0
0.47,0.42,1,1,0,0,143,10,18.0,74,3,12.0,144,0
0.47,0.42,1,1,0,0,143,10,18.0,86,3,13.0,144,0
0.47,0.42,1,1,0,0,143,10,18.0,92,3,14.0,144,0
0.47,0.42,1,1,0,0,143,10,18.0,97,3,15.0,144,0
0.47,0.42,1,1,0,0,143,10,18.0,104,3,16.0,144,0
0.47,0.42,1,1,0,0,143,10,18.0,120,3,17.0,144,0
0.47,0.42,1,1,0,0,143,10,18.0,132,3,18.0,144,0
0.47,0.42,1,1,0,0,143,10,18.0,143,3,19.0,144,0
0.47,0.42,1,1,0,0,143,10,18.0,144,3,19.17,144,0
0.59,0.36,0,0,1,1,4,1,1.0,0,0,0.0,0,1
0.59,0.36,0,0,1,1,11,1,2.0,0,0,0.0,0,1
0.59,0.36,0,0,1,1,18,2,3.0,0,0,0.0,0,1
0.59,0.36,0,0,1,1,25,2,4.0,0,0,0.0,0,1
0.59,0.36,0,0,1,1,39,2,5.0,0,0,0.0,0,1
0.59,0.36,0,0,1,1,48,2,6.0,0,0,0.0,0,1
0.59,0.36,0,0,1,1,61,2,7.0,0,0,0.0,0,1
0.59,0.36,0,0,1,1,69,2,8.0,0,0,0.0,0,1
0.59,0.36,0,0,1,1,81,3,9.0,0,0,0.0,0,1
0.59,0.36,0,0,1,1,90,3,10.0,0,0,0.0,0,1
0.59,0.36,0,0,1,1,108,3,11.0,0,0,0.0,0,1
0.59,0.36,0,0,1,1,120,4,12.0,0,0,0.0,0,1
0.59,0.36,0,0,1,1,133,4,13.0,0,0,0.0,0,1
0.59,0.36,0,0,1,1,135,4,14.0,0,0,0.0,0,1
0.59,0.36,0,0,1,1,149,5,15.0,0,0,0.0,0,1
0.59,0.36,0,0,1,1,166,5,16.0,0,0,0.0,0,1
0.59,0.36,0,0,1,1,171,6,17.0,0,0,0.0,0,1
0.59,0.36,0,0,1,1,180,6,18.0,0,0,0.0,0,1
0.59,0.36,0,0,1,1,194,6,19.0,0,0,0.0,0,1
0.59,0.36,0,0,1,1,204,6,20.0,0,0,0.0,0,1
0.59,0.36,0,0,0,0,204,6,20.0,8,0,1.0,205,1
0.59,0.36,0,0,0,0,204,6,20.0,24,0,2.0,205,1
0.59,0.36,0,0,0,0,204,6,20.0,29,1,3.0,205,1
0.59,0.36,0,0,0,0,204,6,20.0,33,1,4.0,205,1
0.59,0.36,0,0,0,0,204,6,20.0,37,1,5.0,205,1
0.59,0.36,0,0,0,0,204,6,20.0,48,1,6.0,205,1
0.59,0.36,0,0,0,0,204,6,20.0,53,1,7.0,205,1
0.59,0.36,0,0,0,0,204,6,20.0,65,1,8.0,205,1
0.59,0.36,0,0,0,0,204,6,20.0,73,1,9.0,205,1
0.59,0.36,0,0,0,0,204,6,20.0,76,1,10.0,205,1
0.59,0.36,0,0,0,0,204,6,20.0,96,1,11.0,205,1
0.59,0.36,0,0,0,0,204,6,20.0,111,2,12.0,205,1
0.59,0.36,0,0,0,0,204,6,20.0,118,2,13.0,205,1
0.59,0.36,0,0,0,0,204,6,20.0,123,5,14.0,205,1
0.59,0.36,0,0,0,0,204,6,20.0,141,5,15.0,205,1
0.59,0.36,0,0,0,0,204,6,20.0,149,5,16.0,205,1
0.59,0.36,0,0,0,0,204,6,20.0,157,6,17.0,205,1
0.59,0.36,0,0,0,0,204,6,20.0,168,7,18.0,205,1
0.59,0.36,0,0,0,0,204,6,20.0,178,7,19.0,205,1
0.59,0.36,0,0,0,0,204,6,20.0,180,8,20.0,205,1
0.5,0.42,1,0,1,0,0,0,0.0,6,0,1.0,0,1
0.5,0.42,1,0,1,0,0,0,0.0,8,1,2.0,0,1
0.5,0.42,1,0,1,0,0,0,0.0,16,1,3.0,0,1
0.5,0.42,1,0,1,0,0,0,0.0,24,2,4.0,0,1
0.5,0.42,1,0,1,0,0,0,0.0,26,2,5.0,0,1
0.5,0.42,1,0,1,0,0,0,0.0,28,2,6.0,0,1
0.5,0.42,1,0,1,0,0,0,0.0,36,2,7.0,0,1
0.5,0.42,1,0,1,0,0,0,0.0,40,2,8.0,0,1
0.5,0.42,1,0,1,0,0,0,0.0,43,3,9.0,0,1
0.5,0.42,1,0,1,0,0,0,0.0,46,3,10.0,0,1
0.5,0.42,1,0,1,0,0,0,0.0,54,3,11.0,0,1
0.5,0.42,1,0,1,0,0,0,0.0,58,4,12.0,0,1
0.5,0.42,1,0,1,0,0,0,0.0,62,4,13.0,0,1
0.5,0.42,1,0,1,0,0,0,0.0,64,4,14.0,0,1
0.5,0.42,1,0,1,0,0,0,0.0,69,4,15.0,0,1
0.5,0.42,1,0,1,0,0,0,0.0,77,4,16.0,0,1
0.5,0.42,1,0,1,0,0,0,0.0,78,5,17.0,0,1
0.5,0.42,1,0,1,0,0,0,0.0,83,5,18.0,0,1
0.5,0.42,1,0,1,0,0,0,0.0,92,5,19.0,0,1
0.5,0.42,1,0,1,0,0,0,0.0,105,5,20.0,0,1
0.5,0.42,1,0,0,1,3,0,1.0,105,5,20.0,106,1
0.5,0.42,1,0,0,1,6,1,2.0,105,5,20.0,106,1
0.5,0.42,1,0,0,1,15,2,3.0,105,5,20.0,106,1
0.5,0.42,1,0,0,1,20,2,4.0,105,5,20.0,106,1
0.5,0.42,1,0,0,1,24,2,5.0,105,5,20.0,106,1
0.5,0.42,1,0,0,1,38,2,6.0,105,5,20.0,106,1
0.5,0.42,1,0,0,1,50,2,7.0,105,5,20.0,106,1
0.5,0.42,1,0,0,1,55,3,8.0,105,5,20.0,106,1
0.5,0.42,1,0,0,1,57,5,9.0,105,5,20.0,106,1
0.5,0.42,1,0,0,1,62,5,10.0,105,5,20.0,106,1
0.5,0.42,1,0,0,1,72,5,11.0,105,5,20.0,106,1
0.5,0.42,1,0,0,1,79,5,12.0,105,5,20.0,106,1
0.5,0.42,1,0,0,1,95,5,13.0,105,5,20.0,106,1
0.5,0.42,1,0,0,1,100,5,14.0,105,5,20.0,106,1
0.5,0.42,1,0,0,1,107,5,14.33,105,5,20.0,106,1
0.63,0.52,0,1,1,0,0,0,0.0,2,2,1.0,0,1
0.63,0.52,0,1,1,0,0,0,0.0,12,2,2.0,0,1
0.63,0.52,0,1,1,0,0,0,0.0,16,2,3.0,0,1
0.63,0.52,0,1,1,0,0,0,0.0,20,2,4.0,0,1
0.63,0.52,0,1,1,0,0,0,0.0,24,2,5.0,0,1
0.63,0.52,0,1,1,0,0,0,0.0,30,3,6.0,0,1
0.63,0.52,0,1,1,0,0,0,0.0,37,3,7.0,0,1
0.63,0.52,0,1,1,0,0,0,0.0,51,3,8.0,0,1
0.63,0.52,0,1,1,0,0,0,0.0,54,3,9.0,0,1
0.63,0.52,0,1,1,0,0,0,0.0,60,3,10.0,0,1
0.63,0.52,0,1,1,0,0,0,0.0,70,3,11.0,0,1
0.63,0.52,0,1,1,0,0,0,0.0,78,3,12.0,0,1
0.63,0.52,0,1,1,0,0,0,0.0,85,3,13.0,0,1
0.63,0.52,0,1,1,0,0,0,0.0,85,4,14.0,0,1
0.63,0.52,0,1,1,0,0,0,0.0,91,5,15.0,0,1
0.63,0.52,0,1,1,0,0,0,0.0,99,5,16.0,0,1
0.63,0.52,0,1,1,0,0,0,0.0,111,6,17.0,0,1
0.63,0.52,0,1,1,0,0,0,0.0,122,6,18.0,0,1
0.63,0.52,0,1,1,0,0,0,0.0,128,6,19.0,0,1
0.63,0.52,0,1,1,0,0,0,0.0,132,6,20.0,0,1
0.63,0.52,0,1,0,1,4,1,1.0,132,6,20.0,133,1
0.63,0.52,0,1,0,1,8,1,2.0,132,6,20.0,133,1
0.63,0.52,0,1,0,1,29,2,3.0,132,6,20.0,133,1
0.63,0.52,0,1,0,1,34,3,4.0,132,6,20.0,133,1
0.63,0.52,0,1,0,1,40,4,5.0,132,6,20.0,133,1
0.63,0.52,0,1,0,1,42,5,6.0,132,6,20.0,133,1
0.63,0.52,0,1,0,1,51,5,7.0,132,6,20.0,133,1
0.63,0.52,0,1,0,1,61,6,8.0,132,6,20.0,133,1
0.63,0.52,0,1,0,1,71,6,9.0,132,6,20.0,133,1
0.63,0.52,0,1,0,1,76,6,10.0,132,6,20.0,133,1
0.63,0.52,0,1,0,1,85,7,11.0,132,6,20.0,133,1
0.63,0.52,0,1,0,1,92,8,12.0,132,6,20.0,133,1
0.63,0.52,0,1,0,1,102,8,13.0,132,6,20.0,133,1
0.63,0.52,0,1,0,1,111,8,14.0,132,6,20.0,133,1
0.63,0.52,0,1,0,1,121,8,15.0,132,6,20.0,133,1
0.63,0.52,0,1,0,1,134,8,16.0,132,6,20.0,133,1
0.45,0.49,1,0,1,0,0,0,0.0,5,0,1.0,0,1
0.45,0.49,1,0,1,0,0,0,0.0,9,0,2.0,0,1
0.45,0.49,1,0,1,0,0,0,0.0,19,0,3.0,0,1
0.45,0.49,1,0,1,0,0,0,0.0,27,0,4.0,0,1
0.45,0.49,1,0,1,0,0,0,0.0,30,0,5.0,0,1
0.45,0.49,1,0,1,0,0,0,0.0,40,0,6.0,0,1
0.45,0.49,1,0,1,0,0,0,0.0,42,0,7.0,0,1
0.45,0.49,1,0,1,0,0,0,0.0,43,0,8.0,0,1
0.45,0.49,1,0,1,0,0,0,0.0,44,1,9.0,0,1
0.45,0.49,1,0,1,0,0,0,0.0,51,1,10.0,0,1
0.45,0.49,1,0,1,0,0,0,0.0,57,1,11.0,0,1
0.45,0.49,1,0,1,0,0,0,0.0,64,2,12.0,0,1
0.45,0.49,1,0,1,0,0,0,0.0,72,2,13.0,0,1
0.45,0.49,1,0,1,0,0,0,0.0,86,2,14.0,0,1
0.45,0.49,1,0,1,0,0,0,0.0,88,2,15.0,0,1
0.45,0.49,1,0,1,0,0,0,0.0,94,2,16.0,0,1
0.45,0.49,1,0,1,0,0,0,0.0,98,3,17.0,0,1
0.45,0.49,1,0,1,0,0,0,0.0,111,3,18.0,0,1
0.45,0.49,1,0,1,0,0,0,0.0,120,3,19.0,0,1
0.45,0.49,1,0,1,0,0,0,0.0,131,3,20.0,0,1
0.45,0.49,1,0,0,1,13,0,1.0,131,3,20.0,132,1
0.45,0.49,1,0,0,1,23,1,2.0,131,3,20.0,132,1
0.45,0.49,1,0,0,1,30,1,3.0,131,3,20.0,132,1
0.45,0.49,1,0,0,1,35,1,4.0,131,3,20.0,132,1
0.45,0.49,1,0,0,1,44,1,5.0,131,3,20.0,132,1
0.45,0.49,1,0,0,1,56,1,6.0,131,3,20.0,132,1
0.45,0.49,1,0,0,1,61,1,7.0,131,3,20.0,132,1
0.45,0.49,1,0,0,1,68,2,8.0,131,3,20.0,132,1
0.45,0.49,1,0,0,1,81,2,9.0,131,3,20.0,132,1
0.45,0.49,1,0,0,1,89,2,10.0,131,3,20.0,132,1
0.45,0.49,1,0,0,1,91,2,11.0,131,3,20.0,132,1
0.45,0.49,1,0,0,1,96,2,12.0,131,3,20.0,132,1
0.45,0.49,1,0,0,1,105,2,13.0,131,3,20.0,132,1
0.45,0.49,1,0,0,1,112,2,14.0,131,3,20.0,132,1
0.45,0.49,1,0,0,1,115,2,15.0,131,3,20.0,132,1
0.45,0.49,1,0,0,1,121,3,16.0,131,3,20.0,132,1
0.45,0.49,1,0,0,1,123,3,17.0,131,3,20.0,132,1
0.45,0.49,1,0,0,1,128,4,18.0,131,3,20.0,132,1
0.45,0.49,1,0,0,1,132,4,18.67,131,3,20.0,132,1
0.45,0.54,0,1,1,0,0,0,0.0,8,0,1.0,0,0
0.45,0.54,0,1,1,0,0,0,0.0,23,0,2.0,0,0
0.45,0.54,0,1,1,0,0,0,0.0,28,1,3.0,0,0
0.45,0.54,0,1,1,0,0,0,0.0,31,3,4.0,0,0
0.45,0.54,0,1,1,0,0,0,0.0,41,3,5.0,0,0
0.45,0.54,0,1,1,0,0,0,0.0,49,3,6.0,0,0
0.45,0.54,0,1,1,0,0,0,0.0,55,4,7.0,0,0
0.45,0.54,0,1,1,0,0,0,0.0,68,4,8.0,0,0
0.45,0.54,0,1,1,0,0,0,0.0,78,4,9.0,0,0
0.45,0.54,0,1,1,0,0,0,0.0,86,4,10.0,0,0
0.45,0.54,0,1,1,0,0,0,0.0,97,4,11.0,0,0
0.45,0.54,0,1,1,0,0,0,0.0,99,4,12.0,0,0
0.45,0.54,0,1,1,0,0,0,0.0,115,4,13.0,0,0
0.45,0.54,0,1,1,0,0,0,0.0,116,4,14.0,0,0
0.45,0.54,0,1,1,0,0,0,0.0,130,4,15.0,0,0
0.45,0.54,0,1,1,0,0,0,0.0,134,5,16.0,0,0
0.45,0.54,0,1,1,0,0,0,0.0,140,5,17.0,0,0
0.45,0.54,0,1,1,0,0,0,0.0,146,5,18.0,0,0
0.45,0.54,0,1,1,0,0,0,0.0,152,5,19.0,0,0
0.45,0.54,0,1,1,0,0,0,0.0,156,6,20.0,0,0
0.45,0.54,0,1,0,1,10,0,1.0,156,6,20.0,157,0
0.45,0.54,0,1,0,1,20,1,2.0,156,6,20.0,157,0
0.45,0.54,0,1,0,1,29,1,3.0,156,6,20.0,157,0
0.45,0.54,0,1,0,1,38,1,4.0,156,6,20.0,157,0
0.45,0.54,0,1,0,1,40,1,5.0,156,6,20.0,157,0
0.45,0.54,0,1,0,1,46,2,6.0,156,6,20.0,157,0
0.45,0.54,0,1,0,1,50,2,7.0,156,6,20.0,157,0
0.45,0.54,0,1,0,1,54,2,8.0,156,6,20.0,157,0
0.45,0.54,0,1,0,1,61,3,9.0,156,6,20.0,157,0
0.45,0.54,0,1,0,1,71,3,10.0,156,6,20.0,157,0
0.45,0.54,0,1,0,1,82,3,11.0,156,6,20.0,157,0
0.45,0.54,0,1,0,1,89,3,12.0,156,6,20.0,157,0
0.45,0.54,0,1,0,1,101,4,13.0,156,6,20.0,157,0
0.45,0.54,0,1,0,1,105,4,14.0,156,6,20.0,157,0
0.45,0.54,0,1,0,1,111,4,15.0,156,6,20.0,157,0
0.45,0.54,0,1,0,1,115,4,16.0,156,6,20.0,157,0
0.45,0.54,0,1,0,1,119,4,17.0,156,6,20.0,157,0
0.45,0.54,0,1,0,1,129,5,18.0,156,6,20.0,157,0
0.45,0.54,0,1,0,1,146,5,19.0,156,6,20.0,157,0
0.45,0.54,0,1,0,1,153,5,20.0,156,6,20.0,157,0
0.45,0.61,1,1,1,1,7,0,1.0,0,0,0.0,0,0
0.45,0.61,1,1,1,1,12,0,2.0,0,0,0.0,0,0
0.45,0.61,1,1,1,1,17,1,3.0,0,0,0.0,0,0
0.45,0.61,1,1,1,1,22,2,4.0,0,0,0.0,0,0
0.45,0.61,1,1,1,1,29,2,5.0,0,0,0.0,0,0
0.45,0.61,1,1,1,1,30,2,6.0,0,0,0.0,0,0
0.45,0.61,1,1,1,1,32,2,7.0,0,0,0.0,0,0
0.45,0.61,1,1,1,1,41,3,8.0,0,0,0.0,0,0
0.45,0.61,1,1,1,1,45,3,9.0,0,0,0.0,0,0
0.45,0.61,1,1,1,1,52,4,10.0,0,0,0.0,0,0
0.45,0.61,1,1,1,1,57,4,11.0,0,0,0.0,0,0
0.45,0.61,1,1,1,1,59,4,12.0,0,0,0.0,0,0
0.45,0.61,1,1,1,1,72,4,13.0,0,0,0.0,0,0
0.45,0.61,1,1,1,1,78,4,14.0,0,0,0.0,0,0
0.45,0.61,1,1,1,1,85,6,15.0,0,0,0.0,0,0
0.45,0.61,1,1,1,1,99,6,16.0,0,0,0.0,0,0
0.45,0.61,1,1,1,1,103,6,17.0,0,0,0.0,0,0
0.45,0.61,1,1,1,1,110,6,18.0,0,0,0.0,0,0
0.45,0.61,1,1,1,1,117,6,19.0,0,0,0.0,0,0
0.45,0.61,1,1,1,1,124,6,20.0,0,0,0.0,0,0
0.45,0.61,1,1,0,0,124,6,20.0,11,0,1.0,125,0
0.45,0.61,1,1,0,0,124,6,20.0,25,0,2.0,125,0
0.45,0.61,1,1,0,0,124,6,20.0,31,0,3.0,125,0
0.45,0.61,1,1,0,0,124,6,20.0,35,0,4.0,125,0
0.45,0.61,1,1,0,0,124,6,20.0,46,0,5.0,125,0
0.45,0.61,1,1,0,0,124,6,20.0,49,0,6.0,125,0
0.45,0.61,1,1,0,0,124,6,20.0,57,0,7.0,125,0
0.45,0.61,1,1,0,0,124,6,20.0,61,0,8.0,125,0
0.45,0.61,1,1,0,0,124,6,20.0,75,0,9.0,125,0
0.45,0.61,1,1,0,0,124,6,20.0,80,0,10.0,125,0
0.45,0.61,1,1,0,0,124,6,20.0,81,1,11.0,125,0
0.45,0.61,1,1,0,0,124,6,20.0,93,1,12.0,125,0
0.45,0.61,1,1,0,0,124,6,20.0,104,1,13.0,125,0
0.45,0.61,1,1,0,0,124,6,20.0,118,2,14.0,125,0
0.45,0.61,1,1,0,0,124,6,20.0,122,2,15.0,125,0
0.45,0.61,1,1,0,0,124,6,20.0,130,2,15.67,125,0
0.4,0.51,0,1,1,0,0,0,0.0,16,1,1.0,0,1
0.4,0.51,0,1,1,0,0,0,0.0,22,1,2.0,0,1
0.4,0.51,0,1,1,0,0,0,0.0,23,1,3.0,0,1
0.4,0.51,0,1,1,0,0,0,0.0,26,1,4.0,0,1
0.4,0.51,0,1,1,0,0,0,0.0,29,2,5.0,0,1
0.4,0.51,0,1,1,0,0,0,0.0,33,2,6.0,0,1
0.4,0.51,0,1,1,0,0,0,0.0,44,2,7.0,0,1
0.4,0.51,0,1,1,0,0,0,0.0,51,2,8.0,0,1
0.4,0.51,0,1,1,0,0,0,0.0,56,2,9.0,0,1
0.4,0.51,0,1,1,0,0,0,0.0,61,2,10.0,0,1
0.4,0.51,0,1,1,0,0,0,0.0,68,2,11.0,0,1
0.4,0.51,0,1,1,0,0,0,0.0,75,2,12.0,0,1
0.4,0.51,0,1,1,0,0,0,0.0,86,2,13.0,0,1
0.4,0.51,0,1,1,0,0,0,0.0,91,2,14.0,0,1
0.4,0.51,0,1,1,0,0,0,0.0,93,2,15.0,0,1
0.4,0.51,0,1,1,0,0,0,0.0,100,2,16.0,0,1
0.4,0.51,0,1,1,0,0,0,0.0,108,2,17.0,0,1
0.4,0.51,0,1,1,0,0,0,0.0,116,2,18.0,0,1
0.4,0.51,0,1,1,0,0,0,0.0,118,2,19.0,0,1
0.4,0.51,0,1,1,0,0,0,0.0,126,2,20.0,0,1
0.4,0.51,0,1,0,1,3,0,1.0,126,2,20.0,127,1
0.4,0.51,0,1,0,1,9,0,2.0,126,2,20.0,127,1
0.4,0.51,0,1,0,1,16,1,3.0,126,2,20.0,127,1
0.4,0.51,0,1,0,1,28,1,4.0,126,2,20.0,127,1
0.4,0.51,0,1,0,1,36,2,5.0,126,2,20.0,127,1
0.4,0.51,0,1,0,1,42,2,6.0,126,2,20.0,127,1
0.4,0.51,0,1,0,1,43,2,7.0,126,2,20.0,127,1
0.4,0.51,0,1,0,1,50,2,8.0,126,2,20.0,127,1
0.4,0.51,0,1,0,1,56,2,9.0,126,2,20.0,127,1
0.4,0.51,0,1,0,1,62,2,10.0,126,2,20.0,127,1
0.4,0.51,0,1,0,1,76,2,11.0,126,2,20.0,127,1
0.4,0.51,0,1,0,1,78,2,12.0,126,2,20.0,127,1
0.4,0.51,0,1,0,1,87,2,13.0,126,2,20.0,127,1
0.4,0.51,0,1,0,1,97,2,14.0,126,2,20.0,127,1
0.4,0.51,0,1,0,1,105,2,15.0,126,2,20.0,127,1
0.4,0.51,0,1,0,1,112,2,16.0,126,2,20.0,127,1
0.4,0.51,0,1,0,1,115,2,17.0,126,2,20.0,127,1
0.4,0.51,0,1,0,1,120,3,18.0,126,2,20.0,127,1
0.4,0.51,0,1,0,1,128,3,18.67,126,2,20.0,127,1
0.47,0.41,1,0,1,0,0,0,0.0,3,0,1.0,0,1
0.47,0.41,1,0,1,0,0,0,0.0,15,1,2.0,0,1
0.47,0.41,1,0,1,0,0,0,0.0,23,1,3.0,0,1
0.47,0.41,1,0,1,0,0,0,0.0,27,1,4.0,0,1
0.47,0.41,1,0,1,0,0,0,0.0,33,1,5.0,0,1
0.47,0.41,1,0,1,0,0,0,0.0,45,1,6.0,0,1
0.47,0.41,1,0,1,0,0,0,0.0,52,1,7.0,0,1
0.47,0.41,1,0,1,0,0,0,0.0,58,1,8.0,0,1
0.47,0.41,1,0,1,0,0,0,0.0,67,1,9.0,0,1
0.47,0.41,1,0,1,0,0,0,0.0,73,1,10.0,0,1
0.47,0.41,1,0,1,0,0,0,0.0,78,1,11.0,0,1
0.47,0.41,1,0,1,0,0,0,0.0,79,2,12.0,0,1
0.47,0.41,1,0,1,0,0,0,0.0,87,2,13.0,0,1
0.47,0.41,1,0,1,0,0,0,0.0,91,2,14.0,0,1
0.47,0.41,1,0,1,0,0,0,0.0,101,2,15.0,0,1
0.47,0.41,1,0,1,0,0,0,0.0,108,2,16.0,0,1
0.47,0.41,1,0,1,0,0,0,0.0,109,3,17.0,0,1
0.47,0.41,1,0,1,0,0,0,0.0,116,3,18.0,0,1
0.47,0.41,1,0,1,0,0,0,0.0,119,3,19.0,0,1
0.47,0.41,1,0,1,0,0,0,0.0,126,3,20.0,0,1
0.47,0.41,1,0,0,1,9,0,1.0,126,3,20.0,127,1
0.47,0.41,1,0,0,1,28,1,2.0,126,3,20.0,127,1
0.47,0.41,1,0,0,1,29,1,3.0,126,3,20.0,127,1
0.47,0.41,1,0,0,1,36,1,4.0,126,3,20.0,127,1
0.47,0.41,1,0,0,1,38,1,5.0,126,3,20.0,127,1
0.47,0.41,1,0,0,1,44,1,6.0,126,3,20.0,127,1
0.47,0.41,1,0,0,1,55,1,7.0,126,3,20.0,127,1
0.47,0.41,1,0,0,1,68,2,8.0,126,3,20.0,127,1
0.47,0.41,1,0,0,1,78,2,9.0,126,3,20.0,127,1
0.47,0.41,1,0,0,1,86,2,10.0,126,3,20.0,127,1
0.47,0.41,1,0,0,1,104,2,11.0,126,3,20.0,127,1
0.47,0.41,1,0,0,1,110,2,12.0,126,3,20.0,127,1
0.47,0.41,1,0,0,1,118,3,13.0,126,3,20.0,127,1
0.47,0.41,1,0,0,1,122,3,14.0,126,3,20.0,127,1
0.47,0.41,1,0,0,1,127,3,15.0,126,3,20.0,127,1
0.47,0.6,1,1,1,1,3,0,1.0,0,0,0.0,0,0
0.47,0.6,1,1,1,1,7,0,2.0,0,0,0.0,0,0
0.47,0.6,1,1,1,1,15,0,3.0,0,0,0.0,0,0
0.47,0.6,1,1,1,1,24,0,4.0,0,0,0.0,0,0
0.47,0.6,1,1,1,1,30,1,5.0,0,0,0.0,0,0
0.47,0.6,1,1,1,1,34,2,6.0,0,0,0.0,0,0
0.47,0.6,1,1,1,1,37,2,7.0,0,0,0.0,0,0
0.47,0.6,1,1,1,1,41,3,8.0,0,0,0.0,0,0
0.47,0.6,1,1,1,1,45,3,9.0,0,0,0.0,0,0
0.47,0.6,1,1,1,1,52,3,10.0,0,0,0.0,0,0
0.47,0.6,1,1,1,1,57,4,11.0,0,0,0.0,0,0
0.47,0.6,1,1,1,1,62,4,12.0,0,0,0.0,0,0
0.47,0.6,1,1,1,1,65,4,13.0,0,0,0.0,0,0
0.47,0.6,1,1,1,1,73,4,14.0,0,0,0.0,0,0
0.47,0.6,1,1,1,1,74,5,15.0,0,0,0.0,0,0
0.47,0.6,1,1,1,1,80,5,16.0,0,0,0.0,0,0
0.47,0.6,1,1,1,1,84,6,17.0,0,0,0.0,0,0
0.47,0.6,1,1,1,1,91,6,18.0,0,0,0.0,0,0
0.47,0.6,1,1,1,1,104,7,19.0,0,0,0.0,0,0
0.47,0.6,1,1,1,1,105,8,20.0,0,0,0.0,0,0
0.47,0.6,1,1,0,0,105,8,20.0,7,0,1.0,106,0
0.47,0.6,1,1,0,0,105,8,20.0,15,0,2.0,106,0
0.47,0.6,1,1,0,0,105,8,20.0,18,0,3.0,106,0
0.47,0.6,1,1,0,0,105,8,20.0,21,0,4.0,106,0
0.47,0.6,1,1,0,0,105,8,20.0,29,0,5.0,106,0
0.47,0.6,1,1,0,0,105,8,20.0,31,1,6.0,106,0
0.47,0.6,1,1,0,0,105,8,20.0,33,1,7.0,106,0
0.47,0.6,1,1,0,0,105,8,20.0,45,1,8.0,106,0
0.47,0.6,1,1,0,0,105,8,20.0,59,1,9.0,106,0
0.47,0.6,1,1,0,0,105,8,20.0,65,1,10.0,106,0
0.47,0.6,1,1,0,0,105,8,20.0,70,1,11.0,106,0
0.47,0.6,1,1,0,0,105,8,20.0,84,1,12.0,106,0
0.47,0.6,1,1,0,0,105,8,20.0,93,1,13.0,106,0
0.47,0.6,1,1,0,0,105,8,20.0,96,2,14.0,106,0
0.47,0.6,1,1,0,0,105,8,20.0,110,2,14.5,106,0
0.6,0.48,0,1,1,0,0,0,0.0,3,2,1.0,0,1
0.6,0.48,0,1,1,0,0,0,0.0,4,2,2.0,0,1
0.6,0.48,0,1,1,0,0,0,0.0,14,2,3.0,0,1
0.6,0.48,0,1,1,0,0,0,0.0,16,2,4.0,0,1
0.6,0.48,0,1,1,0,0,0,0.0,24,2,5.0,0,1
0.6,0.48,0,1,1,0,0,0,0.0,31,2,6.0,0,1
0.6,0.48,0,1,1,0,0,0,0.0,35,2,7.0,0,1
0.6,0.48,0,1,1,0,0,0,0.0,42,2,8.0,0,1
0.6,0.48,0,1,1,0,0,0,0.0,49,4,9.0,0,1
0.6,0.48,0,1,1,0,0,0,0.0,54,4,10.0,0,1
0.6,0.48,0,1,1,0,0,0,0.0,60,4,11.0,0,1
0.6,0.48,0,1,1,0,0,0,0.0,71,5,12.0,0,1
0.6,0.48,0,1,1,0,0,0,0.0,78,6,13.0,0,1
0.6,0.48,0,1,1,0,0,0,0.0,80,6,14.0,0,1
0.6,0.48,0,1,1,0,0,0,0.0,83,7,15.0,0,1
0.6,0.48,0,1,1,0,0,0,0.0,89,7,16.0,0,1
0.6,0.48,0,1,1,0,0,0,0.0,94,7,17.0,0,1
0.6,0.48,0,1,1,0,0,0,0.0,97,8,18.0,0,1
0.6,0.48,0,1,1,0,0,0,0.0,106,8,19.0,0,1
0.6,0.48,0,1,1,0,0,0,0.0,106,10,19.83,0,1
0.6,0.48,0,1,0,1,17,0,1.0,106,10,20.0,107,1
0.6,0.48,0,1,0,1,23,0,2.0,106,10,20.0,107,1
0.6,0.48,0,1,0,1,29,0,3.0,106,10,20.0,107,1
0.6,0.48,0,1,0,1,33,0,4.0,106,10,20.0,107,1
0.6,0.48,0,1,0,1,37,0,5.0,106,10,20.0,107,1
0.6,0.48,0,1,0,1,50,0,6.0,106,10,20.0,107,1
0.6,0.48,0,1,0,1,52,1,7.0,106,10,20.0,107,1
0.6,0.48,0,1,0,1,60,1,8.0,106,10,20.0,107,1
0.6,0.48,0,1,0,1,63,1,9.0,106,10,20.0,107,1
0.6,0.48,0,1,0,1,68,1,10.0,106,10,20.0,107,1
0.6,0.48,0,1,0,1,77,1,11.0,106,10,20.0,107,1
0.6,0.48,0,1,0,1,97,1,12.0,106,10,20.0,107,1
0.6,0.48,0,1,0,1,107,1,12.33,106,10,20.0,107,1
0.47,0.42,0,0,1,1,5,1,1.0,0,0,0.0,0,0
0.47,0.42,0,0,1,1,12,1,2.0,0,0,0.0,0,0
0.47,0.42,0,0,1,1,30,2,3.0,0,0,0.0,0,0
0.47,0.42,0,0,1,1,37,2,4.0,0,0,0.0,0,0
0.47,0.42,0,0,1,1,41,3,5.0,0,0,0.0,0,0
0.47,0.42,0,0,1,1,51,3,6.0,0,0,0.0,0,0
0.47,0.42,0,0,1,1,56,3,7.0,0,0,0.0,0,0
0.47,0.42,0,0,1,1,64,3,8.0,0,0,0.0,0,0
0.47,0.42,0,0,1,1,65,5,9.0,0,0,0.0,0,0
0.47,0.42,0,0,1,1,69,5,10.0,0,0,0.0,0,0
0.47,0.42,0,0,1,1,79,6,11.0,0,0,0.0,0,0
0.47,0.42,0,0,1,1,88,6,12.0,0,0,0.0,0,0
0.47,0.42,0,0,1,1,91,6,13.0,0,0,0.0,0,0
0.47,0.42,0,0,1,1,94,6,14.0,0,0,0.0,0,0
0.47,0.42,0,0,1,1,105,6,15.0,0,0,0.0,0,0
0.47,0.42,0,0,1,1,107,6,16.0,0,0,0.0,0,0
0.47,0.42,0,0,1,1,113,6,17.0,0,0,0.0,0,0
0.47,0.42,0,0,1,1,114,6,18.0,0,0,0.0,0,0
0.47,0.42,0,0,1,1,122,6,19.0,0,0,0.0,0,0
0.47,0.42,0,0,1,1,127,6,20.0,0,0,0.0,0,0
0.47,0.42,0,0,0,0,127,6,20.0,6,0,1.0,128,0
0.47,0.42,0,0,0,0,127,6,20.0,10,0,2.0,128,0
0.47,0.42,0,0,0,0,127,6,20.0,21,0,3.0,128,0
0.47,0.42,0,0,0,0,127,6,20.0,24,1,4.0,128,0
0.47,0.42,0,0,0,0,127,6,20.0,29,1,5.0,128,0
0.47,0.42,0,0,0,0,127,6,20.0,36,1,6.0,128,0
0.47,0.42,0,0,0,0,127,6,20.0,45,1,7.0,128,0
0.47,0.42,0,0,0,0,127,6,20.0,50,2,8.0,128,0
0.47,0.42,0,0,0,0,127,6,20.0,57,2,9.0,128,0
0.47,0.42,0,0,0,0,127,6,20.0,63,2,10.0,128,0
0.47,0.42,0,0,0,0,127,6,20.0,69,2,11.0,128,0
0.47,0.42,0,0,0,0,127,6,20.0,78,2,12.0,128,0
0.47,0.42,0,0,0,0,127,6,20.0,89,2,13.0,128,0
0.47,0.42,0,0,0,0,127,6,20.0,93,3,14.0,128,0
0.47,0.42,0,0,0,0,127,6,20.0,95,4,15.0,128,0
0.47,0.42,0,0,0,0,127,6,20.0,103,4,16.0,128,0
0.47,0.42,0,0,0,0,127,6,20.0,109,5,17.0,128,0
0.47,0.42,0,0,0,0,127,6,20.0,115,6,18.0,128,0
0.47,0.42,0,0,0,0,127,6,20.0,122,6,19.0,128,0
0.47,0.42,0,0,0,0,127,6,20.0,130,6,19.83,128,0
0.47,0.42,0,1,1,0,0,0,0.0,3,1,1.0,0,1
0.47,0.42,0,1,1,0,0,0,0.0,7,1,2.0,0,1
0.47,0.42,0,1,1,0,0,0,0.0,16,1,3.0,0,1
0.47,0.42,0,1,1,0,0,0,0.0,26,1,4.0,0,1
0.47,0.42,0,1,1,0,0,0,0.0,40,2,5.0,0,1
0.47,0.42,0,1,1,0,0,0,0.0,45,2,6.0,0,1
0.47,0.42,0,1,1,0,0,0,0.0,51,2,7.0,0,1
0.47,0.42,0,1,1,0,0,0,0.0,54,2,8.0,0,1
0.47,0.42,0,1,1,0,0,0,0.0,69,2,9.0,0,1
0.47,0.42,0,1,1,0,0,0,0.0,71,2,10.0,0,1
0.47,0.42,0,1,1,0,0,0,0.0,72,4,11.0,0,1
0.47,0.42,0,1,1,0,0,0,0.0,77,4,12.0,0,1
0.47,0.42,0,1,1,0,0,0,0.0,84,4,13.0,0,1
0.47,0.42,0,1,1,0,0,0,0.0,85,4,14.0,0,1
0.47,0.42,0,1,1,0,0,0,0.0,95,5,15.0,0,1
0.47,0.42,0,1,1,0,0,0,0.0,99,5,16.0,0,1
0.47,0.42,0,1,1,0,0,0,0.0,112,5,17.0,0,1
0.47,0.42,0,1,1,0,0,0,0.0,119,5,18.0,0,1
0.47,0.42,0,1,1,0,0,0,0.0,125,5,19.0,0,1
0.47,0.42,0,1,1,0,0,0,0.0,128,5,20.0,0,1
0.47,0.42,0,1,0,1,16,1,1.0,128,5,20.0,129,1
0.47,0.42,0,1,0,1,30,1,2.0,128,5,20.0,129,1
0.47,0.42,0,1,0,1,39,1,3.0,128,5,20.0,129,1
0.47,0.42,0,1,0,1,46,1,4.0,128,5,20.0,129,1
0.47,0.42,0,1,0,1,48,1,5.0,128,5,20.0,129,1
0.47,0.42,0,1,0,1,56,3,6.0,128,5,20.0,129,1
0.47,0.42,0,1,0,1,61,3,7.0,128,5,20.0,129,1
0.47,0.42,0,1,0,1,70,3,8.0,128,5,20.0,129,1
0.47,0.42,0,1,0,1,77,3,9.0,128,5,20.0,129,1
0.47,0.42,0,1,0,1,92,3,10.0,128,5,20.0,129,1
0.47,0.42,0,1,0,1,99,3,11.0,128,5,20.0,129,1
0.47,0.42,0,1,0,1,108,3,12.0,128,5,20.0,129,1
0.47,0.42,0,1,0,1,112,5,13.0,128,5,20.0,129,1
0.47,0.42,0,1,0,1,122,7,14.0,128,5,20.0,129,1
0.47,0.42,0,1,0,1,124,7,15.0,128,5,20.0,129,1
0.47,0.42,0,1,0,1,128,8,16.0,128,5,20.0,129,1
0.47,0.42,0,1,0,1,129,8,16.17,128,5,20.0,129,1
0.56,0.54,1,0,1,0,0,0,0.0,0,2,1.0,0,1
0.56,0.54,1,0,1,0,0,0,0.0,7,2,2.0,0,1
0.56,0.54,1,0,1,0,0,0,0.0,8,5,3.0,0,1
0.56,0.54,1,0,1,0,0,0,0.0,20,5,4.0,0,1
0.56,0.54,1,0,1,0,0,0,0.0,22,5,5.0,0,1
0.56,0.54,1,0,1,0,0,0,0.0,28,6,6.0,0,1
0.56,0.54,1,0,1,0,0,0,0.0,32,6,7.0,0,1
0.56,0.54,1,0,1,0,0,0,0.0,40,7,8.0,0,1
0.56,0.54,1,0,1,0,0,0,0.0,50,7,9.0,0,1
0.56,0.54,1,0,1,0,0,0,0.0,56,7,10.0,0,1
0.56,0.54,1,0,1,0,0,0,0.0,73,7,11.0,0,1
0.56,0.54,1,0,1,0,0,0,0.0,79,7,12.0,0,1
0.56,0.54,1,0,1,0,0,0,0.0,84,7,13.0,0,1
0.56,0.54,1,0,1,0,0,0,0.0,92,7,14.0,0,1
0.56,0.54,1,0,1,0,0,0,0.0,102,7,15.0,0,1
0.56,0.54,1,0,1,0,0,0,0.0,108,7,16.0,0,1
0.56,0.54,1,0,1,0,0,0,0.0,116,8,17.0,0,1
0.56,0.54,1,0,1,0,0,0,0.0,119,8,18.0,0,1
0.56,0.54,1,0,1,0,0,0,0.0,123,8,19.0,0,1
0.56,0.54,1,0,1,0,0,0,0.0,128,8,20.0,0,1
0.56,0.54,1,0,0,1,4,1,1.0,128,8,20.0,129,1
0.56,0.54,1,0,0,1,16,2,2.0,128,8,20.0,129,1
0.56,0.54,1,0,0,1,24,3,3.0,128,8,20.0,129,1
0.56,0.54,1,0,0,1,29,4,4.0,128,8,20.0,129,1
0.56,0.54,1,0,0,1,35,4,5.0,128,8,20.0,129,1
0.56,0.54,1,0,0,1,40,4,6.0,128,8,20.0,129,1
0.56,0.54,1,0,0,1,43,4,7.0,128,8,20.0,129,1
0.56,0.54,1,0,0,1,54,4,8.0,128,8,20.0,129,1
0.56,0.54,1,0,0,1,61,6,9.0,128,8,20.0,129,1
0.56,0.54,1,0,0,1,66,6,10.0,128,8,20.0,129,1
0.56,0.54,1,0,0,1,79,6,11.0,128,8,20.0,129,1
0.56,0.54,1,0,0,1,83,6,12.0,128,8,20.0,129,1
0.56,0.54,1,0,0,1,89,6,13.0,128,8,20.0,129,1
0.56,0.54,1,0,0,1,93,6,14.0,128,8,20.0,129,1
0.56,0.54,1,0,0,1,101,6,15.0,128,8,20.0,129,1
0.56,0.54,1,0,0,1,114,6,16.0,128,8,20.0,129,1
0.56,0.54,1,0,0,1,120,7,17.0,128,8,20.0,129,1
0.56,0.54,1,0,0,1,129,7,18.0,128,8,20.0,129,1
0.41,0.59,0,1,1,0,0,0,0.0,16,0,1.0,0,0
0.41,0.59,0,1,1,0,0,0,0.0,27,0,2.0,0,0
0.41,0.59,0,1,1,0,0,0,0.0,34,1,3.0,0,0
0.41,0.59,0,1,1,0,0,0,0.0,40,1,4.0,0,0
0.41,0.59,0,1,1,0,0,0,0.0,48,1,5.0,0,0
0.41,0.59,0,1,1,0,0,0,0.0,56,1,6.0,0,0
0.41,0.59,0,1,1,0,0,0,0.0,69,2,7.0,0,0
0.41,0.59,0,1,1,0,0,0,0.0,77,2,8.0,0,0
0.41,0.59,0,1,1,0,0,0,0.0,88,2,9.0,0,0
0.41,0.59,0,1,1,0,0,0,0.0,97,2,10.0,0,0
0.41,0.59,0,1,1,0,0,0,0.0,106,2,11.0,0,0
0.41,0.59,0,1,1,0,0,0,0.0,111,3,12.0,0,0
0.41,0.59,0,1,1,0,0,0,0.0,121,3,13.0,0,0
0.41,0.59,0,1,1,0,0,0,0.0,129,3,14.0,0,0
0.41,0.59,0,1,1,0,0,0,0.0,134,3,15.0,0,0
0.41,0.59,0,1,1,0,0,0,0.0,137,3,16.0,0,0
0.41,0.59,0,1,1,0,0,0,0.0,151,4,17.0,0,0
0.41,0.59,0,1,1,0,0,0,0.0,159,4,18.0,0,0
0.41,0.59,0,1,1,0,0,0,0.0,166,4,19.0,0,0
0.41,0.59,0,1,1,0,0,0,0.0,171,5,20.0,0,0
0.41,0.59,0,1,0,1,3,0,1.0,171,5,20.0,172,0
0.41,0.59,0,1,0,1,12,0,2.0,171,5,20.0,172,0
0.41,0.59,0,1,0,1,16,1,3.0,171,5,20.0,172,0
0.41,0.59,0,1,0,1,19,1,4.0,171,5,20.0,172,0
0.41,0.59,0,1,0,1,30,1,5.0,171,5,20.0,172,0
0.41,0.59,0,1,0,1,39,2,6.0,171,5,20.0,172,0
0.41,0.59,0,1,0,1,51,3,7.0,171,5,20.0,172,0
0.41,0.59,0,1,0,1,62,3,8.0,171,5,20.0,172,0
0.41,0.59,0,1,0,1,65,3,9.0,171,5,20.0,172,0
0.41,0.59,0,1,0,1,72,3,10.0,171,5,20.0,172,0
0.41,0.59,0,1,0,1,81,3,11.0,171,5,20.0,172,0
0.41,0.59,0,1,0,1,93,3,12.0,171,5,20.0,172,0
0.41,0.59,0,1,0,1,96,3,13.0,171,5,20.0,172,0
0.41,0.59,0,1,0,1,102,3,14.0,171,5,20.0,172,0
0.41,0.59,0,1,0,1,111,3,15.0,171,5,20.0,172,0
0.41,0.59,0,1,0,1,121,4,16.0,171,5,20.0,172,0
0.41,0.59,0,1,0,1,139,4,17.0,171,5,20.0,172,0
0.41,0.59,0,1,0,1,146,4,18.0,171,5,20.0,172,0
0.41,0.59,0,1,0,1,160,6,19.0,171,5,20.0,172,0
0.41,0.59,0,1,0,1,168,7,20.0,171,5,20.0,172,0
0.49,0.53,0,1,1,0,0,0,0.0,2,0,1.0,0,0
0.49,0.53,0,1,1,0,0,0,0.0,11,0,2.0,0,0
0.49,0.53,0,1,1,0,0,0,0.0,15,0,3.0,0,0
0.49,0.53,0,1,1,0,0,0,0.0,19,0,4.0,0,0
0.49,0.53,0,1,1,0,0,0,0.0,26,0,5.0,0,0
0.49,0.53,0,1,1,0,0,0,0.0,29,0,6.0,0,0
0.49,0.53,0,1,1,0,0,0,0.0,31,0,7.0,0,0
0.49,0.53,0,1,1,0,0,0,0.0,41,0,8.0,0,0
0.49,0.53,0,1,1,0,0,0,0.0,52,0,9.0,0,0
0.49,0.53,0,1,1,0,0,0,0.0,61,0,10.0,0,0
0.49,0.53,0,1,1,0,0,0,0.0,68,0,11.0,0,0
0.49,0.53,0,1,1,0,0,0,0.0,74,1,12.0,0,0
0.49,0.53,0,1,1,0,0,0,0.0,87,2,13.0,0,0
0.49,0.53,0,1,1,0,0,0,0.0,92,2,14.0,0,0
0.49,0.53,0,1,1,0,0,0,0.0,97,2,15.0,0,0
0.49,0.53,0,1,1,0,0,0,0.0,100,3,16.0,0,0
0.49,0.53,0,1,1,0,0,0,0.0,109,3,17.0,0,0
0.49,0.53,0,1,1,0,0,0,0.0,119,3,18.0,0,0
0.49,0.53,0,1,1,0,0,0,0.0,123,4,19.0,0,0
0.49,0.53,0,1,1,0,0,0,0.0,139,4,20.0,0,0
0.49,0.53,0,1,0,1,3,0,1.0,139,4,20.0,140,0
0.49,0.53,0,1,0,1,19,0,2.0,139,4,20.0,140,0
0.49,0.53,0,1,0,1,23,0,3.0,139,4,20.0,140,0
0.49,0.53,0,1,0,1,25,0,4.0,139,4,20.0,140,0
0.49,0.53,0,1,0,1,36,0,5.0,139,4,20.0,140,0
0.49,0.53,0,1,0,1,38,1,6.0,139,4,20.0,140,0
0.49,0.53,0,1,0,1,48,2,7.0,139,4,20.0,140,0
0.49,0.53,0,1,0,1,60,2,8.0,139,4,20.0,140,0
0.49,0.53,0,1,0,1,61,2,9.0,139,4,20.0,140,0
0.49,0.53,0,1,0,1,66,2,10.0,139,4,20.0,140,0
0.49,0.53,0,1,0,1,75,2,11.0,139,4,20.0,140,0
0.49,0.53,0,1,0,1,78,2,12.0,139,4,20.0,140,0
0.49,0.53,0,1,0,1,81,3,13.0,139,4,20.0,140,0
0.49,0.53,0,1,0,1,90,3,14.0,139,4,20.0,140,0
0.49,0.53,0,1,0,1,101,3,15.0,139,4,20.0,140,0
0.49,0.53,0,1,0,1,109,4,16.0,139,4,20.0,140,0
0.49,0.53,0,1,0,1,120,4,17.0,139,4,20.0,140,0
0.49,0.53,0,1,0,1,122,4,18.0,139,4,20.0,140,0
0.49,0.53,0,1,0,1,133,4,19.0,139,4,20.0,140,0
0.49,0.53,0,1,0,1,139,4,20.0,139,4,20.0,140,0
0.44,0.64,1,0,1,0,0,0,0.0,18,0,1.0,0,0
0.44,0.64,1,0,1,0,0,0,0.0,24,0,2.0,0,0
0.44,0.64,1,0,1,0,0,0,0.0,36,0,3.0,0,0
0.44,0.64,1,0,1,0,0,0,0.0,40,0,4.0,0,0
0.44,0.64,1,0,1,0,0,0,0.0,47,0,5.0,0,0
0.44,0.64,1,0,1,0,0,0,0.0,50,1,6.0,0,0
0.44,0.64,1,0,1,0,0,0,0.0,52,3,7.0,0,0
0.44,0.64,1,0,1,0,0,0,0.0,57,3,8.0,0,0
0.44,0.64,1,0,1,0,0,0,0.0,63,4,9.0,0,0
0.44,0.64,1,0,1,0,0,0,0.0,73,4,10.0,0,0
0.44,0.64,1,0,1,0,0,0,0.0,80,5,11.0,0,0
0.44,0.64,1,0,1,0,0,0,0.0,84,5,12.0,0,0
0.44,0.64,1,0,1,0,0,0,0.0,96,5,13.0,0,0
0.44,0.64,1,0,1,0,0,0,0.0,108,5,14.0,0,0
0.44,0.64,1,0,1,0,0,0,0.0,113,5,15.0,0,0
0.44,0.64,1,0,1,0,0,0,0.0,123,5,16.0,0,0
0.44,0.64,1,0,1,0,0,0,0.0,134,6,17.0,0,0
0.44,0.64,1,0,1,0,0,0,0.0,146,6,18.0,0,0
0.44,0.64,1,0,1,0,0,0,0.0,154,8,19.0,0,0
0.44,0.64,1,0,1,0,0,0,0.0,163,8,20.0,0,0
0.44,0.64,1,0,0,1,7,0,1.0,163,8,20.0,164,0
0.44,0.64,1,0,0,1,22,0,2.0,163,8,20.0,164,0
0.44,0.64,1,0,0,1,29,0,3.0,163,8,20.0,164,0
0.44,0.64,1,0,0,1,36,0,4.0,163,8,20.0,164,0
0.44,0.64,1,0,0,1,40,0,5.0,163,8,20.0,164,0
0.44,0.64,1,0,0,1,44,0,6.0,163,8,20.0,164,0
0.44,0.64,1,0,0,1,54,0,7.0,163,8,20.0,164,0
0.44,0.64,1,0,0,1,58,0,8.0,163,8,20.0,164,0
0.44,0.64,1,0,0,1,62,1,9.0,163,8,20.0,164,0
0.44,0.64,1,0,0,1,77,1,10.0,163,8,20.0,164,0
0.44,0.64,1,0,0,1,100,1,11.0,163,8,20.0,164,0
0.44,0.64,1,0,0,1,104,1,12.0,163,8,20.0,164,0
0.44,0.64,1,0,0,1,111,2,13.0,163,8,20.0,164,0
0.44,0.64,1,0,0,1,115,2,14.0,163,8,20.0,164,0
0.44,0.64,1,0,0,1,119,2,15.0,163,8,20.0,164,0
0.44,0.64,1,0,0,1,124,2,16.0,163,8,20.0,164,0
0.44,0.64,1,0,0,1,132,3,17.0,163,8,20.0,164,0
0.44,0.64,1,0,0,1,136,4,18.0,163,8,20.0,164,0
0.44,0.64,1,0,0,1,144,5,19.0,163,8,20.0,164,0
0.44,0.64,1,0,0,1,161,5,20.0,163,8,20.0,164,0
0.41,0.36,1,1,1,1,7,0,1.0,0,0,0.0,0,0
0.41,0.36,1,1,1,1,14,1,2.0,0,0,0.0,0,0
0.41,0.36,1,1,1,1,20,1,3.0,0,0,0.0,0,0
0.41,0.36,1,1,1,1,28,1,4.0,0,0,0.0,0,0
0.41,0.36,1,1,1,1,34,1,5.0,0,0,0.0,0,0
0.41,0.36,1,1,1,1,46,1,6.0,0,0,0.0,0,0
0.41,0.36,1,1,1,1,56,2,7.0,0,0,0.0,0,0
0.41,0.36,1,1,1,1,67,2,8.0,0,0,0.0,0,0
0.41,0.36,1,1,1,1,79,2,9.0,0,0,0.0,0,0
0.41,0.36,1,1,1,1,90,3,10.0,0,0,0.0,0,0
0.41,0.36,1,1,1,1,95,3,11.0,0,0,0.0,0,0
0.41,0.36,1,1,1,1,100,3,12.0,0,0,0.0,0,0
0.41,0.36,1,1,1,1,107,3,13.0,0,0,0.0,0,0
0.41,0.36,1,1,1,1,116,3,14.0,0,0,0.0,0,0
0.41,0.36,1,1,1,1,120,4,15.0,0,0,0.0,0,0
0.41,0.36,1,1,1,1,126,4,16.0,0,0,0.0,0,0
0.41,0.36,1,1,1,1,129,4,17.0,0,0,0.0,0,0
0.41,0.36,1,1,1,1,132,5,18.0,0,0,0.0,0,0
0.41,0.36,1,1,1,1,137,5,19.0,0,0,0.0,0,0
0.41,0.36,1,1,1,1,139,5,20.0,0,0,0.0,0,0
0.41,0.36,1,1,0,0,139,5,20.0,17,1,1.0,140,0
0.41,0.36,1,1,0,0,139,5,20.0,26,1,2.0,140,0
0.41,0.36,1,1,0,0,139,5,20.0,31,1,3.0,140,0
0.41,0.36,1,1,0,0,139,5,20.0,37,1,4.0,140,0
0.41,0.36,1,1,0,0,139,5,20.0,41,1,5.0,140,0
0.41,0.36,1,1,0,0,139,5,20.0,46,1,6.0,140,0
0.41,0.36,1,1,0,0,139,5,20.0,49,3,7.0,140,0
0.41,0.36,1,1,0,0,139,5,20.0,58,3,8.0,140,0
0.41,0.36,1,1,0,0,139,5,20.0,62,3,9.0,140,0
0.41,0.36,1,1,0,0,139,5,20.0,65,3,10.0,140,0
0.41,0.36,1,1,0,0,139,5,20.0,73,3,11.0,140,0
0.41,0.36,1,1,0,0,139,5,20.0,86,3,12.0,140,0
0.41,0.36,1,1,0,0,139,5,20.0,90,4,13.0,140,0
0.41,0.36,1,1,0,0,139,5,20.0,95,4,14.0,140,0
0.41,0.36,1,1,0,0,139,5,20.0,101,4,15.0,140,0
0.41,0.36,1,1,0,0,139,5,20.0,109,4,16.0,140,0
0.41,0.36,1,1,0,0,139,5,20.0,124,4,17.0,140,0
0.41,0.36,1,1,0,0,139,5,20.0,126,4,18.0,140,0
0.41,0.36,1,1,0,0,139,5,20.0,133,4,19.0,140,0
0.41,0.36,1,1,0,0,139,5,20.0,143,4,19.5,140,0
0.6,0.64,1,1,1,1,9,0,1.0,0,0,0.0,0,0
0.6,0.64,1,1,1,1,15,0,2.0,0,0,0.0,0,0
0.6,0.64,1,1,1,1,27,1,3.0,0,0,0.0,0,0
0.6,0.64,1,1,1,1,30,2,4.0,0,0,0.0,0,0
0.6,0.64,1,1,1,1,41,2,5.0,0,0,0.0,0,0
0.6,0.64,1,1,1,1,54,2,6.0,0,0,0.0,0,0
0.6,0.64,1,1,1,1,58,2,7.0,0,0,0.0,0,0
0.6,0.64,1,1,1,1,63,2,8.0,0,0,0.0,0,0
0.6,0.64,1,1,1,1,72,2,9.0,0,0,0.0,0,0
0.6,0.64,1,1,1,1,81,2,10.0,0,0,0.0,0,0
0.6,0.64,1,1,1,1,84,3,11.0,0,0,0.0,0,0
0.6,0.64,1,1,1,1,88,4,12.0,0,0,0.0,0,0
0.6,0.64,1,1,1,1,91,5,13.0,0,0,0.0,0,0
0.6,0.64,1,1,1,1,98,6,14.0,0,0,0.0,0,0
0.6,0.64,1,1,1,1,109,6,15.0,0,0,0.0,0,0
0.6,0.64,1,1,1,1,111,6,16.0,0,0,0.0,0,0
0.6,0.64,1,1,1,1,122,6,17.0,0,0,0.0,0,0
0.6,0.64,1,1,1,1,129,6,18.0,0,0,0.0,0,0
0.6,0.64,1,1,1,1,139,6,19.0,0,0,0.0,0,0
0.6,0.64,1,1,1,1,142,7,20.0,0,0,0.0,0,0
0.6,0.64,1,1,0,0,142,7,20.0,15,0,1.0,143,0
0.6,0.64,1,1,0,0,142,7,20.0,22,0,2.0,143,0
0.6,0.64,1,1,0,0,142,7,20.0,33,1,3.0,143,0
0.6,0.64,1,1,0,0,142,7,20.0,44,1,4.0,143,0
0.6,0.64,1,1,0,0,142,7,20.0,54,1,5.0,143,0
0.6,0.64,1,1,0,0,142,7,20.0,63,3,6.0,143,0
0.6,0.64,1,1,0,0,142,7,20.0,68,3,7.0,143,0
0.6,0.64,1,1,0,0,142,7,20.0,71,4,8.0,143,0
0.6,0.64,1,1,0,0,142,7,20.0,74,4,9.0,143,0
0.6,0.64,1,1,0,0,142,7,20.0,85,4,10.0,143,0
0.6,0.64,1,1,0,0,142,7,20.0,96,4,11.0,143,0
0.6,0.64,1,1,0,0,142,7,20.0,112,4,12.0,143,0
0.6,0.64,1,1,0,0,142,7,20.0,115,5,13.0,143,0
0.6,0.64,1,1,0,0,142,7,20.0,125,5,14.0,143,0
0.6,0.64,1,1,0,0,142,7,20.0,137,5,15.0,143,0
0.6,0.64,1,1,0,0,142,7,20.0,146,5,15.67,143,0
0.56,0.63,0,0,1,1,5,0,1.0,0,0,0.0,0,0
0.56,0.63,0,0,1,1,8,0,2.0,0,0,0.0,0,0
0.56,0.63,0,0,1,1,10,0,3.0,0,0,0.0,0,0
0.56,0.63,0,0,1,1,13,0,4.0,0,0,0.0,0,0
0.56,0.63,0,0,1,1,20,0,5.0,0,0,0.0,0,0
0.56,0.63,0,0,1,1,24,0,6.0,0,0,0.0,0,0
0.56,0.63,0,0,1,1,30,0,7.0,0,0,0.0,0,0
0.56,0.63,0,0,1,1,33,0,8.0,0,0,0.0,0,0
0.56,0.63,0,0,1,1,38,0,9.0,0,0,0.0,0,0
0.56,0.63,0,0,1,1,42,0,10.0,0,0,0.0,0,0
0.56,0.63,0,0,1,1,51,0,11.0,0,0,0.0,0,0
0.56,0.63,0,0,1,1,58,0,12.0,0,0,0.0,0,0
0.56,0.63,0,0,1,1,62,0,13.0,0,0,0.0,0,0
0.56,0.63,0,0,1,1,69,0,14.0,0,0,0.0,0,0
0.56,0.63,0,0,1,1,86,1,15.0,0,0,0.0,0,0
0.56,0.63,0,0,1,1,88,1,16.0,0,0,0.0,0,0
0.56,0.63,0,0,1,1,101,1,17.0,0,0,0.0,0,0
0.56,0.63,0,0,1,1,110,1,18.0,0,0,0.0,0,0
0.56,0.63,0,0,1,1,124,1,19.0,0,0,0.0,0,0
0.56,0.63,0,0,1,1,141,1,20.0,0,0,0.0,0,0
0.56,0.63,0,0,0,0,141,1,20.0,12,0,1.0,142,0
0.56,0.63,0,0,0,0,141,1,20.0,21,0,2.0,142,0
0.56,0.63,0,0,0,0,141,1,20.0,32,0,3.0,142,0
0.56,0.63,0,0,0,0,141,1,20.0,44,1,4.0,142,0
0.56,0.63,0,0,0,0,141,1,20.0,47,1,5.0,142,0
0.56,0.63,0,0,0,0,141,1,20.0,55,1,6.0,142,0
0.56,0.63,0,0,0,0,141,1,20.0,63,1,7.0,142,0
0.56,0.63,0,0,0,0,141,1,20.0,69,1,8.0,142,0
0.56,0.63,0,0,0,0,141,1,20.0,77,2,9.0,142,0
0.56,0.63,0,0,0,0,141,1,20.0,87,3,10.0,142,0
0.56,0.63,0,0,0,0,141,1,20.0,90,3,11.0,142,0
0.56,0.63,0,0,0,0,141,1,20.0,97,3,12.0,142,0
0.56,0.63,0,0,0,0,141,1,20.0,100,3,13.0,142,0
0.56,0.63,0,0,0,0,141,1,20.0,103,4,14.0,142,0
0.56,0.63,0,0,0,0,141,1,20.0,107,4,15.0,142,0
0.56,0.63,0,0,0,0,141,1,20.0,120,4,16.0,142,0
0.56,0.63,0,0,0,0,141,1,20.0,120,4,17.0,142,0
0.56,0.63,0,0,0,0,141,1,20.0,126,4,18.0,142,0
0.56,0.63,0,0,0,0,141,1,20.0,134,5,19.0,142,0
0.56,0.63,0,0,0,0,141,1,20.0,142,5,19.83,142,0
0.37,0.52,1,0,1,0,0,0,0.0,6,0,1.0,0,0
0.37,0.52,1,0,1,0,0,0,0.0,12,0,2.0,0,0
0.37,0.52,1,0,1,0,0,0,0.0,26,1,3.0,0,0
0.37,0.52,1,0,1,0,0,0,0.0,32,1,4.0,0,0
0.37,0.52,1,0,1,0,0,0,0.0,37,3,5.0,0,0
0.37,0.52,1,0,1,0,0,0,0.0,48,3,6.0,0,0
0.37,0.52,1,0,1,0,0,0,0.0,59,3,7.0,0,0
0.37,0.52,1,0,1,0,0,0,0.0,68,3,8.0,0,0
0.37,0.52,1,0,1,0,0,0,0.0,75,3,9.0,0,0
0.37,0.52,1,0,1,0,0,0,0.0,85,3,10.0,0,0
0.37,0.52,1,0,1,0,0,0,0.0,98,4,11.0,0,0
0.37,0.52,1,0,1,0,0,0,0.0,108,5,12.0,0,0
0.37,0.52,1,0,1,0,0,0,0.0,113,5,13.0,0,0
0.37,0.52,1,0,1,0,0,0,0.0,117,5,14.0,0,0
0.37,0.52,1,0,1,0,0,0,0.0,120,6,15.0,0,0
0.37,0.52,1,0,1,0,0,0,0.0,129,6,16.0,0,0
0.37,0.52,1,0,1,0,0,0,0.0,136,6,17.0,0,0
0.37,0.52,1,0,1,0,0,0,0.0,138,6,18.0,0,0
0.37,0.52,1,0,1,0,0,0,0.0,146,6,19.0,0,0
0.37,0.52,1,0,1,0,0,0,0.0,152,6,20.0,0,0
0.37,0.52,1,0,0,1,4,1,1.0,152,6,20.0,153,0
0.37,0.52,1,0,0,1,8,1,2.0,152,6,20.0,153,0
0.37,0.52,1,0,0,1,17,1,3.0,152,6,20.0,153,0
0.37,0.52,1,0,0,1,21,1,4.0,152,6,20.0,153,0
0.37,0.52,1,0,0,1,29,1,5.0,152,6,20.0,153,0
0.37,0.52,1,0,0,1,33,1,6.0,152,6,20.0,153,0
0.37,0.52,1,0,0,1,36,1,7.0,152,6,20.0,153,0
0.37,0.52,1,0,0,1,40,1,8.0,152,6,20.0,153,0
0.37,0.52,1,0,0,1,50,1,9.0,152,6,20.0,153,0
0.37,0.52,1,0,0,1,54,2,10.0,152,6,20.0,153,0
0.37,0.52,1,0,0,1,64,2,11.0,152,6,20.0,153,0
0.37,0.52,1,0,0,1,72,3,12.0,152,6,20.0,153,0
0.37,0.52,1,0,0,1,81,3,13.0,152,6,20.0,153,0
0.37,0.52,1,0,0,1,88,3,14.0,152,6,20.0,153,0
0.37,0.52,1,0,0,1,98,3,15.0,152,6,20.0,153,0
0.37,0.52,1,0,0,1,107,4,16.0,152,6,20.0,153,0
0.37,0.52,1,0,0,1,118,4,17.0,152,6,20.0,153,0
0.37,0.52,1,0,0,1,125,5,18.0,152,6,20.0,153,0
0.37,0.52,1,0,0,1,135,5,19.0,152,6,20.0,153,0
0.37,0.52,1,0,0,1,138,6,20.0,152,6,20.0,153,0
0.64,0.52,1,1,1,1,3,1,1.0,0,0,0.0,0,1
0.64,0.52,1,1,1,1,7,1,2.0,0,0,0.0,0,1
0.64,0.52,1,1,1,1,21,2,3.0,0,0,0.0,0,1
0.64,0.52,1,1,1,1,25,2,4.0,0,0,0.0,0,1
0.64,0.52,1,1,1,1,28,4,5.0,0,0,0.0,0,1
0.64,0.52,1,1,1,1,46,4,6.0,0,0,0.0,0,1
0.64,0.52,1,1,1,1,55,4,7.0,0,0,0.0,0,1
0.64,0.52,1,1,1,1,62,4,8.0,0,0,0.0,0,1
0.64,0.52,1,1,1,1,68,4,9.0,0,0,0.0,0,1
0.64,0.52,1,1,1,1,74,4,10.0,0,0,0.0,0,1
0.64,0.52,1,1,1,1,76,4,11.0,0,0,0.0,0,1
0.64,0.52,1,1,1,1,82,4,12.0,0,0,0.0,0,1
0.64,0.52,1,1,1,1,90,5,13.0,0,0,0.0,0,1
0.64,0.52,1,1,1,1,100,6,14.0,0,0,0.0,0,1
0.64,0.52,1,1,1,1,109,6,15.0,0,0,0.0,0,1
0.64,0.52,1,1,1,1,114,7,16.0,0,0,0.0,0,1
0.64,0.52,1,1,1,1,128,7,17.0,0,0,0.0,0,1
0.64,0.52,1,1,1,1,136,7,18.0,0,0,0.0,0,1
0.64,0.52,1,1,1,1,147,7,19.0,0,0,0.0,0,1
0.64,0.52,1,1,1,1,153,7,20.0,0,0,0.0,0,1
0.64,0.52,1,1,0,0,153,7,20.0,9,0,1.0,154,1
0.64,0.52,1,1,0,0,153,7,20.0,21,0,2.0,154,1
0.64,0.52,1,1,0,0,153,7,20.0,23,0,3.0,154,1
0.64,0.52,1,1,0,0,153,7,20.0,24,0,4.0,154,1
0.64,0.52,1,1,0,0,153,7,20.0,27,0,5.0,154,1
0.64,0.52,1,1,0,0,153,7,20.0,34,1,6.0,154,1
0.64,0.52,1,1,0,0,153,7,20.0,38,1,7.0,154,1
0.64,0.52,1,1,0,0,153,7,20.0,42,1,8.0,154,1
0.64,0.52,1,1,0,0,153,7,20.0,52,1,9.0,154,1
0.64,0.52,1,1,0,0,153,7,20.0,63,1,10.0,154,1
0.64,0.52,1,1,0,0,153,7,20.0,67,2,11.0,154,1
0.64,0.52,1,1,0,0,153,7,20.0,74,2,12.0,154,1
0.64,0.52,1,1,0,0,153,7,20.0,81,2,13.0,154,1
0.64,0.52,1,1,0,0,153,7,20.0,84,3,14.0,154,1
0.64,0.52,1,1,0,0,153,7,20.0,100,5,15.0,154,1
0.64,0.52,1,1,0,0,153,7,20.0,107,5,16.0,154,1
0.64,0.52,1,1,0,0,153,7,20.0,115,6,17.0,154,1
0.64,0.52,1,1,0,0,153,7,20.0,132,6,18.0,154,1
0.64,0.52,1,1,0,0,153,7,20.0,144,6,19.0,154,1
0.64,0.52,1,1,0,0,153,7,20.0,151,6,20.0,154,1
0.56,0.59,0,0,1,1,7,0,1.0,0,0,0.0,0,0
0.56,0.59,0,0,1,1,14,0,2.0,0,0,0.0,0,0
0.56,0.59,0,0,1,1,18,0,3.0,0,0,0.0,0,0
0.56,0.59,0,0,1,1,30,0,4.0,0,0,0.0,0,0
0.56,0.59,0,0,1,1,37,0,5.0,0,0,0.0,0,0
0.56,0.59,0,0,1,1,43,0,6.0,0,0,0.0,0,0
0.56,0.59,0,0,1,1,50,0,7.0,0,0,0.0,0,0
0.56,0.59,0,0,1,1,59,1,8.0,0,0,0.0,0,0
0.56,0.59,0,0,1,1,63,1,9.0,0,0,0.0,0,0
0.56,0.59,0,0,1,1,65,1,10.0,0,0,0.0,0,0
0.56,0.59,0,0,1,1,77,1,11.0,0,0,0.0,0,0
0.56,0.59,0,0,1,1,80,1,12.0,0,0,0.0,0,0
0.56,0.59,0,0,1,1,86,1,13.0,0,0,0.0,0,0
0.56,0.59,0,0,1,1,89,1,14.0,0,0,0.0,0,0
0.56,0.59,0,0,1,1,93,1,15.0,0,0,0.0,0,0
0.56,0.59,0,0,1,1,98,2,16.0,0,0,0.0,0,0
0.56,0.59,0,0,1,1,103,3,17.0,0,0,0.0,0,0
0.56,0.59,0,0,1,1,108,3,18.0,0,0,0.0,0,0
0.56,0.59,0,0,1,1,115,3,19.0,0,0,0.0,0,0
0.56,0.59,0,0,1,1,117,3,20.0,0,0,0.0,0,0
0.56,0.59,0,0,0,0,117,3,20.0,11,0,1.0,118,0
0.56,0.59,0,0,0,0,117,3,20.0,22,0,2.0,118,0
0.56,0.59,0,0,0,0,117,3,20.0,28,0,3.0,118,0
0.56,0.59,0,0,0,0,117,3,20.0,39,0,4.0,118,0
0.56,0.59,0,0,0,0,117,3,20.0,47,0,5.0,118,0
0.56,0.59,0,0,0,0,117,3,20.0,54,0,6.0,118,0
0.56,0.59,0,0,0,0,117,3,20.0,59,0,7.0,118,0
0.56,0.59,0,0,0,0,117,3,20.0,65,0,8.0,118,0
0.56,0.59,0,0,0,0,117,3,20.0,73,0,9.0,118,0
0.56,0.59,0,0,0,0,117,3,20.0,88,1,10.0,118,0
0.56,0.59,0,0,0,0,117,3,20.0,97,1,11.0,118,0
0.56,0.59,0,0,0,0,117,3,20.0,107,1,12.0,118,0
0.56,0.59,0,0,0,0,117,3,20.0,114,1,13.0,118,0
0.56,0.59,0,0,0,0,117,3,20.0,115,2,14.0,118,0
0.56,0.59,0,0,0,0,117,3,20.0,119,2,14.17,118,0
0.51,0.55,1,1,1,1,14,0,1.0,0,0,0.0,0,0
0.51,0.55,1,1,1,1,19,0,2.0,0,0,0.0,0,0
0.51,0.55,1,1,1,1,28,0,3.0,0,0,0.0,0,0
0.51,0.55,1,1,1,1,44,0,4.0,0,0,0.0,0,0
0.51,0.55,1,1,1,1,48,0,5.0,0,0,0.0,0,0
0.51,0.55,1,1,1,1,56,1,6.0,0,0,0.0,0,0
0.51,0.55,1,1,1,1,58,2,7.0,0,0,0.0,0,0
0.51,0.55,1,1,1,1,62,2,8.0,0,0,0.0,0,0
0.51,0.55,1,1,1,1,69,2,9.0,0,0,0.0,0,0
0.51,0.55,1,1,1,1,74,3,10.0,0,0,0.0,0,0
0.51,0.55,1,1,1,1,85,3,11.0,0,0,0.0,0,0
0.51,0.55,1,1,1,1,97,3,12.0,0,0,0.0,0,0
0.51,0.55,1,1,1,1,100,3,13.0,0,0,0.0,0,0
0.51,0.55,1,1,1,1,114,3,14.0,0,0,0.0,0,0
0.51,0.55,1,1,1,1,119,3,15.0,0,0,0.0,0,0
0.51,0.55,1,1,1,1,128,3,16.0,0,0,0.0,0,0
0.51,0.55,1,1,1,1,137,3,17.0,0,0,0.0,0,0
0.51,0.55,1,1,1,1,143,3,18.0,0,0,0.0,0,0
0.51,0.55,1,1,1,1,155,4,19.0,0,0,0.0,0,0
0.51,0.55,1,1,1,1,164,4,20.0,0,0,0.0,0,0
0.51,0.55,1,1,0,0,164,4,20.0,9,0,1.0,165,0
0.51,0.55,1,1,0,0,164,4,20.0,14,0,2.0,165,0
0.51,0.55,1,1,0,0,164,4,20.0,23,2,3.0,165,0
0.51,0.55,1,1,0,0,164,4,20.0,32,2,4.0,165,0
0.51,0.55,1,1,0,0,164,4,20.0,41,2,5.0,165,0
0.51,0.55,1,1,0,0,164,4,20.0,55,2,6.0,165,0
0.51,0.55,1,1,0,0,164,4,20.0,59,2,7.0,165,0
0.51,0.55,1,1,0,0,164,4,20.0,77,2,8.0,165,0
0.51,0.55,1,1,0,0,164,4,20.0,79,3,9.0,165,0
0.51,0.55,1,1,0,0,164,4,20.0,85,3,10.0,165,0
0.51,0.55,1,1,0,0,164,4,20.0,86,3,11.0,165,0
0.51,0.55,1,1,0,0,164,4,20.0,89,3,12.0,165,0
0.51,0.55,1,1,0,0,164,4,20.0,99,3,13.0,165,0
0.51,0.55,1,1,0,0,164,4,20.0,101,3,14.0,165,0
0.51,0.55,1,1,0,0,164,4,20.0,111,3,15.0,165,0
0.51,0.55,1,1,0,0,164,4,20.0,122,3,16.0,165,0
0.51,0.55,1,1,0,0,164,4,20.0,132,4,17.0,165,0
0.51,0.55,1,1,0,0,164,4,20.0,142,4,18.0,165,0
0.51,0.55,1,1,0,0,164,4,20.0,150,4,19.0,165,0
0.51,0.55,1,1,0,0,164,4,20.0,169,5,19.83,165,0
0.61,0.57,0,0,1,1,3,0,1.0,0,0,0.0,0,0
0.61,0.57,0,0,1,1,15,0,2.0,0,0,0.0,0,0
0.61,0.57,0,0,1,1,17,0,3.0,0,0,0.0,0,0
0.61,0.57,0,0,1,1,28,0,4.0,0,0,0.0,0,0
0.61,0.57,0,0,1,1,33,1,5.0,0,0,0.0,0,0
0.61,0.57,0,0,1,1,45,1,6.0,0,0,0.0,0,0
0.61,0.57,0,0,1,1,52,1,7.0,0,0,0.0,0,0
0.61,0.57,0,0,1,1,57,1,8.0,0,0,0.0,0,0
0.61,0.57,0,0,1,1,68,1,9.0,0,0,0.0,0,0
0.61,0.57,0,0,1,1,78,1,10.0,0,0,0.0,0,0
0.61,0.57,0,0,1,1,83,1,11.0,0,0,0.0,0,0
0.61,0.57,0,0,1,1,96,1,12.0,0,0,0.0,0,0
0.61,0.57,0,0,1,1,101,2,13.0,0,0,0.0,0,0
0.61,0.57,0,0,1,1,111,2,14.0,0,0,0.0,0,0
0.61,0.57,0,0,1,1,115,3,15.0,0,0,0.0,0,0
0.61,0.57,0,0,1,1,120,4,16.0,0,0,0.0,0,0
0.61,0.57,0,0,1,1,123,4,17.0,0,0,0.0,0,0
0.61,0.57,0,0,1,1,127,4,18.0,0,0,0.0,0,0
0.61,0.57,0,0,1,1,130,4,19.0,0,0,0.0,0,0
0.61,0.57,0,0,1,1,134,4,20.0,0,0,0.0,0,0
0.61,0.57,0,0,0,0,134,4,20.0,6,1,1.0,135,0
0.61,0.57,0,0,0,0,134,4,20.0,12,1,2.0,135,0
0.61,0.57,0,0,0,0,134,4,20.0,21,1,3.0,135,0
0.61,0.57,0,0,0,0,134,4,20.0,34,1,4.0,135,0
0.61,0.57,0,0,0,0,134,4,20.0,37,1,5.0,135,0
0.61,0.57,0,0,0,0,134,4,20.0,39,2,6.0,135,0
0.61,0.57,0,0,0,0,134,4,20.0,59,2,7.0,135,0
0.61,0.57,0,0,0,0,134,4,20.0,66,2,8.0,135,0
0.61,0.57,0,0,0,0,134,4,20.0,78,3,9.0,135,0
0.61,0.57,0,0,0,0,134,4,20.0,84,4,10.0,135,0
0.61,0.57,0,0,0,0,134,4,20.0,89,4,11.0,135,0
0.61,0.57,0,0,0,0,134,4,20.0,101,4,12.0,135,0
0.61,0.57,0,0,0,0,134,4,20.0,104,4,13.0,135,0
0.61,0.57,0,0,0,0,134,4,20.0,109,4,14.0,135,0
0.61,0.57,0,0,0,0,134,4,20.0,117,4,15.0,135,0
0.61,0.57,0,0,0,0,134,4,20.0,118,4,16.0,135,0
0.61,0.57,0,0,0,0,134,4,20.0,121,4,17.0,135,0
0.61,0.57,0,0,0,0,134,4,20.0,124,4,18.0,135,0
0.61,0.57,0,0,0,0,134,4,20.0,130,4,19.0,135,0
0.61,0.57,0,0,0,0,134,4,20.0,137,5,19.5,135,0
0.44,0.38,0,1,1,0,0,0,0.0,6,0,1.0,0,1
0.44,0.38,0,1,1,0,0,0,0.0,14,0,2.0,0,1
0.44,0.38,0,1,1,0,0,0,0.0,20,1,3.0,0,1
0.44,0.38,0,1,1,0,0,0,0.0,30,2,4.0,0,1
0.44,0.38,0,1,1,0,0,0,0.0,38,2,5.0,0,1
0.44,0.38,0,1,1,0,0,0,0.0,46,3,6.0,0,1
0.44,0.38,0,1,1,0,0,0,0.0,55,3,7.0,0,1
0.44,0.38,0,1,1,0,0,0,0.0,58,3,8.0,0,1
0.44,0.38,0,1,1,0,0,0,0.0,67,4,9.0,0,1
0.44,0.38,0,1,1,0,0,0,0.0,70,5,10.0,0,1
0.44,0.38,0,1,1,0,0,0,0.0,79,5,11.0,0,1
0.44,0.38,0,1,1,0,0,0,0.0,81,5,12.0,0,1
0.44,0.38,0,1,1,0,0,0,0.0,96,6,13.0,0,1
0.44,0.38,0,1,1,0,0,0,0.0,100,6,14.0,0,1
0.44,0.38,0,1,1,0,0,0,0.0,102,8,15.0,0,1
0.44,0.38,0,1,1,0,0,0,0.0,107,8,16.0,0,1
0.44,0.38,0,1,1,0,0,0,0.0,118,8,17.0,0,1
0.44,0.38,0,1,1,0,0,0,0.0,125,8,18.0,0,1
0.44,0.38,0,1,1,0,0,0,0.0,132,8,19.0,0,1
0.44,0.38,0,1,1,0,0,0,0.0,138,8,20.0,0,1
0.44,0.38,0,1,0,1,6,0,1.0,138,8,20.0,139,1
0.44,0.38,0,1,0,1,9,1,2.0,138,8,20.0,139,1
0.44,0.38,0,1,0,1,15,1,3.0,138,8,20.0,139,1
0.44,0.38,0,1,0,1,21,1,4.0,138,8,20.0,139,1
0.44,0.38,0,1,0,1,32,1,5.0,138,8,20.0,139,1
0.44,0.38,0,1,0,1,34,1,6.0,138,8,20.0,139,1
0.44,0.38,0,1,0,1,41,1,7.0,138,8,20.0,139,1
0.44,0.38,0,1,0,1,44,1,8.0,138,8,20.0,139,1
0.44,0.38,0,1,0,1,51,1,9.0,138,8,20.0,139,1
0.44,0.38,0,1,0,1,68,1,10.0,138,8,20.0,139,1
0.44,0.38,0,1,0,1,71,1,11.0,138,8,20.0,139,1
0.44,0.38,0,1,0,1,81,3,12.0,138,8,20.0,139,1
0.44,0.38,0,1,0,1,87,3,13.0,138,8,20.0,139,1
0.44,0.38,0,1,0,1,92,4,14.0,138,8,20.0,139,1
0.44,0.38,0,1,0,1,95,4,15.0,138,8,20.0,139,1
0.44,0.38,0,1,0,1,98,4,16.0,138,8,20.0,139,1
0.44,0.38,0,1,0,1,101,5,17.0,138,8,20.0,139,1
0.44,0.38,0,1,0,1,112,5,18.0,138,8,20.0,139,1
0.44,0.38,0,1,0,1,130,5,19.0,138,8,20.0,139,1
0.44,0.38,0,1,0,1,139,5,20.0,138,8,20.0,139,1
0.52,0.59,1,0,1,0,0,0,0.0,14,0,1.0,0,1
0.52,0.59,1,0,1,0,0,0,0.0,28,0,2.0,0,1
0.52,0.59,1,0,1,0,0,0,0.0,36,0,3.0,0,1
0.52,0.59,1,0,1,0,0,0,0.0,39,1,4.0,0,1
0.52,0.59,1,0,1,0,0,0,0.0,54,1,5.0,0,1
0.52,0.59,1,0,1,0,0,0,0.0,72,1,6.0,0,1
0.52,0.59,1,0,1,0,0,0,0.0,82,1,7.0,0,1
0.52,0.59,1,0,1,0,0,0,0.0,84,1,8.0,0,1
0.52,0.59,1,0,1,0,0,0,0.0,88,1,9.0,0,1
0.52,0.59,1,0,1,0,0,0,0.0,91,1,10.0,0,1
0.52,0.59,1,0,1,0,0,0,0.0,97,2,11.0,0,1
0.52,0.59,1,0,1,0,0,0,0.0,101,3,12.0,0,1
0.52,0.59,1,0,1,0,0,0,0.0,108,4,13.0,0,1
0.52,0.59,1,0,1,0,0,0,0.0,127,4,14.0,0,1
0.52,0.59,1,0,1,0,0,0,0.0,131,4,15.0,0,1
0.52,0.59,1,0,1,0,0,0,0.0,143,4,16.0,0,1
0.52,0.59,1,0,1,0,0,0,0.0,144,4,17.0,0,1
0.52,0.59,1,0,1,0,0,0,0.0,153,4,18.0,0,1
0.52,0.59,1,0,1,0,0,0,0.0,158,4,19.0,0,1
0.52,0.59,1,0,1,0,0,0,0.0,162,5,20.0,0,1
0.52,0.59,1,0,0,1,8,1,1.0,162,5,20.0,163,1
0.52,0.59,1,0,0,1,13,1,2.0,162,5,20.0,163,1
0.52,0.59,1,0,0,1,22,1,3.0,162,5,20.0,163,1
0.52,0.59,1,0,0,1,34,1,4.0,162,5,20.0,163,1
0.52,0.59,1,0,0,1,46,2,5.0,162,5,20.0,163,1
0.52,0.59,1,0,0,1,51,2,6.0,162,5,20.0,163,1
0.52,0.59,1,0,0,1,52,2,7.0,162,5,20.0,163,1
0.52,0.59,1,0,0,1,57,4,8.0,162,5,20.0,163,1
0.52,0.59,1,0,0,1,60,5,9.0,162,5,20.0,163,1
0.52,0.59,1,0,0,1,68,6,10.0,162,5,20.0,163,1
0.52,0.59,1,0,0,1,80,6,11.0,162,5,20.0,163,1
0.52,0.59,1,0,0,1,97,6,12.0,162,5,20.0,163,1
0.52,0.59,1,0,0,1,108,6,13.0,162,5,20.0,163,1
0.52,0.59,1,0,0,1,116,6,14.0,162,5,20.0,163,1
0.52,0.59,1,0,0,1,123,6,15.0,162,5,20.0,163,1
0.52,0.59,1,0,0,1,138,6,16.0,162,5,20.0,163,1
0.52,0.59,1,0,0,1,153,6,17.0,162,5,20.0,163,1
0.52,0.59,1,0,0,1,159,6,18.0,162,5,20.0,163,1
0.52,0.59,1,0,0,1,163,7,18.67,162,5,20.0,163,1
0.35,0.52,0,1,1,0,0,0,0.0,8,0,1.0,0,0
0.35,0.52,0,1,1,0,0,0,0.0,18,0,2.0,0,0
0.35,0.52,0,1,1,0,0,0,0.0,31,1,3.0,0,0
0.35,0.52,0,1,1,0,0,0,0.0,45,1,4.0,0,0
0.35,0.52,0,1,1,0,0,0,0.0,48,1,5.0,0,0
0.35,0.52,0,1,1,0,0,0,0.0,55,1,6.0,0,0
0.35,0.52,0,1,1,0,0,0,0.0,58,1,7.0,0,0
0.35,0.52,0,1,1,0,0,0,0.0,64,1,8.0,0,0
0.35,0.52,0,1,1,0,0,0,0.0,69,1,9.0,0,0
0.35,0.52,0,1,1,0,0,0,0.0,75,1,10.0,0,0
0.35,0.52,0,1,1,0,0,0,0.0,83,1,11.0,0,0
0.35,0.52,0,1,1,0,0,0,0.0,88,1,12.0,0,0
0.35,0.52,0,1,1,0,0,0,0.0,91,1,13.0,0,0
0.35,0.52,0,1,1,0,0,0,0.0,98,1,14.0,0,0
0.35,0.52,0,1,1,0,0,0,0.0,102,1,15.0,0,0
0.35,0.52,0,1,1,0,0,0,0.0,115,1,16.0,0,0
0.35,0.52,0,1,1,0,0,0,0.0,120,1,17.0,0,0
0.35,0.52,0,1,1,0,0,0,0.0,129,1,18.0,0,0
0.35,0.52,0,1,1,0,0,0,0.0,137,1,19.0,0,0
0.35,0.52,0,1,1,0,0,0,0.0,141,2,20.0,0,0
0.35,0.52,0,1,0,1,3,0,1.0,141,2,20.0,142,0
0.35,0.52,0,1,0,1,13,0,2.0,141,2,20.0,142,0
0.35,0.52,0,1,0,1,17,0,3.0,141,2,20.0,142,0
0.35,0.52,0,1,0,1,20,0,4.0,141,2,20.0,142,0
0.35,0.52,0,1,0,1,25,0,5.0,141,2,20.0,142,0
0.35,0.52,0,1,0,1,31,0,6.0,141,2,20.0,142,0
0.35,0.52,0,1,0,1,42,0,7.0,141,2,20.0,142,0
0.35,0.52,0,1,0,1,48,0,8.0,141,2,20.0,142,0
0.35,0.52,0,1,0,1,50,0,9.0,141,2,20.0,142,0
0.35,0.52,0,1,0,1,61,0,10.0,141,2,20.0,142,0
0.35,0.52,0,1,0,1,64,0,11.0,141,2,20.0,142,0
0.35,0.52,0,1,0,1,81,0,12.0,141,2,20.0,142,0
0.35,0.52,0,1,0,1,88,0,13.0,141,2,20.0,142,0
0.35,0.52,0,1,0,1,98,0,14.0,141,2,20.0,142,0
0.35,0.52,0,1,0,1,108,0,15.0,141,2,20.0,142,0
0.35,0.52,0,1,0,1,113,0,16.0,141,2,20.0,142,0
0.35,0.52,0,1,0,1,114,1,17.0,141,2,20.0,142,0
0.35,0.52,0,1,0,1,122,1,18.0,141,2,20.0,142,0
0.35,0.52,0,1,0,1,131,1,19.0,141,2,20.0,142,0
0.35,0.52,0,1,0,1,135,1,20.0,141,2,20.0,142,0
0.53,0.36,1,0,1,0,0,0,0.0,11,0,1.0,0,1
0.53,0.36,1,0,1,0,0,0,0.0,13,1,2.0,0,1
0.53,0.36,1,0,1,0,0,0,0.0,17,2,3.0,0,1
0.53,0.36,1,0,1,0,0,0,0.0,28,2,4.0,0,1
0.53,0.36,1,0,1,0,0,0,0.0,39,2,5.0,0,1
0.53,0.36,1,0,1,0,0,0,0.0,46,2,6.0,0,1
0.53,0.36,1,0,1,0,0,0,0.0,52,2,7.0,0,1
0.53,0.36,1,0,1,0,0,0,0.0,56,2,8.0,0,1
0.53,0.36,1,0,1,0,0,0,0.0,58,3,9.0,0,1
0.53,0.36,1,0,1,0,0,0,0.0,61,3,10.0,0,1
0.53,0.36,1,0,1,0,0,0,0.0,68,3,11.0,0,1
0.53,0.36,1,0,1,0,0,0,0.0,74,3,12.0,0,1
0.53,0.36,1,0,1,0,0,0,0.0,82,3,13.0,0,1
0.53,0.36,1,0,1,0,0,0,0.0,89,3,14.0,0,1
0.53,0.36,1,0,1,0,0,0,0.0,90,3,15.0,0,1
0.53,0.36,1,0,1,0,0,0,0.0,96,3,16.0,0,1
0.53,0.36,1,0,1,0,0,0,0.0,101,3,17.0,0,1
0.53,0.36,1,0,1,0,0,0,0.0,103,3,18.0,0,1
0.53,0.36,1,0,1,0,0,0,0.0,107,4,19.0,0,1
0.53,0.36,1,0,1,0,0,0,0.0,114,4,20.0,0,1
0.53,0.36,1,0,0,1,13,0,1.0,114,4,20.0,115,1
0.53,0.36,1,0,0,1,23,0,2.0,114,4,20.0,115,1
0.53,0.36,1,0,0,1,29,0,3.0,114,4,20.0,115,1
0.53,0.36,1,0,0,1,45,0,4.0,114,4,20.0,115,1
0.53,0.36,1,0,0,1,51,0,5.0,114,4,20.0,115,1
0.53,0.36,1,0,0,1,58,0,6.0,114,4,20.0,115,1
0.53,0.36,1,0,0,1,65,0,7.0,114,4,20.0,115,1
0.53,0.36,1,0,0,1,81,0,8.0,114,4,20.0,115,1
0.53,0.36,1,0,0,1,87,0,9.0,114,4,20.0,115,1
0.53,0.36,1,0,0,1,89,2,10.0,114,4,20.0,115,1
0.53,0.36,1,0,0,1,95,2,11.0,114,4,20.0,115,1
0.53,0.36,1,0,0,1,101,3,12.0,114,4,20.0,115,1
0.53,0.36,1,0,0,1,108,3,13.0,114,4,20.0,115,1
0.53,0.36,1,0,0,1,120,3,13.33,114,4,20.0,115,1
0.49,0.46,0,0,1,1,2,0,1.0,0,0,0.0,0,0
0.49,0.46,0,0,1,1,5,0,2.0,0,0,0.0,0,0
0.49,0.46,0,0,1,1,13,0,3.0,0,0,0.0,0,0
0.49,0.46,0,0,1,1,20,0,4.0,0,0,0.0,0,0
0.49,0.46,0,0,1,1,27,0,5.0,0,0,0.0,0,0
0.49,0.46,0,0,1,1,35,0,6.0,0,0,0.0,0,0
0.49,0.46,0,0,1,1,53,0,7.0,0,0,0.0,0,0
0.49,0.46,0,0,1,1,56,0,8.0,0,0,0.0,0,0
0.49,0.46,0,0,1,1,67,0,9.0,0,0,0.0,0,0
0.49,0.46,0,0,1,1,69,0,10.0,0,0,0.0,0,0
0.49,0.46,0,0,1,1,77,0,11.0,0,0,0.0,0,0
0.49,0.46,0,0,1,1,83,0,12.0,0,0,0.0,0,0
0.49,0.46,0,0,1,1,92,0,13.0,0,0,0.0,0,0
0.49,0.46,0,0,1,1,97,0,14.0,0,0,0.0,0,0
0.49,0.46,0,0,1,1,104,0,15.0,0,0,0.0,0,0
0.49,0.46,0,0,1,1,109,0,16.0,0,0,0.0,0,0
0.49,0.46,0,0,1,1,116,0,17.0,0,0,0.0,0,0
0.49,0.46,0,0,1,1,116,1,18.0,0,0,0.0,0,0
0.49,0.46,0,0,1,1,123,1,19.0,0,0,0.0,0,0
0.49,0.46,0,0,1,1,133,1,20.0,0,0,0.0,0,0
0.49,0.46,0,0,0,0,133,1,20.0,4,0,1.0,134,0
0.49,0.46,0,0,0,0,133,1,20.0,9,0,2.0,134,0
0.49,0.46,0,0,0,0,133,1,20.0,21,0,3.0,134,0
0.49,0.46,0,0,0,0,133,1,20.0,29,1,4.0,134,0
0.49,0.46,0,0,0,0,133,1,20.0,30,2,5.0,134,0
0.49,0.46,0,0,0,0,133,1,20.0,37,2,6.0,134,0
0.49,0.46,0,0,0,0,133,1,20.0,43,2,7.0,134,0
0.49,0.46,0,0,0,0,133,1,20.0,49,2,8.0,134,0
0.49,0.46,0,0,0,0,133,1,20.0,61,2,9.0,134,0
0.49,0.46,0,0,0,0,133,1,20.0,72,2,10.0,134,0
0.49,0.46,0,0,0,0,133,1,20.0,76,2,11.0,134,0
0.49,0.46,0,0,0,0,133,1,20.0,83,2,12.0,134,0
0.49,0.46,0,0,0,0,133,1,20.0,87,2,13.0,134,0
0.49,0.46,0,0,0,0,133,1,20.0,91,2,14.0,134,0
0.49,0.46,0,0,0,0,133,1,20.0,98,2,15.0,134,0
0.49,0.46,0,0,0,0,133,1,20.0,104,2,16.0,134,0
0.49,0.46,0,0,0,0,133,1,20.0,106,2,17.0,134,0
0.49,0.46,0,0,0,0,133,1,20.0,120,2,18.0,134,0
0.49,0.46,0,0,0,0,133,1,20.0,134,2,19.0,134,0
0.48,0.53,1,0,1,0,0,0,0.0,6,0,1.0,0,1
0.48,0.53,1,0,1,0,0,0,0.0,8,1,2.0,0,1
0.48,0.53,1,0,1,0,0,0,0.0,15,1,3.0,0,1
0.48,0.53,1,0,1,0,0,0,0.0,20,1,4.0,0,1
0.48,0.53,1,0,1,0,0,0,0.0,23,1,5.0,0,1
0.48,0.53,1,0,1,0,0,0,0.0,26,2,6.0,0,1
0.48,0.53,1,0,1,0,0,0,0.0,36,2,7.0,0,1
0.48,0.53,1,0,1,0,0,0,0.0,36,2,8.0,0,1
0.48,0.53,1,0,1,0,0,0,0.0,44,2,9.0,0,1
0.48,0.53,1,0,1,0,0,0,0.0,49,3,10.0,0,1
0.48,0.53,1,0,1,0,0,0,0.0,55,4,11.0,0,1
0.48,0.53,1,0,1,0,0,0,0.0,59,5,12.0,0,1
0.48,0.53,1,0,1,0,0,0,0.0,65,5,13.0,0,1
0.48,0.53,1,0,1,0,0,0,0.0,73,5,14.0,0,1
0.48,0.53,1,0,1,0,0,0,0.0,78,5,15.0,0,1
0.48,0.53,1,0,1,0,0,0,0.0,83,5,16.0,0,1
0.48,0.53,1,0,1,0,0,0,0.0,87,5,17.0,0,1
0.48,0.53,1,0,1,0,0,0,0.0,98,5,18.0,0,1
0.48,0.53,1,0,1,0,0,0,0.0,104,5,19.0,0,1
0.48,0.53,1,0,1,0,0,0,0.0,107,6,20.0,0,1
0.48,0.53,1,0,0,1,9,0,1.0,107,6,20.0,108,1
0.48,0.53,1,0,0,1,22,0,2.0,107,6,20.0,108,1
0.48,0.53,1,0,0,1,24,0,3.0,107,6,20.0,108,1
0.48,0.53,1,0,0,1,25,0,4.0,107,6,20.0,108,1
0.48,0.53,1,0,0,1,27,1,5.0,107,6,20.0,108,1
0.48,0.53,1,0,0,1,40,1,6.0,107,6,20.0,108,1
0.48,0.53,1,0,0,1,46,1,7.0,107,6,20.0,108,1
0.48,0.53,1,0,0,1,50,3,8.0,107,6,20.0,108,1
0.48,0.53,1,0,0,1,61,4,9.0,107,6,20.0,108,1
0.48,0.53,1,0,0,1,72,4,10.0,107,6,20.0,108,1
0.48,0.53,1,0,0,1,78,4,11.0,107,6,20.0,108,1
0.48,0.53,1,0,0,1,90,4,12.0,107,6,20.0,108,1
0.48,0.53,1,0,0,1,98,4,13.0,107,6,20.0,108,1
0.48,0.53,1,0,0,1,107,5,14.0,107,6,20.0,108,1
0.48,0.53,1,0,0,1,108,5,14.33,107,6,20.0,108,1
0.53,0.54,0,0,1,1,2,0,1.0,0,0,0.0,0,0
0.53,0.54,0,0,1,1,15,0,2.0,0,0,0.0,0,0
0.53,0.54,0,0,1,1,17,0,3.0,0,0,0.0,0,0
0.53,0.54,0,0,1,1,20,1,4.0,0,0,0.0,0,0
0.53,0.54,0,0,1,1,31,1,5.0,0,0,0.0,0,0
0.53,0.54,0,0,1,1,38,1,6.0,0,0,0.0,0,0
0.53,0.54,0,0,1,1,44,2,7.0,0,0,0.0,0,0
0.53,0.54,0,0,1,1,58,2,8.0,0,0,0.0,0,0
0.53,0.54,0,0,1,1,63,2,9.0,0,0,0.0,0,0
0.53,0.54,0,0,1,1,71,3,10.0,0,0,0.0,0,0
0.53,0.54,0,0,1,1,75,3,11.0,0,0,0.0,0,0
0.53,0.54,0,0,1,1,78,3,12.0,0,0,0.0,0,0
0.53,0.54,0,0,1,1,91,4,13.0,0,0,0.0,0,0
0.53,0.54,0,0,1,1,97,4,14.0,0,0,0.0,0,0
0.53,0.54,0,0,1,1,103,4,15.0,0,0,0.0,0,0
0.53,0.54,0,0,1,1,114,4,16.0,0,0,0.0,0,0
0.53,0.54,0,0,1,1,123,4,17.0,0,0,0.0,0,0
0.53,0.54,0,0,1,1,136,4,18.0,0,0,0.0,0,0
0.53,0.54,0,0,1,1,141,5,19.0,0,0,0.0,0,0
0.53,0.54,0,0,1,1,145,6,20.0,0,0,0.0,0,0
0.53,0.54,0,0,0,0,145,6,20.0,2,1,1.0,146,0
0.53,0.54,0,0,0,0,145,6,20.0,9,2,2.0,146,0
0.53,0.54,0,0,0,0,145,6,20.0,15,3,3.0,146,0
0.53,0.54,0,0,0,0,145,6,20.0,25,4,4.0,146,0
0.53,0.54,0,0,0,0,145,6,20.0,30,4,5.0,146,0
0.53,0.54,0,0,0,0,145,6,20.0,34,4,6.0,146,0
0.53,0.54,0,0,0,0,145,6,20.0,45,4,7.0,146,0
0.53,0.54,0,0,0,0,145,6,20.0,54,4,8.0,146,0
0.53,0.54,0,0,0,0,145,6,20.0,55,4,9.0,146,0
0.53,0.54,0,0,0,0,145,6,20.0,71,4,10.0,146,0
0.53,0.54,0,0,0,0,145,6,20.0,78,5,11.0,146,0
0.53,0.54,0,0,0,0,145,6,20.0,84,5,12.0,146,0
0.53,0.54,0,0,0,0,145,6,20.0,91,5,13.0,146,0
0.53,0.54,0,0,0,0,145,6,20.0,109,5,14.0,146,0
0.53,0.54,0,0,0,0,145,6,20.0,114,5,15.0,146,0
0.53,0.54,0,0,0,0,145,6,20.0,120,5,16.0,146,0
0.53,0.54,0,0,0,0,145,6,20.0,123,6,17.0,146,0
0.53,0.54,0,0,0,0,145,6,20.0,140,6,18.0,146,0
0.53,0.54,0,0,0,0,145,6,20.0,146,6,18.83,146,0
0.45,0.63,0,1,1,0,0,0,0.0,5,0,1.0,0,0
0.45,0.63,0,1,1,0,0,0,0.0,19,0,2.0,0,0
0.45,0.63,0,1,1,0,0,0,0.0,23,1,3.0,0,0
0.45,0.63,0,1,1,0,0,0,0.0,23,2,4.0,0,0
0.45,0.63,0,1,1,0,0,0,0.0,27,2,5.0,0,0
0.45,0.63,0,1,1,0,0,0,0.0,34,2,6.0,0,0
0.45,0.63,0,1,1,0,0,0,0.0,41,3,7.0,0,0
0.45,0.63,0,1,1,0,0,0,0.0,44,3,8.0,0,0
0.45,0.63,0,1,1,0,0,0,0.0,51,3,9.0,0,0
0.45,0.63,0,1,1,0,0,0,0.0,61,3,10.0,0,0
0.45,0.63,0,1,1,0,0,0,0.0,70,3,11.0,0,0
0.45,0.63,0,1,1,0,0,0,0.0,75,3,12.0,0,0
0.45,0.63,0,1,1,0,0,0,0.0,84,4,13.0,0,0
0.45,0.63,0,1,1,0,0,0,0.0,93,4,14.0,0,0
0.45,0.63,0,1,1,0,0,0,0.0,95,4,15.0,0,0
0.45,0.63,0,1,1,0,0,0,0.0,106,5,16.0,0,0
0.45,0.63,0,1,1,0,0,0,0.0,113,6,17.0,0,0
0.45,0.63,0,1,1,0,0,0,0.0,117,6,18.0,0,0
0.45,0.63,0,1,1,0,0,0,0.0,128,6,19.0,0,0
0.45,0.63,0,1,1,0,0,0,0.0,131,7,20.0,0,0
0.45,0.63,0,1,0,1,14,1,1.0,131,7,20.0,132,0
0.45,0.63,0,1,0,1,24,2,2.0,131,7,20.0,132,0
0.45,0.63,0,1,0,1,33,4,3.0,131,7,20.0,132,0
0.45,0.63,0,1,0,1,38,4,4.0,131,7,20.0,132,0
0.45,0.63,0,1,0,1,42,5,5.0,131,7,20.0,132,0
0.45,0.63,0,1,0,1,47,5,6.0,131,7,20.0,132,0
0.45,0.63,0,1,0,1,54,5,7.0,131,7,20.0,132,0
0.45,0.63,0,1,0,1,57,6,8.0,131,7,20.0,132,0
0.45,0.63,0,1,0,1,62,7,9.0,131,7,20.0,132,0
0.45,0.63,0,1,0,1,65,8,10.0,131,7,20.0,132,0
0.45,0.63,0,1,0,1,69,8,11.0,131,7,20.0,132,0
0.45,0.63,0,1,0,1,76,8,12.0,131,7,20.0,132,0
0.45,0.63,0,1,0,1,79,8,13.0,131,7,20.0,132,0
0.45,0.63,0,1,0,1,82,8,14.0,131,7,20.0,132,0
0.45,0.63,0,1,0,1,84,10,14.83,131,7,20.0,132,0
0.38,0.39,1,0,1,0,0,0,0.0,17,0,1.0,0,1
0.38,0.39,1,0,1,0,0,0,0.0,25,0,2.0,0,1
0.38,0.39,1,0,1,0,0,0,0.0,30,0,3.0,0,1
0.38,0.39,1,0,1,0,0,0,0.0,35,0,4.0,0,1
0.38,0.39,1,0,1,0,0,0,0.0,37,0,5.0,0,1
0.38,0.39,1,0,1,0,0,0,0.0,44,1,6.0,0,1
0.38,0.39,1,0,1,0,0,0,0.0,48,1,7.0,0,1
0.38,0.39,1,0,1,0,0,0,0.0,57,1,8.0,0,1
0.38,0.39,1,0,1,0,0,0,0.0,65,2,9.0,0,1
0.38,0.39,1,0,1,0,0,0,0.0,72,2,10.0,0,1
0.38,0.39,1,0,1,0,0,0,0.0,83,2,11.0,0,1
0.38,0.39,1,0,1,0,0,0,0.0,93,2,12.0,0,1
0.38,0.39,1,0,1,0,0,0,0.0,96,3,13.0,0,1
0.38,0.39,1,0,1,0,0,0,0.0,100,3,14.0,0,1
0.38,0.39,1,0,1,0,0,0,0.0,107,3,15.0,0,1
0.38,0.39,1,0,1,0,0,0,0.0,113,4,16.0,0,1
0.38,0.39,1,0,1,0,0,0,0.0,117,4,17.0,0,1
0.38,0.39,1,0,1,0,0,0,0.0,130,4,18.0,0,1
0.38,0.39,1,0,1,0,0,0,0.0,139,4,19.0,0,1
0.38,0.39,1,0,1,0,0,0,0.0,140,5,20.0,0,1
0.38,0.39,1,0,0,1,19,0,1.0,140,5,20.0,141,1
0.38,0.39,1,0,0,1,27,0,2.0,140,5,20.0,141,1
0.38,0.39,1,0,0,1,33,0,3.0,140,5,20.0,141,1
0.38,0.39,1,0,0,1,39,0,4.0,140,5,20.0,141,1
0.38,0.39,1,0,0,1,47,0,5.0,140,5,20.0,141,1
0.38,0.39,1,0,0,1,54,0,6.0,140,5,20.0,141,1
0.38,0.39,1,0,0,1,67,0,7.0,140,5,20.0,141,1
0.38,0.39,1,0,0,1,80,0,8.0,140,5,20.0,141,1
0.38,0.39,1,0,0,1,89,0,9.0,140,5,20.0,141,1
0.38,0.39,1,0,0,1,93,0,10.0,140,5,20.0,141,1
0.38,0.39,1,0,0,1,98,0,11.0,140,5,20.0,141,1
0.38,0.39,1,0,0,1,107,0,12.0,140,5,20.0,141,1
0.38,0.39,1,0,0,1,113,0,13.0,140,5,20.0,141,1
0.38,0.39,1,0,0,1,119,0,14.0,140,5,20.0,141,1
0.38,0.39,1,0,0,1,130,0,15.0,140,5,20.0,141,1
0.38,0.39,1,0,0,1,137,1,16.0,140,5,20.0,141,1
0.38,0.39,1,0,0,1,142,2,17.0,140,5,20.0,141,1
0.54,0.49,1,1,1,1,4,1,1.0,0,0,0.0,0,0
0.54,0.49,1,1,1,1,18,1,2.0,0,0,0.0,0,0
0.54,0.49,1,1,1,1,29,1,3.0,0,0,0.0,0,0
0.54,0.49,1,1,1,1,33,1,4.0,0,0,0.0,0,0
0.54,0.49,1,1,1,1,37,1,5.0,0,0,0.0,0,0
0.54,0.49,1,1,1,1,40,1,6.0,0,0,0.0,0,0
0.54,0.49,1,1,1,1,52,1,7.0,0,0,0.0,0,0
0.54,0.49,1,1,1,1,66,1,8.0,0,0,0.0,0,0
0.54,0.49,1,1,1,1,75,1,9.0,0,0,0.0,0,0
0.54,0.49,1,1,1,1,87,1,10.0,0,0,0.0,0,0
0.54,0.49,1,1,1,1,98,1,11.0,0,0,0.0,0,0
0.54,0.49,1,1,1,1,99,1,12.0,0,0,0.0,0,0
0.54,0.49,1,1,1,1,104,1,13.0,0,0,0.0,0,0
0.54,0.49,1,1,1,1,115,1,14.0,0,0,0.0,0,0
0.54,0.49,1,1,1,1,125,1,15.0,0,0,0.0,0,0
0.54,0.49,1,1,1,1,127,2,16.0,0,0,0.0,0,0
0.54,0.49,1,1,1,1,135,2,17.0,0,0,0.0,0,0
0.54,0.49,1,1,1,1,140,2,18.0,0,0,0.0,0,0
0.54,0.49,1,1,1,1,146,2,19.0,0,0,0.0,0,0
0.54,0.49,1,1,1,1,151,2,20.0,0,0,0.0,0,0
0.54,0.49,1,1,0,0,151,2,20.0,12,0,1.0,152,0
0.54,0.49,1,1,0,0,151,2,20.0,15,0,2.0,152,0
0.54,0.49,1,1,0,0,151,2,20.0,25,0,3.0,152,0
0.54,0.49,1,1,0,0,151,2,20.0,26,0,4.0,152,0
0.54,0.49,1,1,0,0,151,2,20.0,29,0,5.0,152,0
0.54,0.49,1,1,0,0,151,2,20.0,32,0,6.0,152,0
0.54,0.49,1,1,0,0,151,2,20.0,35,1,7.0,152,0
0.54,0.49,1,1,0,0,151,2,20.0,39,1,8.0,152,0
0.54,0.49,1,1,0,0,151,2,20.0,45,1,9.0,152,0
0.54,0.49,1,1,0,0,151,2,20.0,58,1,10.0,152,0
0.54,0.49,1,1,0,0,151,2,20.0,68,1,11.0,152,0
0.54,0.49,1,1,0,0,151,2,20.0,76,1,12.0,152,0
0.54,0.49,1,1,0,0,151,2,20.0,84,1,13.0,152,0
0.54,0.49,1,1,0,0,151,2,20.0,90,1,14.0,152,0
0.54,0.49,1,1,0,0,151,2,20.0,100,1,15.0,152,0
0.54,0.49,1,1,0,0,151,2,20.0,124,1,16.0,152,0
0.54,0.49,1,1,0,0,151,2,20.0,132,2,17.0,152,0
0.54,0.49,1,1,0,0,151,2,20.0,138,2,18.0,152,0
0.54,0.49,1,1,0,0,151,2,20.0,147,2,19.0,152,0
0.54,0.49,1,1,0,0,151,2,20.0,155,2,19.33,152,0
0.64,0.58,1,0,1,0,0,0,0.0,5,0,1.0,0,1
0.64,0.58,1,0,1,0,0,0,0.0,23,0,2.0,0,1
0.64,0.58,1,0,1,0,0,0,0.0,26,1,3.0,0,1
0.64,0.58,1,0,1,0,0,0,0.0,28,1,4.0,0,1
0.64,0.58,1,0,1,0,0,0,0.0,31,1,5.0,0,1
0.64,0.58,1,0,1,0,0,0,0.0,34,1,6.0,0,1
0.64,0.58,1,0,1,0,0,0,0.0,43,1,7.0,0,1
0.64,0.58,1,0,1,0,0,0,0.0,60,1,8.0,0,1
0.64,0.58,1,0,1,0,0,0,0.0,65,1,9.0,0,1
0.64,0.58,1,0,1,0,0,0,0.0,74,1,10.0,0,1
0.64,0.58,1,0,1,0,0,0,0.0,77,2,11.0,0,1
0.64,0.58,1,0,1,0,0,0,0.0,84,2,12.0,0,1
0.64,0.58,1,0,1,0,0,0,0.0,92,2,13.0,0,1
0.64,0.58,1,0,1,0,0,0,0.0,100,2,14.0,0,1
0.64,0.58,1,0,1,0,0,0,0.0,113,2,15.0,0,1
0.64,0.58,1,0,1,0,0,0,0.0,120,2,16.0,0,1
0.64,0.58,1,0,1,0,0,0,0.0,123,3,17.0,0,1
0.64,0.58,1,0,1,0,0,0,0.0,126,3,18.0,0,1
0.64,0.58,1,0,1,0,0,0,0.0,143,3,19.0,0,1
0.64,0.58,1,0,1,0,0,0,0.0,153,4,20.0,0,1
0.64,0.58,1,0,0,1,1,0,1.0,153,4,20.0,154,1
0.64,0.58,1,0,0,1,7,0,2.0,153,4,20.0,154,1
0.64,0.58,1,0,0,1,14,0,3.0,153,4,20.0,154,1
0.64,0.58,1,0,0,1,24,0,4.0,153,4,20.0,154,1
0.64,0.58,1,0,0,1,30,1,5.0,153,4,20.0,154,1
0.64,0.58,1,0,0,1,41,1,6.0,153,4,20.0,154,1
0.64,0.58,1,0,0,1,55,1,7.0,153,4,20.0,154,1
0.64,0.58,1,0,0,1,71,1,8.0,153,4,20.0,154,1
0.64,0.58,1,0,0,1,86,1,9.0,153,4,20.0,154,1
0.64,0.58,1,0,0,1,102,2,10.0,153,4,20.0,154,1
0.64,0.58,1,0,0,1,110,2,11.0,153,4,20.0,154,1
0.64,0.58,1,0,0,1,118,2,12.0,153,4,20.0,154,1
0.64,0.58,1,0,0,1,127,3,13.0,153,4,20.0,154,1
0.64,0.58,1,0,0,1,138,3,14.0,153,4,20.0,154,1
0.64,0.58,1,0,0,1,146,3,15.0,153,4,20.0,154,1
0.64,0.58,1,0,0,1,149,4,16.0,153,4,20.0,154,1
0.64,0.58,1,0,0,1,156,4,16.67,153,4,20.0,154,1
0.63,0.4,0,0,1,1,5,1,1.0,0,0,0.0,0,1
0.63,0.4,0,0,1,1,15,1,2.0,0,0,0.0,0,1
0.63,0.4,0,0,1,1,30,1,3.0,0,0,0.0,0,1
0.63,0.4,0,0,1,1,38,1,4.0,0,0,0.0,0,1
0.63,0.4,0,0,1,1,46,1,5.0,0,0,0.0,0,1
0.63,0.4,0,0,1,1,52,1,6.0,0,0,0.0,0,1
0.63,0.4,0,0,1,1,54,1,7.0,0,0,0.0,0,1
0.63,0.4,0,0,1,1,63,1,8.0,0,0,0.0,0,1
0.63,0.4,0,0,1,1,76,1,9.0,0,0,0.0,0,1
0.63,0.4,0,0,1,1,85,1,10.0,0,0,0.0,0,1
0.63,0.4,0,0,1,1,89,1,11.0,0,0,0.0,0,1
0.63,0.4,0,0,1,1,99,1,12.0,0,0,0.0,0,1
0.63,0.4,0,0,1,1,104,1,13.0,0,0,0.0,0,1
0.63,0.4,0,0,1,1,113,1,14.0,0,0,0.0,0,1
0.63,0.4,0,0,1,1,116,2,15.0,0,0,0.0,0,1
0.63,0.4,0,0,1,1,124,2,16.0,0,0,0.0,0,1
0.63,0.4,0,0,1,1,135,2,17.0,0,0,0.0,0,1
0.63,0.4,0,0,1,1,146,2,18.0,0,0,0.0,0,1
0.63,0.4,0,0,1,1,148,2,19.0,0,0,0.0,0,1
0.63,0.4,0,0,1,1,153,3,20.0,0,0,0.0,0,1
0.63,0.4,0,0,0,0,153,3,20.0,5,2,1.0,154,1
0.63,0.4,0,0,0,0,153,3,20.0,8,2,2.0,154,1
0.63,0.4,0,0,0,0,153,3,20.0,21,2,3.0,154,1
0.63,0.4,0,0,0,0,153,3,20.0,26,2,4.0,154,1
0.63,0.4,0,0,0,0,153,3,20.0,30,2,5.0,154,1
0.63,0.4,0,0,0,0,153,3,20.0,35,3,6.0,154,1
0.63,0.4,0,0,0,0,153,3,20.0,43,3,7.0,154,1
0.63,0.4,0,0,0,0,153,3,20.0,49,3,8.0,154,1
0.63,0.4,0,0,0,0,153,3,20.0,56,3,9.0,154,1
0.63,0.4,0,0,0,0,153,3,20.0,62,3,10.0,154,1
0.63,0.4,0,0,0,0,153,3,20.0,65,3,11.0,154,1
0.63,0.4,0,0,0,0,153,3,20.0,71,3,12.0,154,1
0.63,0.4,0,0,0,0,153,3,20.0,78,3,13.0,154,1
0.63,0.4,0,0,0,0,153,3,20.0,86,3,14.0,154,1
0.63,0.4,0,0,0,0,153,3,20.0,98,3,15.0,154,1
0.63,0.4,0,0,0,0,153,3,20.0,106,4,16.0,154,1
0.63,0.4,0,0,0,0,153,3,20.0,117,4,17.0,154,1
0.63,0.4,0,0,0,0,153,3,20.0,124,4,18.0,154,1
0.63,0.4,0,0,0,0,153,3,20.0,132,4,19.0,154,1
0.63,0.4,0,0,0,0,153,3,20.0,145,5,20.0,154,1
0.58,0.52,1,1,1,1,5,0,1.0,0,0,0.0,0,0
0.58,0.52,1,1,1,1,17,1,2.0,0,0,0.0,0,0
0.58,0.52,1,1,1,1,25,1,3.0,0,0,0.0,0,0
0.58,0.52,1,1,1,1,26,1,4.0,0,0,0.0,0,0
0.58,0.52,1,1,1,1,29,2,5.0,0,0,0.0,0,0
0.58,0.52,1,1,1,1,36,2,6.0,0,0,0.0,0,0
0.58,0.52,1,1,1,1,42,3,7.0,0,0,0.0,0,0
0.58,0.52,1,1,1,1,46,3,8.0,0,0,0.0,0,0
0.58,0.52,1,1,1,1,47,5,9.0,0,0,0.0,0,0
0.58,0.52,1,1,1,1,60,5,10.0,0,0,0.0,0,0
0.58,0.52,1,1,1,1,70,5,11.0,0,0,0.0,0,0
0.58,0.52,1,1,1,1,73,5,12.0,0,0,0.0,0,0
0.58,0.52,1,1,1,1,76,6,13.0,0,0,0.0,0,0
0.58,0.52,1,1,1,1,79,6,14.0,0,0,0.0,0,0
0.58,0.52,1,1,1,1,84,6,15.0,0,0,0.0,0,0
0.58,0.52,1,1,1,1,94,6,16.0,0,0,0.0,0,0
0.58,0.52,1,1,1,1,106,6,17.0,0,0,0.0,0,0
0.58,0.52,1,1,1,1,109,6,18.0,0,0,0.0,0,0
0.58,0.52,1,1,1,1,121,7,19.0,0,0,0.0,0,0
0.58,0.52,1,1,1,1,131,7,20.0,0,0,0.0,0,0
0.58,0.52,1,1,0,0,131,7,20.0,5,0,1.0,132,0
0.58,0.52,1,1,0,0,131,7,20.0,10,0,2.0,132,0
0.58,0.52,1,1,0,0,131,7,20.0,20,0,3.0,132,0
0.58,0.52,1,1,0,0,131,7,20.0,22,0,4.0,132,0
0.58,0.52,1,1,0,0,131,7,20.0,30,0,5.0,132,0
0.58,0.52,1,1,0,0,131,7,20.0,32,0,6.0,132,0
0.58,0.52,1,1,0,0,131,7,20.0,40,0,7.0,132,0
0.58,0.52,1,1,0,0,131,7,20.0,50,1,8.0,132,0
0.58,0.52,1,1,0,0,131,7,20.0,63,1,9.0,132,0
0.58,0.52,1,1,0,0,131,7,20.0,65,2,10.0,132,0
0.58,0.52,1,1,0,0,131,7,20.0,74,2,11.0,132,0
0.58,0.52,1,1,0,0,131,7,20.0,82,2,12.0,132,0
0.58,0.52,1,1,0,0,131,7,20.0,88,2,13.0,132,0
0.58,0.52,1,1,0,0,131,7,20.0,92,2,14.0,132,0
0.58,0.52,1,1,0,0,131,7,20.0,97,2,15.0,132,0
0.58,0.52,1,1,0,0,131,7,20.0,103,2,16.0,132,0
0.58,0.52,1,1,0,0,131,7,20.0,111,2,17.0,132,0
0.58,0.52,1,1,0,0,131,7,20.0,119,3,18.0,132,0
0.58,0.52,1,1,0,0,131,7,20.0,133,4,19.0,132,0
0.43,0.39,1,0,1,0,0,0,0.0,5,0,1.0,0,1
0.43,0.39,1,0,1,0,0,0,0.0,12,0,2.0,0,1
0.43,0.39,1,0,1,0,0,0,0.0,24,0,3.0,0,1
0.43,0.39,1,0,1,0,0,0,0.0,25,1,4.0,0,1
0.43,0.39,1,0,1,0,0,0,0.0,28,1,5.0,0,1
0.43,0.39,1,0,1,0,0,0,0.0,34,1,6.0,0,1
0.43,0.39,1,0,1,0,0,0,0.0,39,2,7.0,0,1
0.43,0.39,1,0,1,0,0,0,0.0,44,2,8.0,0,1
0.43,0.39,1,0,1,0,0,0,0.0,50,2,9.0,0,1
0.43,0.39,1,0,1,0,0,0,0.0,53,3,10.0,0,1
0.43,0.39,1,0,1,0,0,0,0.0,61,3,11.0,0,1
0.43,0.39,1,0,1,0,0,0,0.0,73,3,12.0,0,1
0.43,0.39,1,0,1,0,0,0,0.0,81,3,13.0,0,1
0.43,0.39,1,0,1,0,0,0,0.0,86,3,14.0,0,1
0.43,0.39,1,0,1,0,0,0,0.0,99,3,15.0,0,1
0.43,0.39,1,0,1,0,0,0,0.0,105,3,16.0,0,1
0.43,0.39,1,0,1,0,0,0,0.0,115,3,17.0,0,1
0.43,0.39,1,0,1,0,0,0,0.0,121,5,18.0,0,1
0.43,0.39,1,0,1,0,0,0,0.0,131,6,19.0,0,1
0.43,0.39,1,0,1,0,0,0,0.0,133,6,20.0,0,1
0.43,0.39,1,0,0,1,17,0,1.0,133,6,20.0,134,1
0.43,0.39,1,0,0,1,22,1,2.0,133,6,20.0,134,1
0.43,0.39,1,0,0,1,25,1,3.0,133,6,20.0,134,1
0.43,0.39,1,0,0,1,34,1,4.0,133,6,20.0,134,1
0.43,0.39,1,0,0,1,44,1,5.0,133,6,20.0,134,1
0.43,0.39,1,0,0,1,52,1,6.0,133,6,20.0,134,1
0.43,0.39,1,0,0,1,62,1,7.0,133,6,20.0,134,1
0.43,0.39,1,0,0,1,71,1,8.0,133,6,20.0,134,1
0.43,0.39,1,0,0,1,81,2,9.0,133,6,20.0,134,1
0.43,0.39,1,0,0,1,86,2,10.0,133,6,20.0,134,1
0.43,0.39,1,0,0,1,90,2,11.0,133,6,20.0,134,1
0.43,0.39,1,0,0,1,92,3,12.0,133,6,20.0,134,1
0.43,0.39,1,0,0,1,100,3,13.0,133,6,20.0,134,1
0.43,0.39,1,0,0,1,103,3,14.0,133,6,20.0,134,1
0.43,0.39,1,0,0,1,110,3,15.0,133,6,20.0,134,1
0.43,0.39,1,0,0,1,111,5,16.0,133,6,20.0,134,1
0.43,0.39,1,0,0,1,128,5,17.0,133,6,20.0,134,1
0.43,0.39,1,0,0,1,130,5,18.0,133,6,20.0,134,1
0.43,0.39,1,0,0,1,136,5,18.67,133,6,20.0,134,1
0.37,0.59,0,0,1,1,5,0,1.0,0,0,0.0,0,0
0.37,0.59,0,0,1,1,8,0,2.0,0,0,0.0,0,0
0.37,0.59,0,0,1,1,9,0,3.0,0,0,0.0,0,0
0.37,0.59,0,0,1,1,11,0,4.0,0,0,0.0,0,0
0.37,0.59,0,0,1,1,18,0,5.0,0,0,0.0,0,0
0.37,0.59,0,0,1,1,20,0,6.0,0,0,0.0,0,0
0.37,0.59,0,0,1,1,27,0,7.0,0,0,0.0,0,0
0.37,0.59,0,0,1,1,30,0,8.0,0,0,0.0,0,0
0.37,0.59,0,0,1,1,46,0,9.0,0,0,0.0,0,0
0.37,0.59,0,0,1,1,51,1,10.0,0,0,0.0,0,0
0.37,0.59,0,0,1,1,59,2,11.0,0,0,0.0,0,0
0.37,0.59,0,0,1,1,62,2,12.0,0,0,0.0,0,0
0.37,0.59,0,0,1,1,67,2,13.0,0,0,0.0,0,0
0.37,0.59,0,0,1,1,71,2,14.0,0,0,0.0,0,0
0.37,0.59,0,0,1,1,79,3,15.0,0,0,0.0,0,0
0.37,0.59,0,0,1,1,80,3,16.0,0,0,0.0,0,0
0.37,0.59,0,0,1,1,87,3,17.0,0,0,0.0,0,0
0.37,0.59,0,0,1,1,96,5,18.0,0,0,0.0,0,0
0.37,0.59,0,0,1,1,104,6,19.0,0,0,0.0,0,0
0.37,0.59,0,0,1,1,109,6,20.0,0,0,0.0,0,0
0.37,0.59,0,0,0,0,109,6,20.0,10,0,1.0,110,0
0.37,0.59,0,0,0,0,109,6,20.0,18,0,2.0,110,0
0.37,0.59,0,0,0,0,109,6,20.0,23,1,3.0,110,0
0.37,0.59,0,0,0,0,109,6,20.0,32,1,4.0,110,0
0.37,0.59,0,0,0,0,109,6,20.0,41,1,5.0,110,0
0.37,0.59,0,0,0,0,109,6,20.0,48,1,6.0,110,0
0.37,0.59,0,0,0,0,109,6,20.0,58,1,7.0,110,0
0.37,0.59,0,0,0,0,109,6,20.0,62,1,8.0,110,0
0.37,0.59,0,0,0,0,109,6,20.0,74,1,9.0,110,0
0.37,0.59,0,0,0,0,109,6,20.0,84,1,10.0,110,0
0.37,0.59,0,0,0,0,109,6,20.0,88,1,11.0,110,0
0.37,0.59,0,0,0,0,109,6,20.0,92,1,12.0,110,0
0.37,0.59,0,0,0,0,109,6,20.0,105,2,13.0,110,0
0.37,0.59,0,0,0,0,109,6,20.0,110,2,13.5,110,0
0.64,0.65,0,1,1,0,0,0,0.0,0,0,1.0,0,0
0.64,0.65,0,1,1,0,0,0,0.0,2,0,2.0,0,0
0.64,0.65,0,1,1,0,0,0,0.0,14,0,3.0,0,0
0.64,0.65,0,1,1,0,0,0,0.0,20,0,4.0,0,0
0.64,0.65,0,1,1,0,0,0,0.0,33,0,5.0,0,0
0.64,0.65,0,1,1,0,0,0,0.0,38,0,6.0,0,0
0.64,0.65,0,1,1,0,0,0,0.0,45,0,7.0,0,0
0.64,0.65,0,1,1,0,0,0,0.0,53,0,8.0,0,0
0.64,0.65,0,1,1,0,0,0,0.0,63,0,9.0,0,0
0.64,0.65,0,1,1,0,0,0,0.0,78,0,10.0,0,0
0.64,0.65,0,1,1,0,0,0,0.0,87,0,11.0,0,0
0.64,0.65,0,1,1,0,0,0,0.0,98,0,12.0,0,0
0.64,0.65,0,1,1,0,0,0,0.0,103,0,13.0,0,0
0.64,0.65,0,1,1,0,0,0,0.0,113,1,14.0,0,0
0.64,0.65,0,1,1,0,0,0,0.0,126,1,15.0,0,0
0.64,0.65,0,1,1,0,0,0,0.0,134,2,16.0,0,0
0.64,0.65,0,1,1,0,0,0,0.0,134,4,17.0,0,0
0.64,0.65,0,1,1,0,0,0,0.0,141,4,18.0,0,0
0.64,0.65,0,1,1,0,0,0,0.0,146,4,19.0,0,0
0.64,0.65,0,1,1,0,0,0,0.0,149,4,20.0,0,0
0.64,0.65,0,1,0,1,11,0,1.0,149,4,20.0,150,0
0.64,0.65,0,1,0,1,20,0,2.0,149,4,20.0,150,0
0.64,0.65,0,1,0,1,24,0,3.0,149,4,20.0,150,0
0.64,0.65,0,1,0,1,26,0,4.0,149,4,20.0,150,0
0.64,0.65,0,1,0,1,32,0,5.0,149,4,20.0,150,0
0.64,0.65,0,1,0,1,36,1,6.0,149,4,20.0,150,0
0.64,0.65,0,1,0,1,38,1,7.0,149,4,20.0,150,0
0.64,0.65,0,1,0,1,46,2,8.0,149,4,20.0,150,0
0.64,0.65,0,1,0,1,53,3,9.0,149,4,20.0,150,0
0.64,0.65,0,1,0,1,62,3,10.0,149,4,20.0,150,0
0.64,0.65,0,1,0,1,69,3,11.0,149,4,20.0,150,0
0.64,0.65,0,1,0,1,70,3,12.0,149,4,20.0,150,0
0.64,0.65,0,1,0,1,74,4,13.0,149,4,20.0,150,0
0.64,0.65,0,1,0,1,87,4,14.0,149,4,20.0,150,0
0.64,0.65,0,1,0,1,94,4,15.0,149,4,20.0,150,0
0.64,0.65,0,1,0,1,100,4,16.0,149,4,20.0,150,0
0.64,0.65,0,1,0,1,110,4,17.0,149,4,20.0,150,0
0.64,0.65,0,1,0,1,121,4,18.0,149,4,20.0,150,0
0.64,0.65,0,1,0,1,127,4,19.0,149,4,20.0,150,0
0.64,0.65,0,1,0,1,144,4,20.0,149,4,20.0,150,0
0.37,0.4,1,0,1,0,0,0,0.0,7,0,1.0,0,0
0.37,0.4,1,0,1,0,0,0,0.0,20,0,2.0,0,0
0.37,0.4,1,0,1,0,0,0,0.0,23,0,3.0,0,0
0.37,0.4,1,0,1,0,0,0,0.0,27,1,4.0,0,0
0.37,0.4,1,0,1,0,0,0,0.0,33,2,5.0,0,0
0.37,0.4,1,0,1,0,0,0,0.0,40,2,6.0,0,0
0.37,0.4,1,0,1,0,0,0,0.0,48,2,7.0,0,0
0.37,0.4,1,0,1,0,0,0,0.0,60,2,8.0,0,0
0.37,0.4,1,0,1,0,0,0,0.0,64,2,9.0,0,0
0.37,0.4,1,0,1,0,0,0,0.0,70,2,10.0,0,0
0.37,0.4,1,0,1,0,0,0,0.0,77,2,11.0,0,0
0.37,0.4,1,0,1,0,0,0,0.0,78,2,12.0,0,0
0.37,0.4,1,0,1,0,0,0,0.0,85,2,13.0,0,0
0.37,0.4,1,0,1,0,0,0,0.0,94,2,14.0,0,0
0.37,0.4,1,0,1,0,0,0,0.0,100,2,15.0,0,0
0.37,0.4,1,0,1,0,0,0,0.0,109,2,16.0,0,0
0.37,0.4,1,0,1,0,0,0,0.0,120,2,17.0,0,0
0.37,0.4,1,0,1,0,0,0,0.0,125,2,18.0,0,0
0.37,0.4,1,0,1,0,0,0,0.0,138,2,19.0,0,0
0.37,0.4,1,0,1,0,0,0,0.0,145,2,20.0,0,0
0.37,0.4,1,0,0,1,5,2,1.0,145,2,20.0,146,0
0.37,0.4,1,0,0,1,8,2,2.0,145,2,20.0,146,0
0.37,0.4,1,0,0,1,16,2,3.0,145,2,20.0,146,0
0.37,0.4,1,0,0,1,21,2,4.0,145,2,20.0,146,0
0.37,0.4,1,0,0,1,30,2,5.0,145,2,20.0,146,0
0.37,0.4,1,0,0,1,34,3,6.0,145,2,20.0,146,0
0.37,0.4,1,0,0,1,46,3,7.0,145,2,20.0,146,0
0.37,0.4,1,0,0,1,61,4,8.0,145,2,20.0,146,0
0.37,0.4,1,0,0,1,66,5,9.0,145,2,20.0,146,0
0.37,0.4,1,0,0,1,68,6,10.0,145,2,20.0,146,0
0.37,0.4,1,0,0,1,69,7,11.0,145,2,20.0,146,0
0.37,0.4,1,0,0,1,78,7,12.0,145,2,20.0,146,0
0.37,0.4,1,0,0,1,83,7,13.0,145,2,20.0,146,0
0.37,0.4,1,0,0,1,91,7,14.0,145,2,20.0,146,0
0.37,0.4,1,0,0,1,103,7,15.0,145,2,20.0,146,0
0.37,0.4,1,0,0,1,113,7,16.0,145,2,20.0,146,0
0.37,0.4,1,0,0,1,121,7,17.0,145,2,20.0,146,0
0.37,0.4,1,0,0,1,124,9,18.0,145,2,20.0,146,0
0.37,0.4,1,0,0,1,132,10,19.0,145,2,20.0,146,0
0.52,0.36,0,1,1,0,0,0,0.0,3,1,1.0,0,1
0.52,0.36,0,1,1,0,0,0,0.0,9,1,2.0,0,1
0.52,0.36,0,1,1,0,0,0,0.0,15,2,3.0,0,1
0.52,0.36,0,1,1,0,0,0,0.0,17,4,4.0,0,1
0.52,0.36,0,1,1,0,0,0,0.0,26,4,5.0,0,1
0.52,0.36,0,1,1,0,0,0,0.0,30,4,6.0,0,1
0.52,0.36,0,1,1,0,0,0,0.0,34,5,7.0,0,1
0.52,0.36,0,1,1,0,0,0,0.0,42,5,8.0,0,1
0.52,0.36,0,1,1,0,0,0,0.0,45,5,9.0,0,1
0.52,0.36,0,1,1,0,0,0,0.0,63,5,10.0,0,1
0.52,0.36,0,1,1,0,0,0,0.0,64,6,11.0,0,1
0.52,0.36,0,1,1,0,0,0,0.0,70,7,12.0,0,1
0.52,0.36,0,1,1,0,0,0,0.0,76,7,13.0,0,1
0.52,0.36,0,1,1,0,0,0,0.0,78,8,14.0,0,1
0.52,0.36,0,1,1,0,0,0,0.0,81,8,15.0,0,1
0.52,0.36,0,1,1,0,0,0,0.0,93,9,16.0,0,1
0.52,0.36,0,1,1,0,0,0,0.0,95,9,17.0,0,1
0.52,0.36,0,1,1,0,0,0,0.0,101,9,18.0,0,1
0.52,0.36,0,1,1,0,0,0,0.0,110,9,19.0,0,1
0.52,0.36,0,1,1,0,0,0,0.0,117,9,20.0,0,1
0.52,0.36,0,1,0,1,7,0,1.0,117,9,20.0,118,1
0.52,0.36,0,1,0,1,25,0,2.0,117,9,20.0,118,1
0.52,0.36,0,1,0,1,33,0,3.0,117,9,20.0,118,1
0.52,0.36,0,1,0,1,42,0,4.0,117,9,20.0,118,1
0.52,0.36,0,1,0,1,54,1,5.0,117,9,20.0,118,1
0.52,0.36,0,1,0,1,62,1,6.0,117,9,20.0,118,1
0.52,0.36,0,1,0,1,68,1,7.0,117,9,20.0,118,1
0.52,0.36,0,1,0,1,71,1,8.0,117,9,20.0,118,1
0.52,0.36,0,1,0,1,80,2,9.0,117,9,20.0,118,1
0.52,0.36,0,1,0,1,95,2,10.0,117,9,20.0,118,1
0.52,0.36,0,1,0,1,101,3,11.0,117,9,20.0,118,1
0.52,0.36,0,1,0,1,111,3,12.0,117,9,20.0,118,1
0.52,0.36,0,1,0,1,118,3,12.83,117,9,20.0,118,1
0.57,0.62,0,0,1,1,7,0,1.0,0,0,0.0,0,0
0.57,0.62,0,0,1,1,14,1,2.0,0,0,0.0,0,0
0.57,0.62,0,0,1,1,25,1,3.0,0,0,0.0,0,0
0.57,0.62,0,0,1,1,41,1,4.0,0,0,0.0,0,0
0.57,0.62,0,0,1,1,48,1,5.0,0,0,0.0,0,0
0.57,0.62,0,0,1,1,57,1,6.0,0,0,0.0,0,0
0.57,0.62,0,0,1,1,63,1,7.0,0,0,0.0,0,0
0.57,0.62,0,0,1,1,66,1,8.0,0,0,0.0,0,0
0.57,0.62,0,0,1,1,79,1,9.0,0,0,0.0,0,0
0.57,0.62,0,0,1,1,86,1,10.0,0,0,0.0,0,0
0.57,0.62,0,0,1,1,91,2,11.0,0,0,0.0,0,0
0.57,0.62,0,0,1,1,98,2,12.0,0,0,0.0,0,0
0.57,0.62,0,0,1,1,100,4,13.0,0,0,0.0,0,0
0.57,0.62,0,0,1,1,105,4,14.0,0,0,0.0,0,0
0.57,0.62,0,0,1,1,106,5,15.0,0,0,0.0,0,0
0.57,0.62,0,0,1,1,111,6,16.0,0,0,0.0,0,0
0.57,0.62,0,0,1,1,122,6,17.0,0,0,0.0,0,0
0.57,0.62,0,0,1,1,125,7,18.0,0,0,0.0,0,0
0.57,0.62,0,0,1,1,132,8,19.0,0,0,0.0,0,0
0.57,0.62,0,0,1,1,140,8,20.0,0,0,0.0,0,0
0.57,0.62,0,0,0,0,140,8,20.0,2,2,1.0,141,0
0.57,0.62,0,0,0,0,140,8,20.0,11,3,2.0,141,0
0.57,0.62,0,0,0,0,140,8,20.0,15,3,3.0,141,0
0.57,0.62,0,0,0,0,140,8,20.0,23,3,4.0,141,0
0.57,0.62,0,0,0,0,140,8,20.0,33,3,5.0,141,0
0.57,0.62,0,0,0,0,140,8,20.0,40,3,6.0,141,0
0.57,0.62,0,0,0,0,140,8,20.0,50,4,7.0,141,0
0.57,0.62,0,0,0,0,140,8,20.0,61,4,8.0,141,0
0.57,0.62,0,0,0,0,140,8,20.0,70,4,9.0,141,0
0.57,0.62,0,0,0,0,140,8,20.0,72,4,10.0,141,0
0.57,0.62,0,0,0,0,140,8,20.0,76,6,11.0,141,0
0.57,0.62,0,0,0,0,140,8,20.0,83,6,12.0,141,0
0.57,0.62,0,0,0,0,140,8,20.0,89,6,13.0,141,0
0.57,0.62,0,0,0,0,140,8,20.0,97,6,14.0,141,0
0.57,0.62,0,0,0,0,140,8,20.0,109,6,15.0,141,0
0.57,0.62,0,0,0,0,140,8,20.0,111,7,16.0,141,0
0.57,0.62,0,0,0,0,140,8,20.0,115,8,17.0,141,0
0.57,0.62,0,0,0,0,140,8,20.0,123,8,18.0,141,0
0.57,0.62,0,0,0,0,140,8,20.0,133,8,19.0,141,0
0.57,0.62,0,0,0,0,140,8,20.0,141,8,19.67,141,0
0.49,0.47,0,0,1,1,9,0,1.0,0,0,0.0,0,1
0.49,0.47,0,0,1,1,17,0,2.0,0,0,0.0,0,1
0.49,0.47,0,0,1,1,19,0,3.0,0,0,0.0,0,1
0.49,0.47,0,0,1,1,24,0,4.0,0,0,0.0,0,1
0.49,0.47,0,0,1,1,39,0,5.0,0,0,0.0,0,1
0.49,0.47,0,0,1,1,45,0,6.0,0,0,0.0,0,1
0.49,0.47,0,0,1,1,55,0,7.0,0,0,0.0,0,1
0.49,0.47,0,0,1,1,57,0,8.0,0,0,0.0,0,1
0.49,0.47,0,0,1,1,73,0,9.0,0,0,0.0,0,1
0.49,0.47,0,0,1,1,84,1,10.0,0,0,0.0,0,1
0.49,0.47,0,0,1,1,86,2,11.0,0,0,0.0,0,1
0.49,0.47,0,0,1,1,102,2,12.0,0,0,0.0,0,1
0.49,0.47,0,0,1,1,105,3,13.0,0,0,0.0,0,1
0.49,0.47,0,0,1,1,123,3,14.0,0,0,0.0,0,1
0.49,0.47,0,0,1,1,135,3,15.0,0,0,0.0,0,1
0.49,0.47,0,0,1,1,137,3,16.0,0,0,0.0,0,1
0.49,0.47,0,0,1,1,141,3,17.0,0,0,0.0,0,1
0.49,0.47,0,0,1,1,147,4,18.0,0,0,0.0,0,1
0.49,0.47,0,0,1,1,152,5,19.0,0,0,0.0,0,1
0.49,0.47,0,0,1,1,154,6,20.0,0,0,0.0,0,1
0.49,0.47,0,0,0,0,154,6,20.0,5,0,1.0,155,1
0.49,0.47,0,0,0,0,154,6,20.0,8,0,2.0,155,1
0.49,0.47,0,0,0,0,154,6,20.0,10,0,3.0,155,1
0.49,0.47,0,0,0,0,154,6,20.0,25,0,4.0,155,1
0.49,0.47,0,0,0,0,154,6,20.0,34,0,5.0,155,1
0.49,0.47,0,0,0,0,154,6,20.0,40,0,6.0,155,1
0.49,0.47,0,0,0,0,154,6,20.0,51,0,7.0,155,1
0.49,0.47,0,0,0,0,154,6,20.0,55,1,8.0,155,1
0.49,0.47,0,0,0,0,154,6,20.0,61,1,9.0,155,1
0.49,0.47,0,0,0,0,154,6,20.0,72,1,10.0,155,1
0.49,0.47,0,0,0,0,154,6,20.0,75,1,11.0,155,1
0.49,0.47,0,0,0,0,154,6,20.0,86,1,12.0,155,1
0.49,0.47,0,0,0,0,154,6,20.0,95,1,13.0,155,1
0.49,0.47,0,0,0,0,154,6,20.0,97,1,14.0,155,1
0.49,0.47,0,0,0,0,154,6,20.0,101,1,15.0,155,1
0.49,0.47,0,0,0,0,154,6,20.0,106,1,16.0,155,1
0.49,0.47,0,0,0,0,154,6,20.0,121,2,17.0,155,1
0.49,0.47,0,0,0,0,154,6,20.0,137,2,18.0,155,1
0.49,0.47,0,0,0,0,154,6,20.0,147,2,19.0,155,1
0.49,0.47,0,0,0,0,154,6,20.0,151,2,20.0,155,1
0.55,0.46,0,1,1,0,0,0,0.0,5,0,1.0,0,1
0.55,0.46,0,1,1,0,0,0,0.0,10,0,2.0,0,1
0.55,0.46,0,1,1,0,0,0,0.0,15,0,3.0,0,1
0.55,0.46,0,1,1,0,0,0,0.0,19,0,4.0,0,1
0.55,0.46,0,1,1,0,0,0,0.0,22,0,5.0,0,1
0.55,0.46,0,1,1,0,0,0,0.0,25,0,6.0,0,1
0.55,0.46,0,1,1,0,0,0,0.0,28,0,7.0,0,1
0.55,0.46,0,1,1,0,0,0,0.0,35,0,8.0,0,1
0.55,0.46,0,1,1,0,0,0,0.0,39,0,9.0,0,1
0.55,0.46,0,1,1,0,0,0,0.0,44,0,10.0,0,1
0.55,0.46,0,1,1,0,0,0,0.0,47,1,11.0,0,1
0.55,0.46,0,1,1,0,0,0,0.0,47,2,12.0,0,1
0.55,0.46,0,1,1,0,0,0,0.0,51,2,13.0,0,1
0.55,0.46,0,1,1,0,0,0,0.0,54,3,14.0,0,1
0.55,0.46,0,1,1,0,0,0,0.0,62,4,15.0,0,1
0.55,0.46,0,1,1,0,0,0,0.0,71,4,16.0,0,1
0.55,0.46,0,1,1,0,0,0,0.0,78,4,17.0,0,1
0.55,0.46,0,1,1,0,0,0,0.0,83,5,18.0,0,1
0.55,0.46,0,1,1,0,0,0,0.0,86,5,19.0,0,1
0.55,0.46,0,1,1,0,0,0,0.0,90,6,20.0,0,1
0.55,0.46,0,1,0,1,8,0,1.0,90,6,20.0,91,1
0.55,0.46,0,1,0,1,12,0,2.0,90,6,20.0,91,1
0.55,0.46,0,1,0,1,18,0,3.0,90,6,20.0,91,1
0.55,0.46,0,1,0,1,28,0,4.0,90,6,20.0,91,1
0.55,0.46,0,1,0,1,38,0,5.0,90,6,20.0,91,1
0.55,0.46,0,1,0,1,43,0,6.0,90,6,20.0,91,1
0.55,0.46,0,1,0,1,63,0,7.0,90,6,20.0,91,1
0.55,0.46,0,1,0,1,67,0,8.0,90,6,20.0,91,1
0.55,0.46,0,1,0,1,75,0,9.0,90,6,20.0,91,1
0.55,0.46,0,1,0,1,76,0,10.0,90,6,20.0,91,1
0.55,0.46,0,1,0,1,80,0,11.0,90,6,20.0,91,1
0.55,0.46,0,1,0,1,89,1,12.0,90,6,20.0,91,1
0.55,0.46,0,1,0,1,91,1,12.5,90,6,20.0,91,1
0.46,0.53,0,0,1,1,8,0,1.0,0,0,0.0,0,0
0.46,0.53,0,0,1,1,15,0,2.0,0,0,0.0,0,0
0.46,0.53,0,0,1,1,19,0,3.0,0,0,0.0,0,0
0.46,0.53,0,0,1,1,28,1,4.0,0,0,0.0,0,0
0.46,0.53,0,0,1,1,29,1,5.0,0,0,0.0,0,0
0.46,0.53,0,0,1,1,39,1,6.0,0,0,0.0,0,0
0.46,0.53,0,0,1,1,39,2,7.0,0,0,0.0,0,0
0.46,0.53,0,0,1,1,47,2,8.0,0,0,0.0,0,0
0.46,0.53,0,0,1,1,53,2,9.0,0,0,0.0,0,0
0.46,0.53,0,0,1,1,67,2,10.0,0,0,0.0,0,0
0.46,0.53,0,0,1,1,76,2,11.0,0,0,0.0,0,0
0.46,0.53,0,0,1,1,83,2,12.0,0,0,0.0,0,0
0.46,0.53,0,0,1,1,92,2,13.0,0,0,0.0,0,0
0.46,0.53,0,0,1,1,99,2,14.0,0,0,0.0,0,0
0.46,0.53,0,0,1,1,109,2,15.0,0,0,0.0,0,0
0.46,0.53,0,0,1,1,118,2,16.0,0,0,0.0,0,0
0.46,0.53,0,0,1,1,123,2,17.0,0,0,0.0,0,0
0.46,0.53,0,0,1,1,129,2,18.0,0,0,0.0,0,0
0.46,0.53,0,0,1,1,135,2,19.0,0,0,0.0,0,0
0.46,0.53,0,0,1,1,136,2,20.0,0,0,0.0,0,0
0.46,0.53,0,0,0,0,136,2,20.0,6,0,1.0,137,0
0.46,0.53,0,0,0,0,136,2,20.0,11,1,2.0,137,0
0.46,0.53,0,0,0,0,136,2,20.0,21,1,3.0,137,0
0.46,0.53,0,0,0,0,136,2,20.0,30,1,4.0,137,0
0.46,0.53,0,0,0,0,136,2,20.0,34,1,5.0,137,0
0.46,0.53,0,0,0,0,136,2,20.0,38,2,6.0,137,0
0.46,0.53,0,0,0,0,136,2,20.0,40,2,7.0,137,0
0.46,0.53,0,0,0,0,136,2,20.0,49,2,8.0,137,0
0.46,0.53,0,0,0,0,136,2,20.0,57,3,9.0,137,0
0.46,0.53,0,0,0,0,136,2,20.0,64,3,10.0,137,0
0.46,0.53,0,0,0,0,136,2,20.0,70,3,11.0,137,0
0.46,0.53,0,0,0,0,136,2,20.0,80,3,12.0,137,0
0.46,0.53,0,0,0,0,136,2,20.0,88,3,13.0,137,0
0.46,0.53,0,0,0,0,136,2,20.0,96,3,14.0,137,0
0.46,0.53,0,0,0,0,136,2,20.0,108,4,15.0,137,0
0.46,0.53,0,0,0,0,136,2,20.0,119,4,16.0,137,0
0.46,0.53,0,0,0,0,136,2,20.0,122,4,17.0,137,0
0.46,0.53,0,0,0,0,136,2,20.0,129,4,18.0,137,0
0.46,0.53,0,0,0,0,136,2,20.0,138,5,19.0,137,0
0.6,0.46,1,0,1,0,0,0,0.0,2,0,1.0,0,1
0.6,0.46,1,0,1,0,0,0,0.0,7,0,2.0,0,1
0.6,0.46,1,0,1,0,0,0,0.0,13,0,3.0,0,1
0.6,0.46,1,0,1,0,0,0,0.0,17,0,4.0,0,1
0.6,0.46,1,0,1,0,0,0,0.0,20,0,5.0,0,1
0.6,0.46,1,0,1,0,0,0,0.0,36,0,6.0,0,1
0.6,0.46,1,0,1,0,0,0,0.0,52,1,7.0,0,1
0.6,0.46,1,0,1,0,0,0,0.0,59,1,8.0,0,1
0.6,0.46,1,0,1,0,0,0,0.0,67,2,9.0,0,1
0.6,0.46,1,0,1,0,0,0,0.0,71,3,10.0,0,1
0.6,0.46,1,0,1,0,0,0,0.0,75,3,11.0,0,1
0.6,0.46,1,0,1,0,0,0,0.0,79,4,12.0,0,1
0.6,0.46,1,0,1,0,0,0,0.0,82,4,13.0,0,1
0.6,0.46,1,0,1,0,0,0,0.0,86,4,14.0,0,1
0.6,0.46,1,0,1,0,0,0,0.0,98,4,15.0,0,1
0.6,0.46,1,0,1,0,0,0,0.0,109,4,16.0,0,1
0.6,0.46,1,0,1,0,0,0,0.0,115,4,17.0,0,1
0.6,0.46,1,0,1,0,0,0,0.0,119,4,18.0,0,1
0.6,0.46,1,0,1,0,0,0,0.0,122,5,19.0,0,1
0.6,0.46,1,0,1,0,0,0,0.0,129,5,20.0,0,1
0.6,0.46,1,0,0,1,7,0,1.0,129,5,20.0,130,1
0.6,0.46,1,0,0,1,15,0,2.0,129,5,20.0,130,1
0.6,0.46,1,0,0,1,22,0,3.0,129,5,20.0,130,1
0.6,0.46,1,0,0,1,33,0,4.0,129,5,20.0,130,1
0.6,0.46,1,0,0,1,38,0,5.0,129,5,20.0,130,1
0.6,0.46,1,0,0,1,46,0,6.0,129,5,20.0,130,1
0.6,0.46,1,0,0,1,57,0,7.0,129,5,20.0,130,1
0.6,0.46,1,0,0,1,59,1,8.0,129,5,20.0,130,1
0.6,0.46,1,0,0,1,62,1,9.0,129,5,20.0,130,1
0.6,0.46,1,0,0,1,77,1,10.0,129,5,20.0,130,1
0.6,0.46,1,0,0,1,88,1,11.0,129,5,20.0,130,1
0.6,0.46,1,0,0,1,99,1,12.0,129,5,20.0,130,1
0.6,0.46,1,0,0,1,114,2,13.0,129,5,20.0,130,1
0.6,0.46,1,0,0,1,124,2,14.0,129,5,20.0,130,1
0.6,0.46,1,0,0,1,128,2,15.0,129,5,20.0,130,1
0.6,0.46,1,0,0,1,130,2,15.5,129,5,20.0,130,1
0.43,0.44,1,1,1,1,13,0,1.0,0,0,0.0,0,1
0.43,0.44,1,1,1,1,16,0,2.0,0,0,0.0,0,1
0.43,0.44,1,1,1,1,18,3,3.0,0,0,0.0,0,1
0.43,0.44,1,1,1,1,26,3,4.0,0,0,0.0,0,1
0.43,0.44,1,1,1,1,37,3,5.0,0,0,0.0,0,1
0.43,0.44,1,1,1,1,42,3,6.0,0,0,0.0,0,1
0.43,0.44,1,1,1,1,45,4,7.0,0,0,0.0,0,1
0.43,0.44,1,1,1,1,48,4,8.0,0,0,0.0,0,1
0.43,0.44,1,1,1,1,57,4,9.0,0,0,0.0,0,1
0.43,0.44,1,1,1,1,71,4,10.0,0,0,0.0,0,1
0.43,0.44,1,1,1,1,75,5,11.0,0,0,0.0,0,1
0.43,0.44,1,1,1,1,87,5,12.0,0,0,0.0,0,1
0.43,0.44,1,1,1,1,101,5,13.0,0,0,0.0,0,1
0.43,0.44,1,1,1,1,107,5,14.0,0,0,0.0,0,1
0.43,0.44,1,1,1,1,112,5,15.0,0,0,0.0,0,1
0.43,0.44,1,1,1,1,120,5,16.0,0,0,0.0,0,1
0.43,0.44,1,1,1,1,130,5,17.0,0,0,0.0,0,1
0.43,0.44,1,1,1,1,139,5,18.0,0,0,0.0,0,1
0.43,0.44,1,1,1,1,148,5,19.0,0,0,0.0,0,1
0.43,0.44,1,1,1,1,162,5,20.0,0,0,0.0,0,1
0.43,0.44,1,1,0,0,162,5,20.0,10,0,1.0,163,1
0.43,0.44,1,1,0,0,162,5,20.0,22,0,2.0,163,1
0.43,0.44,1,1,0,0,162,5,20.0,32,0,3.0,163,1
0.43,0.44,1,1,0,0,162,5,20.0,34,1,4.0,163,1
0.43,0.44,1,1,0,0,162,5,20.0,35,1,5.0,163,1
0.43,0.44,1,1,0,0,162,5,20.0,44,1,6.0,163,1
0.43,0.44,1,1,0,0,162,5,20.0,48,2,7.0,163,1
0.43,0.44,1,1,0,0,162,5,20.0,51,2,8.0,163,1
0.43,0.44,1,1,0,0,162,5,20.0,54,3,9.0,163,1
0.43,0.44,1,1,0,0,162,5,20.0,59,3,10.0,163,1
0.43,0.44,1,1,0,0,162,5,20.0,73,3,11.0,163,1
0.43,0.44,1,1,0,0,162,5,20.0,82,3,12.0,163,1
0.43,0.44,1,1,0,0,162,5,20.0,90,3,13.0,163,1
0.43,0.44,1,1,0,0,162,5,20.0,92,3,14.0,163,1
0.43,0.44,1,1,0,0,162,5,20.0,103,3,15.0,163,1
0.43,0.44,1,1,0,0,162,5,20.0,115,3,16.0,163,1
0.43,0.44,1,1,0,0,162,5,20.0,124,3,17.0,163,1
0.43,0.44,1,1,0,0,162,5,20.0,132,3,18.0,163,1
0.43,0.44,1,1,0,0,162,5,20.0,140,4,19.0,163,1
0.43,0.44,1,1,0,0,162,5,20.0,150,4,20.0,163,1
0.4,0.42,1,1,1,1,3,1,1.0,0,0,0.0,0,0
0.4,0.42,1,1,1,1,17,1,2.0,0,0,0.0,0,0
0.4,0.42,1,1,1,1,25,1,3.0,0,0,0.0,0,0
0.4,0.42,1,1,1,1,37,2,4.0,0,0,0.0,0,0
0.4,0.42,1,1,1,1,45,2,5.0,0,0,0.0,0,0
0.4,0.42,1,1,1,1,54,2,6.0,0,0,0.0,0,0
0.4,0.42,1,1,1,1,63,3,7.0,0,0,0.0,0,0
0.4,0.42,1,1,1,1,78,3,8.0,0,0,0.0,0,0
0.4,0.42,1,1,1,1,79,3,9.0,0,0,0.0,0,0
0.4,0.42,1,1,1,1,86,3,10.0,0,0,0.0,0,0
0.4,0.42,1,1,1,1,89,3,11.0,0,0,0.0,0,0
0.4,0.42,1,1,1,1,98,3,12.0,0,0,0.0,0,0
0.4,0.42,1,1,1,1,108,4,13.0,0,0,0.0,0,0
0.4,0.42,1,1,1,1,112,4,14.0,0,0,0.0,0,0
0.4,0.42,1,1,1,1,129,4,15.0,0,0,0.0,0,0
0.4,0.42,1,1,1,1,129,5,16.0,0,0,0.0,0,0
0.4,0.42,1,1,1,1,136,5,17.0,0,0,0.0,0,0
0.4,0.42,1,1,1,1,144,5,18.0,0,0,0.0,0,0
0.4,0.42,1,1,1,1,147,5,19.0,0,0,0.0,0,0
0.4,0.42,1,1,1,1,162,5,20.0,0,0,0.0,0,0
0.4,0.42,1,1,0,0,162,5,20.0,7,0,1.0,163,0
0.4,0.42,1,1,0,0,162,5,20.0,12,0,2.0,163,0
0.4,0.42,1,1,0,0,162,5,20.0,18,0,3.0,163,0
0.4,0.42,1,1,0,0,162,5,20.0,26,0,4.0,163,0
0.4,0.42,1,1,0,0,162,5,20.0,29,0,5.0,163,0
0.4,0.42,1,1,0,0,162,5,20.0,39,0,6.0,163,0
0.4,0.42,1,1,0,0,162,5,20.0,46,0,7.0,163,0
0.4,0.42,1,1,0,0,162,5,20.0,58,0,8.0,163,0
0.4,0.42,1,1,0,0,162,5,20.0,64,0,9.0,163,0
0.4,0.42,1,1,0,0,162,5,20.0,69,1,10.0,163,0
0.4,0.42,1,1,0,0,162,5,20.0,71,2,11.0,163,0
0.4,0.42,1,1,0,0,162,5,20.0,86,2,12.0,163,0
0.4,0.42,1,1,0,0,162,5,20.0,96,2,13.0,163,0
0.4,0.42,1,1,0,0,162,5,20.0,106,2,14.0,163,0
0.4,0.42,1,1,0,0,162,5,20.0,107,4,15.0,163,0
0.4,0.42,1,1,0,0,162,5,20.0,116,6,16.0,163,0
0.4,0.42,1,1,0,0,162,5,20.0,130,6,17.0,163,0
0.4,0.42,1,1,0,0,162,5,20.0,142,6,18.0,163,0
0.4,0.42,1,1,0,0,162,5,20.0,154,6,19.0,163,0
0.4,0.42,1,1,0,0,162,5,20.0,165,6,20.0,163,0
0.38,0.45,0,0,1,1,8,0,1.0,0,0,0.0,0,0
0.38,0.45,0,0,1,1,11,1,2.0,0,0,0.0,0,0
0.38,0.45,0,0,1,1,23,1,3.0,0,0,0.0,0,0
0.38,0.45,0,0,1,1,27,2,4.0,0,0,0.0,0,0
0.38,0.45,0,0,1,1,35,2,5.0,0,0,0.0,0,0
0.38,0.45,0,0,1,1,42,3,6.0,0,0,0.0,0,0
0.38,0.45,0,0,1,1,49,3,7.0,0,0,0.0,0,0
0.38,0.45,0,0,1,1,54,3,8.0,0,0,0.0,0,0
0.38,0.45,0,0,1,1,57,3,9.0,0,0,0.0,0,0
0.38,0.45,0,0,1,1,65,4,10.0,0,0,0.0,0,0
0.38,0.45,0,0,1,1,76,5,11.0,0,0,0.0,0,0
0.38,0.45,0,0,1,1,92,5,12.0,0,0,0.0,0,0
0.38,0.45,0,0,1,1,96,6,13.0,0,0,0.0,0,0
0.38,0.45,0,0,1,1,101,6,14.0,0,0,0.0,0,0
0.38,0.45,0,0,1,1,107,6,15.0,0,0,0.0,0,0
0.38,0.45,0,0,1,1,113,6,16.0,0,0,0.0,0,0
0.38,0.45,0,0,1,1,117,6,17.0,0,0,0.0,0,0
0.38,0.45,0,0,1,1,121,6,18.0,0,0,0.0,0,0
0.38,0.45,0,0,1,1,136,6,19.0,0,0,0.0,0,0
0.38,0.45,0,0,1,1,144,6,20.0,0,0,0.0,0,0
0.38,0.45,0,0,0,0,144,6,20.0,10,0,1.0,145,0
0.38,0.45,0,0,0,0,144,6,20.0,17,1,2.0,145,0
0.38,0.45,0,0,0,0,144,6,20.0,22,1,3.0,145,0
0.38,0.45,0,0,0,0,144,6,20.0,30,1,4.0,145,0
0.38,0.45,0,0,0,0,144,6,20.0,45,1,5.0,145,0
0.38,0.45,0,0,0,0,144,6,20.0,59,1,6.0,145,0
0.38,0.45,0,0,0,0,144,6,20.0,75,1,7.0,145,0
0.38,0.45,0,0,0,0,144,6,20.0,78,1,8.0,145,0
0.38,0.45,0,0,0,0,144,6,20.0,83,1,9.0,145,0
0.38,0.45,0,0,0,0,144,6,20.0,88,1,10.0,145,0
0.38,0.45,0,0,0,0,144,6,20.0,96,1,11.0,145,0
0.38,0.45,0,0,0,0,144,6,20.0,104,2,12.0,145,0
0.38,0.45,0,0,0,0,144,6,20.0,117,3,13.0,145,0
0.38,0.45,0,0,0,0,144,6,20.0,121,3,14.0,145,0
0.38,0.45,0,0,0,0,144,6,20.0,137,3,15.0,145,0
0.38,0.45,0,0,0,0,144,6,20.0,147,3,15.83,145,0
0.4,0.53,0,0,1,1,7,0,1.0,0,0,0.0,0,0
0.4,0.53,0,0,1,1,18,0,2.0,0,0,0.0,0,0
0.4,0.53,0,0,1,1,24,0,3.0,0,0,0.0,0,0
0.4,0.53,0,0,1,1,35,0,4.0,0,0,0.0,0,0
0.4,0.53,0,0,1,1,48,0,5.0,0,0,0.0,0,0
0.4,0.53,0,0,1,1,57,0,6.0,0,0,0.0,0,0
0.4,0.53,0,0,1,1,61,0,7.0,0,0,0.0,0,0
0.4,0.53,0,0,1,1,72,0,8.0,0,0,0.0,0,0
0.4,0.53,0,0,1,1,74,1,9.0,0,0,0.0,0,0
0.4,0.53,0,0,1,1,78,1,10.0,0,0,0.0,0,0
0.4,0.53,0,0,1,1,82,2,11.0,0,0,0.0,0,0
0.4,0.53,0,0,1,1,91,2,12.0,0,0,0.0,0,0
0.4,0.53,0,0,1,1,92,2,13.0,0,0,0.0,0,0
0.4,0.53,0,0,1,1,95,3,14.0,0,0,0.0,0,0
0.4,0.53,0,0,1,1,99,3,15.0,0,0,0.0,0,0
0.4,0.53,0,0,1,1,110,4,16.0,0,0,0.0,0,0
0.4,0.53,0,0,1,1,112,4,17.0,0,0,0.0,0,0
0.4,0.53,0,0,1,1,114,4,18.0,0,0,0.0,0,0
0.4,0.53,0,0,1,1,117,4,19.0,0,0,0.0,0,0
0.4,0.53,0,0,1,1,124,4,20.0,0,0,0.0,0,0
0.4,0.53,0,0,0,0,124,4,20.0,2,0,1.0,125,0
0.4,0.53,0,0,0,0,124,4,20.0,13,1,2.0,125,0
0.4,0.53,0,0,0,0,124,4,20.0,15,1,3.0,125,0
0.4,0.53,0,0,0,0,124,4,20.0,21,1,4.0,125,0
0.4,0.53,0,0,0,0,124,4,20.0,29,1,5.0,125,0
0.4,0.53,0,0,0,0,124,4,20.0,44,1,6.0,125,0
0.4,0.53,0,0,0,0,124,4,20.0,46,1,7.0,125,0
0.4,0.53,0,0,0,0,124,4,20.0,60,1,8.0,125,0
0.4,0.53,0,0,0,0,124,4,20.0,70,1,9.0,125,0
0.4,0.53,0,0,0,0,124,4,20.0,78,1,10.0,125,0
0.4,0.53,0,0,0,0,124,4,20.0,89,1,11.0,125,0
0.4,0.53,0,0,0,0,124,4,20.0,94,1,12.0,125,0
0.4,0.53,0,0,0,0,124,4,20.0,102,2,13.0,125,0
0.4,0.53,0,0,0,0,124,4,20.0,112,2,14.0,125,0
0.4,0.53,0,0,0,0,124,4,20.0,129,2,15.0,125,0
0.56,0.63,0,1,1,0,0,0,0.0,10,0,1.0,0,0
0.56,0.63,0,1,1,0,0,0,0.0,13,0,2.0,0,0
0.56,0.63,0,1,1,0,0,0,0.0,15,1,3.0,0,0
0.56,0.63,0,1,1,0,0,0,0.0,19,1,4.0,0,0
0.56,0.63,0,1,1,0,0,0,0.0,23,1,5.0,0,0
0.56,0.63,0,1,1,0,0,0,0.0,31,1,6.0,0,0
0.56,0.63,0,1,1,0,0,0,0.0,40,1,7.0,0,0
0.56,0.63,0,1,1,0,0,0,0.0,47,1,8.0,0,0
0.56,0.63,0,1,1,0,0,0,0.0,49,3,9.0,0,0
0.56,0.63,0,1,1,0,0,0,0.0,57,3,10.0,0,0
0.56,0.63,0,1,1,0,0,0,0.0,72,3,11.0,0,0
0.56,0.63,0,1,1,0,0,0,0.0,78,3,12.0,0,0
0.56,0.63,0,1,1,0,0,0,0.0,88,3,13.0,0,0
0.56,0.63,0,1,1,0,0,0,0.0,98,3,14.0,0,0
0.56,0.63,0,1,1,0,0,0,0.0,106,3,15.0,0,0
0.56,0.63,0,1,1,0,0,0,0.0,109,3,16.0,0,0
0.56,0.63,0,1,1,0,0,0,0.0,116,3,17.0,0,0
0.56,0.63,0,1,1,0,0,0,0.0,120,3,18.0,0,0
0.56,0.63,0,1,1,0,0,0,0.0,126,4,19.0,0,0
0.56,0.63,0,1,1,0,0,0,0.0,134,4,20.0,0,0
0.56,0.63,0,1,0,1,2,0,1.0,134,4,20.0,135,0
0.56,0.63,0,1,0,1,8,0,2.0,134,4,20.0,135,0
0.56,0.63,0,1,0,1,14,1,3.0,134,4,20.0,135,0
0.56,0.63,0,1,0,1,20,1,4.0,134,4,20.0,135,0
0.56,0.63,0,1,0,1,30,1,5.0,134,4,20.0,135,0
0.56,0.63,0,1,0,1,34,1,6.0,134,4,20.0,135,0
0.56,0.63,0,1,0,1,37,1,7.0,134,4,20.0,135,0
0.56,0.63,0,1,0,1,43,1,8.0,134,4,20.0,135,0
0.56,0.63,0,1,0,1,52,1,9.0,134,4,20.0,135,0
0.56,0.63,0,1,0,1,59,1,10.0,134,4,20.0,135,0
0.56,0.63,0,1,0,1,70,1,11.0,134,4,20.0,135,0
0.56,0.63,0,1,0,1,81,1,12.0,134,4,20.0,135,0
0.56,0.63,0,1,0,1,84,1,13.0,134,4,20.0,135,0
0.56,0.63,0,1,0,1,89,1,14.0,134,4,20.0,135,0
0.56,0.63,0,1,0,1,93,1,15.0,134,4,20.0,135,0
0.56,0.63,0,1,0,1,99,1,16.0,134,4,20.0,135,0
0.56,0.63,0,1,0,1,107,1,17.0,134,4,20.0,135,0
0.56,0.63,0,1,0,1,109,1,18.0,134,4,20.0,135,0
0.56,0.63,0,1,0,1,120,1,19.0,134,4,20.0,135,0
0.56,0.63,0,1,0,1,131,1,20.0,134,4,20.0,135,0
0.63,0.54,1,1,1,1,11,0,1.0,0,0,0.0,0,1
0.63,0.54,1,1,1,1,17,0,2.0,0,0,0.0,0,1
0.63,0.54,1,1,1,1,29,1,3.0,0,0,0.0,0,1
0.63,0.54,1,1,1,1,36,1,4.0,0,0,0.0,0,1
0.63,0.54,1,1,1,1,41,2,5.0,0,0,0.0,0,1
0.63,0.54,1,1,1,1,47,3,6.0,0,0,0.0,0,1
0.63,0.54,1,1,1,1,51,3,7.0,0,0,0.0,0,1
0.63,0.54,1,1,1,1,64,3,8.0,0,0,0.0,0,1
0.63,0.54,1,1,1,1,74,3,9.0,0,0,0.0,0,1
0.63,0.54,1,1,1,1,77,3,10.0,0,0,0.0,0,1
0.63,0.54,1,1,1,1,82,3,11.0,0,0,0.0,0,1
0.63,0.54,1,1,1,1,88,3,12.0,0,0,0.0,0,1
0.63,0.54,1,1,1,1,94,3,13.0,0,0,0.0,0,1
0.63,0.54,1,1,1,1,97,3,14.0,0,0,0.0,0,1
0.63,0.54,1,1,1,1,101,4,15.0,0,0,0.0,0,1
0.63,0.54,1,1,1,1,112,4,16.0,0,0,0.0,0,1
0.63,0.54,1,1,1,1,117,4,17.0,0,0,0.0,0,1
0.63,0.54,1,1,1,1,138,4,18.0,0,0,0.0,0,1
0.63,0.54,1,1,1,1,146,4,19.0,0,0,0.0,0,1
0.63,0.54,1,1,1,1,161,4,20.0,0,0,0.0,0,1
0.63,0.54,1,1,0,0,161,4,20.0,9,0,1.0,162,1
0.63,0.54,1,1,0,0,161,4,20.0,12,0,2.0,162,1
0.63,0.54,1,1,0,0,161,4,20.0,18,0,3.0,162,1
0.63,0.54,1,1,0,0,161,4,20.0,21,0,4.0,162,1
0.63,0.54,1,1,0,0,161,4,20.0,22,0,5.0,162,1
0.63,0.54,1,1,0,0,161,4,20.0,35,0,6.0,162,1
0.63,0.54,1,1,0,0,161,4,20.0,41,1,7.0,162,1
0.63,0.54,1,1,0,0,161,4,20.0,46,1,8.0,162,1
0.63,0.54,1,1,0,0,161,4,20.0,55,1,9.0,162,1
0.63,0.54,1,1,0,0,161,4,20.0,67,1,10.0,162,1
0.63,0.54,1,1,0,0,161,4,20.0,70,1,11.0,162,1
0.63,0.54,1,1,0,0,161,4,20.0,74,1,12.0,162,1
0.63,0.54,1,1,0,0,161,4,20.0,88,1,13.0,162,1
0.63,0.54,1,1,0,0,161,4,20.0,96,1,14.0,162,1
0.63,0.54,1,1,0,0,161,4,20.0,113,1,15.0,162,1
0.63,0.54,1,1,0,0,161,4,20.0,117,1,16.0,162,1
0.63,0.54,1,1,0,0,161,4,20.0,122,1,17.0,162,1
0.63,0.54,1,1,0,0,161,4,20.0,123,2,18.0,162,1
0.63,0.54,1,1,0,0,161,4,20.0,131,2,19.0,162,1
0.63,0.54,1,1,0,0,161,4,20.0,145,2,20.0,162,1
0.4,0.61,1,0,1,0,0,0,0.0,14,0,1.0,0,0
0.4,0.61,1,0,1,0,0,0,0.0,23,0,2.0,0,0
0.4,0.61,1,0,1,0,0,0,0.0,33,1,3.0,0,0
0.4,0.61,1,0,1,0,0,0,0.0,45,1,4.0,0,0
0.4,0.61,1,0,1,0,0,0,0.0,57,1,5.0,0,0
0.4,0.61,1,0,1,0,0,0,0.0,67,1,6.0,0,0
0.4,0.61,1,0,1,0,0,0,0.0,70,1,7.0,0,0
0.4,0.61,1,0,1,0,0,0,0.0,74,1,8.0,0,0
0.4,0.61,1,0,1,0,0,0,0.0,84,1,9.0,0,0
0.4,0.61,1,0,1,0,0,0,0.0,96,1,10.0,0,0
0.4,0.61,1,0,1,0,0,0,0.0,101,1,11.0,0,0
0.4,0.61,1,0,1,0,0,0,0.0,110,1,12.0,0,0
0.4,0.61,1,0,1,0,0,0,0.0,117,1,13.0,0,0
0.4,0.61,1,0,1,0,0,0,0.0,119,1,14.0,0,0
0.4,0.61,1,0,1,0,0,0,0.0,128,1,15.0,0,0
0.4,0.61,1,0,1,0,0,0,0.0,133,1,16.0,0,0
0.4,0.61,1,0,1,0,0,0,0.0,142,1,17.0,0,0
0.4,0.61,1,0,1,0,0,0,0.0,154,1,18.0,0,0
0.4,0.61,1,0,1,0,0,0,0.0,168,1,19.0,0,0
0.4,0.61,1,0,1,0,0,0,0.0,180,1,20.0,0,0
0.4,0.61,1,0,0,1,6,0,1.0,180,1,20.0,181,0
0.4,0.61,1,0,0,1,16,1,2.0,180,1,20.0,181,0
0.4,0.61,1,0,0,1,25,1,3.0,180,1,20.0,181,0
0.4,0.61,1,0,0,1,39,1,4.0,180,1,20.0,181,0
0.4,0.61,1,0,0,1,46,1,5.0,180,1,20.0,181,0
0.4,0.61,1,0,0,1,50,1,6.0,180,1,20.0,181,0
0.4,0.61,1,0,0,1,52,1,7.0,180,1,20.0,181,0
0.4,0.61,1,0,0,1,57,2,8.0,180,1,20.0,181,0
0.4,0.61,1,0,0,1,67,3,9.0,180,1,20.0,181,0
0.4,0.61,1,0,0,1,73,3,10.0,180,1,20.0,181,0
0.4,0.61,1,0,0,1,91,3,11.0,180,1,20.0,181,0
0.4,0.61,1,0,0,1,98,3,12.0,180,1,20.0,181,0
0.4,0.61,1,0,0,1,111,4,13.0,180,1,20.0,181,0
0.4,0.61,1,0,0,1,115,4,14.0,180,1,20.0,181,0
0.4,0.61,1,0,0,1,122,4,15.0,180,1,20.0,181,0
0.4,0.61,1,0,0,1,123,5,16.0,180,1,20.0,181,0
0.4,0.61,1,0,0,1,137,5,17.0,180,1,20.0,181,0
0.4,0.61,1,0,0,1,146,5,18.0,180,1,20.0,181,0
0.4,0.61,1,0,0,1,155,5,19.0,180,1,20.0,181,0
0.4,0.61,1,0,0,1,170,5,20.0,180,1,20.0,181,0
0.55,0.44,1,1,1,1,4,1,1.0,0,0,0.0,0,1
0.55,0.44,1,1,1,1,12,1,2.0,0,0,0.0,0,1
0.55,0.44,1,1,1,1,27,2,3.0,0,0,0.0,0,1
0.55,0.44,1,1,1,1,31,2,4.0,0,0,0.0,0,1
0.55,0.44,1,1,1,1,37,2,5.0,0,0,0.0,0,1
0.55,0.44,1,1,1,1,40,3,6.0,0,0,0.0,0,1
0.55,0.44,1,1,1,1,48,3,7.0,0,0,0.0,0,1
0.55,0.44,1,1,1,1,55,3,8.0,0,0,0.0,0,1
0.55,0.44,1,1,1,1,64,4,9.0,0,0,0.0,0,1
0.55,0.44,1,1,1,1,76,4,10.0,0,0,0.0,0,1
0.55,0.44,1,1,1,1,79,4,11.0,0,0,0.0,0,1
0.55,0.44,1,1,1,1,88,4,12.0,0,0,0.0,0,1
0.55,0.44,1,1,1,1,96,4,13.0,0,0,0.0,0,1
0.55,0.44,1,1,1,1,103,5,14.0,0,0,0.0,0,1
0.55,0.44,1,1,1,1,103,6,15.0,0,0,0.0,0,1
0.55,0.44,1,1,1,1,112,6,16.0,0,0,0.0,0,1
0.55,0.44,1,1,1,1,124,6,17.0,0,0,0.0,0,1
0.55,0.44,1,1,1,1,134,6,18.0,0,0,0.0,0,1
0.55,0.44,1,1,1,1,137,6,19.0,0,0,0.0,0,1
0.55,0.44,1,1,1,1,144,6,20.0,0,0,0.0,0,1
0.55,0.44,1,1,0,0,144,6,20.0,4,1,1.0,145,1
0.55,0.44,1,1,0,0,144,6,20.0,10,2,2.0,145,1
0.55,0.44,1,1,0,0,144,6,20.0,19,2,3.0,145,1
0.55,0.44,1,1,0,0,144,6,20.0,27,3,4.0,145,1
0.55,0.44,1,1,0,0,144,6,20.0,31,3,5.0,145,1
0.55,0.44,1,1,0,0,144,6,20.0,38,3,6.0,145,1
0.55,0.44,1,1,0,0,144,6,20.0,46,3,7.0,145,1
0.55,0.44,1,1,0,0,144,6,20.0,62,3,8.0,145,1
0.55,0.44,1,1,0,0,144,6,20.0,65,4,9.0,145,1
0.55,0.44,1,1,0,0,144,6,20.0,69,4,10.0,145,1
0.55,0.44,1,1,0,0,144,6,20.0,70,4,11.0,145,1
0.55,0.44,1,1,0,0,144,6,20.0,78,4,12.0,145,1
0.55,0.44,1,1,0,0,144,6,20.0,83,4,13.0,145,1
0.55,0.44,1,1,0,0,144,6,20.0,93,4,14.0,145,1
0.55,0.44,1,1,0,0,144,6,20.0,94,4,15.0,145,1
0.55,0.44,1,1,0,0,144,6,20.0,103,7,16.0,145,1
0.55,0.44,1,1,0,0,144,6,20.0,110,8,17.0,145,1
0.55,0.44,1,1,0,0,144,6,20.0,122,8,18.0,145,1
0.55,0.44,1,1,0,0,144,6,20.0,122,10,18.5,145,1
0.56,0.52,1,0,1,0,0,0,0.0,13,0,1.0,0,1
0.56,0.52,1,0,1,0,0,0,0.0,20,0,2.0,0,1
0.56,0.52,1,0,1,0,0,0,0.0,25,0,3.0,0,1
0.56,0.52,1,0,1,0,0,0,0.0,29,0,4.0,0,1
0.56,0.52,1,0,1,0,0,0,0.0,35,0,5.0,0,1
0.56,0.52,1,0,1,0,0,0,0.0,37,0,6.0,0,1
0.56,0.52,1,0,1,0,0,0,0.0,44,0,7.0,0,1
0.56,0.52,1,0,1,0,0,0,0.0,58,0,8.0,0,1
0.56,0.52,1,0,1,0,0,0,0.0,60,0,9.0,0,1
0.56,0.52,1,0,1,0,0,0,0.0,71,0,10.0,0,1
0.56,0.52,1,0,1,0,0,0,0.0,79,0,11.0,0,1
0.56,0.52,1,0,1,0,0,0,0.0,83,0,12.0,0,1
0.56,0.52,1,0,1,0,0,0,0.0,85,0,13.0,0,1
0.56,0.52,1,0,1,0,0,0,0.0,93,1,14.0,0,1
0.56,0.52,1,0,1,0,0,0,0.0,102,1,15.0,0,1
0.56,0.52,1,0,1,0,0,0,0.0,105,3,16.0,0,1
0.56,0.52,1,0,1,0,0,0,0.0,115,3,17.0,0,1
0.56,0.52,1,0,1,0,0,0,0.0,119,3,18.0,0,1
0.56,0.52,1,0,1,0,0,0,0.0,123,3,19.0,0,1
0.56,0.52,1,0,1,0,0,0,0.0,132,3,20.0,0,1
0.56,0.52,1,0,0,1,11,1,1.0,132,3,20.0,133,1
0.56,0.52,1,0,0,1,17,2,2.0,132,3,20.0,133,1
0.56,0.52,1,0,0,1,26,3,3.0,132,3,20.0,133,1
0.56,0.52,1,0,0,1,32,3,4.0,132,3,20.0,133,1
0.56,0.52,1,0,0,1,37,3,5.0,132,3,20.0,133,1
0.56,0.52,1,0,0,1,47,3,6.0,132,3,20.0,133,1
0.56,0.52,1,0,0,1,52,3,7.0,132,3,20.0,133,1
0.56,0.52,1,0,0,1,63,3,8.0,132,3,20.0,133,1
0.56,0.52,1,0,0,1,68,3,9.0,132,3,20.0,133,1
0.56,0.52,1,0,0,1,78,3,10.0,132,3,20.0,133,1
0.56,0.52,1,0,0,1,88,3,11.0,132,3,20.0,133,1
0.56,0.52,1,0,0,1,93,3,12.0,132,3,20.0,133,1
0.56,0.52,1,0,0,1,106,3,13.0,132,3,20.0,133,1
0.56,0.52,1,0,0,1,112,3,14.0,132,3,20.0,133,1
0.56,0.52,1,0,0,1,117,4,15.0,132,3,20.0,133,1
0.56,0.52,1,0,0,1,128,4,16.0,132,3,20.0,133,1
0.56,0.52,1,0,0,1,133,4,16.5,132,3,20.0,133,1
0.62,0.54,0,1,1,0,0,0,0.0,1,0,1.0,0,1
0.62,0.54,0,1,1,0,0,0,0.0,12,0,2.0,0,1
0.62,0.54,0,1,1,0,0,0,0.0,24,0,3.0,0,1
0.62,0.54,0,1,1,0,0,0,0.0,30,0,4.0,0,1
0.62,0.54,0,1,1,0,0,0,0.0,36,0,5.0,0,1
0.62,0.54,0,1,1,0,0,0,0.0,43,0,6.0,0,1
0.62,0.54,0,1,1,0,0,0,0.0,52,0,7.0,0,1
0.62,0.54,0,1,1,0,0,0,0.0,58,0,8.0,0,1
0.62,0.54,0,1,1,0,0,0,0.0,65,0,9.0,0,1
0.62,0.54,0,1,1,0,0,0,0.0,73,0,10.0,0,1
0.62,0.54,0,1,1,0,0,0,0.0,80,0,11.0,0,1
0.62,0.54,0,1,1,0,0,0,0.0,82,1,12.0,0,1
0.62,0.54,0,1,1,0,0,0,0.0,94,1,13.0,0,1
0.62,0.54,0,1,1,0,0,0,0.0,99,1,14.0,0,1
0.62,0.54,0,1,1,0,0,0,0.0,109,2,15.0,0,1
0.62,0.54,0,1,1,0,0,0,0.0,121,2,16.0,0,1
0.62,0.54,0,1,1,0,0,0,0.0,124,3,17.0,0,1
0.62,0.54,0,1,1,0,0,0,0.0,128,3,18.0,0,1
0.62,0.54,0,1,1,0,0,0,0.0,131,3,19.0,0,1
0.62,0.54,0,1,1,0,0,0,0.0,134,3,20.0,0,1
0.62,0.54,0,1,0,1,16,0,1.0,134,3,20.0,135,1
0.62,0.54,0,1,0,1,18,0,2.0,134,3,20.0,135,1
0.62,0.54,0,1,0,1,24,0,3.0,134,3,20.0,135,1
0.62,0.54,0,1,0,1,26,2,4.0,134,3,20.0,135,1
0.62,0.54,0,1,0,1,34,2,5.0,134,3,20.0,135,1
0.62,0.54,0,1,0,1,36,2,6.0,134,3,20.0,135,1
0.62,0.54,0,1,0,1,51,2,7.0,134,3,20.0,135,1
0.62,0.54,0,1,0,1,57,2,8.0,134,3,20.0,135,1
0.62,0.54,0,1,0,1,65,2,9.0,134,3,20.0,135,1
0.62,0.54,0,1,0,1,76,2,10.0,134,3,20.0,135,1
0.62,0.54,0,1,0,1,80,2,11.0,134,3,20.0,135,1
0.62,0.54,0,1,0,1,84,3,12.0,134,3,20.0,135,1
0.62,0.54,0,1,0,1,95,4,13.0,134,3,20.0,135,1
0.62,0.54,0,1,0,1,104,4,14.0,134,3,20.0,135,1
0.62,0.54,0,1,0,1,111,4,15.0,134,3,20.0,135,1
0.62,0.54,0,1,0,1,124,4,16.0,134,3,20.0,135,1
0.62,0.54,0,1,0,1,135,4,16.83,134,3,20.0,135,1
0.61,0.51,1,0,1,0,0,0,0.0,2,0,1.0,0,1
0.61,0.51,1,0,1,0,0,0,0.0,11,0,2.0,0,1
0.61,0.51,1,0,1,0,0,0,0.0,16,0,3.0,0,1
0.61,0.51,1,0,1,0,0,0,0.0,17,0,4.0,0,1
0.61,0.51,1,0,1,0,0,0,0.0,30,0,5.0,0,1
0.61,0.51,1,0,1,0,0,0,0.0,36,0,6.0,0,1
0.61,0.51,1,0,1,0,0,0,0.0,42,0,7.0,0,1
0.61,0.51,1,0,1,0,0,0,0.0,49,1,8.0,0,1
0.61,0.51,1,0,1,0,0,0,0.0,56,1,9.0,0,1
0.61,0.51,1,0,1,0,0,0,0.0,62,1,10.0,0,1
0.61,0.51,1,0,1,0,0,0,0.0,68,1,11.0,0,1
0.61,0.51,1,0,1,0,0,0,0.0,76,1,12.0,0,1
0.61,0.51,1,0,1,0,0,0,0.0,83,1,13.0,0,1
0.61,0.51,1,0,1,0,0,0,0.0,85,1,14.0,0,1
0.61,0.51,1,0,1,0,0,0,0.0,88,1,15.0,0,1
0.61,0.51,1,0,1,0,0,0,0.0,94,1,16.0,0,1
0.61,0.51,1,0,1,0,0,0,0.0,99,2,17.0,0,1
0.61,0.51,1,0,1,0,0,0,0.0,108,2,18.0,0,1
0.61,0.51,1,0,1,0,0,0,0.0,116,2,19.0,0,1
0.61,0.51,1,0,1,0,0,0,0.0,121,2,20.0,0,1
0.61,0.51,1,0,0,1,4,0,1.0,121,2,20.0,122,1
0.61,0.51,1,0,0,1,16,0,2.0,121,2,20.0,122,1
0.61,0.51,1,0,0,1,22,1,3.0,121,2,20.0,122,1
0.61,0.51,1,0,0,1,31,1,4.0,121,2,20.0,122,1
0.61,0.51,1,0,0,1,39,2,5.0,121,2,20.0,122,1
0.61,0.51,1,0,0,1,44,2,6.0,121,2,20.0,122,1
0.61,0.51,1,0,0,1,53,2,7.0,121,2,20.0,122,1
0.61,0.51,1,0,0,1,61,2,8.0,121,2,20.0,122,1
0.61,0.51,1,0,0,1,70,3,9.0,121,2,20.0,122,1
0.61,0.51,1,0,0,1,84,4,10.0,121,2,20.0,122,1
0.61,0.51,1,0,0,1,92,4,11.0,121,2,20.0,122,1
0.61,0.51,1,0,0,1,102,4,12.0,121,2,20.0,122,1
0.61,0.51,1,0,0,1,109,4,13.0,121,2,20.0,122,1
0.61,0.51,1,0,0,1,117,4,14.0,121,2,20.0,122,1
0.61,0.51,1,0,0,1,122,4,14.67,121,2,20.0,122,1
0.4,0.52,1,0,1,0,0,0,0.0,9,0,1.0,0,0
0.4,0.52,1,0,1,0,0,0,0.0,14,0,2.0,0,0
0.4,0.52,1,0,1,0,0,0,0.0,28,0,3.0,0,0
0.4,0.52,1,0,1,0,0,0,0.0,36,0,4.0,0,0
0.4,0.52,1,0,1,0,0,0,0.0,40,1,5.0,0,0
0.4,0.52,1,0,1,0,0,0,0.0,49,1,6.0,0,0
0.4,0.52,1,0,1,0,0,0,0.0,58,3,7.0,0,0
0.4,0.52,1,0,1,0,0,0,0.0,61,4,8.0,0,0
0.4,0.52,1,0,1,0,0,0,0.0,65,4,9.0,0,0
0.4,0.52,1,0,1,0,0,0,0.0,78,4,10.0,0,0
0.4,0.52,1,0,1,0,0,0,0.0,88,4,11.0,0,0
0.4,0.52,1,0,1,0,0,0,0.0,91,5,12.0,0,0
0.4,0.52,1,0,1,0,0,0,0.0,108,5,13.0,0,0
0.4,0.52,1,0,1,0,0,0,0.0,114,5,14.0,0,0
0.4,0.52,1,0,1,0,0,0,0.0,118,5,15.0,0,0
0.4,0.52,1,0,1,0,0,0,0.0,122,5,16.0,0,0
0.4,0.52,1,0,1,0,0,0,0.0,135,5,17.0,0,0
0.4,0.52,1,0,1,0,0,0,0.0,137,5,18.0,0,0
0.4,0.52,1,0,1,0,0,0,0.0,141,5,19.0,0,0
0.4,0.52,1,0,1,0,0,0,0.0,149,5,20.0,0,0
0.4,0.52,1,0,0,1,6,0,1.0,149,5,20.0,150,0
0.4,0.52,1,0,0,1,18,0,2.0,149,5,20.0,150,0
0.4,0.52,1,0,0,1,20,0,3.0,149,5,20.0,150,0
0.4,0.52,1,0,0,1,25,0,4.0,149,5,20.0,150,0
0.4,0.52,1,0,0,1,40,0,5.0,149,5,20.0,150,0
0.4,0.52,1,0,0,1,48,1,6.0,149,5,20.0,150,0
0.4,0.52,1,0,0,1,50,3,7.0,149,5,20.0,150,0
0.4,0.52,1,0,0,1,56,3,8.0,149,5,20.0,150,0
0.4,0.52,1,0,0,1,66,3,9.0,149,5,20.0,150,0
0.4,0.52,1,0,0,1,71,3,10.0,149,5,20.0,150,0
0.4,0.52,1,0,0,1,79,3,11.0,149,5,20.0,150,0
0.4,0.52,1,0,0,1,86,4,12.0,149,5,20.0,150,0
0.4,0.52,1,0,0,1,89,4,13.0,149,5,20.0,150,0
0.4,0.52,1,0,0,1,98,5,14.0,149,5,20.0,150,0
0.4,0.52,1,0,0,1,103,6,15.0,149,5,20.0,150,0
0.4,0.52,1,0,0,1,110,7,16.0,149,5,20.0,150,0
0.4,0.52,1,0,0,1,115,7,17.0,149,5,20.0,150,0
0.4,0.52,1,0,0,1,127,7,18.0,149,5,20.0,150,0
0.4,0.52,1,0,0,1,140,8,19.0,149,5,20.0,150,0
0.4,0.52,1,0,0,1,149,8,20.0,149,5,20.0,150,0
0.59,0.5,1,0,1,0,0,0,0.0,6,0,1.0,0,1
0.59,0.5,1,0,1,0,0,0,0.0,13,0,2.0,0,1
0.59,0.5,1,0,1,0,0,0,0.0,20,1,3.0,0,1
0.59,0.5,1,0,1,0,0,0,0.0,28,1,4.0,0,1
0.59,0.5,1,0,1,0,0,0,0.0,42,1,5.0,0,1
0.59,0.5,1,0,1,0,0,0,0.0,53,1,6.0,0,1
0.59,0.5,1,0,1,0,0,0,0.0,64,1,7.0,0,1
0.59,0.5,1,0,1,0,0,0,0.0,69,1,8.0,0,1
0.59,0.5,1,0,1,0,0,0,0.0,74,1,9.0,0,1
0.59,0.5,1,0,1,0,0,0,0.0,77,1,10.0,0,1
0.59,0.5,1,0,1,0,0,0,0.0,77,2,11.0,0,1
0.59,0.5,1,0,1,0,0,0,0.0,81,2,12.0,0,1
0.59,0.5,1,0,1,0,0,0,0.0,89,2,13.0,0,1
0.59,0.5,1,0,1,0,0,0,0.0,94,2,14.0,0,1
0.59,0.5,1,0,1,0,0,0,0.0,100,3,15.0,0,1
0.59,0.5,1,0,1,0,0,0,0.0,108,4,16.0,0,1
0.59,0.5,1,0,1,0,0,0,0.0,113,4,17.0,0,1
0.59,0.5,1,0,1,0,0,0,0.0,124,4,18.0,0,1
0.59,0.5,1,0,1,0,0,0,0.0,126,4,19.0,0,1
0.59,0.5,1,0,1,0,0,0,0.0,134,4,20.0,0,1
0.59,0.5,1,0,0,1,3,0,1.0,134,4,20.0,135,1
0.59,0.5,1,0,0,1,7,0,2.0,134,4,20.0,135,1
0.59,0.5,1,0,0,1,14,1,3.0,134,4,20.0,135,1
0.59,0.5,1,0,0,1,20,1,4.0,134,4,20.0,135,1
0.59,0.5,1,0,0,1,29,1,5.0,134,4,20.0,135,1
0.59,0.5,1,0,0,1,33,1,6.0,134,4,20.0,135,1
0.59,0.5,1,0,0,1,37,2,7.0,134,4,20.0,135,1
0.59,0.5,1,0,0,1,47,2,8.0,134,4,20.0,135,1
0.59,0.5,1,0,0,1,57,3,9.0,134,4,20.0,135,1
0.59,0.5,1,0,0,1,60,3,10.0,134,4,20.0,135,1
0.59,0.5,1,0,0,1,68,3,11.0,134,4,20.0,135,1
0.59,0.5,1,0,0,1,71,4,12.0,134,4,20.0,135,1
0.59,0.5,1,0,0,1,73,4,13.0,134,4,20.0,135,1
0.59,0.5,1,0,0,1,75,4,14.0,134,4,20.0,135,1
0.59,0.5,1,0,0,1,89,4,15.0,134,4,20.0,135,1
0.59,0.5,1,0,0,1,95,5,16.0,134,4,20.0,135,1
0.59,0.5,1,0,0,1,100,5,17.0,134,4,20.0,135,1
0.59,0.5,1,0,0,1,111,5,18.0,134,4,20.0,135,1
0.59,0.5,1,0,0,1,125,5,19.0,134,4,20.0,135,1
0.59,0.5,1,0,0,1,136,6,19.67,134,4,20.0,135,1
0.45,0.63,0,0,1,1,9,1,1.0,0,0,0.0,0,0
0.45,0.63,0,0,1,1,16,2,2.0,0,0,0.0,0,0
0.45,0.63,0,0,1,1,21,2,3.0,0,0,0.0,0,0
0.45,0.63,0,0,1,1,23,3,4.0,0,0,0.0,0,0
0.45,0.63,0,0,1,1,29,3,5.0,0,0,0.0,0,0
0.45,0.63,0,0,1,1,35,3,6.0,0,0,0.0,0,0
0.45,0.63,0,0,1,1,42,3,7.0,0,0,0.0,0,0
0.45,0.63,0,0,1,1,56,4,8.0,0,0,0.0,0,0
0.45,0.63,0,0,1,1,70,4,9.0,0,0,0.0,0,0
0.45,0.63,0,0,1,1,80,4,10.0,0,0,0.0,0,0
0.45,0.63,0,0,1,1,88,4,11.0,0,0,0.0,0,0
0.45,0.63,0,0,1,1,90,4,12.0,0,0,0.0,0,0
0.45,0.63,0,0,1,1,92,5,13.0,0,0,0.0,0,0
0.45,0.63,0,0,1,1,99,5,14.0,0,0,0.0,0,0
0.45,0.63,0,0,1,1,105,6,15.0,0,0,0.0,0,0
0.45,0.63,0,0,1,1,116,6,16.0,0,0,0.0,0,0
0.45,0.63,0,0,1,1,119,6,17.0,0,0,0.0,0,0
0.45,0.63,0,0,1,1,132,7,18.0,0,0,0.0,0,0
0.45,0.63,0,0,1,1,136,7,19.0,0,0,0.0,0,0
0.45,0.63,0,0,1,1,140,7,20.0,0,0,0.0,0,0
0.45,0.63,0,0,0,0,140,7,20.0,3,0,1.0,141,0
0.45,0.63,0,0,0,0,140,7,20.0,15,0,2.0,141,0
0.45,0.63,0,0,0,0,140,7,20.0,25,0,3.0,141,0
0.45,0.63,0,0,0,0,140,7,20.0,29,1,4.0,141,0
0.45,0.63,0,0,0,0,140,7,20.0,40,1,5.0,141,0
0.45,0.63,0,0,0,0,140,7,20.0,55,1,6.0,141,0
0.45,0.63,0,0,0,0,140,7,20.0,64,1,7.0,141,0
0.45,0.63,0,0,0,0,140,7,20.0,76,2,8.0,141,0
0.45,0.63,0,0,0,0,140,7,20.0,85,2,9.0,141,0
0.45,0.63,0,0,0,0,140,7,20.0,90,3,10.0,141,0
0.45,0.63,0,0,0,0,140,7,20.0,97,3,11.0,141,0
0.45,0.63,0,0,0,0,140,7,20.0,100,3,12.0,141,0
0.45,0.63,0,0,0,0,140,7,20.0,103,3,13.0,141,0
0.45,0.63,0,0,0,0,140,7,20.0,121,3,14.0,141,0
0.45,0.63,0,0,0,0,140,7,20.0,127,3,15.0,141,0
0.45,0.63,0,0,0,0,140,7,20.0,133,3,16.0,141,0
0.45,0.63,0,0,0,0,140,7,20.0,146,4,17.0,141,0
0.42,0.42,1,1,1,1,13,0,1.0,0,0,0.0,0,0
0.42,0.42,1,1,1,1,18,0,2.0,0,0,0.0,0,0
0.42,0.42,1,1,1,1,25,0,3.0,0,0,0.0,0,0
0.42,0.42,1,1,1,1,33,0,4.0,0,0,0.0,0,0
0.42,0.42,1,1,1,1,40,0,5.0,0,0,0.0,0,0
0.42,0.42,1,1,1,1,46,0,6.0,0,0,0.0,0,0
0.42,0.42,1,1,1,1,48,0,7.0,0,0,0.0,0,0
0.42,0.42,1,1,1,1,51,1,8.0,0,0,0.0,0,0
0.42,0.42,1,1,1,1,67,2,9.0,0,0,0.0,0,0
0.42,0.42,1,1,1,1,75,3,10.0,0,0,0.0,0,0
0.42,0.42,1,1,1,1,88,3,11.0,0,0,0.0,0,0
0.42,0.42,1,1,1,1,92,3,12.0,0,0,0.0,0,0
0.42,0.42,1,1,1,1,95,3,13.0,0,0,0.0,0,0
0.42,0.42,1,1,1,1,100,3,14.0,0,0,0.0,0,0
0.42,0.42,1,1,1,1,110,3,15.0,0,0,0.0,0,0
0.42,0.42,1,1,1,1,119,3,16.0,0,0,0.0,0,0
0.42,0.42,1,1,1,1,125,3,17.0,0,0,0.0,0,0
0.42,0.42,1,1,1,1,134,3,18.0,0,0,0.0,0,0
0.42,0.42,1,1,1,1,148,3,19.0,0,0,0.0,0,0
0.42,0.42,1,1,1,1,155,4,20.0,0,0,0.0,0,0
0.42,0.42,1,1,0,0,155,4,20.0,8,1,1.0,156,0
0.42,0.42,1,1,0,0,155,4,20.0,13,1,2.0,156,0
0.42,0.42,1,1,0,0,155,4,20.0,16,1,3.0,156,0
0.42,0.42,1,1,0,0,155,4,20.0,20,1,4.0,156,0
0.42,0.42,1,1,0,0,155,4,20.0,24,1,5.0,156,0
0.42,0.42,1,1,0,0,155,4,20.0,35,2,6.0,156,0
0.42,0.42,1,1,0,0,155,4,20.0,39,2,7.0,156,0
0.42,0.42,1,1,0,0,155,4,20.0,48,3,8.0,156,0
0.42,0.42,1,1,0,0,155,4,20.0,51,3,9.0,156,0
0.42,0.42,1,1,0,0,155,4,20.0,69,4,10.0,156,0
0.42,0.42,1,1,0,0,155,4,20.0,81,5,11.0,156,0
0.42,0.42,1,1,0,0,155,4,20.0,83,6,12.0,156,0
0.42,0.42,1,1,0,0,155,4,20.0,98,6,13.0,156,0
0.42,0.42,1,1,0,0,155,4,20.0,107,6,14.0,156,0
0.42,0.42,1,1,0,0,155,4,20.0,110,6,15.0,156,0
0.42,0.42,1,1,0,0,155,4,20.0,119,6,16.0,156,0
0.42,0.42,1,1,0,0,155,4,20.0,126,6,17.0,156,0
0.42,0.42,1,1,0,0,155,4,20.0,130,6,18.0,156,0
0.42,0.42,1,1,0,0,155,4,20.0,143,7,19.0,156,0
0.42,0.42,1,1,0,0,155,4,20.0,158,7,19.83,156,0
0.42,0.55,1,0,1,0,0,0,0.0,17,0,1.0,0,0
0.42,0.55,1,0,1,0,0,0,0.0,21,0,2.0,0,0
0.42,0.55,1,0,1,0,0,0,0.0,27,0,3.0,0,0
0.42,0.55,1,0,1,0,0,0,0.0,28,1,4.0,0,0
0.42,0.55,1,0,1,0,0,0,0.0,30,1,5.0,0,0
0.42,0.55,1,0,1,0,0,0,0.0,39,1,6.0,0,0
0.42,0.55,1,0,1,0,0,0,0.0,48,2,7.0,0,0
0.42,0.55,1,0,1,0,0,0,0.0,55,2,8.0,0,0
0.42,0.55,1,0,1,0,0,0,0.0,62,2,9.0,0,0
0.42,0.55,1,0,1,0,0,0,0.0,73,2,10.0,0,0
0.42,0.55,1,0,1,0,0,0,0.0,86,2,11.0,0,0
0.42,0.55,1,0,1,0,0,0,0.0,90,2,12.0,0,0
0.42,0.55,1,0,1,0,0,0,0.0,97,2,13.0,0,0
0.42,0.55,1,0,1,0,0,0,0.0,99,2,14.0,0,0
0.42,0.55,1,0,1,0,0,0,0.0,101,2,15.0,0,0
0.42,0.55,1,0,1,0,0,0,0.0,110,2,16.0,0,0
0.42,0.55,1,0,1,0,0,0,0.0,116,2,17.0,0,0
0.42,0.55,1,0,1,0,0,0,0.0,124,3,18.0,0,0
0.42,0.55,1,0,1,0,0,0,0.0,134,3,19.0,0,0
0.42,0.55,1,0,1,0,0,0,0.0,140,3,20.0,0,0
0.42,0.55,1,0,0,1,5,0,1.0,140,3,20.0,141,0
0.42,0.55,1,0,0,1,10,1,2.0,140,3,20.0,141,0
0.42,0.55,1,0,0,1,24,1,3.0,140,3,20.0,141,0
0.42,0.55,1,0,0,1,26,2,4.0,140,3,20.0,141,0
0.42,0.55,1,0,0,1,30,2,5.0,140,3,20.0,141,0
0.42,0.55,1,0,0,1,37,3,6.0,140,3,20.0,141,0
0.42,0.55,1,0,0,1,41,3,7.0,140,3,20.0,141,0
0.42,0.55,1,0,0,1,48,4,8.0,140,3,20.0,141,0
0.42,0.55,1,0,0,1,54,4,9.0,140,3,20.0,141,0
0.42,0.55,1,0,0,1,63,4,10.0,140,3,20.0,141,0
0.42,0.55,1,0,0,1,68,4,11.0,140,3,20.0,141,0
0.42,0.55,1,0,0,1,79,4,12.0,140,3,20.0,141,0
0.42,0.55,1,0,0,1,80,5,13.0,140,3,20.0,141,0
0.42,0.55,1,0,0,1,86,5,14.0,140,3,20.0,141,0
0.42,0.55,1,0,0,1,96,5,15.0,140,3,20.0,141,0
0.42,0.55,1,0,0,1,107,5,16.0,140,3,20.0,141,0
0.42,0.55,1,0,0,1,110,5,17.0,140,3,20.0,141,0
0.42,0.55,1,0,0,1,117,6,18.0,140,3,20.0,141,0
0.42,0.55,1,0,0,1,129,7,19.0,140,3,20.0,141,0
0.42,0.55,1,0,0,1,138,7,20.0,140,3,20.0,141,0
0.62,0.4,0,1,1,0,0,0,0.0,13,2,1.0,0,1
0.62,0.4,0,1,1,0,0,0,0.0,14,2,2.0,0,1
0.62,0.4,0,1,1,0,0,0,0.0,18,2,3.0,0,1
0.62,0.4,0,1,1,0,0,0,0.0,21,3,4.0,0,1
0.62,0.4,0,1,1,0,0,0,0.0,23,3,5.0,0,1
0.62,0.4,0,1,1,0,0,0,0.0,25,5,6.0,0,1
0.62,0.4,0,1,1,0,0,0,0.0,33,5,7.0,0,1
0.62,0.4,0,1,1,0,0,0,0.0,37,5,8.0,0,1
0.62,0.4,0,1,1,0,0,0,0.0,48,5,9.0,0,1
0.62,0.4,0,1,1,0,0,0,0.0,58,5,10.0,0,1
0.62,0.4,0,1,1,0,0,0,0.0,68,5,11.0,0,1
0.62,0.4,0,1,1,0,0,0,0.0,73,5,12.0,0,1
0.62,0.4,0,1,1,0,0,0,0.0,79,6,13.0,0,1
0.62,0.4,0,1,1,0,0,0,0.0,80,6,14.0,0,1
0.62,0.4,0,1,1,0,0,0,0.0,86,6,15.0,0,1
0.62,0.4,0,1,1,0,0,0,0.0,94,8,16.0,0,1
0.62,0.4,0,1,1,0,0,0,0.0,98,8,17.0,0,1
0.62,0.4,0,1,1,0,0,0,0.0,103,8,18.0,0,1
0.62,0.4,0,1,1,0,0,0,0.0,114,8,19.0,0,1
0.62,0.4,0,1,1,0,0,0,0.0,118,8,20.0,0,1
0.62,0.4,0,1,0,1,4,0,1.0,118,8,20.0,119,1
0.62,0.4,0,1,0,1,24,0,2.0,118,8,20.0,119,1
0.62,0.4,0,1,0,1,39,0,3.0,118,8,20.0,119,1
0.62,0.4,0,1,0,1,46,0,4.0,118,8,20.0,119,1
0.62,0.4,0,1,0,1,57,0,5.0,118,8,20.0,119,1
0.62,0.4,0,1,0,1,67,0,6.0,118,8,20.0,119,1
0.62,0.4,0,1,0,1,72,0,7.0,118,8,20.0,119,1
0.62,0.4,0,1,0,1,75,0,8.0,118,8,20.0,119,1
0.62,0.4,0,1,0,1,79,0,9.0,118,8,20.0,119,1
0.62,0.4,0,1,0,1,83,1,10.0,118,8,20.0,119,1
0.62,0.4,0,1,0,1,92,1,11.0,118,8,20.0,119,1
0.62,0.4,0,1,0,1,101,1,12.0,118,8,20.0,119,1
0.62,0.4,0,1,0,1,114,1,13.0,118,8,20.0,119,1
0.62,0.4,0,1,0,1,119,1,13.5,118,8,20.0,119,1
0.52,0.59,0,1,1,0,0,0,0.0,3,0,1.0,0,1
0.52,0.59,0,1,1,0,0,0,0.0,11,0,2.0,0,1
0.52,0.59,0,1,1,0,0,0,0.0,18,0,3.0,0,1
0.52,0.59,0,1,1,0,0,0,0.0,26,1,4.0,0,1
0.52,0.59,0,1,1,0,0,0,0.0,30,1,5.0,0,1
0.52,0.59,0,1,1,0,0,0,0.0,40,1,6.0,0,1
0.52,0.59,0,1,1,0,0,0,0.0,48,1,7.0,0,1
0.52,0.59,0,1,1,0,0,0,0.0,54,2,8.0,0,1
0.52,0.59,0,1,1,0,0,0,0.0,64,2,9.0,0,1
0.52,0.59,0,1,1,0,0,0,0.0,67,2,10.0,0,1
0.52,0.59,0,1,1,0,0,0,0.0,82,2,11.0,0,1
0.52,0.59,0,1,1,0,0,0,0.0,84,3,12.0,0,1
0.52,0.59,0,1,1,0,0,0,0.0,93,3,13.0,0,1
0.52,0.59,0,1,1,0,0,0,0.0,96,3,14.0,0,1
0.52,0.59,0,1,1,0,0,0,0.0,111,3,15.0,0,1
0.52,0.59,0,1,1,0,0,0,0.0,115,3,16.0,0,1
0.52,0.59,0,1,1,0,0,0,0.0,121,4,17.0,0,1
0.52,0.59,0,1,1,0,0,0,0.0,130,4,18.0,0,1
0.52,0.59,0,1,1,0,0,0,0.0,134,4,19.0,0,1
0.52,0.59,0,1,1,0,0,0,0.0,145,4,20.0,0,1
0.52,0.59,0,1,0,1,2,1,1.0,145,4,20.0,146,1
0.52,0.59,0,1,0,1,6,1,2.0,145,4,20.0,146,1
0.52,0.59,0,1,0,1,16,1,3.0,145,4,20.0,146,1
0.52,0.59,0,1,0,1,23,2,4.0,145,4,20.0,146,1
0.52,0.59,0,1,0,1,29,2,5.0,145,4,20.0,146,1
0.52,0.59,0,1,0,1,35,3,6.0,145,4,20.0,146,1
0.52,0.59,0,1,0,1,49,3,7.0,145,4,20.0,146,1
0.52,0.59,0,1,0,1,50,3,8.0,145,4,20.0,146,1
0.52,0.59,0,1,0,1,57,3,9.0,145,4,20.0,146,1
0.52,0.59,0,1,0,1,67,3,10.0,145,4,20.0,146,1
0.52,0.59,0,1,0,1,72,3,11.0,145,4,20.0,146,1
0.52,0.59,0,1,0,1,75,3,12.0,145,4,20.0,146,1
0.52,0.59,0,1,0,1,80,3,13.0,145,4,20.0,146,1
0.52,0.59,0,1,0,1,90,4,14.0,145,4,20.0,146,1
0.52,0.59,0,1,0,1,98,4,15.0,145,4,20.0,146,1
0.52,0.59,0,1,0,1,107,4,16.0,145,4,20.0,146,1
0.52,0.59,0,1,0,1,116,4,17.0,145,4,20.0,146,1
0.52,0.59,0,1,0,1,125,4,18.0,145,4,20.0,146,1
0.52,0.59,0,1,0,1,133,5,19.0,145,4,20.0,146,1
0.52,0.59,0,1,0,1,147,5,20.0,145,4,20.0,146,1
0.46,0.52,0,0,1,1,10,1,1.0,0,0,0.0,0,0
0.46,0.52,0,0,1,1,21,1,2.0,0,0,0.0,0,0
0.46,0.52,0,0,1,1,30,1,3.0,0,0,0.0,0,0
0.46,0.52,0,0,1,1,38,1,4.0,0,0,0.0,0,0
0.46,0.52,0,0,1,1,50,1,5.0,0,0,0.0,0,0
0.46,0.52,0,0,1,1,60,2,6.0,0,0,0.0,0,0
0.46,0.52,0,0,1,1,69,2,7.0,0,0,0.0,0,0
0.46,0.52,0,0,1,1,77,2,8.0,0,0,0.0,0,0
0.46,0.52,0,0,1,1,80,2,9.0,0,0,0.0,0,0
0.46,0.52,0,0,1,1,81,2,10.0,0,0,0.0,0,0
0.46,0.52,0,0,1,1,85,3,11.0,0,0,0.0,0,0
0.46,0.52,0,0,1,1,89,3,12.0,0,0,0.0,0,0
0.46,0.52,0,0,1,1,90,3,13.0,0,0,0.0,0,0
0.46,0.52,0,0,1,1,97,3,14.0,0,0,0.0,0,0
0.46,0.52,0,0,1,1,107,4,15.0,0,0,0.0,0,0
0.46,0.52,0,0,1,1,109,4,16.0,0,0,0.0,0,0
0.46,0.52,0,0,1,1,117,5,17.0,0,0,0.0,0,0
0.46,0.52,0,0,1,1,125,5,18.0,0,0,0.0,0,0
0.46,0.52,0,0,1,1,133,5,19.0,0,0,0.0,0,0
0.46,0.52,0,0,1,1,134,5,20.0,0,0,0.0,0,0
0.46,0.52,0,0,0,0,134,5,20.0,4,0,1.0,135,0
0.46,0.52,0,0,0,0,134,5,20.0,22,0,2.0,135,0
0.46,0.52,0,0,0,0,134,5,20.0,34,0,3.0,135,0
0.46,0.52,0,0,0,0,134,5,20.0,38,0,4.0,135,0
0.46,0.52,0,0,0,0,134,5,20.0,42,0,5.0,135,0
0.46,0.52,0,0,0,0,134,5,20.0,53,0,6.0,135,0
0.46,0.52,0,0,0,0,134,5,20.0,65,0,7.0,135,0
0.46,0.52,0,0,0,0,134,5,20.0,67,0,8.0,135,0
0.46,0.52,0,0,0,0,134,5,20.0,81,0,9.0,135,0
0.46,0.52,0,0,0,0,134,5,20.0,86,0,10.0,135,0
0.46,0.52,0,0,0,0,134,5,20.0,98,1,11.0,135,0
0.46,0.52,0,0,0,0,134,5,20.0,99,2,12.0,135,0
0.46,0.52,0,0,0,0,134,5,20.0,106,2,13.0,135,0
0.46,0.52,0,0,0,0,134,5,20.0,109,2,14.0,135,0
0.46,0.52,0,0,0,0,134,5,20.0,114,4,15.0,135,0
0.46,0.52,0,0,0,0,134,5,20.0,116,4,16.0,135,0
0.46,0.52,0,0,0,0,134,5,20.0,125,4,17.0,135,0
0.46,0.52,0,0,0,0,134,5,20.0,132,4,18.0,135,0
0.46,0.52,0,0,0,0,134,5,20.0,135,4,18.83,135,0
0.42,0.42,0,0,1,1,4,0,1.0,0,0,0.0,0,0
0.42,0.42,0,0,1,1,9,0,2.0,0,0,0.0,0,0
0.42,0.42,0,0,1,1,20,0,3.0,0,0,0.0,0,0
0.42,0.42,0,0,1,1,30,0,4.0,0,0,0.0,0,0
0.42,0.42,0,0,1,1,41,1,5.0,0,0,0.0,0,0
0.42,0.42,0,0,1,1,42,1,6.0,0,0,0.0,0,0
0.42,0.42,0,0,1,1,50,3,7.0,0,0,0.0,0,0
0.42,0.42,0,0,1,1,56,3,8.0,0,0,0.0,0,0
0.42,0.42,0,0,1,1,61,3,9.0,0,0,0.0,0,0
0.42,0.42,0,0,1,1,65,3,10.0,0,0,0.0,0,0
0.42,0.42,0,0,1,1,67,5,11.0,0,0,0.0,0,0
0.42,0.42,0,0,1,1,73,5,12.0,0,0,0.0,0,0
0.42,0.42,0,0,1,1,86,5,13.0,0,0,0.0,0,0
0.42,0.42,0,0,1,1,87,5,14.0,0,0,0.0,0,0
0.42,0.42,0,0,1,1,92,5,15.0,0,0,0.0,0,0
0.42,0.42,0,0,1,1,107,5,16.0,0,0,0.0,0,0
0.42,0.42,0,0,1,1,118,5,17.0,0,0,0.0,0,0
0.42,0.42,0,0,1,1,122,5,18.0,0,0,0.0,0,0
0.42,0.42,0,0,1,1,126,5,19.0,0,0,0.0,0,0
0.42,0.42,0,0,1,1,132,5,20.0,0,0,0.0,0,0
0.42,0.42,0,0,0,0,132,5,20.0,6,0,1.0,133,0
0.42,0.42,0,0,0,0,132,5,20.0,10,0,2.0,133,0
0.42,0.42,0,0,0,0,132,5,20.0,15,1,3.0,133,0
0.42,0.42,0,0,0,0,132,5,20.0,17,1,4.0,133,0
0.42,0.42,0,0,0,0,132,5,20.0,31,1,5.0,133,0
0.42,0.42,0,0,0,0,132,5,20.0,40,1,6.0,133,0
0.42,0.42,0,0,0,0,132,5,20.0,45,2,7.0,133,0
0.42,0.42,0,0,0,0,132,5,20.0,54,2,8.0,133,0
0.42,0.42,0,0,0,0,132,5,20.0,61,2,9.0,133,0
0.42,0.42,0,0,0,0,132,5,20.0,66,2,10.0,133,0
0.42,0.42,0,0,0,0,132,5,20.0,73,2,11.0,133,0
0.42,0.42,0,0,0,0,132,5,20.0,80,2,12.0,133,0
0.42,0.42,0,0,0,0,132,5,20.0,93,2,13.0,133,0
0.42,0.42,0,0,0,0,132,5,20.0,95,2,14.0,133,0
0.42,0.42,0,0,0,0,132,5,20.0,107,2,15.0,133,0
0.42,0.42,0,0,0,0,132,5,20.0,124,2,16.0,133,0
0.42,0.42,0,0,0,0,132,5,20.0,133,2,17.0,133,0
0.5,0.62,1,1,1,1,9,0,1.0,0,0,0.0,0,0
0.5,0.62,1,1,1,1,17,0,2.0,0,0,0.0,0,0
0.5,0.62,1,1,1,1,28,0,3.0,0,0,0.0,0,0
0.5,0.62,1,1,1,1,41,0,4.0,0,0,0.0,0,0
0.5,0.62,1,1,1,1,45,0,5.0,0,0,0.0,0,0
0.5,0.62,1,1,1,1,49,0,6.0,0,0,0.0,0,0
0.5,0.62,1,1,1,1,52,0,7.0,0,0,0.0,0,0
0.5,0.62,1,1,1,1,62,0,8.0,0,0,0.0,0,0
0.5,0.62,1,1,1,1,71,0,9.0,0,0,0.0,0,0
0.5,0.62,1,1,1,1,77,0,10.0,0,0,0.0,0,0
0.5,0.62,1,1,1,1,83,0,11.0,0,0,0.0,0,0
0.5,0.62,1,1,1,1,85,1,12.0,0,0,0.0,0,0
0.5,0.62,1,1,1,1,101,1,13.0,0,0,0.0,0,0
0.5,0.62,1,1,1,1,104,1,14.0,0,0,0.0,0,0
0.5,0.62,1,1,1,1,107,1,15.0,0,0,0.0,0,0
0.5,0.62,1,1,1,1,114,1,16.0,0,0,0.0,0,0
0.5,0.62,1,1,1,1,119,2,17.0,0,0,0.0,0,0
0.5,0.62,1,1,1,1,123,2,18.0,0,0,0.0,0,0
0.5,0.62,1,1,1,1,133,3,19.0,0,0,0.0,0,0
0.5,0.62,1,1,1,1,144,3,20.0,0,0,0.0,0,0
0.5,0.62,1,1,0,0,144,3,20.0,2,0,1.0,145,0
0.5,0.62,1,1,0,0,144,3,20.0,6,0,2.0,145,0
0.5,0.62,1,1,0,0,144,3,20.0,10,1,3.0,145,0
0.5,0.62,1,1,0,0,144,3,20.0,15,1,4.0,145,0
0.5,0.62,1,1,0,0,144,3,20.0,23,1,5.0,145,0
0.5,0.62,1,1,0,0,144,3,20.0,33,2,6.0,145,0
0.5,0.62,1,1,0,0,144,3,20.0,40,2,7.0,145,0
0.5,0.62,1,1,0,0,144,3,20.0,52,3,8.0,145,0
0.5,0.62,1,1,0,0,144,3,20.0,63,3,9.0,145,0
0.5,0.62,1,1,0,0,144,3,20.0,69,3,10.0,145,0
0.5,0.62,1,1,0,0,144,3,20.0,78,3,11.0,145,0
0.5,0.62,1,1,0,0,144,3,20.0,88,3,12.0,145,0
0.5,0.62,1,1,0,0,144,3,20.0,96,4,13.0,145,0
0.5,0.62,1,1,0,0,144,3,20.0,100,4,14.0,145,0
0.5,0.62,1,1,0,0,144,3,20.0,113,4,15.0,145,0
0.5,0.62,1,1,0,0,144,3,20.0,129,4,16.0,145,0
0.5,0.62,1,1,0,0,144,3,20.0,136,4,17.0,145,0
0.5,0.62,1,1,0,0,144,3,20.0,136,4,18.0,145,0
0.5,0.62,1,1,0,0,144,3,20.0,145,4,18.5,145,0
0.37,0.51,1,0,1,0,0,0,0.0,8,1,1.0,0,0
0.37,0.51,1,0,1,0,0,0,0.0,12,2,2.0,0,0
0.37,0.51,1,0,1,0,0,0,0.0,14,2,3.0,0,0
0.37,0.51,1,0,1,0,0,0,0.0,18,2,4.0,0,0
0.37,0.51,1,0,1,0,0,0,0.0,25,2,5.0,0,0
0.37,0.51,1,0,1,0,0,0,0.0,26,3,6.0,0,0
0.37,0.51,1,0,1,0,0,0,0.0,29,3,7.0,0,0
0.37,0.51,1,0,1,0,0,0,0.0,36,3,8.0,0,0
0.37,0.51,1,0,1,0,0,0,0.0,47,3,9.0,0,0
0.37,0.51,1,0,1,0,0,0,0.0,54,3,10.0,0,0
0.37,0.51,1,0,1,0,0,0,0.0,57,3,11.0,0,0
0.37,0.51,1,0,1,0,0,0,0.0,62,4,12.0,0,0
0.37,0.51,1,0,1,0,0,0,0.0,69,4,13.0,0,0
0.37,0.51,1,0,1,0,0,0,0.0,78,4,14.0,0,0
0.37,0.51,1,0,1,0,0,0,0.0,87,4,15.0,0,0
0.37,0.51,1,0,1,0,0,0,0.0,96,4,16.0,0,0
0.37,0.51,1,0,1,0,0,0,0.0,108,4,17.0,0,0
0.37,0.51,1,0,1,0,0,0,0.0,117,4,18.0,0,0
0.37,0.51,1,0,1,0,0,0,0.0,129,4,19.0,0,0
0.37,0.51,1,0,1,0,0,0,0.0,137,4,20.0,0,0
0.37,0.51,1,0,0,1,3,1,1.0,137,4,20.0,138,0
0.37,0.51,1,0,0,1,8,2,2.0,137,4,20.0,138,0
0.37,0.51,1,0,0,1,14,3,3.0,137,4,20.0,138,0
0.37,0.51,1,0,0,1,16,3,4.0,137,4,20.0,138,0
0.37,0.51,1,0,0,1,23,4,5.0,137,4,20.0,138,0
0.37,0.51,1,0,0,1,30,4,6.0,137,4,20.0,138,0
0.37,0.51,1,0,0,1,34,6,7.0,137,4,20.0,138,0
0.37,0.51,1,0,0,1,41,6,8.0,137,4,20.0,138,0
0.37,0.51,1,0,0,1,50,7,9.0,137,4,20.0,138,0
0.37,0.51,1,0,0,1,53,7,10.0,137,4,20.0,138,0
0.37,0.51,1,0,0,1,55,7,11.0,137,4,20.0,138,0
0.37,0.51,1,0,0,1,59,8,12.0,137,4,20.0,138,0
0.37,0.51,1,0,0,1,61,8,13.0,137,4,20.0,138,0
0.37,0.51,1,0,0,1,71,8,14.0,137,4,20.0,138,0
0.37,0.51,1,0,0,1,80,8,15.0,137,4,20.0,138,0
0.37,0.51,1,0,0,1,92,8,16.0,137,4,20.0,138,0
0.37,0.51,1,0,0,1,102,8,17.0,137,4,20.0,138,0
0.37,0.51,1,0,0,1,109,9,18.0,137,4,20.0,138,0
0.37,0.51,1,0,0,1,117,9,19.0,137,4,20.0,138,0
0.37,0.51,1,0,0,1,124,10,20.0,137,4,20.0,138,0
0.48,0.64,0,0,1,1,11,0,1.0,0,0,0.0,0,0
0.48,0.64,0,0,1,1,22,0,2.0,0,0,0.0,0,0
0.48,0.64,0,0,1,1,30,0,3.0,0,0,0.0,0,0
0.48,0.64,0,0,1,1,37,0,4.0,0,0,0.0,0,0
0.48,0.64,0,0,1,1,40,0,5.0,0,0,0.0,0,0
0.48,0.64,0,0,1,1,41,1,6.0,0,0,0.0,0,0
0.48,0.64,0,0,1,1,48,1,7.0,0,0,0.0,0,0
0.48,0.64,0,0,1,1,51,1,8.0,0,0,0.0,0,0
0.48,0.64,0,0,1,1,63,1,9.0,0,0,0.0,0,0
0.48,0.64,0,0,1,1,66,1,10.0,0,0,0.0,0,0
0.48,0.64,0,0,1,1,69,1,11.0,0,0,0.0,0,0
0.48,0.64,0,0,1,1,75,1,12.0,0,0,0.0,0,0
0.48,0.64,0,0,1,1,85,1,13.0,0,0,0.0,0,0
0.48,0.64,0,0,1,1,90,1,14.0,0,0,0.0,0,0
0.48,0.64,0,0,1,1,107,1,15.0,0,0,0.0,0,0
0.48,0.64,0,0,1,1,111,2,16.0,0,0,0.0,0,0
0.48,0.64,0,0,1,1,124,3,17.0,0,0,0.0,0,0
0.48,0.64,0,0,1,1,125,3,18.0,0,0,0.0,0,0
0.48,0.64,0,0,1,1,142,3,19.0,0,0,0.0,0,0
0.48,0.64,0,0,1,1,149,3,20.0,0,0,0.0,0,0
0.48,0.64,0,0,0,0,149,3,20.0,3,0,1.0,150,0
0.48,0.64,0,0,0,0,149,3,20.0,7,0,2.0,150,0
0.48,0.64,0,0,0,0,149,3,20.0,12,0,3.0,150,0
0.48,0.64,0,0,0,0,149,3,20.0,16,0,4.0,150,0
0.48,0.64,0,0,0,0,149,3,20.0,25,0,5.0,150,0
0.48,0.64,0,0,0,0,149,3,20.0,33,0,6.0,150,0
0.48,0.64,0,0,0,0,149,3,20.0,39,1,7.0,150,0
0.48,0.64,0,0,0,0,149,3,20.0,45,1,8.0,150,0
0.48,0.64,0,0,0,0,149,3,20.0,50,1,9.0,150,0
0.48,0.64,0,0,0,0,149,3,20.0,58,1,10.0,150,0
0.48,0.64,0,0,0,0,149,3,20.0,65,1,11.0,150,0
0.48,0.64,0,0,0,0,149,3,20.0,69,1,12.0,150,0
0.48,0.64,0,0,0,0,149,3,20.0,80,2,13.0,150,0
0.48,0.64,0,0,0,0,149,3,20.0,93,2,14.0,150,0
0.48,0.64,0,0,0,0,149,3,20.0,99,2,15.0,150,0
0.48,0.64,0,0,0,0,149,3,20.0,110,2,16.0,150,0
0.48,0.64,0,0,0,0,149,3,20.0,122,2,17.0,150,0
0.48,0.64,0,0,0,0,149,3,20.0,132,2,18.0,150,0
0.48,0.64,0,0,0,0,149,3,20.0,150,2,19.0,150,0
0.63,0.59,0,1,1,0,0,0,0.0,15,0,1.0,0,0
0.63,0.59,0,1,1,0,0,0,0.0,17,0,2.0,0,0
0.63,0.59,0,1,1,0,0,0,0.0,30,0,3.0,0,0
0.63,0.59,0,1,1,0,0,0,0.0,37,0,4.0,0,0
0.63,0.59,0,1,1,0,0,0,0.0,40,0,5.0,0,0
0.63,0.59,0,1,1,0,0,0,0.0,50,0,6.0,0,0
0.63,0.59,0,1,1,0,0,0,0.0,53,0,7.0,0,0
0.63,0.59,0,1,1,0,0,0,0.0,60,0,8.0,0,0
0.63,0.59,0,1,1,0,0,0,0.0,65,0,9.0,0,0
0.63,0.59,0,1,1,0,0,0,0.0,75,0,10.0,0,0
0.63,0.59,0,1,1,0,0,0,0.0,85,0,11.0,0,0
0.63,0.59,0,1,1,0,0,0,0.0,95,1,12.0,0,0
0.63,0.59,0,1,1,0,0,0,0.0,101,1,13.0,0,0
0.63,0.59,0,1,1,0,0,0,0.0,108,2,14.0,0,0
0.63,0.59,0,1,1,0,0,0,0.0,112,2,15.0,0,0
0.63,0.59,0,1,1,0,0,0,0.0,116,2,16.0,0,0
0.63,0.59,0,1,1,0,0,0,0.0,133,2,17.0,0,0
0.63,0.59,0,1,1,0,0,0,0.0,137,2,18.0,0,0
0.63,0.59,0,1,1,0,0,0,0.0,148,2,19.0,0,0
0.63,0.59,0,1,1,0,0,0,0.0,154,2,20.0,0,0
0.63,0.59,0,1,0,1,4,0,1.0,154,2,20.0,155,0
0.63,0.59,0,1,0,1,14,0,2.0,154,2,20.0,155,0
0.63,0.59,0,1,0,1,17,0,3.0,154,2,20.0,155,0
0.63,0.59,0,1,0,1,23,1,4.0,154,2,20.0,155,0
0.63,0.59,0,1,0,1,33,1,5.0,154,2,20.0,155,0
0.63,0.59,0,1,0,1,37,1,6.0,154,2,20.0,155,0
0.63,0.59,0,1,0,1,39,1,7.0,154,2,20.0,155,0
0.63,0.59,0,1,0,1,44,1,8.0,154,2,20.0,155,0
0.63,0.59,0,1,0,1,57,1,9.0,154,2,20.0,155,0
0.63,0.59,0,1,0,1,62,2,10.0,154,2,20.0,155,0
0.63,0.59,0,1,0,1,68,2,11.0,154,2,20.0,155,0
0.63,0.59,0,1,0,1,78,2,12.0,154,2,20.0,155,0
0.63,0.59,0,1,0,1,86,2,13.0,154,2,20.0,155,0
0.63,0.59,0,1,0,1,92,2,14.0,154,2,20.0,155,0
0.63,0.59,0,1,0,1,107,2,15.0,154,2,20.0,155,0
0.63,0.59,0,1,0,1,113,3,16.0,154,2,20.0,155,0
0.63,0.59,0,1,0,1,124,3,17.0,154,2,20.0,155,0
0.63,0.59,0,1,0,1,129,3,18.0,154,2,20.0,155,0
0.63,0.59,0,1,0,1,139,4,19.0,154,2,20.0,155,0
0.63,0.59,0,1,0,1,150,5,20.0,154,2,20.0,155,0
0.38,0.38,0,0,1,1,10,1,1.0,0,0,0.0,0,0
0.38,0.38,0,0,1,1,23,1,2.0,0,0,0.0,0,0
0.38,0.38,0,0,1,1,27,1,3.0,0,0,0.0,0,0
0.38,0.38,0,0,1,1,30,1,4.0,0,0,0.0,0,0
0.38,0.38,0,0,1,1,32,2,5.0,0,0,0.0,0,0
0.38,0.38,0,0,1,1,46,2,6.0,0,0,0.0,0,0
0.38,0.38,0,0,1,1,55,3,7.0,0,0,0.0,0,0
0.38,0.38,0,0,1,1,60,3,8.0,0,0,0.0,0,0
0.38,0.38,0,0,1,1,69,4,9.0,0,0,0.0,0,0
0.38,0.38,0,0,1,1,74,4,10.0,0,0,0.0,0,0
0.38,0.38,0,0,1,1,85,4,11.0,0,0,0.0,0,0
0.38,0.38,0,0,1,1,90,5,12.0,0,0,0.0,0,0
0.38,0.38,0,0,1,1,95,6,13.0,0,0,0.0,0,0
0.38,0.38,0,0,1,1,105,6,14.0,0,0,0.0,0,0
0.38,0.38,0,0,1,1,108,7,15.0,0,0,0.0,0,0
0.38,0.38,0,0,1,1,110,7,16.0,0,0,0.0,0,0
0.38,0.38,0,0,1,1,113,8,17.0,0,0,0.0,0,0
0.38,0.38,0,0,1,1,121,8,18.0,0,0,0.0,0,0
0.38,0.38,0,0,1,1,132,8,19.0,0,0,0.0,0,0
0.38,0.38,0,0,1,1,148,8,20.0,0,0,0.0,0,0
0.38,0.38,0,0,0,0,148,8,20.0,5,0,1.0,149,0
0.38,0.38,0,0,0,0,148,8,20.0,7,0,2.0,149,0
0.38,0.38,0,0,0,0,148,8,20.0,18,0,3.0,149,0
0.38,0.38,0,0,0,0,148,8,20.0,27,1,4.0,149,0
0.38,0.38,0,0,0,0,148,8,20.0,30,1,5.0,149,0
0.38,0.38,0,0,0,0,148,8,20.0,37,2,6.0,149,0
0.38,0.38,0,0,0,0,148,8,20.0,43,2,7.0,149,0
0.38,0.38,0,0,0,0,148,8,20.0,45,4,8.0,149,0
0.38,0.38,0,0,0,0,148,8,20.0,50,4,9.0,149,0
0.38,0.38,0,0,0,0,148,8,20.0,59,5,10.0,149,0
0.38,0.38,0,0,0,0,148,8,20.0,65,5,11.0,149,0
0.38,0.38,0,0,0,0,148,8,20.0,70,5,12.0,149,0
0.38,0.38,0,0,0,0,148,8,20.0,80,5,13.0,149,0
0.38,0.38,0,0,0,0,148,8,20.0,86,5,14.0,149,0
0.38,0.38,0,0,0,0,148,8,20.0,92,5,15.0,149,0
0.38,0.38,0,0,0,0,148,8,20.0,114,5,16.0,149,0
0.38,0.38,0,0,0,0,148,8,20.0,118,5,17.0,149,0
0.38,0.38,0,0,0,0,148,8,20.0,129,5,18.0,149,0
0.38,0.38,0,0,0,0,148,8,20.0,137,6,19.0,149,0
0.38,0.38,0,0,0,0,148,8,20.0,151,6,20.0,149,0
0.52,0.49,1,1,1,1,7,0,1.0,0,0,0.0,0,1
0.52,0.49,1,1,1,1,19,1,2.0,0,0,0.0,0,1
0.52,0.49,1,1,1,1,24,1,3.0,0,0,0.0,0,1
0.52,0.49,1,1,1,1,28,1,4.0,0,0,0.0,0,1
0.52,0.49,1,1,1,1,37,1,5.0,0,0,0.0,0,1
0.52,0.49,1,1,1,1,43,2,6.0,0,0,0.0,0,1
0.52,0.49,1,1,1,1,55,3,7.0,0,0,0.0,0,1
0.52,0.49,1,1,1,1,60,3,8.0,0,0,0.0,0,1
0.52,0.49,1,1,1,1,67,3,9.0,0,0,0.0,0,1
0.52,0.49,1,1,1,1,67,5,10.0,0,0,0.0,0,1
0.52,0.49,1,1,1,1,78,5,11.0,0,0,0.0,0,1
0.52,0.49,1,1,1,1,87,5,12.0,0,0,0.0,0,1
0.52,0.49,1,1,1,1,106,5,13.0,0,0,0.0,0,1
0.52,0.49,1,1,1,1,114,5,14.0,0,0,0.0,0,1
0.52,0.49,1,1,1,1,122,5,15.0,0,0,0.0,0,1
0.52,0.49,1,1,1,1,126,5,16.0,0,0,0.0,0,1
0.52,0.49,1,1,1,1,132,5,17.0,0,0,0.0,0,1
0.52,0.49,1,1,1,1,148,5,18.0,0,0,0.0,0,1
0.52,0.49,1,1,1,1,156,5,19.0,0,0,0.0,0,1
0.52,0.49,1,1,1,1,163,5,20.0,0,0,0.0,0,1
0.52,0.49,1,1,0,0,163,5,20.0,3,0,1.0,164,1
0.52,0.49,1,1,0,0,163,5,20.0,14,0,2.0,164,1
0.52,0.49,1,1,0,0,163,5,20.0,25,0,3.0,164,1
0.52,0.49,1,1,0,0,163,5,20.0,32,0,4.0,164,1
0.52,0.49,1,1,0,0,163,5,20.0,41,0,5.0,164,1
0.52,0.49,1,1,0,0,163,5,20.0,50,0,6.0,164,1
0.52,0.49,1,1,0,0,163,5,20.0,55,1,7.0,164,1
0.52,0.49,1,1,0,0,163,5,20.0,60,2,8.0,164,1
0.52,0.49,1,1,0,0,163,5,20.0,64,2,9.0,164,1
0.52,0.49,1,1,0,0,163,5,20.0,71,2,10.0,164,1
0.52,0.49,1,1,0,0,163,5,20.0,79,3,11.0,164,1
0.52,0.49,1,1,0,0,163,5,20.0,85,3,12.0,164,1
0.52,0.49,1,1,0,0,163,5,20.0,96,4,13.0,164,1
0.52,0.49,1,1,0,0,163,5,20.0,105,4,14.0,164,1
0.52,0.49,1,1,0,0,163,5,20.0,118,4,15.0,164,1
0.52,0.49,1,1,0,0,163,5,20.0,135,4,16.0,164,1
0.52,0.49,1,1,0,0,163,5,20.0,147,4,17.0,164,1
0.52,0.49,1,1,0,0,163,5,20.0,153,4,18.0,164,1
0.52,0.49,1,1,0,0,163,5,20.0,155,5,19.0,164,1
0.52,0.49,1,1,0,0,163,5,20.0,158,5,20.0,164,1
0.63,0.5,0,0,1,1,6,0,1.0,0,0,0.0,0,1
0.63,0.5,0,0,1,1,9,1,2.0,0,0,0.0,0,1
0.63,0.5,0,0,1,1,13,2,3.0,0,0,0.0,0,1
0.63,0.5,0,0,1,1,16,2,4.0,0,0,0.0,0,1
0.63,0.5,0,0,1,1,32,2,5.0,0,0,0.0,0,1
0.63,0.5,0,0,1,1,35,2,6.0,0,0,0.0,0,1
0.63,0.5,0,0,1,1,41,2,7.0,0,0,0.0,0,1
0.63,0.5,0,0,1,1,55,2,8.0,0,0,0.0,0,1
0.63,0.5,0,0,1,1,66,2,9.0,0,0,0.0,0,1
0.63,0.5,0,0,1,1,81,2,10.0,0,0,0.0,0,1
0.63,0.5,0,0,1,1,93,2,11.0,0,0,0.0,0,1
0.63,0.5,0,0,1,1,100,2,12.0,0,0,0.0,0,1
0.63,0.5,0,0,1,1,105,3,13.0,0,0,0.0,0,1
0.63,0.5,0,0,1,1,113,4,14.0,0,0,0.0,0,1
0.63,0.5,0,0,1,1,114,4,15.0,0,0,0.0,0,1
0.63,0.5,0,0,1,1,118,4,16.0,0,0,0.0,0,1
0.63,0.5,0,0,1,1,127,4,17.0,0,0,0.0,0,1
0.63,0.5,0,0,1,1,136,4,18.0,0,0,0.0,0,1
0.63,0.5,0,0,1,1,142,4,19.0,0,0,0.0,0,1
0.63,0.5,0,0,1,1,154,4,20.0,0,0,0.0,0,1
0.63,0.5,0,0,0,0,154,4,20.0,5,2,1.0,155,1
0.63,0.5,0,0,0,0,154,4,20.0,10,3,2.0,155,1
0.63,0.5,0,0,0,0,154,4,20.0,19,4,3.0,155,1
0.63,0.5,0,0,0,0,154,4,20.0,27,5,4.0,155,1
0.63,0.5,0,0,0,0,154,4,20.0,41,5,5.0,155,1
0.63,0.5,0,0,0,0,154,4,20.0,51,5,6.0,155,1
0.63,0.5,0,0,0,0,154,4,20.0,59,5,7.0,155,1
0.63,0.5,0,0,0,0,154,4,20.0,69,5,8.0,155,1
0.63,0.5,0,0,0,0,154,4,20.0,79,5,9.0,155,1
0.63,0.5,0,0,0,0,154,4,20.0,83,5,10.0,155,1
0.63,0.5,0,0,0,0,154,4,20.0,88,5,11.0,155,1
0.63,0.5,0,0,0,0,154,4,20.0,96,5,12.0,155,1
0.63,0.5,0,0,0,0,154,4,20.0,104,5,13.0,155,1
0.63,0.5,0,0,0,0,154,4,20.0,111,5,14.0,155,1
0.63,0.5,0,0,0,0,154,4,20.0,123,5,15.0,155,1
0.63,0.5,0,0,0,0,154,4,20.0,133,5,16.0,155,1
0.63,0.5,0,0,0,0,154,4,20.0,141,5,17.0,155,1
0.63,0.5,0,0,0,0,154,4,20.0,144,5,18.0,155,1
0.63,0.5,0,0,0,0,154,4,20.0,146,6,19.0,155,1
0.63,0.5,0,0,0,0,154,4,20.0,153,6,20.0,155,1
0.51,0.52,0,0,1,1,6,0,1.0,0,0,0.0,0,0
0.51,0.52,0,0,1,1,16,0,2.0,0,0,0.0,0,0
0.51,0.52,0,0,1,1,21,1,3.0,0,0,0.0,0,0
0.51,0.52,0,0,1,1,33,1,4.0,0,0,0.0,0,0
0.51,0.52,0,0,1,1,45,1,5.0,0,0,0.0,0,0
0.51,0.52,0,0,1,1,50,1,6.0,0,0,0.0,0,0
0.51,0.52,0,0,1,1,53,1,7.0,0,0,0.0,0,0
0.51,0.52,0,0,1,1,66,1,8.0,0,0,0.0,0,0
0.51,0.52,0,0,1,1,72,2,9.0,0,0,0.0,0,0
0.51,0.52,0,0,1,1,81,2,10.0,0,0,0.0,0,0
0.51,0.52,0,0,1,1,90,3,11.0,0,0,0.0,0,0
0.51,0.52,0,0,1,1,97,3,12.0,0,0,0.0,0,0
0.51,0.52,0,0,1,1,101,4,13.0,0,0,0.0,0,0
0.51,0.52,0,0,1,1,107,4,14.0,0,0,0.0,0,0
0.51,0.52,0,0,1,1,112,4,15.0,0,0,0.0,0,0
0.51,0.52,0,0,1,1,121,7,16.0,0,0,0.0,0,0
0.51,0.52,0,0,1,1,131,7,17.0,0,0,0.0,0,0
0.51,0.52,0,0,1,1,138,7,18.0,0,0,0.0,0,0
0.51,0.52,0,0,1,1,144,7,19.0,0,0,0.0,0,0
0.51,0.52,0,0,1,1,148,7,20.0,0,0,0.0,0,0
0.51,0.52,0,0,0,0,148,7,20.0,6,0,1.0,149,0
0.51,0.52,0,0,0,0,148,7,20.0,15,0,2.0,149,0
0.51,0.52,0,0,0,0,148,7,20.0,22,1,3.0,149,0
0.51,0.52,0,0,0,0,148,7,20.0,27,2,4.0,149,0
0.51,0.52,0,0,0,0,148,7,20.0,32,2,5.0,149,0
0.51,0.52,0,0,0,0,148,7,20.0,42,2,6.0,149,0
0.51,0.52,0,0,0,0,148,7,20.0,53,2,7.0,149,0
0.51,0.52,0,0,0,0,148,7,20.0,64,3,8.0,149,0
0.51,0.52,0,0,0,0,148,7,20.0,70,3,9.0,149,0
0.51,0.52,0,0,0,0,148,7,20.0,74,3,10.0,149,0
0.51,0.52,0,0,0,0,148,7,20.0,82,3,11.0,149,0
0.51,0.52,0,0,0,0,148,7,20.0,87,3,12.0,149,0
0.51,0.52,0,0,0,0,148,7,20.0,104,3,13.0,149,0
0.51,0.52,0,0,0,0,148,7,20.0,111,3,14.0,149,0
0.51,0.52,0,0,0,0,148,7,20.0,112,3,15.0,149,0
0.51,0.52,0,0,0,0,148,7,20.0,117,3,16.0,149,0
0.51,0.52,0,0,0,0,148,7,20.0,122,3,17.0,149,0
0.51,0.52,0,0,0,0,148,7,20.0,129,3,18.0,149,0
0.51,0.52,0,0,0,0,148,7,20.0,137,4,19.0,149,0
0.51,0.52,0,0,0,0,148,7,20.0,150,4,20.0,149,0
0.52,0.61,1,0,1,0,0,0,0.0,6,0,1.0,0,0
0.52,0.61,1,0,1,0,0,0,0.0,15,0,2.0,0,0
0.52,0.61,1,0,1,0,0,0,0.0,32,0,3.0,0,0
0.52,0.61,1,0,1,0,0,0,0.0,45,0,4.0,0,0
0.52,0.61,1,0,1,0,0,0,0.0,52,0,5.0,0,0
0.52,0.61,1,0,1,0,0,0,0.0,59,0,6.0,0,0
0.52,0.61,1,0,1,0,0,0,0.0,63,0,7.0,0,0
0.52,0.61,1,0,1,0,0,0,0.0,78,0,8.0,0,0
0.52,0.61,1,0,1,0,0,0,0.0,80,1,9.0,0,0
0.52,0.61,1,0,1,0,0,0,0.0,94,1,10.0,0,0
0.52,0.61,1,0,1,0,0,0,0.0,105,2,11.0,0,0
0.52,0.61,1,0,1,0,0,0,0.0,113,2,12.0,0,0
0.52,0.61,1,0,1,0,0,0,0.0,121,2,13.0,0,0
0.52,0.61,1,0,1,0,0,0,0.0,135,3,14.0,0,0
0.52,0.61,1,0,1,0,0,0,0.0,140,3,15.0,0,0
0.52,0.61,1,0,1,0,0,0,0.0,142,4,16.0,0,0
0.52,0.61,1,0,1,0,0,0,0.0,147,4,17.0,0,0
0.52,0.61,1,0,1,0,0,0,0.0,160,4,18.0,0,0
0.52,0.61,1,0,1,0,0,0,0.0,168,4,19.0,0,0
0.52,0.61,1,0,1,0,0,0,0.0,172,5,20.0,0,0
0.52,0.61,1,0,0,1,4,2,1.0,172,5,20.0,173,0
0.52,0.61,1,0,0,1,10,2,2.0,172,5,20.0,173,0
0.52,0.61,1,0,0,1,14,2,3.0,172,5,20.0,173,0
0.52,0.61,1,0,0,1,23,2,4.0,172,5,20.0,173,0
0.52,0.61,1,0,0,1,43,2,5.0,172,5,20.0,173,0
0.52,0.61,1,0,0,1,49,3,6.0,172,5,20.0,173,0
0.52,0.61,1,0,0,1,51,3,7.0,172,5,20.0,173,0
0.52,0.61,1,0,0,1,55,3,8.0,172,5,20.0,173,0
0.52,0.61,1,0,0,1,59,5,9.0,172,5,20.0,173,0
0.52,0.61,1,0,0,1,66,6,10.0,172,5,20.0,173,0
0.52,0.61,1,0,0,1,77,6,11.0,172,5,20.0,173,0
0.52,0.61,1,0,0,1,84,7,12.0,172,5,20.0,173,0
0.52,0.61,1,0,0,1,99,7,13.0,172,5,20.0,173,0
0.52,0.61,1,0,0,1,110,7,14.0,172,5,20.0,173,0
0.52,0.61,1,0,0,1,113,8,15.0,172,5,20.0,173,0
0.52,0.61,1,0,0,1,125,8,16.0,172,5,20.0,173,0
0.52,0.61,1,0,0,1,136,8,17.0,172,5,20.0,173,0
0.52,0.61,1,0,0,1,154,8,18.0,172,5,20.0,173,0
0.52,0.61,1,0,0,1,160,8,19.0,172,5,20.0,173,0
0.52,0.61,1,0,0,1,169,9,20.0,172,5,20.0,173,0
0.61,0.38,1,1,1,1,10,0,1.0,0,0,0.0,0,1
0.61,0.38,1,1,1,1,16,0,2.0,0,0,0.0,0,1
0.61,0.38,1,1,1,1,27,0,3.0,0,0,0.0,0,1
0.61,0.38,1,1,1,1,37,1,4.0,0,0,0.0,0,1
0.61,0.38,1,1,1,1,44,1,5.0,0,0,0.0,0,1
0.61,0.38,1,1,1,1,51,1,6.0,0,0,0.0,0,1
0.61,0.38,1,1,1,1,61,2,7.0,0,0,0.0,0,1
0.61,0.38,1,1,1,1,70,2,8.0,0,0,0.0,0,1
0.61,0.38,1,1,1,1,81,2,9.0,0,0,0.0,0,1
0.61,0.38,1,1,1,1,87,2,10.0,0,0,0.0,0,1
0.61,0.38,1,1,1,1,93,2,11.0,0,0,0.0,0,1
0.61,0.38,1,1,1,1,99,2,12.0,0,0,0.0,0,1
0.61,0.38,1,1,1,1,108,2,13.0,0,0,0.0,0,1
0.61,0.38,1,1,1,1,111,2,14.0,0,0,0.0,0,1
0.61,0.38,1,1,1,1,118,3,15.0,0,0,0.0,0,1
0.61,0.38,1,1,1,1,120,3,16.0,0,0,0.0,0,1
0.61,0.38,1,1,1,1,122,3,17.0,0,0,0.0,0,1
0.61,0.38,1,1,1,1,126,3,18.0,0,0,0.0,0,1
0.61,0.38,1,1,1,1,135,4,19.0,0,0,0.0,0,1
0.61,0.38,1,1,1,1,144,5,20.0,0,0,0.0,0,1
0.61,0.38,1,1,0,0,144,5,20.0,3,0,1.0,145,1
0.61,0.38,1,1,0,0,144,5,20.0,9,1,2.0,145,1
0.61,0.38,1,1,0,0,144,5,20.0,15,1,3.0,145,1
0.61,0.38,1,1,0,0,144,5,20.0,23,1,4.0,145,1
0.61,0.38,1,1,0,0,144,5,20.0,29,1,5.0,145,1
0.61,0.38,1,1,0,0,144,5,20.0,39,1,6.0,145,1
0.61,0.38,1,1,0,0,144,5,20.0,43,2,7.0,145,1
0.61,0.38,1,1,0,0,144,5,20.0,50,2,8.0,145,1
0.61,0.38,1,1,0,0,144,5,20.0,55,3,9.0,145,1
0.61,0.38,1,1,0,0,144,5,20.0,62,3,10.0,145,1
0.61,0.38,1,1,0,0,144,5,20.0,66,3,11.0,145,1
0.61,0.38,1,1,0,0,144,5,20.0,71,3,12.0,145,1
0.61,0.38,1,1,0,0,144,5,20.0,78,3,13.0,145,1
0.61,0.38,1,1,0,0,144,5,20.0,82,3,14.0,145,1
0.61,0.38,1,1,0,0,144,5,20.0,83,4,15.0,145,1
0.61,0.38,1,1,0,0,144,5,20.0,95,5,16.0,145,1
0.61,0.38,1,1,0,0,144,5,20.0,104,6,17.0,145,1
0.61,0.38,1,1,0,0,144,5,20.0,117,6,18.0,145,1
0.61,0.38,1,1,0,0,144,5,20.0,133,6,19.0,145,1
0.61,0.38,1,1,0,0,144,5,20.0,140,8,20.0,145,1
0.46,0.54,0,1,1,0,0,0,0.0,6,1,1.0,0,1
0.46,0.54,0,1,1,0,0,0,0.0,8,1,2.0,0,1
0.46,0.54,0,1,1,0,0,0,0.0,24,1,3.0,0,1
0.46,0.54,0,1,1,0,0,0,0.0,34,1,4.0,0,1
0.46,0.54,0,1,1,0,0,0,0.0,45,1,5.0,0,1
0.46,0.54,0,1,1,0,0,0,0.0,51,2,6.0,0,1
0.46,0.54,0,1,1,0,0,0,0.0,53,3,7.0,0,1
0.46,0.54,0,1,1,0,0,0,0.0,64,3,8.0,0,1
0.46,0.54,0,1,1,0,0,0,0.0,66,3,9.0,0,1
0.46,0.54,0,1,1,0,0,0,0.0,69,3,10.0,0,1
0.46,0.54,0,1,1,0,0,0,0.0,76,3,11.0,0,1
0.46,0.54,0,1,1,0,0,0,0.0,84,3,12.0,0,1
0.46,0.54,0,1,1,0,0,0,0.0,91,4,13.0,0,1
0.46,0.54,0,1,1,0,0,0,0.0,94,4,14.0,0,1
0.46,0.54,0,1,1,0,0,0,0.0,106,4,15.0,0,1
0.46,0.54,0,1,1,0,0,0,0.0,117,4,16.0,0,1
0.46,0.54,0,1,1,0,0,0,0.0,126,4,17.0,0,1
0.46,0.54,0,1,1,0,0,0,0.0,134,4,18.0,0,1
0.46,0.54,0,1,1,0,0,0,0.0,140,4,19.0,0,1
0.46,0.54,0,1,1,0,0,0,0.0,156,4,20.0,0,1
0.46,0.54,0,1,0,1,6,0,1.0,156,4,20.0,157,1
0.46,0.54,0,1,0,1,11,1,2.0,156,4,20.0,157,1
0.46,0.54,0,1,0,1,17,2,3.0,156,4,20.0,157,1
0.46,0.54,0,1,0,1,19,3,4.0,156,4,20.0,157,1
0.46,0.54,0,1,0,1,28,3,5.0,156,4,20.0,157,1
0.46,0.54,0,1,0,1,33,3,6.0,156,4,20.0,157,1
0.46,0.54,0,1,0,1,37,3,7.0,156,4,20.0,157,1
0.46,0.54,0,1,0,1,45,3,8.0,156,4,20.0,157,1
0.46,0.54,0,1,0,1,51,3,9.0,156,4,20.0,157,1
0.46,0.54,0,1,0,1,60,3,10.0,156,4,20.0,157,1
0.46,0.54,0,1,0,1,63,3,11.0,156,4,20.0,157,1
0.46,0.54,0,1,0,1,72,3,12.0,156,4,20.0,157,1
0.46,0.54,0,1,0,1,83,3,13.0,156,4,20.0,157,1
0.46,0.54,0,1,0,1,89,3,14.0,156,4,20.0,157,1
0.46,0.54,0,1,0,1,101,4,15.0,156,4,20.0,157,1
0.46,0.54,0,1,0,1,113,5,16.0,156,4,20.0,157,1
0.46,0.54,0,1,0,1,123,5,17.0,156,4,20.0,157,1
0.46,0.54,0,1,0,1,137,5,18.0,156,4,20.0,157,1
0.46,0.54,0,1,0,1,150,5,19.0,156,4,20.0,157,1
0.46,0.54,0,1,0,1,157,5,20.0,156,4,20.0,157,1
0.61,0.57,0,1,1,0,0,0,0.0,13,0,1.0,0,1
0.61,0.57,0,1,1,0,0,0,0.0,18,0,2.0,0,1
0.61,0.57,0,1,1,0,0,0,0.0,22,0,3.0,0,1
0.61,0.57,0,1,1,0,0,0,0.0,29,0,4.0,0,1
0.61,0.57,0,1,1,0,0,0,0.0,37,1,5.0,0,1
0.61,0.57,0,1,1,0,0,0,0.0,46,1,6.0,0,1
0.61,0.57,0,1,1,0,0,0,0.0,49,1,7.0,0,1
0.61,0.57,0,1,1,0,0,0,0.0,53,1,8.0,0,1
0.61,0.57,0,1,1,0,0,0,0.0,56,2,9.0,0,1
0.61,0.57,0,1,1,0,0,0,0.0,61,3,10.0,0,1
0.61,0.57,0,1,1,0,0,0,0.0,67,3,11.0,0,1
0.61,0.57,0,1,1,0,0,0,0.0,74,3,12.0,0,1
0.61,0.57,0,1,1,0,0,0,0.0,82,3,13.0,0,1
0.61,0.57,0,1,1,0,0,0,0.0,95,4,14.0,0,1
0.61,0.57,0,1,1,0,0,0,0.0,99,4,15.0,0,1
0.61,0.57,0,1,1,0,0,0,0.0,102,4,16.0,0,1
0.61,0.57,0,1,1,0,0,0,0.0,109,4,17.0,0,1
0.61,0.57,0,1,1,0,0,0,0.0,113,4,18.0,0,1
0.61,0.57,0,1,1,0,0,0,0.0,115,4,19.0,0,1
0.61,0.57,0,1,1,0,0,0,0.0,126,4,20.0,0,1
0.61,0.57,0,1,0,1,7,1,1.0,126,4,20.0,127,1
0.61,0.57,0,1,0,1,14,1,2.0,126,4,20.0,127,1
0.61,0.57,0,1,0,1,15,1,3.0,126,4,20.0,127,1
0.61,0.57,0,1,0,1,22,2,4.0,126,4,20.0,127,1
0.61,0.57,0,1,0,1,28,3,5.0,126,4,20.0,127,1
0.61,0.57,0,1,0,1,34,3,6.0,126,4,20.0,127,1
0.61,0.57,0,1,0,1,41,3,7.0,126,4,20.0,127,1
0.61,0.57,0,1,0,1,45,4,8.0,126,4,20.0,127,1
0.61,0.57,0,1,0,1,48,4,9.0,126,4,20.0,127,1
0.61,0.57,0,1,0,1,50,4,10.0,126,4,20.0,127,1
0.61,0.57,0,1,0,1,60,4,11.0,126,4,20.0,127,1
0.61,0.57,0,1,0,1,65,5,12.0,126,4,20.0,127,1
0.61,0.57,0,1,0,1,72,5,13.0,126,4,20.0,127,1
0.61,0.57,0,1,0,1,85,5,14.0,126,4,20.0,127,1
0.61,0.57,0,1,0,1,89,5,15.0,126,4,20.0,127,1
0.61,0.57,0,1,0,1,93,5,16.0,126,4,20.0,127,1
0.61,0.57,0,1,0,1,102,6,17.0,126,4,20.0,127,1
0.61,0.57,0,1,0,1,109,6,18.0,126,4,20.0,127,1
0.61,0.57,0,1,0,1,123,6,19.0,126,4,20.0,127,1
0.61,0.57,0,1,0,1,127,6,19.5,126,4,20.0,127,1
0.45,0.64,1,1,1,1,0,2,1.0,0,0,0.0,0,0
0.45,0.64,1,1,1,1,2,3,2.0,0,0,0.0,0,0
0.45,0.64,1,1,1,1,12,3,3.0,0,0,0.0,0,0
0.45,0.64,1,1,1,1,16,4,4.0,0,0,0.0,0,0
0.45,0.64,1,1,1,1,20,5,5.0,0,0,0.0,0,0
0.45,0.64,1,1,1,1,28,5,6.0,0,0,0.0,0,0
0.45,0.64,1,1,1,1,32,5,7.0,0,0,0.0,0,0
0.45,0.64,1,1,1,1,39,5,8.0,0,0,0.0,0,0
0.45,0.64,1,1,1,1,46,5,9.0,0,0,0.0,0,0
0.45,0.64,1,1,1,1,46,5,10.0,0,0,0.0,0,0
0.45,0.64,1,1,1,1,48,5,11.0,0,0,0.0,0,0
0.45,0.64,1,1,1,1,49,6,12.0,0,0,0.0,0,0
0.45,0.64,1,1,1,1,53,6,13.0,0,0,0.0,0,0
0.45,0.64,1,1,1,1,63,7,14.0,0,0,0.0,0,0
0.45,0.64,1,1,1,1,65,9,15.0,0,0,0.0,0,0
0.45,0.64,1,1,1,1,71,9,16.0,0,0,0.0,0,0
0.45,0.64,1,1,1,1,75,9,17.0,0,0,0.0,0,0
0.45,0.64,1,1,1,1,76,10,17.67,0,0,0.0,0,0
0.45,0.64,1,1,0,0,76,10,18.0,3,0,1.0,77,0
0.45,0.64,1,1,0,0,76,10,18.0,13,0,2.0,77,0
0.45,0.64,1,1,0,0,76,10,18.0,23,0,3.0,77,0
0.45,0.64,1,1,0,0,76,10,18.0,47,0,4.0,77,0
0.45,0.64,1,1,0,0,76,10,18.0,62,0,5.0,77,0
0.45,0.64,1,1,0,0,76,10,18.0,66,0,6.0,77,0
0.45,0.64,1,1,0,0,76,10,18.0,78,0,6.5,77,0
0.43,0.63,0,0,1,1,7,1,1.0,0,0,0.0,0,0
0.43,0.63,0,0,1,1,11,1,2.0,0,0,0.0,0,0
0.43,0.63,0,0,1,1,20,1,3.0,0,0,0.0,0,0
0.43,0.63,0,0,1,1,24,1,4.0,0,0,0.0,0,0
0.43,0.63,0,0,1,1,28,1,5.0,0,0,0.0,0,0
0.43,0.63,0,0,1,1,35,1,6.0,0,0,0.0,0,0
0.43,0.63,0,0,1,1,42,1,7.0,0,0,0.0,0,0
0.43,0.63,0,0,1,1,46,1,8.0,0,0,0.0,0,0
0.43,0.63,0,0,1,1,56,1,9.0,0,0,0.0,0,0
0.43,0.63,0,0,1,1,58,2,10.0,0,0,0.0,0,0
0.43,0.63,0,0,1,1,67,2,11.0,0,0,0.0,0,0
0.43,0.63,0,0,1,1,74,2,12.0,0,0,0.0,0,0
0.43,0.63,0,0,1,1,78,3,13.0,0,0,0.0,0,0
0.43,0.63,0,0,1,1,89,3,14.0,0,0,0.0,0,0
0.43,0.63,0,0,1,1,97,4,15.0,0,0,0.0,0,0
0.43,0.63,0,0,1,1,99,4,16.0,0,0,0.0,0,0
0.43,0.63,0,0,1,1,106,4,17.0,0,0,0.0,0,0
0.43,0.63,0,0,1,1,113,4,18.0,0,0,0.0,0,0
0.43,0.63,0,0,1,1,114,4,19.0,0,0,0.0,0,0
0.43,0.63,0,0,1,1,120,4,20.0,0,0,0.0,0,0
0.43,0.63,0,0,0,0,120,4,20.0,6,0,1.0,121,0
0.43,0.63,0,0,0,0,120,4,20.0,11,0,2.0,121,0
0.43,0.63,0,0,0,0,120,4,20.0,23,0,3.0,121,0
0.43,0.63,0,0,0,0,120,4,20.0,41,0,4.0,121,0
0.43,0.63,0,0,0,0,120,4,20.0,54,0,5.0,121,0
0.43,0.63,0,0,0,0,120,4,20.0,66,0,6.0,121,0
0.43,0.63,0,0,0,0,120,4,20.0,76,0,7.0,121,0
0.43,0.63,0,0,0,0,120,4,20.0,82,0,8.0,121,0
0.43,0.63,0,0,0,0,120,4,20.0,89,0,9.0,121,0
0.43,0.63,0,0,0,0,120,4,20.0,103,0,10.0,121,0
0.43,0.63,0,0,0,0,120,4,20.0,109,0,11.0,121,0
0.43,0.63,0,0,0,0,120,4,20.0,118,0,12.0,121,0
0.43,0.63,0,0,0,0,120,4,20.0,121,0,12.5,121,0
0.54,0.55,1,1,1,1,8,0,1.0,0,0,0.0,0,0
0.54,0.55,1,1,1,1,11,0,2.0,0,0,0.0,0,0
0.54,0.55,1,1,1,1,24,0,3.0,0,0,0.0,0,0
0.54,0.55,1,1,1,1,32,1,4.0,0,0,0.0,0,0
0.54,0.55,1,1,1,1,37,1,5.0,0,0,0.0,0,0
0.54,0.55,1,1,1,1,42,1,6.0,0,0,0.0,0,0
0.54,0.55,1,1,1,1,49,2,7.0,0,0,0.0,0,0
0.54,0.55,1,1,1,1,54,2,8.0,0,0,0.0,0,0
0.54,0.55,1,1,1,1,63,2,9.0,0,0,0.0,0,0
0.54,0.55,1,1,1,1,71,2,10.0,0,0,0.0,0,0
0.54,0.55,1,1,1,1,74,2,11.0,0,0,0.0,0,0
0.54,0.55,1,1,1,1,90,2,12.0,0,0,0.0,0,0
0.54,0.55,1,1,1,1,96,2,13.0,0,0,0.0,0,0
0.54,0.55,1,1,1,1,107,2,14.0,0,0,0.0,0,0
0.54,0.55,1,1,1,1,110,2,15.0,0,0,0.0,0,0
0.54,0.55,1,1,1,1,116,2,16.0,0,0,0.0,0,0
0.54,0.55,1,1,1,1,122,2,17.0,0,0,0.0,0,0
0.54,0.55,1,1,1,1,135,2,18.0,0,0,0.0,0,0
0.54,0.55,1,1,1,1,141,2,19.0,0,0,0.0,0,0
0.54,0.55,1,1,1,1,151,2,20.0,0,0,0.0,0,0
0.54,0.55,1,1,0,0,151,2,20.0,15,0,1.0,152,0
0.54,0.55,1,1,0,0,151,2,20.0,22,0,2.0,152,0
0.54,0.55,1,1,0,0,151,2,20.0,43,0,3.0,152,0
0.54,0.55,1,1,0,0,151,2,20.0,51,0,4.0,152,0
0.54,0.55,1,1,0,0,151,2,20.0,59,0,5.0,152,0
0.54,0.55,1,1,0,0,151,2,20.0,69,0,6.0,152,0
0.54,0.55,1,1,0,0,151,2,20.0,74,0,7.0,152,0
0.54,0.55,1,1,0,0,151,2,20.0,79,0,8.0,152,0
0.54,0.55,1,1,0,0,151,2,20.0,86,0,9.0,152,0
0.54,0.55,1,1,0,0,151,2,20.0,92,0,10.0,152,0
0.54,0.55,1,1,0,0,151,2,20.0,95,0,11.0,152,0
0.54,0.55,1,1,0,0,151,2,20.0,105,0,12.0,152,0
0.54,0.55,1,1,0,0,151,2,20.0,115,0,13.0,152,0
0.54,0.55,1,1,0,0,151,2,20.0,119,1,14.0,152,0
0.54,0.55,1,1,0,0,151,2,20.0,129,1,15.0,152,0
0.54,0.55,1,1,0,0,151,2,20.0,132,1,16.0,152,0
0.54,0.55,1,1,0,0,151,2,20.0,141,1,17.0,152,0
0.54,0.55,1,1,0,0,151,2,20.0,152,1,18.0,152,0
0.63,0.6,0,1,1,0,0,0,0.0,6,0,1.0,0,1
0.63,0.6,0,1,1,0,0,0,0.0,11,0,2.0,0,1
0.63,0.6,0,1,1,0,0,0,0.0,29,0,3.0,0,1
0.63,0.6,0,1,1,0,0,0,0.0,31,0,4.0,0,1
0.63,0.6,0,1,1,0,0,0,0.0,34,0,5.0,0,1
0.63,0.6,0,1,1,0,0,0,0.0,42,1,6.0,0,1
0.63,0.6,0,1,1,0,0,0,0.0,43,1,7.0,0,1
0.63,0.6,0,1,1,0,0,0,0.0,44,2,8.0,0,1
0.63,0.6,0,1,1,0,0,0,0.0,51,3,9.0,0,1
0.63,0.6,0,1,1,0,0,0,0.0,60,4,10.0,0,1
0.63,0.6,0,1,1,0,0,0,0.0,68,4,11.0,0,1
0.63,0.6,0,1,1,0,0,0,0.0,73,4,12.0,0,1
0.63,0.6,0,1,1,0,0,0,0.0,84,5,13.0,0,1
0.63,0.6,0,1,1,0,0,0,0.0,92,5,14.0,0,1
0.63,0.6,0,1,1,0,0,0,0.0,100,5,15.0,0,1
0.63,0.6,0,1,1,0,0,0,0.0,104,5,16.0,0,1
0.63,0.6,0,1,1,0,0,0,0.0,117,5,17.0,0,1
0.63,0.6,0,1,1,0,0,0,0.0,118,5,18.0,0,1
0.63,0.6,0,1,1,0,0,0,0.0,128,5,19.0,0,1
0.63,0.6,0,1,1,0,0,0,0.0,139,5,20.0,0,1
0.63,0.6,0,1,0,1,9,0,1.0,139,5,20.0,140,1
0.63,0.6,0,1,0,1,13,0,2.0,139,5,20.0,140,1
0.63,0.6,0,1,0,1,18,0,3.0,139,5,20.0,140,1
0.63,0.6,0,1,0,1,33,0,4.0,139,5,20.0,140,1
0.63,0.6,0,1,0,1,46,0,5.0,139,5,20.0,140,1
0.63,0.6,0,1,0,1,49,1,6.0,139,5,20.0,140,1
0.63,0.6,0,1,0,1,56,1,7.0,139,5,20.0,140,1
0.63,0.6,0,1,0,1,64,1,8.0,139,5,20.0,140,1
0.63,0.6,0,1,0,1,72,1,9.0,139,5,20.0,140,1
0.63,0.6,0,1,0,1,80,1,10.0,139,5,20.0,140,1
0.63,0.6,0,1,0,1,85,1,11.0,139,5,20.0,140,1
0.63,0.6,0,1,0,1,95,1,12.0,139,5,20.0,140,1
0.63,0.6,0,1,0,1,100,2,13.0,139,5,20.0,140,1
0.63,0.6,0,1,0,1,106,3,14.0,139,5,20.0,140,1
0.63,0.6,0,1,0,1,116,3,15.0,139,5,20.0,140,1
0.63,0.6,0,1,0,1,121,3,16.0,139,5,20.0,140,1
0.63,0.6,0,1,0,1,130,3,17.0,139,5,20.0,140,1
0.63,0.6,0,1,0,1,141,3,17.67,139,5,20.0,140,1
0.59,0.46,1,1,1,1,4,1,1.0,0,0,0.0,0,0
0.59,0.46,1,1,1,1,7,2,2.0,0,0,0.0,0,0
0.59,0.46,1,1,1,1,12,2,3.0,0,0,0.0,0,0
0.59,0.46,1,1,1,1,25,2,4.0,0,0,0.0,0,0
0.59,0.46,1,1,1,1,26,4,5.0,0,0,0.0,0,0
0.59,0.46,1,1,1,1,37,4,6.0,0,0,0.0,0,0
0.59,0.46,1,1,1,1,45,5,7.0,0,0,0.0,0,0
0.59,0.46,1,1,1,1,60,6,8.0,0,0,0.0,0,0
0.59,0.46,1,1,1,1,63,6,9.0,0,0,0.0,0,0
0.59,0.46,1,1,1,1,77,6,10.0,0,0,0.0,0,0
0.59,0.46,1,1,1,1,84,7,11.0,0,0,0.0,0,0
0.59,0.46,1,1,1,1,84,7,12.0,0,0,0.0,0,0
0.59,0.46,1,1,1,1,90,8,13.0,0,0,0.0,0,0
0.59,0.46,1,1,1,1,94,8,14.0,0,0,0.0,0,0
0.59,0.46,1,1,1,1,103,8,15.0,0,0,0.0,0,0
0.59,0.46,1,1,1,1,115,8,16.0,0,0,0.0,0,0
0.59,0.46,1,1,1,1,119,9,17.0,0,0,0.0,0,0
0.59,0.46,1,1,1,1,119,10,17.33,0,0,0.0,0,0
0.59,0.46,1,1,0,0,119,10,18.0,9,0,1.0,120,0
0.59,0.46,1,1,0,0,119,10,18.0,14,1,2.0,120,0
0.59,0.46,1,1,0,0,119,10,18.0,22,1,3.0,120,0
0.59,0.46,1,1,0,0,119,10,18.0,26,1,4.0,120,0
0.59,0.46,1,1,0,0,119,10,18.0,32,1,5.0,120,0
0.59,0.46,1,1,0,0,119,10,18.0,39,2,6.0,120,0
0.59,0.46,1,1,0,0,119,10,18.0,47,3,7.0,120,0
0.59,0.46,1,1,0,0,119,10,18.0,56,4,8.0,120,0
0.59,0.46,1,1,0,0,119,10,18.0,65,4,9.0,120,0
0.59,0.46,1,1,0,0,119,10,18.0,73,4,10.0,120,0
0.59,0.46,1,1,0,0,119,10,18.0,79,4,11.0,120,0
0.59,0.46,1,1,0,0,119,10,18.0,82,4,12.0,120,0
0.59,0.46,1,1,0,0,119,10,18.0,92,4,13.0,120,0
0.59,0.46,1,1,0,0,119,10,18.0,107,4,14.0,120,0
0.59,0.46,1,1,0,0,119,10,18.0,111,4,15.0,120,0
0.59,0.46,1,1,0,0,119,10,18.0,120,4,15.83,120,0
0.53,0.63,1,0,1,0,0,0,0.0,10,0,1.0,0,0
0.53,0.63,1,0,1,0,0,0,0.0,20,0,2.0,0,0
0.53,0.63,1,0,1,0,0,0,0.0,28,0,3.0,0,0
0.53,0.63,1,0,1,0,0,0,0.0,37,0,4.0,0,0
0.53,0.63,1,0,1,0,0,0,0.0,43,0,5.0,0,0
0.53,0.63,1,0,1,0,0,0,0.0,46,0,6.0,0,0
0.53,0.63,1,0,1,0,0,0,0.0,49,0,7.0,0,0
0.53,0.63,1,0,1,0,0,0,0.0,54,0,8.0,0,0
0.53,0.63,1,0,1,0,0,0,0.0,60,0,9.0,0,0
0.53,0.63,1,0,1,0,0,0,0.0,68,0,10.0,0,0
0.53,0.63,1,0,1,0,0,0,0.0,73,1,11.0,0,0
0.53,0.63,1,0,1,0,0,0,0.0,73,1,12.0,0,0
0.53,0.63,1,0,1,0,0,0,0.0,86,1,13.0,0,0
0.53,0.63,1,0,1,0,0,0,0.0,93,1,14.0,0,0
0.53,0.63,1,0,1,0,0,0,0.0,103,1,15.0,0,0
0.53,0.63,1,0,1,0,0,0,0.0,109,1,16.0,0,0
0.53,0.63,1,0,1,0,0,0,0.0,112,1,17.0,0,0
0.53,0.63,1,0,1,0,0,0,0.0,119,1,18.0,0,0
0.53,0.63,1,0,1,0,0,0,0.0,124,1,19.0,0,0
0.53,0.63,1,0,1,0,0,0,0.0,126,1,20.0,0,0
0.53,0.63,1,0,0,1,5,1,1.0,126,1,20.0,127,0
0.53,0.63,1,0,0,1,7,1,2.0,126,1,20.0,127,0
0.53,0.63,1,0,0,1,16,1,3.0,126,1,20.0,127,0
0.53,0.63,1,0,0,1,23,1,4.0,126,1,20.0,127,0
0.53,0.63,1,0,0,1,38,1,5.0,126,1,20.0,127,0
0.53,0.63,1,0,0,1,43,1,6.0,126,1,20.0,127,0
0.53,0.63,1,0,0,1,47,1,7.0,126,1,20.0,127,0
0.53,0.63,1,0,0,1,55,2,8.0,126,1,20.0,127,0
0.53,0.63,1,0,0,1,64,2,9.0,126,1,20.0,127,0
0.53,0.63,1,0,0,1,66,2,10.0,126,1,20.0,127,0
0.53,0.63,1,0,0,1,71,3,11.0,126,1,20.0,127,0
0.53,0.63,1,0,0,1,77,4,12.0,126,1,20.0,127,0
0.53,0.63,1,0,0,1,86,6,13.0,126,1,20.0,127,0
0.53,0.63,1,0,0,1,90,6,14.0,126,1,20.0,127,0
0.53,0.63,1,0,0,1,91,6,15.0,126,1,20.0,127,0
0.53,0.63,1,0,0,1,102,7,16.0,126,1,20.0,127,0
0.53,0.63,1,0,0,1,103,7,17.0,126,1,20.0,127,0
0.53,0.63,1,0,0,1,110,8,18.0,126,1,20.0,127,0
0.53,0.63,1,0,0,1,117,8,19.0,126,1,20.0,127,0
0.53,0.63,1,0,0,1,124,9,20.0,126,1,20.0,127,0
0.64,0.36,1,0,1,0,0,0,0.0,2,0,1.0,0,1
0.64,0.36,1,0,1,0,0,0,0.0,4,0,2.0,0,1
0.64,0.36,1,0,1,0,0,0,0.0,8,1,3.0,0,1
0.64,0.36,1,0,1,0,0,0,0.0,18,1,4.0,0,1
0.64,0.36,1,0,1,0,0,0,0.0,22,1,5.0,0,1
0.64,0.36,1,0,1,0,0,0,0.0,27,1,6.0,0,1
0.64,0.36,1,0,1,0,0,0,0.0,30,2,7.0,0,1
0.64,0.36,1,0,1,0,0,0,0.0,35,2,8.0,0,1
0.64,0.36,1,0,1,0,0,0,0.0,37,2,9.0,0,1
0.64,0.36,1,0,1,0,0,0,0.0,41,2,10.0,0,1
0.64,0.36,1,0,1,0,0,0,0.0,51,2,11.0,0,1
0.64,0.36,1,0,1,0,0,0,0.0,53,3,12.0,0,1
0.64,0.36,1,0,1,0,0,0,0.0,60,3,13.0,0,1
0.64,0.36,1,0,1,0,0,0,0.0,63,3,14.0,0,1
0.64,0.36,1,0,1,0,0,0,0.0,66,3,15.0,0,1
0.64,0.36,1,0,1,0,0,0,0.0,69,4,16.0,0,1
0.64,0.36,1,0,1,0,0,0,0.0,70,4,17.0,0,1
0.64,0.36,1,0,1,0,0,0,0.0,75,4,18.0,0,1
0.64,0.36,1,0,1,0,0,0,0.0,88,4,19.0,0,1
0.64,0.36,1,0,1,0,0,0,0.0,94,4,20.0,0,1
0.64,0.36,1,0,0,1,2,0,1.0,94,4,20.0,95,1
0.64,0.36,1,0,0,1,6,0,2.0,94,4,20.0,95,1
0.64,0.36,1,0,0,1,17,0,3.0,94,4,20.0,95,1
0.64,0.36,1,0,0,1,21,0,4.0,94,4,20.0,95,1
0.64,0.36,1,0,0,1,29,0,5.0,94,4,20.0,95,1
0.64,0.36,1,0,0,1,43,0,6.0,94,4,20.0,95,1
0.64,0.36,1,0,0,1,53,0,7.0,94,4,20.0,95,1
0.64,0.36,1,0,0,1,59,1,8.0,94,4,20.0,95,1
0.64,0.36,1,0,0,1,61,1,9.0,94,4,20.0,95,1
0.64,0.36,1,0,0,1,67,1,10.0,94,4,20.0,95,1
0.64,0.36,1,0,0,1,71,1,11.0,94,4,20.0,95,1
0.64,0.36,1,0,0,1,81,1,12.0,94,4,20.0,95,1
0.64,0.36,1,0,0,1,83,1,13.0,94,4,20.0,95,1
0.64,0.36,1,0,0,1,92,2,14.0,94,4,20.0,95,1
0.64,0.36,1,0,0,1,96,2,14.67,94,4,20.0,95,1
0.63,0.59,1,1,1,1,2,0,1.0,0,0,0.0,0,1
0.63,0.59,1,1,1,1,12,1,2.0,0,0,0.0,0,1
0.63,0.59,1,1,1,1,19,1,3.0,0,0,0.0,0,1
0.63,0.59,1,1,1,1,29,1,4.0,0,0,0.0,0,1
0.63,0.59,1,1,1,1,32,1,5.0,0,0,0.0,0,1
0.63,0.59,1,1,1,1,36,1,6.0,0,0,0.0,0,1
0.63,0.59,1,1,1,1,47,2,7.0,0,0,0.0,0,1
0.63,0.59,1,1,1,1,52,2,8.0,0,0,0.0,0,1
0.63,0.59,1,1,1,1,56,2,9.0,0,0,0.0,0,1
0.63,0.59,1,1,1,1,62,2,10.0,0,0,0.0,0,1
0.63,0.59,1,1,1,1,71,2,11.0,0,0,0.0,0,1
0.63,0.59,1,1,1,1,77,3,12.0,0,0,0.0,0,1
0.63,0.59,1,1,1,1,80,3,13.0,0,0,0.0,0,1
0.63,0.59,1,1,1,1,92,3,14.0,0,0,0.0,0,1
0.63,0.59,1,1,1,1,96,3,15.0,0,0,0.0,0,1
0.63,0.59,1,1,1,1,110,3,16.0,0,0,0.0,0,1
0.63,0.59,1,1,1,1,113,4,17.0,0,0,0.0,0,1
0.63,0.59,1,1,1,1,118,4,18.0,0,0,0.0,0,1
0.63,0.59,1,1,1,1,120,4,19.0,0,0,0.0,0,1
0.63,0.59,1,1,1,1,128,5,20.0,0,0,0.0,0,1
0.63,0.59,1,1,0,0,128,5,20.0,6,1,1.0,129,1
0.63,0.59,1,1,0,0,128,5,20.0,9,2,2.0,129,1
0.63,0.59,1,1,0,0,128,5,20.0,19,2,3.0,129,1
0.63,0.59,1,1,0,0,128,5,20.0,24,2,4.0,129,1
0.63,0.59,1,1,0,0,128,5,20.0,27,2,5.0,129,1
0.63,0.59,1,1,0,0,128,5,20.0,30,3,6.0,129,1
0.63,0.59,1,1,0,0,128,5,20.0,32,4,7.0,129,1
0.63,0.59,1,1,0,0,128,5,20.0,39,4,8.0,129,1
0.63,0.59,1,1,0,0,128,5,20.0,52,4,9.0,129,1
0.63,0.59,1,1,0,0,128,5,20.0,54,4,10.0,129,1
0.63,0.59,1,1,0,0,128,5,20.0,60,4,11.0,129,1
0.63,0.59,1,1,0,0,128,5,20.0,65,4,12.0,129,1
0.63,0.59,1,1,0,0,128,5,20.0,74,5,13.0,129,1
0.63,0.59,1,1,0,0,128,5,20.0,83,5,14.0,129,1
0.63,0.59,1,1,0,0,128,5,20.0,94,5,15.0,129,1
0.63,0.59,1,1,0,0,128,5,20.0,98,6,16.0,129,1
0.63,0.59,1,1,0,0,128,5,20.0,103,6,17.0,129,1
0.63,0.59,1,1,0,0,128,5,20.0,110,6,18.0,129,1
0.63,0.59,1,1,0,0,128,5,20.0,116,7,19.0,129,1
0.63,0.59,1,1,0,0,128,5,20.0,127,7,20.0,129,1
0.61,0.55,1,0,1,0,0,0,0.0,13,1,1.0,0,1
0.61,0.55,1,0,1,0,0,0,0.0,22,1,2.0,0,1
0.61,0.55,1,0,1,0,0,0,0.0,29,1,3.0,0,1
0.61,0.55,1,0,1,0,0,0,0.0,36,2,4.0,0,1
0.61,0.55,1,0,1,0,0,0,0.0,46,2,5.0,0,1
0.61,0.55,1,0,1,0,0,0,0.0,56,4,6.0,0,1
0.61,0.55,1,0,1,0,0,0,0.0,66,4,7.0,0,1
0.61,0.55,1,0,1,0,0,0,0.0,72,4,8.0,0,1
0.61,0.55,1,0,1,0,0,0,0.0,83,4,9.0,0,1
0.61,0.55,1,0,1,0,0,0,0.0,92,5,10.0,0,1
0.61,0.55,1,0,1,0,0,0,0.0,100,5,11.0,0,1
0.61,0.55,1,0,1,0,0,0,0.0,114,5,12.0,0,1
0.61,0.55,1,0,1,0,0,0,0.0,120,6,13.0,0,1
0.61,0.55,1,0,1,0,0,0,0.0,128,6,14.0,0,1
0.61,0.55,1,0,1,0,0,0,0.0,132,6,15.0,0,1
0.61,0.55,1,0,1,0,0,0,0.0,140,6,16.0,0,1
0.61,0.55,1,0,1,0,0,0,0.0,147,6,17.0,0,1
0.61,0.55,1,0,1,0,0,0,0.0,153,6,18.0,0,1
0.61,0.55,1,0,1,0,0,0,0.0,161,6,19.0,0,1
0.61,0.55,1,0,1,0,0,0,0.0,164,7,20.0,0,1
0.61,0.55,1,0,0,1,5,0,1.0,164,7,20.0,165,1
0.61,0.55,1,0,0,1,9,0,2.0,164,7,20.0,165,1
0.61,0.55,1,0,0,1,23,0,3.0,164,7,20.0,165,1
0.61,0.55,1,0,0,1,29,0,4.0,164,7,20.0,165,1
0.61,0.55,1,0,0,1,36,0,5.0,164,7,20.0,165,1
0.61,0.55,1,0,0,1,44,0,6.0,164,7,20.0,165,1
0.61,0.55,1,0,0,1,50,0,7.0,164,7,20.0,165,1
0.61,0.55,1,0,0,1,52,0,8.0,164,7,20.0,165,1
0.61,0.55,1,0,0,1,54,0,9.0,164,7,20.0,165,1
0.61,0.55,1,0,0,1,65,0,10.0,164,7,20.0,165,1
0.61,0.55,1,0,0,1,74,0,11.0,164,7,20.0,165,1
0.61,0.55,1,0,0,1,90,0,12.0,164,7,20.0,165,1
0.61,0.55,1,0,0,1,101,0,13.0,164,7,20.0,165,1
0.61,0.55,1,0,0,1,113,0,14.0,164,7,20.0,165,1
0.61,0.55,1,0,0,1,122,1,15.0,164,7,20.0,165,1
0.61,0.55,1,0,0,1,126,1,16.0,164,7,20.0,165,1
0.61,0.55,1,0,0,1,128,2,17.0,164,7,20.0,165,1
0.61,0.55,1,0,0,1,139,2,18.0,164,7,20.0,165,1
0.61,0.55,1,0,0,1,154,2,19.0,164,7,20.0,165,1
0.61,0.55,1,0,0,1,165,2,20.0,164,7,20.0,165,1
0.46,0.45,0,0,1,1,13,0,1.0,0,0,0.0,0,0
0.46,0.45,0,0,1,1,18,0,2.0,0,0,0.0,0,0
0.46,0.45,0,0,1,1,30,0,3.0,0,0,0.0,0,0
0.46,0.45,0,0,1,1,31,0,4.0,0,0,0.0,0,0
0.46,0.45,0,0,1,1,38,0,5.0,0,0,0.0,0,0
0.46,0.45,0,0,1,1,45,1,6.0,0,0,0.0,0,0
0.46,0.45,0,0,1,1,52,1,7.0,0,0,0.0,0,0
0.46,0.45,0,0,1,1,56,1,8.0,0,0,0.0,0,0
0.46,0.45,0,0,1,1,63,1,9.0,0,0,0.0,0,0
0.46,0.45,0,0,1,1,67,1,10.0,0,0,0.0,0,0
0.46,0.45,0,0,1,1,74,1,11.0,0,0,0.0,0,0
0.46,0.45,0,0,1,1,81,1,12.0,0,0,0.0,0,0
0.46,0.45,0,0,1,1,85,1,13.0,0,0,0.0,0,0
0.46,0.45,0,0,1,1,91,1,14.0,0,0,0.0,0,0
0.46,0.45,0,0,1,1,102,1,15.0,0,0,0.0,0,0
0.46,0.45,0,0,1,1,106,2,16.0,0,0,0.0,0,0
0.46,0.45,0,0,1,1,112,2,17.0,0,0,0.0,0,0
0.46,0.45,0,0,1,1,114,2,18.0,0,0,0.0,0,0
0.46,0.45,0,0,1,1,116,2,19.0,0,0,0.0,0,0
0.46,0.45,0,0,1,1,119,2,20.0,0,0,0.0,0,0
0.46,0.45,0,0,0,0,119,2,20.0,9,0,1.0,120,0
0.46,0.45,0,0,0,0,119,2,20.0,16,0,2.0,120,0
0.46,0.45,0,0,0,0,119,2,20.0,21,0,3.0,120,0
0.46,0.45,0,0,0,0,119,2,20.0,26,0,4.0,120,0
0.46,0.45,0,0,0,0,119,2,20.0,39,0,5.0,120,0
0.46,0.45,0,0,0,0,119,2,20.0,43,0,6.0,120,0
0.46,0.45,0,0,0,0,119,2,20.0,50,0,7.0,120,0
0.46,0.45,0,0,0,0,119,2,20.0,62,0,8.0,120,0
0.46,0.45,0,0,0,0,119,2,20.0,70,0,9.0,120,0
0.46,0.45,0,0,0,0,119,2,20.0,76,0,10.0,120,0
0.46,0.45,0,0,0,0,119,2,20.0,80,0,11.0,120,0
0.46,0.45,0,0,0,0,119,2,20.0,88,0,12.0,120,0
0.46,0.45,0,0,0,0,119,2,20.0,93,0,13.0,120,0
0.46,0.45,0,0,0,0,119,2,20.0,97,0,14.0,120,0
0.46,0.45,0,0,0,0,119,2,20.0,102,0,15.0,120,0
0.46,0.45,0,0,0,0,119,2,20.0,114,0,16.0,120,0
0.46,0.45,0,0,0,0,119,2,20.0,122,0,17.0,120,0
0.63,0.43,1,1,1,1,5,0,1.0,0,0,0.0,0,1
0.63,0.43,1,1,1,1,33,0,2.0,0,0,0.0,0,1
0.63,0.43,1,1,1,1,45,0,3.0,0,0,0.0,0,1
0.63,0.43,1,1,1,1,47,1,4.0,0,0,0.0,0,1
0.63,0.43,1,1,1,1,55,1,5.0,0,0,0.0,0,1
0.63,0.43,1,1,1,1,64,2,6.0,0,0,0.0,0,1
0.63,0.43,1,1,1,1,68,2,7.0,0,0,0.0,0,1
0.63,0.43,1,1,1,1,74,2,8.0,0,0,0.0,0,1
0.63,0.43,1,1,1,1,82,2,9.0,0,0,0.0,0,1
0.63,0.43,1,1,1,1,95,2,10.0,0,0,0.0,0,1
0.63,0.43,1,1,1,1,111,3,11.0,0,0,0.0,0,1
0.63,0.43,1,1,1,1,114,3,12.0,0,0,0.0,0,1
0.63,0.43,1,1,1,1,119,4,13.0,0,0,0.0,0,1
0.63,0.43,1,1,1,1,128,4,14.0,0,0,0.0,0,1
0.63,0.43,1,1,1,1,135,6,15.0,0,0,0.0,0,1
0.63,0.43,1,1,1,1,144,6,16.0,0,0,0.0,0,1
0.63,0.43,1,1,1,1,153,6,17.0,0,0,0.0,0,1
0.63,0.43,1,1,1,1,158,6,18.0,0,0,0.0,0,1
0.63,0.43,1,1,1,1,163,6,19.0,0,0,0.0,0,1
0.63,0.43,1,1,1,1,170,6,20.0,0,0,0.0,0,1
0.63,0.43,1,1,0,0,170,6,20.0,2,0,1.0,171,1
0.63,0.43,1,1,0,0,170,6,20.0,7,0,2.0,171,1
0.63,0.43,1,1,0,0,170,6,20.0,16,1,3.0,171,1
0.63,0.43,1,1,0,0,170,6,20.0,24,1,4.0,171,1
0.63,0.43,1,1,0,0,170,6,20.0,30,1,5.0,171,1
0.63,0.43,1,1,0,0,170,6,20.0,34,1,6.0,171,1
0.63,0.43,1,1,0,0,170,6,20.0,41,1,7.0,171,1
0.63,0.43,1,1,0,0,170,6,20.0,43,1,8.0,171,1
0.63,0.43,1,1,0,0,170,6,20.0,48,1,9.0,171,1
0.63,0.43,1,1,0,0,170,6,20.0,58,2,10.0,171,1
0.63,0.43,1,1,0,0,170,6,20.0,62,4,11.0,171,1
0.63,0.43,1,1,0,0,170,6,20.0,71,4,12.0,171,1
0.63,0.43,1,1,0,0,170,6,20.0,76,5,13.0,171,1
0.63,0.43,1,1,0,0,170,6,20.0,90,6,14.0,171,1
0.63,0.43,1,1,0,0,170,6,20.0,108,6,15.0,171,1
0.63,0.43,1,1,0,0,170,6,20.0,120,7,16.0,171,1
0.63,0.43,1,1,0,0,170,6,20.0,126,9,17.0,171,1
0.63,0.43,1,1,0,0,170,6,20.0,127,10,17.67,171,1
0.59,0.36,1,1,1,1,5,0,1.0,0,0,0.0,0,1
0.59,0.36,1,1,1,1,8,0,2.0,0,0,0.0,0,1
0.59,0.36,1,1,1,1,17,0,3.0,0,0,0.0,0,1
0.59,0.36,1,1,1,1,23,0,4.0,0,0,0.0,0,1
0.59,0.36,1,1,1,1,29,0,5.0,0,0,0.0,0,1
0.59,0.36,1,1,1,1,36,0,6.0,0,0,0.0,0,1
0.59,0.36,1,1,1,1,45,0,7.0,0,0,0.0,0,1
0.59,0.36,1,1,1,1,52,0,8.0,0,0,0.0,0,1
0.59,0.36,1,1,1,1,60,0,9.0,0,0,0.0,0,1
0.59,0.36,1,1,1,1,62,0,10.0,0,0,0.0,0,1
0.59,0.36,1,1,1,1,78,0,11.0,0,0,0.0,0,1
0.59,0.36,1,1,1,1,88,0,12.0,0,0,0.0,0,1
0.59,0.36,1,1,1,1,99,0,13.0,0,0,0.0,0,1
0.59,0.36,1,1,1,1,103,0,14.0,0,0,0.0,0,1
0.59,0.36,1,1,1,1,106,0,15.0,0,0,0.0,0,1
0.59,0.36,1,1,1,1,112,0,16.0,0,0,0.0,0,1
0.59,0.36,1,1,1,1,116,1,17.0,0,0,0.0,0,1
0.59,0.36,1,1,1,1,122,1,18.0,0,0,0.0,0,1
0.59,0.36,1,1,1,1,126,4,19.0,0,0,0.0,0,1
0.59,0.36,1,1,1,1,146,4,20.0,0,0,0.0,0,1
0.59,0.36,1,1,0,0,146,4,20.0,8,0,1.0,147,1
0.59,0.36,1,1,0,0,146,4,20.0,16,0,2.0,147,1
0.59,0.36,1,1,0,0,146,4,20.0,23,1,3.0,147,1
0.59,0.36,1,1,0,0,146,4,20.0,31,1,4.0,147,1
0.59,0.36,1,1,0,0,146,4,20.0,36,1,5.0,147,1
0.59,0.36,1,1,0,0,146,4,20.0,46,3,6.0,147,1
0.59,0.36,1,1,0,0,146,4,20.0,49,4,7.0,147,1
0.59,0.36,1,1,0,0,146,4,20.0,56,4,8.0,147,1
0.59,0.36,1,1,0,0,146,4,20.0,63,4,9.0,147,1
0.59,0.36,1,1,0,0,146,4,20.0,70,4,10.0,147,1
0.59,0.36,1,1,0,0,146,4,20.0,72,6,11.0,147,1
0.59,0.36,1,1,0,0,146,4,20.0,82,6,12.0,147,1
0.59,0.36,1,1,0,0,146,4,20.0,90,6,13.0,147,1
0.59,0.36,1,1,0,0,146,4,20.0,99,6,14.0,147,1
0.59,0.36,1,1,0,0,146,4,20.0,102,7,15.0,147,1
0.59,0.36,1,1,0,0,146,4,20.0,111,7,16.0,147,1
0.59,0.36,1,1,0,0,146,4,20.0,117,7,17.0,147,1
0.59,0.36,1,1,0,0,146,4,20.0,123,7,18.0,147,1
0.59,0.36,1,1,0,0,146,4,20.0,129,7,19.0,147,1
0.59,0.36,1,1,0,0,146,4,20.0,129,8,20.0,147,1
0.44,0.61,1,0,1,0,0,0,0.0,14,0,1.0,0,0
0.44,0.61,1,0,1,0,0,0,0.0,23,0,2.0,0,0
0.44,0.61,1,0,1,0,0,0,0.0,31,1,3.0,0,0
0.44,0.61,1,0,1,0,0,0,0.0,40,1,4.0,0,0
0.44,0.61,1,0,1,0,0,0,0.0,49,1,5.0,0,0
0.44,0.61,1,0,1,0,0,0,0.0,65,1,6.0,0,0
0.44,0.61,1,0,1,0,0,0,0.0,74,1,7.0,0,0
0.44,0.61,1,0,1,0,0,0,0.0,83,1,8.0,0,0
0.44,0.61,1,0,1,0,0,0,0.0,93,1,9.0,0,0
0.44,0.61,1,0,1,0,0,0,0.0,101,1,10.0,0,0
0.44,0.61,1,0,1,0,0,0,0.0,107,1,11.0,0,0
0.44,0.61,1,0,1,0,0,0,0.0,118,2,12.0,0,0
0.44,0.61,1,0,1,0,0,0,0.0,125,2,13.0,0,0
0.44,0.61,1,0,1,0,0,0,0.0,134,3,14.0,0,0
0.44,0.61,1,0,1,0,0,0,0.0,144,3,15.0,0,0
0.44,0.61,1,0,1,0,0,0,0.0,147,4,16.0,0,0
0.44,0.61,1,0,1,0,0,0,0.0,159,4,17.0,0,0
0.44,0.61,1,0,1,0,0,0,0.0,167,5,18.0,0,0
0.44,0.61,1,0,1,0,0,0,0.0,175,5,19.0,0,0
0.44,0.61,1,0,1,0,0,0,0.0,188,5,20.0,0,0
0.44,0.61,1,0,0,1,2,0,1.0,188,5,20.0,189,0
0.44,0.61,1,0,0,1,13,0,2.0,188,5,20.0,189,0
0.44,0.61,1,0,0,1,29,1,3.0,188,5,20.0,189,0
0.44,0.61,1,0,0,1,36,2,4.0,188,5,20.0,189,0
0.44,0.61,1,0,0,1,43,2,5.0,188,5,20.0,189,0
0.44,0.61,1,0,0,1,54,2,6.0,188,5,20.0,189,0
0.44,0.61,1,0,0,1,62,2,7.0,188,5,20.0,189,0
0.44,0.61,1,0,0,1,75,3,8.0,188,5,20.0,189,0
0.44,0.61,1,0,0,1,86,3,9.0,188,5,20.0,189,0
0.44,0.61,1,0,0,1,90,4,10.0,188,5,20.0,189,0
0.44,0.61,1,0,0,1,100,4,11.0,188,5,20.0,189,0
0.44,0.61,1,0,0,1,113,5,12.0,188,5,20.0,189,0
0.44,0.61,1,0,0,1,126,5,13.0,188,5,20.0,189,0
0.44,0.61,1,0,0,1,132,6,14.0,188,5,20.0,189,0
0.44,0.61,1,0,0,1,137,6,15.0,188,5,20.0,189,0
0.44,0.61,1,0,0,1,149,6,16.0,188,5,20.0,189,0
0.44,0.61,1,0,0,1,151,6,17.0,188,5,20.0,189,0
0.44,0.61,1,0,0,1,167,6,18.0,188,5,20.0,189,0
0.44,0.61,1,0,0,1,177,7,19.0,188,5,20.0,189,0
0.44,0.61,1,0,0,1,188,7,20.0,188,5,20.0,189,0
0.49,0.41,1,1,1,1,8,1,1.0,0,0,0.0,0,0
0.49,0.41,1,1,1,1,16,1,2.0,0,0,0.0,0,0
0.49,0.41,1,1,1,1,28,2,3.0,0,0,0.0,0,0
0.49,0.41,1,1,1,1,37,2,4.0,0,0,0.0,0,0
0.49,0.41,1,1,1,1,47,2,5.0,0,0,0.0,0,0
0.49,0.41,1,1,1,1,54,2,6.0,0,0,0.0,0,0
0.49,0.41,1,1,1,1,58,3,7.0,0,0,0.0,0,0
0.49,0.41,1,1,1,1,68,3,8.0,0,0,0.0,0,0
0.49,0.41,1,1,1,1,84,3,9.0,0,0,0.0,0,0
0.49,0.41,1,1,1,1,90,3,10.0,0,0,0.0,0,0
0.49,0.41,1,1,1,1,92,3,11.0,0,0,0.0,0,0
0.49,0.41,1,1,1,1,99,3,12.0,0,0,0.0,0,0
0.49,0.41,1,1,1,1,111,3,13.0,0,0,0.0,0,0
0.49,0.41,1,1,1,1,127,3,14.0,0,0,0.0,0,0
0.49,0.41,1,1,1,1,134,3,15.0,0,0,0.0,0,0
0.49,0.41,1,1,1,1,148,3,16.0,0,0,0.0,0,0
0.49,0.41,1,1,1,1,165,4,17.0,0,0,0.0,0,0
0.49,0.41,1,1,1,1,169,5,18.0,0,0,0.0,0,0
0.49,0.41,1,1,1,1,176,6,19.0,0,0,0.0,0,0
0.49,0.41,1,1,1,1,180,6,20.0,0,0,0.0,0,0
0.49,0.41,1,1,0,0,180,6,20.0,10,0,1.0,181,0
0.49,0.41,1,1,0,0,180,6,20.0,15,0,2.0,181,0
0.49,0.41,1,1,0,0,180,6,20.0,27,1,3.0,181,0
0.49,0.41,1,1,0,0,180,6,20.0,34,2,4.0,181,0
0.49,0.41,1,1,0,0,180,6,20.0,42,2,5.0,181,0
0.49,0.41,1,1,0,0,180,6,20.0,45,3,6.0,181,0
0.49,0.41,1,1,0,0,180,6,20.0,52,4,7.0,181,0
0.49,0.41,1,1,0,0,180,6,20.0,55,5,8.0,181,0
0.49,0.41,1,1,0,0,180,6,20.0,61,5,9.0,181,0
0.49,0.41,1,1,0,0,180,6,20.0,75,5,10.0,181,0
0.49,0.41,1,1,0,0,180,6,20.0,82,5,11.0,181,0
0.49,0.41,1,1,0,0,180,6,20.0,89,5,12.0,181,0
0.49,0.41,1,1,0,0,180,6,20.0,103,5,13.0,181,0
0.49,0.41,1,1,0,0,180,6,20.0,116,5,14.0,181,0
0.49,0.41,1,1,0,0,180,6,20.0,123,5,15.0,181,0
0.49,0.41,1,1,0,0,180,6,20.0,134,5,16.0,181,0
0.49,0.41,1,1,0,0,180,6,20.0,145,5,17.0,181,0
0.49,0.41,1,1,0,0,180,6,20.0,160,5,18.0,181,0
0.49,0.41,1,1,0,0,180,6,20.0,169,5,19.0,181,0
0.49,0.41,1,1,0,0,180,6,20.0,181,5,19.67,181,0
0.5,0.39,1,1,1,1,5,0,1.0,0,0,0.0,0,1
0.5,0.39,1,1,1,1,18,0,2.0,0,0,0.0,0,1
0.5,0.39,1,1,1,1,22,0,3.0,0,0,0.0,0,1
0.5,0.39,1,1,1,1,26,1,4.0,0,0,0.0,0,1
0.5,0.39,1,1,1,1,32,1,5.0,0,0,0.0,0,1
0.5,0.39,1,1,1,1,33,1,6.0,0,0,0.0,0,1
0.5,0.39,1,1,1,1,42,1,7.0,0,0,0.0,0,1
0.5,0.39,1,1,1,1,45,1,8.0,0,0,0.0,0,1
0.5,0.39,1,1,1,1,56,2,9.0,0,0,0.0,0,1
0.5,0.39,1,1,1,1,65,2,10.0,0,0,0.0,0,1
0.5,0.39,1,1,1,1,69,3,11.0,0,0,0.0,0,1
0.5,0.39,1,1,1,1,78,3,12.0,0,0,0.0,0,1
0.5,0.39,1,1,1,1,88,3,13.0,0,0,0.0,0,1
0.5,0.39,1,1,1,1,91,4,14.0,0,0,0.0,0,1
0.5,0.39,1,1,1,1,102,4,15.0,0,0,0.0,0,1
0.5,0.39,1,1,1,1,115,4,16.0,0,0,0.0,0,1
0.5,0.39,1,1,1,1,121,4,17.0,0,0,0.0,0,1
0.5,0.39,1,1,1,1,130,4,18.0,0,0,0.0,0,1
0.5,0.39,1,1,1,1,134,4,19.0,0,0,0.0,0,1
0.5,0.39,1,1,1,1,138,4,20.0,0,0,0.0,0,1
0.5,0.39,1,1,0,0,138,4,20.0,0,0,1.0,139,1
0.5,0.39,1,1,0,0,138,4,20.0,8,0,2.0,139,1
0.5,0.39,1,1,0,0,138,4,20.0,12,0,3.0,139,1
0.5,0.39,1,1,0,0,138,4,20.0,20,0,4.0,139,1
0.5,0.39,1,1,0,0,138,4,20.0,25,0,5.0,139,1
0.5,0.39,1,1,0,0,138,4,20.0,29,0,6.0,139,1
0.5,0.39,1,1,0,0,138,4,20.0,31,0,7.0,139,1
0.5,0.39,1,1,0,0,138,4,20.0,33,0,8.0,139,1
0.5,0.39,1,1,0,0,138,4,20.0,44,1,9.0,139,1
0.5,0.39,1,1,0,0,138,4,20.0,52,1,10.0,139,1
0.5,0.39,1,1,0,0,138,4,20.0,58,3,11.0,139,1
0.5,0.39,1,1,0,0,138,4,20.0,67,3,12.0,139,1
0.5,0.39,1,1,0,0,138,4,20.0,77,3,13.0,139,1
0.5,0.39,1,1,0,0,138,4,20.0,86,3,14.0,139,1
0.5,0.39,1,1,0,0,138,4,20.0,92,3,15.0,139,1
0.5,0.39,1,1,0,0,138,4,20.0,101,3,16.0,139,1
0.5,0.39,1,1,0,0,138,4,20.0,108,4,17.0,139,1
0.5,0.39,1,1,0,0,138,4,20.0,118,4,18.0,139,1
0.5,0.39,1,1,0,0,138,4,20.0,125,6,19.0,139,1
0.5,0.39,1,1,0,0,138,4,20.0,135,7,20.0,139,1
0.47,0.59,1,0,1,0,0,0,0.0,9,1,1.0,0,0
0.47,0.59,1,0,1,0,0,0,0.0,17,1,2.0,0,0
0.47,0.59,1,0,1,0,0,0,0.0,27,1,3.0,0,0
0.47,0.59,1,0,1,0,0,0,0.0,37,1,4.0,0,0
0.47,0.59,1,0,1,0,0,0,0.0,42,1,5.0,0,0
0.47,0.59,1,0,1,0,0,0,0.0,58,1,6.0,0,0
0.47,0.59,1,0,1,0,0,0,0.0,60,2,7.0,0,0
0.47,0.59,1,0,1,0,0,0,0.0,69,3,8.0,0,0
0.47,0.59,1,0,1,0,0,0,0.0,79,3,9.0,0,0
0.47,0.59,1,0,1,0,0,0,0.0,88,4,10.0,0,0
0.47,0.59,1,0,1,0,0,0,0.0,92,6,11.0,0,0
0.47,0.59,1,0,1,0,0,0,0.0,94,6,12.0,0,0
0.47,0.59,1,0,1,0,0,0,0.0,98,6,13.0,0,0
0.47,0.59,1,0,1,0,0,0,0.0,110,6,14.0,0,0
0.47,0.59,1,0,1,0,0,0,0.0,125,6,15.0,0,0
0.47,0.59,1,0,1,0,0,0,0.0,150,6,16.0,0,0
0.47,0.59,1,0,1,0,0,0,0.0,161,6,17.0,0,0
0.47,0.59,1,0,1,0,0,0,0.0,173,6,18.0,0,0
0.47,0.59,1,0,1,0,0,0,0.0,183,6,19.0,0,0
0.47,0.59,1,0,1,0,0,0,0.0,193,6,20.0,0,0
0.47,0.59,1,0,0,1,8,1,1.0,193,6,20.0,194,0
0.47,0.59,1,0,0,1,16,1,2.0,193,6,20.0,194,0
0.47,0.59,1,0,0,1,23,2,3.0,193,6,20.0,194,0
0.47,0.59,1,0,0,1,30,3,4.0,193,6,20.0,194,0
0.47,0.59,1,0,0,1,37,4,5.0,193,6,20.0,194,0
0.47,0.59,1,0,0,1,44,4,6.0,193,6,20.0,194,0
0.47,0.59,1,0,0,1,50,5,7.0,193,6,20.0,194,0
0.47,0.59,1,0,0,1,52,5,8.0,193,6,20.0,194,0
0.47,0.59,1,0,0,1,62,5,9.0,193,6,20.0,194,0
0.47,0.59,1,0,0,1,74,6,10.0,193,6,20.0,194,0
0.47,0.59,1,0,0,1,87,6,11.0,193,6,20.0,194,0
0.47,0.59,1,0,0,1,101,7,12.0,193,6,20.0,194,0
0.47,0.59,1,0,0,1,112,7,13.0,193,6,20.0,194,0
0.47,0.59,1,0,0,1,120,7,14.0,193,6,20.0,194,0
0.47,0.59,1,0,0,1,127,8,15.0,193,6,20.0,194,0
0.47,0.59,1,0,0,1,133,9,16.0,193,6,20.0,194,0
0.47,0.59,1,0,0,1,134,10,16.5,193,6,20.0,194,0
0.43,0.47,1,1,1,1,3,0,1.0,0,0,0.0,0,0
0.43,0.47,1,1,1,1,6,0,2.0,0,0,0.0,0,0
0.43,0.47,1,1,1,1,13,1,3.0,0,0,0.0,0,0
0.43,0.47,1,1,1,1,17,1,4.0,0,0,0.0,0,0
0.43,0.47,1,1,1,1,22,1,5.0,0,0,0.0,0,0
0.43,0.47,1,1,1,1,30,1,6.0,0,0,0.0,0,0
0.43,0.47,1,1,1,1,41,1,7.0,0,0,0.0,0,0
0.43,0.47,1,1,1,1,52,1,8.0,0,0,0.0,0,0
0.43,0.47,1,1,1,1,58,1,9.0,0,0,0.0,0,0
0.43,0.47,1,1,1,1,68,1,10.0,0,0,0.0,0,0
0.43,0.47,1,1,1,1,71,1,11.0,0,0,0.0,0,0
0.43,0.47,1,1,1,1,75,1,12.0,0,0,0.0,0,0
0.43,0.47,1,1,1,1,78,3,13.0,0,0,0.0,0,0
0.43,0.47,1,1,1,1,81,3,14.0,0,0,0.0,0,0
0.43,0.47,1,1,1,1,84,4,15.0,0,0,0.0,0,0
0.43,0.47,1,1,1,1,94,5,16.0,0,0,0.0,0,0
0.43,0.47,1,1,1,1,97,5,17.0,0,0,0.0,0,0
0.43,0.47,1,1,1,1,104,5,18.0,0,0,0.0,0,0
0.43,0.47,1,1,1,1,108,5,19.0,0,0,0.0,0,0
0.43,0.47,1,1,1,1,118,5,20.0,0,0,0.0,0,0
0.43,0.47,1,1,0,0,118,5,20.0,4,0,1.0,119,0
0.43,0.47,1,1,0,0,118,5,20.0,9,0,2.0,119,0
0.43,0.47,1,1,0,0,118,5,20.0,22,1,3.0,119,0
0.43,0.47,1,1,0,0,118,5,20.0,27,1,4.0,119,0
0.43,0.47,1,1,0,0,118,5,20.0,29,1,5.0,119,0
0.43,0.47,1,1,0,0,118,5,20.0,32,1,6.0,119,0
0.43,0.47,1,1,0,0,118,5,20.0,36,1,7.0,119,0
0.43,0.47,1,1,0,0,118,5,20.0,38,2,8.0,119,0
0.43,0.47,1,1,0,0,118,5,20.0,39,3,9.0,119,0
0.43,0.47,1,1,0,0,118,5,20.0,48,4,10.0,119,0
0.43,0.47,1,1,0,0,118,5,20.0,60,4,11.0,119,0
0.43,0.47,1,1,0,0,118,5,20.0,67,5,12.0,119,0
0.43,0.47,1,1,0,0,118,5,20.0,79,5,13.0,119,0
0.43,0.47,1,1,0,0,118,5,20.0,81,7,14.0,119,0
0.43,0.47,1,1,0,0,118,5,20.0,84,7,15.0,119,0
0.43,0.47,1,1,0,0,118,5,20.0,94,7,16.0,119,0
0.43,0.47,1,1,0,0,118,5,20.0,97,7,17.0,119,0
0.43,0.47,1,1,0,0,118,5,20.0,107,7,18.0,119,0
0.43,0.47,1,1,0,0,118,5,20.0,111,8,19.0,119,0
0.43,0.47,1,1,0,0,118,5,20.0,120,8,19.67,119,0
0.41,0.52,0,1,1,0,0,0,0.0,6,0,1.0,0,0
0.41,0.52,0,1,1,0,0,0,0.0,9,0,2.0,0,0
0.41,0.52,0,1,1,0,0,0,0.0,18,1,3.0,0,0
0.41,0.52,0,1,1,0,0,0,0.0,26,1,4.0,0,0
0.41,0.52,0,1,1,0,0,0,0.0,37,1,5.0,0,0
0.41,0.52,0,1,1,0,0,0,0.0,40,2,6.0,0,0
0.41,0.52,0,1,1,0,0,0,0.0,52,2,7.0,0,0
0.41,0.52,0,1,1,0,0,0,0.0,57,2,8.0,0,0
0.41,0.52,0,1,1,0,0,0,0.0,63,2,9.0,0,0
0.41,0.52,0,1,1,0,0,0,0.0,71,2,10.0,0,0
0.41,0.52,0,1,1,0,0,0,0.0,84,2,11.0,0,0
0.41,0.52,0,1,1,0,0,0,0.0,87,2,12.0,0,0
0.41,0.52,0,1,1,0,0,0,0.0,89,2,13.0,0,0
0.41,0.52,0,1,1,0,0,0,0.0,102,2,14.0,0,0
0.41,0.52,0,1,1,0,0,0,0.0,107,2,15.0,0,0
0.41,0.52,0,1,1,0,0,0,0.0,117,2,16.0,0,0
0.41,0.52,0,1,1,0,0,0,0.0,129,2,17.0,0,0
0.41,0.52,0,1,1,0,0,0,0.0,147,2,18.0,0,0
0.41,0.52,0,1,1,0,0,0,0.0,160,2,19.0,0,0
0.41,0.52,0,1,1,0,0,0,0.0,162,3,20.0,0,0
0.41,0.52,0,1,0,1,8,0,1.0,162,3,20.0,163,0
0.41,0.52,0,1,0,1,12,1,2.0,162,3,20.0,163,0
0.41,0.52,0,1,0,1,14,2,3.0,162,3,20.0,163,0
0.41,0.52,0,1,0,1,24,2,4.0,162,3,20.0,163,0
0.41,0.52,0,1,0,1,28,2,5.0,162,3,20.0,163,0
0.41,0.52,0,1,0,1,36,2,6.0,162,3,20.0,163,0
0.41,0.52,0,1,0,1,39,2,7.0,162,3,20.0,163,0
0.41,0.52,0,1,0,1,42,2,8.0,162,3,20.0,163,0
0.41,0.52,0,1,0,1,54,2,9.0,162,3,20.0,163,0
0.41,0.52,0,1,0,1,55,2,10.0,162,3,20.0,163,0
0.41,0.52,0,1,0,1,65,2,11.0,162,3,20.0,163,0
0.41,0.52,0,1,0,1,81,2,12.0,162,3,20.0,163,0
0.41,0.52,0,1,0,1,87,3,13.0,162,3,20.0,163,0
0.41,0.52,0,1,0,1,98,3,14.0,162,3,20.0,163,0
0.41,0.52,0,1,0,1,111,3,15.0,162,3,20.0,163,0
0.41,0.52,0,1,0,1,117,3,16.0,162,3,20.0,163,0
0.41,0.52,0,1,0,1,119,5,17.0,162,3,20.0,163,0
0.41,0.52,0,1,0,1,123,6,18.0,162,3,20.0,163,0
0.41,0.52,0,1,0,1,132,8,19.0,162,3,20.0,163,0
0.41,0.52,0,1,0,1,139,9,20.0,162,3,20.0,163,0
0.57,0.48,1,1,1,1,4,0,1.0,0,0,0.0,0,1
0.57,0.48,1,1,1,1,13,0,2.0,0,0,0.0,0,1
0.57,0.48,1,1,1,1,29,0,3.0,0,0,0.0,0,1
0.57,0.48,1,1,1,1,39,0,4.0,0,0,0.0,0,1
0.57,0.48,1,1,1,1,44,0,5.0,0,0,0.0,0,1
0.57,0.48,1,1,1,1,52,1,6.0,0,0,0.0,0,1
0.57,0.48,1,1,1,1,58,1,7.0,0,0,0.0,0,1
0.57,0.48,1,1,1,1,78,1,8.0,0,0,0.0,0,1
0.57,0.48,1,1,1,1,79,2,9.0,0,0,0.0,0,1
0.57,0.48,1,1,1,1,85,2,10.0,0,0,0.0,0,1
0.57,0.48,1,1,1,1,88,2,11.0,0,0,0.0,0,1
0.57,0.48,1,1,1,1,91,2,12.0,0,0,0.0,0,1
0.57,0.48,1,1,1,1,102,2,13.0,0,0,0.0,0,1
0.57,0.48,1,1,1,1,109,2,14.0,0,0,0.0,0,1
0.57,0.48,1,1,1,1,121,2,15.0,0,0,0.0,0,1
0.57,0.48,1,1,1,1,131,2,16.0,0,0,0.0,0,1
0.57,0.48,1,1,1,1,141,3,17.0,0,0,0.0,0,1
0.57,0.48,1,1,1,1,154,3,18.0,0,0,0.0,0,1
0.57,0.48,1,1,1,1,161,3,19.0,0,0,0.0,0,1
0.57,0.48,1,1,1,1,166,3,20.0,0,0,0.0,0,1
0.57,0.48,1,1,0,0,166,3,20.0,4,1,1.0,167,1
0.57,0.48,1,1,0,0,166,3,20.0,5,3,2.0,167,1
0.57,0.48,1,1,0,0,166,3,20.0,10,4,3.0,167,1
0.57,0.48,1,1,0,0,166,3,20.0,12,4,4.0,167,1
0.57,0.48,1,1,0,0,166,3,20.0,23,5,5.0,167,1
0.57,0.48,1,1,0,0,166,3,20.0,36,6,6.0,167,1
0.57,0.48,1,1,0,0,166,3,20.0,42,6,7.0,167,1
0.57,0.48,1,1,0,0,166,3,20.0,52,6,8.0,167,1
0.57,0.48,1,1,0,0,166,3,20.0,55,6,9.0,167,1
0.57,0.48,1,1,0,0,166,3,20.0,60,6,10.0,167,1
0.57,0.48,1,1,0,0,166,3,20.0,73,6,11.0,167,1
0.57,0.48,1,1,0,0,166,3,20.0,76,6,12.0,167,1
0.57,0.48,1,1,0,0,166,3,20.0,84,6,13.0,167,1
0.57,0.48,1,1,0,0,166,3,20.0,99,6,14.0,167,1
0.57,0.48,1,1,0,0,166,3,20.0,107,8,15.0,167,1
0.57,0.48,1,1,0,0,166,3,20.0,111,8,16.0,167,1
0.57,0.48,1,1,0,0,166,3,20.0,126,9,17.0,167,1
0.57,0.48,1,1,0,0,166,3,20.0,134,10,17.67,167,1
0.64,0.37,0,1,1,0,0,0,0.0,4,0,1.0,0,1
0.64,0.37,0,1,1,0,0,0,0.0,9,0,2.0,0,1
0.64,0.37,0,1,1,0,0,0,0.0,12,0,3.0,0,1
0.64,0.37,0,1,1,0,0,0,0.0,15,0,4.0,0,1
0.64,0.37,0,1,1,0,0,0,0.0,18,0,5.0,0,1
0.64,0.37,0,1,1,0,0,0,0.0,22,1,6.0,0,1
0.64,0.37,0,1,1,0,0,0,0.0,26,2,7.0,0,1
0.64,0.37,0,1,1,0,0,0,0.0,31,2,8.0,0,1
0.64,0.37,0,1,1,0,0,0,0.0,34,2,9.0,0,1
0.64,0.37,0,1,1,0,0,0,0.0,37,3,10.0,0,1
0.64,0.37,0,1,1,0,0,0,0.0,40,3,11.0,0,1
0.64,0.37,0,1,1,0,0,0,0.0,44,3,12.0,0,1
0.64,0.37,0,1,1,0,0,0,0.0,49,4,13.0,0,1
0.64,0.37,0,1,1,0,0,0,0.0,54,4,14.0,0,1
0.64,0.37,0,1,1,0,0,0,0.0,61,4,15.0,0,1
0.64,0.37,0,1,1,0,0,0,0.0,65,4,16.0,0,1
0.64,0.37,0,1,1,0,0,0,0.0,68,4,17.0,0,1
0.64,0.37,0,1,1,0,0,0,0.0,79,4,18.0,0,1
0.64,0.37,0,1,1,0,0,0,0.0,84,4,19.0,0,1
0.64,0.37,0,1,1,0,0,0,0.0,86,5,20.0,0,1
0.64,0.37,0,1,0,1,6,0,1.0,86,5,20.0,87,1
0.64,0.37,0,1,0,1,13,0,2.0,86,5,20.0,87,1
0.64,0.37,0,1,0,1,18,0,3.0,86,5,20.0,87,1
0.64,0.37,0,1,0,1,24,0,4.0,86,5,20.0,87,1
0.64,0.37,0,1,0,1,29,0,5.0,86,5,20.0,87,1
0.64,0.37,0,1,0,1,39,0,6.0,86,5,20.0,87,1
0.64,0.37,0,1,0,1,50,0,7.0,86,5,20.0,87,1
0.64,0.37,0,1,0,1,59,0,8.0,86,5,20.0,87,1
0.64,0.37,0,1,0,1,76,0,9.0,86,5,20.0,87,1
0.64,0.37,0,1,0,1,83,1,10.0,86,5,20.0,87,1
0.64,0.37,0,1,0,1,89,1,10.17,86,5,20.0,87,1
0.6,0.51,0,0,1,1,8,0,1.0,0,0,0.0,0,0
0.6,0.51,0,0,1,1,15,0,2.0,0,0,0.0,0,0
0.6,0.51,0,0,1,1,27,0,3.0,0,0,0.0,0,0
0.6,0.51,0,0,1,1,34,0,4.0,0,0,0.0,0,0
0.6,0.51,0,0,1,1,47,0,5.0,0,0,0.0,0,0
0.6,0.51,0,0,1,1,52,0,6.0,0,0,0.0,0,0
0.6,0.51,0,0,1,1,59,0,7.0,0,0,0.0,0,0
0.6,0.51,0,0,1,1,65,0,8.0,0,0,0.0,0,0
0.6,0.51,0,0,1,1,66,0,9.0,0,0,0.0,0,0
0.6,0.51,0,0,1,1,72,0,10.0,0,0,0.0,0,0
0.6,0.51,0,0,1,1,83,0,11.0,0,0,0.0,0,0
0.6,0.51,0,0,1,1,94,0,12.0,0,0,0.0,0,0
0.6,0.51,0,0,1,1,99,1,13.0,0,0,0.0,0,0
0.6,0.51,0,0,1,1,111,2,14.0,0,0,0.0,0,0
0.6,0.51,0,0,1,1,121,2,15.0,0,0,0.0,0,0
0.6,0.51,0,0,1,1,127,2,16.0,0,0,0.0,0,0
0.6,0.51,0,0,1,1,134,2,17.0,0,0,0.0,0,0
0.6,0.51,0,0,1,1,137,3,18.0,0,0,0.0,0,0
0.6,0.51,0,0,1,1,144,3,19.0,0,0,0.0,0,0
0.6,0.51,0,0,1,1,151,4,20.0,0,0,0.0,0,0
0.6,0.51,0,0,0,0,151,4,20.0,8,0,1.0,152,0
0.6,0.51,0,0,0,0,151,4,20.0,19,2,2.0,152,0
0.6,0.51,0,0,0,0,151,4,20.0,22,2,3.0,152,0
0.6,0.51,0,0,0,0,151,4,20.0,34,2,4.0,152,0
0.6,0.51,0,0,0,0,151,4,20.0,40,2,5.0,152,0
0.6,0.51,0,0,0,0,151,4,20.0,44,2,6.0,152,0
0.6,0.51,0,0,0,0,151,4,20.0,59,2,7.0,152,0
0.6,0.51,0,0,0,0,151,4,20.0,70,2,8.0,152,0
0.6,0.51,0,0,0,0,151,4,20.0,78,3,9.0,152,0
0.6,0.51,0,0,0,0,151,4,20.0,84,3,10.0,152,0
0.6,0.51,0,0,0,0,151,4,20.0,93,3,11.0,152,0
0.6,0.51,0,0,0,0,151,4,20.0,100,3,12.0,152,0
0.6,0.51,0,0,0,0,151,4,20.0,113,3,13.0,152,0
0.6,0.51,0,0,0,0,151,4,20.0,116,3,14.0,152,0
0.6,0.51,0,0,0,0,151,4,20.0,132,3,15.0,152,0
0.6,0.51,0,0,0,0,151,4,20.0,133,4,16.0,152,0
0.6,0.51,0,0,0,0,151,4,20.0,140,4,17.0,152,0
0.6,0.51,0,0,0,0,151,4,20.0,146,4,18.0,152,0
0.6,0.51,0,0,0,0,151,4,20.0,155,4,18.83,152,0
0.58,0.59,0,1,1,0,0,0,0.0,8,0,1.0,0,1
0.58,0.59,0,1,1,0,0,0,0.0,15,1,2.0,0,1
0.58,0.59,0,1,1,0,0,0,0.0,20,1,3.0,0,1
0.58,0.59,0,1,1,0,0,0,0.0,25,2,4.0,0,1
0.58,0.59,0,1,1,0,0,0,0.0,30,2,5.0,0,1
0.58,0.59,0,1,1,0,0,0,0.0,33,2,6.0,0,1
0.58,0.59,0,1,1,0,0,0,0.0,49,2,7.0,0,1
0.58,0.59,0,1,1,0,0,0,0.0,55,2,8.0,0,1
0.58,0.59,0,1,1,0,0,0,0.0,66,2,9.0,0,1
0.58,0.59,0,1,1,0,0,0,0.0,74,2,10.0,0,1
0.58,0.59,0,1,1,0,0,0,0.0,80,3,11.0,0,1
0.58,0.59,0,1,1,0,0,0,0.0,84,3,12.0,0,1
0.58,0.59,0,1,1,0,0,0,0.0,86,4,13.0,0,1
0.58,0.59,0,1,1,0,0,0,0.0,91,4,14.0,0,1
0.58,0.59,0,1,1,0,0,0,0.0,100,4,15.0,0,1
0.58,0.59,0,1,1,0,0,0,0.0,111,4,16.0,0,1
0.58,0.59,0,1,1,0,0,0,0.0,114,4,17.0,0,1
0.58,0.59,0,1,1,0,0,0,0.0,127,5,18.0,0,1
0.58,0.59,0,1,1,0,0,0,0.0,137,6,19.0,0,1
0.58,0.59,0,1,1,0,0,0,0.0,144,6,20.0,0,1
0.58,0.59,0,1,0,1,4,0,1.0,144,6,20.0,145,1
0.58,0.59,0,1,0,1,12,0,2.0,144,6,20.0,145,1
0.58,0.59,0,1,0,1,19,2,3.0,144,6,20.0,145,1
0.58,0.59,0,1,0,1,27,2,4.0,144,6,20.0,145,1
0.58,0.59,0,1,0,1,28,2,5.0,144,6,20.0,145,1
0.58,0.59,0,1,0,1,41,2,6.0,144,6,20.0,145,1
0.58,0.59,0,1,0,1,52,2,7.0,144,6,20.0,145,1
0.58,0.59,0,1,0,1,64,2,8.0,144,6,20.0,145,1
0.58,0.59,0,1,0,1,67,3,9.0,144,6,20.0,145,1
0.58,0.59,0,1,0,1,71,4,10.0,144,6,20.0,145,1
0.58,0.59,0,1,0,1,78,4,11.0,144,6,20.0,145,1
0.58,0.59,0,1,0,1,84,4,12.0,144,6,20.0,145,1
0.58,0.59,0,1,0,1,91,4,13.0,144,6,20.0,145,1
0.58,0.59,0,1,0,1,107,4,14.0,144,6,20.0,145,1
0.58,0.59,0,1,0,1,119,4,15.0,144,6,20.0,145,1
0.58,0.59,0,1,0,1,129,4,16.0,144,6,20.0,145,1
0.58,0.59,0,1,0,1,136,4,17.0,144,6,20.0,145,1
0.58,0.59,0,1,0,1,142,4,18.0,144,6,20.0,145,1
0.58,0.59,0,1,0,1,142,4,19.0,144,6,20.0,145,1
0.58,0.59,0,1,0,1,146,4,19.33,144,6,20.0,145,1
0.48,0.56,1,0,1,0,0,0,0.0,6,0,1.0,0,0
0.48,0.56,1,0,1,0,0,0,0.0,23,0,2.0,0,0
0.48,0.56,1,0,1,0,0,0,0.0,31,1,3.0,0,0
0.48,0.56,1,0,1,0,0,0,0.0,34,1,4.0,0,0
0.48,0.56,1,0,1,0,0,0,0.0,39,2,5.0,0,0
0.48,0.56,1,0,1,0,0,0,0.0,42,3,6.0,0,0
0.48,0.56,1,0,1,0,0,0,0.0,55,3,7.0,0,0
0.48,0.56,1,0,1,0,0,0,0.0,60,3,8.0,0,0
0.48,0.56,1,0,1,0,0,0,0.0,67,3,9.0,0,0
0.48,0.56,1,0,1,0,0,0,0.0,72,5,10.0,0,0
0.48,0.56,1,0,1,0,0,0,0.0,88,5,11.0,0,0
0.48,0.56,1,0,1,0,0,0,0.0,100,5,12.0,0,0
0.48,0.56,1,0,1,0,0,0,0.0,106,5,13.0,0,0
0.48,0.56,1,0,1,0,0,0,0.0,114,5,14.0,0,0
0.48,0.56,1,0,1,0,0,0,0.0,122,6,15.0,0,0
0.48,0.56,1,0,1,0,0,0,0.0,126,6,16.0,0,0
0.48,0.56,1,0,1,0,0,0,0.0,128,6,17.0,0,0
0.48,0.56,1,0,1,0,0,0,0.0,133,7,18.0,0,0
0.48,0.56,1,0,1,0,0,0,0.0,136,7,19.0,0,0
0.48,0.56,1,0,1,0,0,0,0.0,145,8,20.0,0,0
0.48,0.56,1,0,0,1,6,1,1.0,145,8,20.0,146,0
0.48,0.56,1,0,0,1,14,1,2.0,145,8,20.0,146,0
0.48,0.56,1,0,0,1,15,1,3.0,145,8,20.0,146,0
0.48,0.56,1,0,0,1,20,1,4.0,145,8,20.0,146,0
0.48,0.56,1,0,0,1,25,1,5.0,145,8,20.0,146,0
0.48,0.56,1,0,0,1,33,1,6.0,145,8,20.0,146,0
0.48,0.56,1,0,0,1,37,1,7.0,145,8,20.0,146,0
0.48,0.56,1,0,0,1,45,1,8.0,145,8,20.0,146,0
0.48,0.56,1,0,0,1,48,1,9.0,145,8,20.0,146,0
0.48,0.56,1,0,0,1,55,1,10.0,145,8,20.0,146,0
0.48,0.56,1,0,0,1,57,1,11.0,145,8,20.0,146,0
0.48,0.56,1,0,0,1,59,1,12.0,145,8,20.0,146,0
0.48,0.56,1,0,0,1,65,1,13.0,145,8,20.0,146,0
0.48,0.56,1,0,0,1,81,1,14.0,145,8,20.0,146,0
0.48,0.56,1,0,0,1,89,2,15.0,145,8,20.0,146,0
0.48,0.56,1,0,0,1,96,2,16.0,145,8,20.0,146,0
0.48,0.56,1,0,0,1,103,3,17.0,145,8,20.0,146,0
0.48,0.56,1,0,0,1,112,3,18.0,145,8,20.0,146,0
0.48,0.56,1,0,0,1,126,4,19.0,145,8,20.0,146,0
0.48,0.56,1,0,0,1,136,5,20.0,145,8,20.0,146,0
0.57,0.53,1,0,1,0,0,0,0.0,13,0,1.0,0,1
0.57,0.53,1,0,1,0,0,0,0.0,20,0,2.0,0,1
0.57,0.53,1,0,1,0,0,0,0.0,29,0,3.0,0,1
0.57,0.53,1,0,1,0,0,0,0.0,41,0,4.0,0,1
0.57,0.53,1,0,1,0,0,0,0.0,50,0,5.0,0,1
0.57,0.53,1,0,1,0,0,0,0.0,51,0,6.0,0,1
0.57,0.53,1,0,1,0,0,0,0.0,58,0,7.0,0,1
0.57,0.53,1,0,1,0,0,0,0.0,64,1,8.0,0,1
0.57,0.53,1,0,1,0,0,0,0.0,78,1,9.0,0,1
0.57,0.53,1,0,1,0,0,0,0.0,87,1,10.0,0,1
0.57,0.53,1,0,1,0,0,0,0.0,90,1,11.0,0,1
0.57,0.53,1,0,1,0,0,0,0.0,96,1,12.0,0,1
0.57,0.53,1,0,1,0,0,0,0.0,102,1,13.0,0,1
0.57,0.53,1,0,1,0,0,0,0.0,114,1,14.0,0,1
0.57,0.53,1,0,1,0,0,0,0.0,118,1,15.0,0,1
0.57,0.53,1,0,1,0,0,0,0.0,124,2,16.0,0,1
0.57,0.53,1,0,1,0,0,0,0.0,135,2,17.0,0,1
0.57,0.53,1,0,1,0,0,0,0.0,141,2,18.0,0,1
0.57,0.53,1,0,1,0,0,0,0.0,146,3,19.0,0,1
0.57,0.53,1,0,1,0,0,0,0.0,154,4,20.0,0,1
0.57,0.53,1,0,0,1,3,1,1.0,154,4,20.0,155,1
0.57,0.53,1,0,0,1,10,1,2.0,154,4,20.0,155,1
0.57,0.53,1,0,0,1,17,1,3.0,154,4,20.0,155,1
0.57,0.53,1,0,0,1,27,2,4.0,154,4,20.0,155,1
0.57,0.53,1,0,0,1,32,2,5.0,154,4,20.0,155,1
0.57,0.53,1,0,0,1,47,2,6.0,154,4,20.0,155,1
0.57,0.53,1,0,0,1,56,2,7.0,154,4,20.0,155,1
0.57,0.53,1,0,0,1,61,2,8.0,154,4,20.0,155,1
0.57,0.53,1,0,0,1,67,3,9.0,154,4,20.0,155,1
0.57,0.53,1,0,0,1,72,3,10.0,154,4,20.0,155,1
0.57,0.53,1,0,0,1,81,3,11.0,154,4,20.0,155,1
0.57,0.53,1,0,0,1,93,4,12.0,154,4,20.0,155,1
0.57,0.53,1,0,0,1,99,4,13.0,154,4,20.0,155,1
0.57,0.53,1,0,0,1,108,4,14.0,154,4,20.0,155,1
0.57,0.53,1,0,0,1,117,4,15.0,154,4,20.0,155,1
0.57,0.53,1,0,0,1,124,4,16.0,154,4,20.0,155,1
0.57,0.53,1,0,0,1,127,4,17.0,154,4,20.0,155,1
0.57,0.53,1,0,0,1,136,4,18.0,154,4,20.0,155,1
0.57,0.53,1,0,0,1,144,6,19.0,154,4,20.0,155,1
0.57,0.53,1,0,0,1,156,7,19.83,154,4,20.0,155,1
0.38,0.36,0,0,1,1,9,0,1.0,0,0,0.0,0,0
0.38,0.36,0,0,1,1,19,1,2.0,0,0,0.0,0,0
0.38,0.36,0,0,1,1,35,1,3.0,0,0,0.0,0,0
0.38,0.36,0,0,1,1,39,2,4.0,0,0,0.0,0,0
0.38,0.36,0,0,1,1,51,2,5.0,0,0,0.0,0,0
0.38,0.36,0,0,1,1,57,3,6.0,0,0,0.0,0,0
0.38,0.36,0,0,1,1,58,3,7.0,0,0,0.0,0,0
0.38,0.36,0,0,1,1,64,3,8.0,0,0,0.0,0,0
0.38,0.36,0,0,1,1,69,4,9.0,0,0,0.0,0,0
0.38,0.36,0,0,1,1,72,4,10.0,0,0,0.0,0,0
0.38,0.36,0,0,1,1,82,4,11.0,0,0,0.0,0,0
0.38,0.36,0,0,1,1,86,4,12.0,0,0,0.0,0,0
0.38,0.36,0,0,1,1,88,4,13.0,0,0,0.0,0,0
0.38,0.36,0,0,1,1,100,4,14.0,0,0,0.0,0,0
0.38,0.36,0,0,1,1,107,4,15.0,0,0,0.0,0,0
0.38,0.36,0,0,1,1,113,4,16.0,0,0,0.0,0,0
0.38,0.36,0,0,1,1,121,4,17.0,0,0,0.0,0,0
0.38,0.36,0,0,1,1,126,5,18.0,0,0,0.0,0,0
0.38,0.36,0,0,1,1,144,5,19.0,0,0,0.0,0,0
0.38,0.36,0,0,1,1,152,5,20.0,0,0,0.0,0,0
0.38,0.36,0,0,0,0,152,5,20.0,5,0,1.0,153,0
0.38,0.36,0,0,0,0,152,5,20.0,8,1,2.0,153,0
0.38,0.36,0,0,0,0,152,5,20.0,15,2,3.0,153,0
0.38,0.36,0,0,0,0,152,5,20.0,22,2,4.0,153,0
0.38,0.36,0,0,0,0,152,5,20.0,33,2,5.0,153,0
0.38,0.36,0,0,0,0,152,5,20.0,37,2,6.0,153,0
0.38,0.36,0,0,0,0,152,5,20.0,40,3,7.0,153,0
0.38,0.36,0,0,0,0,152,5,20.0,47,3,8.0,153,0
0.38,0.36,0,0,0,0,152,5,20.0,55,3,9.0,153,0
0.38,0.36,0,0,0,0,152,5,20.0,60,3,10.0,153,0
0.38,0.36,0,0,0,0,152,5,20.0,66,4,11.0,153,0
0.38,0.36,0,0,0,0,152,5,20.0,78,4,12.0,153,0
0.38,0.36,0,0,0,0,152,5,20.0,85,4,13.0,153,0
0.38,0.36,0,0,0,0,152,5,20.0,91,5,14.0,153,0
0.38,0.36,0,0,0,0,152,5,20.0,97,5,15.0,153,0
0.38,0.36,0,0,0,0,152,5,20.0,113,5,16.0,153,0
0.38,0.36,0,0,0,0,152,5,20.0,118,5,17.0,153,0
0.38,0.36,0,0,0,0,152,5,20.0,127,6,18.0,153,0
0.38,0.36,0,0,0,0,152,5,20.0,145,6,19.0,153,0
0.38,0.36,0,0,0,0,152,5,20.0,153,6,20.0,153,0
0.48,0.52,0,1,1,0,0,0,0.0,2,0,1.0,0,0
0.48,0.52,0,1,1,0,0,0,0.0,9,0,2.0,0,0
0.48,0.52,0,1,1,0,0,0,0.0,15,0,3.0,0,0
0.48,0.52,0,1,1,0,0,0,0.0,24,0,4.0,0,0
0.48,0.52,0,1,1,0,0,0,0.0,28,0,5.0,0,0
0.48,0.52,0,1,1,0,0,0,0.0,37,1,6.0,0,0
0.48,0.52,0,1,1,0,0,0,0.0,45,1,7.0,0,0
0.48,0.52,0,1,1,0,0,0,0.0,57,1,8.0,0,0
0.48,0.52,0,1,1,0,0,0,0.0,66,2,9.0,0,0
0.48,0.52,0,1,1,0,0,0,0.0,74,2,10.0,0,0
0.48,0.52,0,1,1,0,0,0,0.0,81,2,11.0,0,0
0.48,0.52,0,1,1,0,0,0,0.0,99,2,12.0,0,0
0.48,0.52,0,1,1,0,0,0,0.0,106,2,13.0,0,0
0.48,0.52,0,1,1,0,0,0,0.0,114,2,14.0,0,0
0.48,0.52,0,1,1,0,0,0,0.0,121,4,15.0,0,0
0.48,0.52,0,1,1,0,0,0,0.0,123,4,16.0,0,0
0.48,0.52,0,1,1,0,0,0,0.0,129,4,17.0,0,0
0.48,0.52,0,1,1,0,0,0,0.0,133,4,18.0,0,0
0.48,0.52,0,1,1,0,0,0,0.0,144,4,19.0,0,0
0.48,0.52,0,1,1,0,0,0,0.0,160,4,20.0,0,0
0.48,0.52,0,1,0,1,0,1,1.0,160,4,20.0,161,0
0.48,0.52,0,1,0,1,5,1,2.0,160,4,20.0,161,0
0.48,0.52,0,1,0,1,10,1,3.0,160,4,20.0,161,0
0.48,0.52,0,1,0,1,13,2,4.0,160,4,20.0,161,0
0.48,0.52,0,1,0,1,16,3,5.0,160,4,20.0,161,0
0.48,0.52,0,1,0,1,19,3,6.0,160,4,20.0,161,0
0.48,0.52,0,1,0,1,25,3,7.0,160,4,20.0,161,0
0.48,0.52,0,1,0,1,30,4,8.0,160,4,20.0,161,0
0.48,0.52,0,1,0,1,38,4,9.0,160,4,20.0,161,0
0.48,0.52,0,1,0,1,44,5,10.0,160,4,20.0,161,0
0.48,0.52,0,1,0,1,47,6,11.0,160,4,20.0,161,0
0.48,0.52,0,1,0,1,65,7,12.0,160,4,20.0,161,0
0.48,0.52,0,1,0,1,77,7,13.0,160,4,20.0,161,0
0.48,0.52,0,1,0,1,88,7,14.0,160,4,20.0,161,0
0.48,0.52,0,1,0,1,98,7,15.0,160,4,20.0,161,0
0.48,0.52,0,1,0,1,119,7,16.0,160,4,20.0,161,0
0.48,0.52,0,1,0,1,134,7,17.0,160,4,20.0,161,0
0.48,0.52,0,1,0,1,139,7,18.0,160,4,20.0,161,0
0.48,0.52,0,1,0,1,141,8,19.0,160,4,20.0,161,0
0.48,0.52,0,1,0,1,152,9,20.0,160,4,20.0,161,0
0.53,0.46,0,0,1,1,10,0,1.0,0,0,0.0,0,0
0.53,0.46,0,0,1,1,19,0,2.0,0,0,0.0,0,0
0.53,0.46,0,0,1,1,23,0,3.0,0,0,0.0,0,0
0.53,0.46,0,0,1,1,24,0,4.0,0,0,0.0,0,0
0.53,0.46,0,0,1,1,30,0,5.0,0,0,0.0,0,0
0.53,0.46,0,0,1,1,34,0,6.0,0,0,0.0,0,0
0.53,0.46,0,0,1,1,41,0,7.0,0,0,0.0,0,0
0.53,0.46,0,0,1,1,51,0,8.0,0,0,0.0,0,0
0.53,0.46,0,0,1,1,60,0,9.0,0,0,0.0,0,0
0.53,0.46,0,0,1,1,66,0,10.0,0,0,0.0,0,0
0.53,0.46,0,0,1,1,73,0,11.0,0,0,0.0,0,0
0.53,0.46,0,0,1,1,84,0,12.0,0,0,0.0,0,0
0.53,0.46,0,0,1,1,100,0,13.0,0,0,0.0,0,0
0.53,0.46,0,0,1,1,109,0,14.0,0,0,0.0,0,0
0.53,0.46,0,0,1,1,113,0,15.0,0,0,0.0,0,0
0.53,0.46,0,0,1,1,116,0,16.0,0,0,0.0,0,0
0.53,0.46,0,0,1,1,120,0,17.0,0,0,0.0,0,0
0.53,0.46,0,0,1,1,124,0,18.0,0,0,0.0,0,0
0.53,0.46,0,0,1,1,132,0,19.0,0,0,0.0,0,0
0.53,0.46,0,0,1,1,137,0,20.0,0,0,0.0,0,0
0.53,0.46,0,0,0,0,137,0,20.0,10,1,1.0,138,0
0.53,0.46,0,0,0,0,137,0,20.0,22,1,2.0,138,0
0.53,0.46,0,0,0,0,137,0,20.0,30,2,3.0,138,0
0.53,0.46,0,0,0,0,137,0,20.0,41,2,4.0,138,0
0.53,0.46,0,0,0,0,137,0,20.0,49,3,5.0,138,0
0.53,0.46,0,0,0,0,137,0,20.0,52,3,6.0,138,0
0.53,0.46,0,0,0,0,137,0,20.0,59,3,7.0,138,0
0.53,0.46,0,0,0,0,137,0,20.0,66,3,8.0,138,0
0.53,0.46,0,0,0,0,137,0,20.0,78,3,9.0,138,0
0.53,0.46,0,0,0,0,137,0,20.0,84,3,10.0,138,0
0.53,0.46,0,0,0,0,137,0,20.0,88,3,11.0,138,0
0.53,0.46,0,0,0,0,137,0,20.0,93,4,12.0,138,0
0.53,0.46,0,0,0,0,137,0,20.0,99,5,13.0,138,0
0.53,0.46,0,0,0,0,137,0,20.0,109,5,14.0,138,0
0.53,0.46,0,0,0,0,137,0,20.0,111,5,15.0,138,0
0.53,0.46,0,0,0,0,137,0,20.0,121,5,16.0,138,0
0.53,0.46,0,0,0,0,137,0,20.0,131,5,17.0,138,0
0.53,0.46,0,0,0,0,137,0,20.0,138,5,18.0,138,0
0.42,0.5,1,1,1,1,8,0,1.0,0,0,0.0,0,0
0.42,0.5,1,1,1,1,16,0,2.0,0,0,0.0,0,0
0.42,0.5,1,1,1,1,23,0,3.0,0,0,0.0,0,0
0.42,0.5,1,1,1,1,31,0,4.0,0,0,0.0,0,0
0.42,0.5,1,1,1,1,44,0,5.0,0,0,0.0,0,0
0.42,0.5,1,1,1,1,46,1,6.0,0,0,0.0,0,0
0.42,0.5,1,1,1,1,52,1,7.0,0,0,0.0,0,0
0.42,0.5,1,1,1,1,60,1,8.0,0,0,0.0,0,0
0.42,0.5,1,1,1,1,64,2,9.0,0,0,0.0,0,0
0.42,0.5,1,1,1,1,68,3,10.0,0,0,0.0,0,0
0.42,0.5,1,1,1,1,72,3,11.0,0,0,0.0,0,0
0.42,0.5,1,1,1,1,74,4,12.0,0,0,0.0,0,0
0.42,0.5,1,1,1,1,87,4,13.0,0,0,0.0,0,0
0.42,0.5,1,1,1,1,98,5,14.0,0,0,0.0,0,0
0.42,0.5,1,1,1,1,103,6,15.0,0,0,0.0,0,0
0.42,0.5,1,1,1,1,110,6,16.0,0,0,0.0,0,0
0.42,0.5,1,1,1,1,113,8,17.0,0,0,0.0,0,0
0.42,0.5,1,1,1,1,118,8,18.0,0,0,0.0,0,0
0.42,0.5,1,1,1,1,124,9,19.0,0,0,0.0,0,0
0.42,0.5,1,1,1,1,128,9,20.0,0,0,0.0,0,0
0.42,0.5,1,1,0,0,128,9,20.0,6,0,1.0,129,0
0.42,0.5,1,1,0,0,128,9,20.0,15,0,2.0,129,0
0.42,0.5,1,1,0,0,128,9,20.0,25,0,3.0,129,0
0.42,0.5,1,1,0,0,128,9,20.0,36,0,4.0,129,0
0.42,0.5,1,1,0,0,128,9,20.0,46,0,5.0,129,0
0.42,0.5,1,1,0,0,128,9,20.0,50,0,6.0,129,0
0.42,0.5,1,1,0,0,128,9,20.0,56,0,7.0,129,0
0.42,0.5,1,1,0,0,128,9,20.0,62,0,8.0,129,0
0.42,0.5,1,1,0,0,128,9,20.0,73,1,9.0,129,0
0.42,0.5,1,1,0,0,128,9,20.0,76,1,10.0,129,0
0.42,0.5,1,1,0,0,128,9,20.0,86,1,11.0,129,0
0.42,0.5,1,1,0,0,128,9,20.0,96,1,12.0,129,0
0.42,0.5,1,1,0,0,128,9,20.0,109,2,13.0,129,0
0.42,0.5,1,1,0,0,128,9,20.0,114,3,14.0,129,0
0.42,0.5,1,1,0,0,128,9,20.0,120,4,15.0,129,0
0.42,0.5,1,1,0,0,128,9,20.0,126,4,16.0,129,0
0.42,0.5,1,1,0,0,128,9,20.0,129,4,16.5,129,0
0.38,0.52,0,1,1,0,0,0,0.0,8,1,1.0,0,1
0.38,0.52,0,1,1,0,0,0,0.0,17,1,2.0,0,1
0.38,0.52,0,1,1,0,0,0,0.0,22,1,3.0,0,1
0.38,0.52,0,1,1,0,0,0,0.0,23,1,4.0,0,1
0.38,0.52,0,1,1,0,0,0,0.0,30,1,5.0,0,1
0.38,0.52,0,1,1,0,0,0,0.0,37,1,6.0,0,1
0.38,0.52,0,1,1,0,0,0,0.0,52,1,7.0,0,1
0.38,0.52,0,1,1,0,0,0,0.0,58,2,8.0,0,1
0.38,0.52,0,1,1,0,0,0,0.0,69,2,9.0,0,1
0.38,0.52,0,1,1,0,0,0,0.0,75,2,10.0,0,1
0.38,0.52,0,1,1,0,0,0,0.0,77,2,11.0,0,1
0.38,0.52,0,1,1,0,0,0,0.0,83,2,12.0,0,1
0.38,0.52,0,1,1,0,0,0,0.0,89,2,13.0,0,1
0.38,0.52,0,1,1,0,0,0,0.0,91,3,14.0,0,1
0.38,0.52,0,1,1,0,0,0,0.0,91,3,15.0,0,1
0.38,0.52,0,1,1,0,0,0,0.0,96,3,16.0,0,1
0.38,0.52,0,1,1,0,0,0,0.0,98,4,17.0,0,1
0.38,0.52,0,1,1,0,0,0,0.0,105,4,18.0,0,1
0.38,0.52,0,1,1,0,0,0,0.0,107,4,19.0,0,1
0.38,0.52,0,1,1,0,0,0,0.0,110,4,20.0,0,1
0.38,0.52,0,1,0,1,9,0,1.0,110,4,20.0,111,1
0.38,0.52,0,1,0,1,16,0,2.0,110,4,20.0,111,1
0.38,0.52,0,1,0,1,23,0,3.0,110,4,20.0,111,1
0.38,0.52,0,1,0,1,24,1,4.0,110,4,20.0,111,1
0.38,0.52,0,1,0,1,34,1,5.0,110,4,20.0,111,1
0.38,0.52,0,1,0,1,37,1,6.0,110,4,20.0,111,1
0.38,0.52,0,1,0,1,39,1,7.0,110,4,20.0,111,1
0.38,0.52,0,1,0,1,49,2,8.0,110,4,20.0,111,1
0.38,0.52,0,1,0,1,54,2,9.0,110,4,20.0,111,1
0.38,0.52,0,1,0,1,60,2,10.0,110,4,20.0,111,1
0.38,0.52,0,1,0,1,69,2,11.0,110,4,20.0,111,1
0.38,0.52,0,1,0,1,71,3,12.0,110,4,20.0,111,1
0.38,0.52,0,1,0,1,76,3,13.0,110,4,20.0,111,1
0.38,0.52,0,1,0,1,80,4,14.0,110,4,20.0,111,1
0.38,0.52,0,1,0,1,89,4,15.0,110,4,20.0,111,1
0.38,0.52,0,1,0,1,93,4,16.0,110,4,20.0,111,1
0.38,0.52,0,1,0,1,97,5,17.0,110,4,20.0,111,1
0.38,0.52,0,1,0,1,109,5,18.0,110,4,20.0,111,1
0.38,0.52,0,1,0,1,110,5,19.0,110,4,20.0,111,1
0.38,0.52,0,1,0,1,111,5,19.17,110,4,20.0,111,1
0.43,0.58,0,0,1,1,9,0,1.0,0,0,0.0,0,0
0.43,0.58,0,0,1,1,11,0,2.0,0,0,0.0,0,0
0.43,0.58,0,0,1,1,19,1,3.0,0,0,0.0,0,0
0.43,0.58,0,0,1,1,21,1,4.0,0,0,0.0,0,0
0.43,0.58,0,0,1,1,27,1,5.0,0,0,0.0,0,0
0.43,0.58,0,0,1,1,37,2,6.0,0,0,0.0,0,0
0.43,0.58,0,0,1,1,46,2,7.0,0,0,0.0,0,0
0.43,0.58,0,0,1,1,50,2,8.0,0,0,0.0,0,0
0.43,0.58,0,0,1,1,65,2,9.0,0,0,0.0,0,0
0.43,0.58,0,0,1,1,70,2,10.0,0,0,0.0,0,0
0.43,0.58,0,0,1,1,75,3,11.0,0,0,0.0,0,0
0.43,0.58,0,0,1,1,78,3,12.0,0,0,0.0,0,0
0.43,0.58,0,0,1,1,91,3,13.0,0,0,0.0,0,0
0.43,0.58,0,0,1,1,96,3,14.0,0,0,0.0,0,0
0.43,0.58,0,0,1,1,102,3,15.0,0,0,0.0,0,0
0.43,0.58,0,0,1,1,106,4,16.0,0,0,0.0,0,0
0.43,0.58,0,0,1,1,106,4,17.0,0,0,0.0,0,0
0.43,0.58,0,0,1,1,115,4,18.0,0,0,0.0,0,0
0.43,0.58,0,0,1,1,119,4,19.0,0,0,0.0,0,0
0.43,0.58,0,0,1,1,125,4,20.0,0,0,0.0,0,0
0.43,0.58,0,0,0,0,125,4,20.0,9,0,1.0,126,0
0.43,0.58,0,0,0,0,125,4,20.0,20,1,2.0,126,0
0.43,0.58,0,0,0,0,125,4,20.0,28,2,3.0,126,0
0.43,0.58,0,0,0,0,125,4,20.0,42,2,4.0,126,0
0.43,0.58,0,0,0,0,125,4,20.0,58,2,5.0,126,0
0.43,0.58,0,0,0,0,125,4,20.0,64,2,6.0,126,0
0.43,0.58,0,0,0,0,125,4,20.0,75,2,7.0,126,0
0.43,0.58,0,0,0,0,125,4,20.0,82,2,8.0,126,0
0.43,0.58,0,0,0,0,125,4,20.0,86,2,9.0,126,0
0.43,0.58,0,0,0,0,125,4,20.0,96,3,10.0,126,0
0.43,0.58,0,0,0,0,125,4,20.0,101,3,11.0,126,0
0.43,0.58,0,0,0,0,125,4,20.0,113,3,12.0,126,0
0.43,0.58,0,0,0,0,125,4,20.0,122,3,13.0,126,0
0.43,0.58,0,0,0,0,125,4,20.0,125,3,14.0,126,0
0.43,0.58,0,0,0,0,125,4,20.0,129,3,14.17,126,0
0.6,0.46,0,0,1,1,11,0,1.0,0,0,0.0,0,1
0.6,0.46,0,0,1,1,24,0,2.0,0,0,0.0,0,1
0.6,0.46,0,0,1,1,38,0,3.0,0,0,0.0,0,1
0.6,0.46,0,0,1,1,44,0,4.0,0,0,0.0,0,1
0.6,0.46,0,0,1,1,52,1,5.0,0,0,0.0,0,1
0.6,0.46,0,0,1,1,68,1,6.0,0,0,0.0,0,1
0.6,0.46,0,0,1,1,74,2,7.0,0,0,0.0,0,1
0.6,0.46,0,0,1,1,90,2,8.0,0,0,0.0,0,1
0.6,0.46,0,0,1,1,98,2,9.0,0,0,0.0,0,1
0.6,0.46,0,0,1,1,101,2,10.0,0,0,0.0,0,1
0.6,0.46,0,0,1,1,112,3,11.0,0,0,0.0,0,1
0.6,0.46,0,0,1,1,119,4,12.0,0,0,0.0,0,1
0.6,0.46,0,0,1,1,130,4,13.0,0,0,0.0,0,1
0.6,0.46,0,0,1,1,137,4,14.0,0,0,0.0,0,1
0.6,0.46,0,0,1,1,143,4,15.0,0,0,0.0,0,1
0.6,0.46,0,0,1,1,159,4,16.0,0,0,0.0,0,1
0.6,0.46,0,0,1,1,172,4,17.0,0,0,0.0,0,1
0.6,0.46,0,0,1,1,176,4,18.0,0,0,0.0,0,1
0.6,0.46,0,0,1,1,185,4,19.0,0,0,0.0,0,1
0.6,0.46,0,0,1,1,192,4,20.0,0,0,0.0,0,1
0.6,0.46,0,0,0,0,192,4,20.0,4,0,1.0,193,1
0.6,0.46,0,0,0,0,192,4,20.0,7,0,2.0,193,1
0.6,0.46,0,0,0,0,192,4,20.0,18,0,3.0,193,1
0.6,0.46,0,0,0,0,192,4,20.0,26,1,4.0,193,1
0.6,0.46,0,0,0,0,192,4,20.0,35,1,5.0,193,1
0.6,0.46,0,0,0,0,192,4,20.0,48,1,6.0,193,1
0.6,0.46,0,0,0,0,192,4,20.0,57,2,7.0,193,1
0.6,0.46,0,0,0,0,192,4,20.0,64,2,8.0,193,1
0.6,0.46,0,0,0,0,192,4,20.0,68,2,9.0,193,1
0.6,0.46,0,0,0,0,192,4,20.0,75,4,10.0,193,1
0.6,0.46,0,0,0,0,192,4,20.0,84,6,11.0,193,1
0.6,0.46,0,0,0,0,192,4,20.0,93,6,12.0,193,1
0.6,0.46,0,0,0,0,192,4,20.0,103,7,13.0,193,1
0.6,0.46,0,0,0,0,192,4,20.0,111,9,14.0,193,1
0.6,0.46,0,0,0,0,192,4,20.0,119,9,15.0,193,1
0.6,0.46,0,0,0,0,192,4,20.0,119,10,15.33,193,1
0.45,0.48,1,0,1,0,0,0,0.0,5,0,1.0,0,1
0.45,0.48,1,0,1,0,0,0,0.0,8,0,2.0,0,1
0.45,0.48,1,0,1,0,0,0,0.0,12,0,3.0,0,1
0.45,0.48,1,0,1,0,0,0,0.0,22,0,4.0,0,1
0.45,0.48,1,0,1,0,0,0,0.0,34,0,5.0,0,1
0.45,0.48,1,0,1,0,0,0,0.0,42,0,6.0,0,1
0.45,0.48,1,0,1,0,0,0,0.0,51,1,7.0,0,1
0.45,0.48,1,0,1,0,0,0,0.0,58,1,8.0,0,1
0.45,0.48,1,0,1,0,0,0,0.0,69,1,9.0,0,1
0.45,0.48,1,0,1,0,0,0,0.0,73,1,10.0,0,1
0.45,0.48,1,0,1,0,0,0,0.0,76,1,11.0,0,1
0.45,0.48,1,0,1,0,0,0,0.0,79,1,12.0,0,1
0.45,0.48,1,0,1,0,0,0,0.0,83,2,13.0,0,1
0.45,0.48,1,0,1,0,0,0,0.0,88,2,14.0,0,1
0.45,0.48,1,0,1,0,0,0,0.0,95,2,15.0,0,1
0.45,0.48,1,0,1,0,0,0,0.0,107,2,16.0,0,1
0.45,0.48,1,0,1,0,0,0,0.0,118,2,17.0,0,1
0.45,0.48,1,0,1,0,0,0,0.0,124,3,18.0,0,1
0.45,0.48,1,0,1,0,0,0,0.0,128,3,19.0,0,1
0.45,0.48,1,0,1,0,0,0,0.0,129,3,20.0,0,1
0.45,0.48,1,0,0,1,6,0,1.0,129,3,20.0,130,1
0.45,0.48,1,0,0,1,8,0,2.0,129,3,20.0,130,1
0.45,0.48,1,0,0,1,11,0,3.0,129,3,20.0,130,1
0.45,0.48,1,0,0,1,20,0,4.0,129,3,20.0,130,1
0.45,0.48,1,0,0,1,24,1,5.0,129,3,20.0,130,1
0.45,0.48,1,0,0,1,29,1,6.0,129,3,20.0,130,1
0.45,0.48,1,0,0,1,37,2,7.0,129,3,20.0,130,1
0.45,0.48,1,0,0,1,43,2,8.0,129,3,20.0,130,1
0.45,0.48,1,0,0,1,59,2,9.0,129,3,20.0,130,1
0.45,0.48,1,0,0,1,62,3,10.0,129,3,20.0,130,1
0.45,0.48,1,0,0,1,66,3,11.0,129,3,20.0,130,1
0.45,0.48,1,0,0,1,71,3,12.0,129,3,20.0,130,1
0.45,0.48,1,0,0,1,76,4,13.0,129,3,20.0,130,1
0.45,0.48,1,0,0,1,80,4,14.0,129,3,20.0,130,1
0.45,0.48,1,0,0,1,85,5,15.0,129,3,20.0,130,1
0.45,0.48,1,0,0,1,89,5,16.0,129,3,20.0,130,1
0.45,0.48,1,0,0,1,97,5,17.0,129,3,20.0,130,1
0.45,0.48,1,0,0,1,113,6,18.0,129,3,20.0,130,1
0.45,0.48,1,0,0,1,118,6,19.0,129,3,20.0,130,1
0.45,0.48,1,0,0,1,135,6,19.83,129,3,20.0,130,1
0.36,0.61,0,0,1,1,3,1,1.0,0,0,0.0,0,0
0.36,0.61,0,0,1,1,6,1,2.0,0,0,0.0,0,0
0.36,0.61,0,0,1,1,8,1,3.0,0,0,0.0,0,0
0.36,0.61,0,0,1,1,14,2,4.0,0,0,0.0,0,0
0.36,0.61,0,0,1,1,16,2,5.0,0,0,0.0,0,0
0.36,0.61,0,0,1,1,21,2,6.0,0,0,0.0,0,0
0.36,0.61,0,0,1,1,29,2,7.0,0,0,0.0,0,0
0.36,0.61,0,0,1,1,34,2,8.0,0,0,0.0,0,0
0.36,0.61,0,0,1,1,40,2,9.0,0,0,0.0,0,0
0.36,0.61,0,0,1,1,47,2,10.0,0,0,0.0,0,0
0.36,0.61,0,0,1,1,60,2,11.0,0,0,0.0,0,0
0.36,0.61,0,0,1,1,62,3,12.0,0,0,0.0,0,0
0.36,0.61,0,0,1,1,63,4,13.0,0,0,0.0,0,0
0.36,0.61,0,0,1,1,64,4,14.0,0,0,0.0,0,0
0.36,0.61,0,0,1,1,67,4,15.0,0,0,0.0,0,0
0.36,0.61,0,0,1,1,70,4,16.0,0,0,0.0,0,0
0.36,0.61,0,0,1,1,75,4,17.0,0,0,0.0,0,0
0.36,0.61,0,0,1,1,80,5,18.0,0,0,0.0,0,0
0.36,0.61,0,0,1,1,80,6,19.0,0,0,0.0,0,0
0.36,0.61,0,0,1,1,84,6,20.0,0,0,0.0,0,0
0.36,0.61,0,0,0,0,84,6,20.0,10,0,1.0,85,0
0.36,0.61,0,0,0,0,84,6,20.0,19,0,2.0,85,0
0.36,0.61,0,0,0,0,84,6,20.0,30,0,3.0,85,0
0.36,0.61,0,0,0,0,84,6,20.0,33,0,4.0,85,0
0.36,0.61,0,0,0,0,84,6,20.0,39,0,5.0,85,0
0.36,0.61,0,0,0,0,84,6,20.0,57,0,6.0,85,0
0.36,0.61,0,0,0,0,84,6,20.0,63,0,7.0,85,0
0.36,0.61,0,0,0,0,84,6,20.0,69,0,8.0,85,0
0.36,0.61,0,0,0,0,84,6,20.0,81,0,9.0,85,0
0.36,0.61,0,0,0,0,84,6,20.0,87,0,9.17,85,0
0.56,0.47,0,1,1,0,0,0,0.0,9,0,1.0,0,0
0.56,0.47,0,1,1,0,0,0,0.0,10,0,2.0,0,0
0.56,0.47,0,1,1,0,0,0,0.0,20,1,3.0,0,0
0.56,0.47,0,1,1,0,0,0,0.0,23,1,4.0,0,0
0.56,0.47,0,1,1,0,0,0,0.0,35,1,5.0,0,0
0.56,0.47,0,1,1,0,0,0,0.0,46,1,6.0,0,0
0.56,0.47,0,1,1,0,0,0,0.0,52,2,7.0,0,0
0.56,0.47,0,1,1,0,0,0,0.0,57,2,8.0,0,0
0.56,0.47,0,1,1,0,0,0,0.0,68,2,9.0,0,0
0.56,0.47,0,1,1,0,0,0,0.0,73,2,10.0,0,0
0.56,0.47,0,1,1,0,0,0,0.0,75,3,11.0,0,0
0.56,0.47,0,1,1,0,0,0,0.0,83,3,12.0,0,0
0.56,0.47,0,1,1,0,0,0,0.0,90,3,13.0,0,0
0.56,0.47,0,1,1,0,0,0,0.0,91,4,14.0,0,0
0.56,0.47,0,1,1,0,0,0,0.0,98,5,15.0,0,0
0.56,0.47,0,1,1,0,0,0,0.0,105,5,16.0,0,0
0.56,0.47,0,1,1,0,0,0,0.0,111,5,17.0,0,0
0.56,0.47,0,1,1,0,0,0,0.0,117,5,18.0,0,0
0.56,0.47,0,1,1,0,0,0,0.0,129,6,19.0,0,0
0.56,0.47,0,1,1,0,0,0,0.0,134,7,20.0,0,0
0.56,0.47,0,1,0,1,7,0,1.0,134,7,20.0,135,0
0.56,0.47,0,1,0,1,10,0,2.0,134,7,20.0,135,0
0.56,0.47,0,1,0,1,15,0,3.0,134,7,20.0,135,0
0.56,0.47,0,1,0,1,18,1,4.0,134,7,20.0,135,0
0.56,0.47,0,1,0,1,24,1,5.0,134,7,20.0,135,0
0.56,0.47,0,1,0,1,29,1,6.0,134,7,20.0,135,0
0.56,0.47,0,1,0,1,35,1,7.0,134,7,20.0,135,0
0.56,0.47,0,1,0,1,42,1,8.0,134,7,20.0,135,0
0.56,0.47,0,1,0,1,49,1,9.0,134,7,20.0,135,0
0.56,0.47,0,1,0,1,53,1,10.0,134,7,20.0,135,0
0.56,0.47,0,1,0,1,59,1,11.0,134,7,20.0,135,0
0.56,0.47,0,1,0,1,62,1,12.0,134,7,20.0,135,0
0.56,0.47,0,1,0,1,76,1,13.0,134,7,20.0,135,0
0.56,0.47,0,1,0,1,81,1,14.0,134,7,20.0,135,0
0.56,0.47,0,1,0,1,87,1,15.0,134,7,20.0,135,0
0.56,0.47,0,1,0,1,103,1,16.0,134,7,20.0,135,0
0.56,0.47,0,1,0,1,113,1,17.0,134,7,20.0,135,0
0.56,0.47,0,1,0,1,121,1,18.0,134,7,20.0,135,0
0.56,0.47,0,1,0,1,130,2,19.0,134,7,20.0,135,0
0.56,0.47,0,1,0,1,133,3,20.0,134,7,20.0,135,0
0.64,0.46,1,0,1,0,0,0,0.0,2,0,1.0,0,1
0.64,0.46,1,0,1,0,0,0,0.0,9,0,2.0,0,1
0.64,0.46,1,0,1,0,0,0,0.0,13,0,3.0,0,1
0.64,0.46,1,0,1,0,0,0,0.0,16,0,4.0,0,1
0.64,0.46,1,0,1,0,0,0,0.0,27,0,5.0,0,1
0.64,0.46,1,0,1,0,0,0,0.0,33,0,6.0,0,1
0.64,0.46,1,0,1,0,0,0,0.0,35,1,7.0,0,1
0.64,0.46,1,0,1,0,0,0,0.0,40,2,8.0,0,1
0.64,0.46,1,0,1,0,0,0,0.0,53,2,9.0,0,1
0.64,0.46,1,0,1,0,0,0,0.0,58,2,10.0,0,1
0.64,0.46,1,0,1,0,0,0,0.0,68,2,11.0,0,1
0.64,0.46,1,0,1,0,0,0,0.0,79,2,12.0,0,1
0.64,0.46,1,0,1,0,0,0,0.0,82,2,13.0,0,1
0.64,0.46,1,0,1,0,0,0,0.0,83,3,14.0,0,1
0.64,0.46,1,0,1,0,0,0,0.0,86,4,15.0,0,1
0.64,0.46,1,0,1,0,0,0,0.0,89,5,16.0,0,1
0.64,0.46,1,0,1,0,0,0,0.0,98,5,17.0,0,1
0.64,0.46,1,0,1,0,0,0,0.0,100,6,18.0,0,1
0.64,0.46,1,0,1,0,0,0,0.0,105,6,19.0,0,1
0.64,0.46,1,0,1,0,0,0,0.0,109,6,20.0,0,1
0.64,0.46,1,0,0,1,7,0,1.0,109,6,20.0,110,1
0.64,0.46,1,0,0,1,11,1,2.0,109,6,20.0,110,1
0.64,0.46,1,0,0,1,25,1,3.0,109,6,20.0,110,1
0.64,0.46,1,0,0,1,33,2,4.0,109,6,20.0,110,1
0.64,0.46,1,0,0,1,45,2,5.0,109,6,20.0,110,1
0.64,0.46,1,0,0,1,56,3,6.0,109,6,20.0,110,1
0.64,0.46,1,0,0,1,67,3,7.0,109,6,20.0,110,1
0.64,0.46,1,0,0,1,81,3,8.0,109,6,20.0,110,1
0.64,0.46,1,0,0,1,84,3,9.0,109,6,20.0,110,1
0.64,0.46,1,0,0,1,103,3,10.0,109,6,20.0,110,1
0.64,0.46,1,0,0,1,115,3,10.67,109,6,20.0,110,1
0.4,0.57,0,1,1,0,0,0,0.0,6,0,1.0,0,0
0.4,0.57,0,1,1,0,0,0,0.0,16,0,2.0,0,0
0.4,0.57,0,1,1,0,0,0,0.0,26,0,3.0,0,0
0.4,0.57,0,1,1,0,0,0,0.0,40,0,4.0,0,0
0.4,0.57,0,1,1,0,0,0,0.0,51,0,5.0,0,0
0.4,0.57,0,1,1,0,0,0,0.0,58,1,6.0,0,0
0.4,0.57,0,1,1,0,0,0,0.0,66,1,7.0,0,0
0.4,0.57,0,1,1,0,0,0,0.0,70,1,8.0,0,0
0.4,0.57,0,1,1,0,0,0,0.0,75,1,9.0,0,0
0.4,0.57,0,1,1,0,0,0,0.0,81,2,10.0,0,0
0.4,0.57,0,1,1,0,0,0,0.0,86,2,11.0,0,0
0.4,0.57,0,1,1,0,0,0,0.0,94,2,12.0,0,0
0.4,0.57,0,1,1,0,0,0,0.0,97,2,13.0,0,0
0.4,0.57,0,1,1,0,0,0,0.0,101,2,14.0,0,0
0.4,0.57,0,1,1,0,0,0,0.0,107,2,15.0,0,0
0.4,0.57,0,1,1,0,0,0,0.0,114,3,16.0,0,0
0.4,0.57,0,1,1,0,0,0,0.0,126,3,17.0,0,0
0.4,0.57,0,1,1,0,0,0,0.0,136,3,18.0,0,0
0.4,0.57,0,1,1,0,0,0,0.0,140,4,19.0,0,0
0.4,0.57,0,1,1,0,0,0,0.0,152,4,20.0,0,0
0.4,0.57,0,1,0,1,5,1,1.0,152,4,20.0,153,0
0.4,0.57,0,1,0,1,13,1,2.0,152,4,20.0,153,0
0.4,0.57,0,1,0,1,16,3,3.0,152,4,20.0,153,0
0.4,0.57,0,1,0,1,21,4,4.0,152,4,20.0,153,0
0.4,0.57,0,1,0,1,31,4,5.0,152,4,20.0,153,0
0.4,0.57,0,1,0,1,34,4,6.0,152,4,20.0,153,0
0.4,0.57,0,1,0,1,45,4,7.0,152,4,20.0,153,0
0.4,0.57,0,1,0,1,57,4,8.0,152,4,20.0,153,0
0.4,0.57,0,1,0,1,63,4,9.0,152,4,20.0,153,0
0.4,0.57,0,1,0,1,67,4,10.0,152,4,20.0,153,0
0.4,0.57,0,1,0,1,70,5,11.0,152,4,20.0,153,0
0.4,0.57,0,1,0,1,77,5,12.0,152,4,20.0,153,0
0.4,0.57,0,1,0,1,84,7,13.0,152,4,20.0,153,0
0.4,0.57,0,1,0,1,94,7,14.0,152,4,20.0,153,0
0.4,0.57,0,1,0,1,104,7,15.0,152,4,20.0,153,0
0.4,0.57,0,1,0,1,111,7,16.0,152,4,20.0,153,0
0.4,0.57,0,1,0,1,119,8,17.0,152,4,20.0,153,0
0.4,0.57,0,1,0,1,131,8,18.0,152,4,20.0,153,0
0.4,0.57,0,1,0,1,136,8,19.0,152,4,20.0,153,0
0.4,0.57,0,1,0,1,146,10,20.0,152,4,20.0,153,0
0.6,0.44,0,0,1,1,8,0,1.0,0,0,0.0,0,0
0.6,0.44,0,0,1,1,16,0,2.0,0,0,0.0,0,0
0.6,0.44,0,0,1,1,30,0,3.0,0,0,0.0,0,0
0.6,0.44,0,0,1,1,45,0,4.0,0,0,0.0,0,0
0.6,0.44,0,0,1,1,48,0,5.0,0,0,0.0,0,0
0.6,0.44,0,0,1,1,60,1,6.0,0,0,0.0,0,0
0.6,0.44,0,0,1,1,67,1,7.0,0,0,0.0,0,0
0.6,0.44,0,0,1,1,77,1,8.0,0,0,0.0,0,0
0.6,0.44,0,0,1,1,86,1,9.0,0,0,0.0,0,0
0.6,0.44,0,0,1,1,93,1,10.0,0,0,0.0,0,0
0.6,0.44,0,0,1,1,99,1,11.0,0,0,0.0,0,0
0.6,0.44,0,0,1,1,108,1,12.0,0,0,0.0,0,0
0.6,0.44,0,0,1,1,111,3,13.0,0,0,0.0,0,0
0.6,0.44,0,0,1,1,120,3,14.0,0,0,0.0,0,0
0.6,0.44,0,0,1,1,124,3,15.0,0,0,0.0,0,0
0.6,0.44,0,0,1,1,132,3,16.0,0,0,0.0,0,0
0.6,0.44,0,0,1,1,135,3,17.0,0,0,0.0,0,0
0.6,0.44,0,0,1,1,153,3,18.0,0,0,0.0,0,0
0.6,0.44,0,0,1,1,163,4,19.0,0,0,0.0,0,0
0.6,0.44,0,0,1,1,165,4,20.0,0,0,0.0,0,0
0.6,0.44,0,0,0,0,165,4,20.0,7,0,1.0,166,0
0.6,0.44,0,0,0,0,165,4,20.0,12,0,2.0,166,0
0.6,0.44,0,0,0,0,165,4,20.0,23,0,3.0,166,0
0.6,0.44,0,0,0,0,165,4,20.0,34,1,4.0,166,0
0.6,0.44,0,0,0,0,165,4,20.0,41,1,5.0,166,0
0.6,0.44,0,0,0,0,165,4,20.0,45,1,6.0,166,0
0.6,0.44,0,0,0,0,165,4,20.0,57,1,7.0,166,0
0.6,0.44,0,0,0,0,165,4,20.0,59,1,8.0,166,0
0.6,0.44,0,0,0,0,165,4,20.0,62,2,9.0,166,0
0.6,0.44,0,0,0,0,165,4,20.0,77,3,10.0,166,0
0.6,0.44,0,0,0,0,165,4,20.0,87,3,11.0,166,0
0.6,0.44,0,0,0,0,165,4,20.0,99,4,12.0,166,0
0.6,0.44,0,0,0,0,165,4,20.0,103,4,13.0,166,0
0.6,0.44,0,0,0,0,165,4,20.0,110,4,14.0,166,0
0.6,0.44,0,0,0,0,165,4,20.0,119,5,15.0,166,0
0.6,0.44,0,0,0,0,165,4,20.0,120,6,16.0,166,0
0.6,0.44,0,0,0,0,165,4,20.0,127,6,17.0,166,0
0.6,0.44,0,0,0,0,165,4,20.0,141,6,18.0,166,0
0.6,0.44,0,0,0,0,165,4,20.0,154,6,19.0,166,0
0.6,0.44,0,0,0,0,165,4,20.0,168,6,20.0,166,0
0.62,0.5,1,0,1,0,0,0,0.0,11,0,1.0,0,1
0.62,0.5,1,0,1,0,0,0,0.0,17,0,2.0,0,1
0.62,0.5,1,0,1,0,0,0,0.0,19,1,3.0,0,1
0.62,0.5,1,0,1,0,0,0,0.0,25,1,4.0,0,1
0.62,0.5,1,0,1,0,0,0,0.0,27,2,5.0,0,1
0.62,0.5,1,0,1,0,0,0,0.0,32,4,6.0,0,1
0.62,0.5,1,0,1,0,0,0,0.0,37,4,7.0,0,1
0.62,0.5,1,0,1,0,0,0,0.0,48,4,8.0,0,1
0.62,0.5,1,0,1,0,0,0,0.0,52,4,9.0,0,1
0.62,0.5,1,0,1,0,0,0,0.0,55,4,10.0,0,1
0.62,0.5,1,0,1,0,0,0,0.0,61,4,11.0,0,1
0.62,0.5,1,0,1,0,0,0,0.0,65,4,12.0,0,1
0.62,0.5,1,0,1,0,0,0,0.0,72,4,13.0,0,1
0.62,0.5,1,0,1,0,0,0,0.0,77,4,14.0,0,1
0.62,0.5,1,0,1,0,0,0,0.0,79,4,15.0,0,1
0.62,0.5,1,0,1,0,0,0,0.0,81,4,16.0,0,1
0.62,0.5,1,0,1,0,0,0,0.0,82,5,17.0,0,1
0.62,0.5,1,0,1,0,0,0,0.0,91,5,18.0,0,1
0.62,0.5,1,0,1,0,0,0,0.0,95,5,19.0,0,1
0.62,0.5,1,0,1,0,0,0,0.0,100,5,20.0,0,1
0.62,0.5,1,0,0,1,15,0,1.0,100,5,20.0,101,1
0.62,0.5,1,0,0,1,35,0,2.0,100,5,20.0,101,1
0.62,0.5,1,0,0,1,45,0,3.0,100,5,20.0,101,1
0.62,0.5,1,0,0,1,54,0,4.0,100,5,20.0,101,1
0.62,0.5,1,0,0,1,58,1,5.0,100,5,20.0,101,1
0.62,0.5,1,0,0,1,62,1,6.0,100,5,20.0,101,1
0.62,0.5,1,0,0,1,74,1,7.0,100,5,20.0,101,1
0.62,0.5,1,0,0,1,83,2,8.0,100,5,20.0,101,1
0.62,0.5,1,0,0,1,93,2,9.0,100,5,20.0,101,1
0.62,0.5,1,0,0,1,101,2,9.33,100,5,20.0,101,1
0.5,0.64,0,1,1,0,0,0,0.0,7,1,1.0,0,0
0.5,0.64,0,1,1,0,0,0,0.0,26,1,2.0,0,0
0.5,0.64,0,1,1,0,0,0,0.0,35,1,3.0,0,0
0.5,0.64,0,1,1,0,0,0,0.0,42,1,4.0,0,0
0.5,0.64,0,1,1,0,0,0,0.0,50,1,5.0,0,0
0.5,0.64,0,1,1,0,0,0,0.0,58,1,6.0,0,0
0.5,0.64,0,1,1,0,0,0,0.0,70,1,7.0,0,0
0.5,0.64,0,1,1,0,0,0,0.0,85,1,8.0,0,0
0.5,0.64,0,1,1,0,0,0,0.0,100,1,9.0,0,0
0.5,0.64,0,1,1,0,0,0,0.0,112,1,10.0,0,0
0.5,0.64,0,1,1,0,0,0,0.0,117,1,11.0,0,0
0.5,0.64,0,1,1,0,0,0,0.0,122,1,12.0,0,0
0.5,0.64,0,1,1,0,0,0,0.0,132,1,13.0,0,0
0.5,0.64,0,1,1,0,0,0,0.0,139,1,14.0,0,0
0.5,0.64,0,1,1,0,0,0,0.0,151,2,15.0,0,0
0.5,0.64,0,1,1,0,0,0,0.0,161,2,16.0,0,0
0.5,0.64,0,1,1,0,0,0,0.0,174,2,17.0,0,0
0.5,0.64,0,1,1,0,0,0,0.0,181,2,18.0,0,0
0.5,0.64,0,1,1,0,0,0,0.0,184,2,19.0,0,0
0.5,0.64,0,1,1,0,0,0,0.0,193,2,20.0,0,0
0.5,0.64,0,1,0,1,11,0,1.0,193,2,20.0,194,0
0.5,0.64,0,1,0,1,19,0,2.0,193,2,20.0,194,0
0.5,0.64,0,1,0,1,23,0,3.0,193,2,20.0,194,0
0.5,0.64,0,1,0,1,31,0,4.0,193,2,20.0,194,0
0.5,0.64,0,1,0,1,35,2,5.0,193,2,20.0,194,0
0.5,0.64,0,1,0,1,50,2,6.0,193,2,20.0,194,0
0.5,0.64,0,1,0,1,53,2,7.0,193,2,20.0,194,0
0.5,0.64,0,1,0,1,63,2,8.0,193,2,20.0,194,0
0.5,0.64,0,1,0,1,73,2,9.0,193,2,20.0,194,0
0.5,0.64,0,1,0,1,76,2,10.0,193,2,20.0,194,0
0.5,0.64,0,1,0,1,88,2,11.0,193,2,20.0,194,0
0.5,0.64,0,1,0,1,100,2,12.0,193,2,20.0,194,0
0.5,0.64,0,1,0,1,105,3,13.0,193,2,20.0,194,0
0.5,0.64,0,1,0,1,111,4,14.0,193,2,20.0,194,0
0.5,0.64,0,1,0,1,117,4,15.0,193,2,20.0,194,0
0.5,0.64,0,1,0,1,136,4,16.0,193,2,20.0,194,0
0.5,0.64,0,1,0,1,144,4,17.0,193,2,20.0,194,0
0.5,0.64,0,1,0,1,150,4,18.0,193,2,20.0,194,0
0.5,0.64,0,1,0,1,154,5,19.0,193,2,20.0,194,0
0.5,0.64,0,1,0,1,171,5,20.0,193,2,20.0,194,0
0.47,0.48,0,0,1,1,8,0,1.0,0,0,0.0,0,0
0.47,0.48,0,0,1,1,14,1,2.0,0,0,0.0,0,0
0.47,0.48,0,0,1,1,20,1,3.0,0,0,0.0,0,0
0.47,0.48,0,0,1,1,29,2,4.0,0,0,0.0,0,0
0.47,0.48,0,0,1,1,40,2,5.0,0,0,0.0,0,0
0.47,0.48,0,0,1,1,46,2,6.0,0,0,0.0,0,0
0.47,0.48,0,0,1,1,51,3,7.0,0,0,0.0,0,0
0.47,0.48,0,0,1,1,58,3,8.0,0,0,0.0,0,0
0.47,0.48,0,0,1,1,61,3,9.0,0,0,0.0,0,0
0.47,0.48,0,0,1,1,70,4,10.0,0,0,0.0,0,0
0.47,0.48,0,0,1,1,72,4,11.0,0,0,0.0,0,0
0.47,0.48,0,0,1,1,77,5,12.0,0,0,0.0,0,0
0.47,0.48,0,0,1,1,80,6,13.0,0,0,0.0,0,0
0.47,0.48,0,0,1,1,89,6,14.0,0,0,0.0,0,0
0.47,0.48,0,0,1,1,91,6,15.0,0,0,0.0,0,0
0.47,0.48,0,0,1,1,96,6,16.0,0,0,0.0,0,0
0.47,0.48,0,0,1,1,106,6,17.0,0,0,0.0,0,0
0.47,0.48,0,0,1,1,117,6,18.0,0,0,0.0,0,0
0.47,0.48,0,0,1,1,125,6,19.0,0,0,0.0,0,0
0.47,0.48,0,0,1,1,131,7,20.0,0,0,0.0,0,0
0.47,0.48,0,0,0,0,131,7,20.0,10,0,1.0,132,0
0.47,0.48,0,0,0,0,131,7,20.0,18,0,2.0,132,0
0.47,0.48,0,0,0,0,131,7,20.0,32,0,3.0,132,0
0.47,0.48,0,0,0,0,131,7,20.0,34,1,4.0,132,0
0.47,0.48,0,0,0,0,131,7,20.0,39,1,5.0,132,0
0.47,0.48,0,0,0,0,131,7,20.0,42,3,6.0,132,0
0.47,0.48,0,0,0,0,131,7,20.0,45,4,7.0,132,0
0.47,0.48,0,0,0,0,131,7,20.0,55,4,8.0,132,0
0.47,0.48,0,0,0,0,131,7,20.0,61,4,9.0,132,0
0.47,0.48,0,0,0,0,131,7,20.0,76,4,10.0,132,0
0.47,0.48,0,0,0,0,131,7,20.0,85,5,11.0,132,0
0.47,0.48,0,0,0,0,131,7,20.0,93,5,12.0,132,0
0.47,0.48,0,0,0,0,131,7,20.0,99,6,13.0,132,0
0.47,0.48,0,0,0,0,131,7,20.0,104,7,14.0,132,0
0.47,0.48,0,0,0,0,131,7,20.0,111,7,15.0,132,0
0.47,0.48,0,0,0,0,131,7,20.0,125,7,16.0,132,0
0.47,0.48,0,0,0,0,131,7,20.0,132,7,16.67,132,0
0.47,0.36,1,0,1,0,0,0,0.0,11,0,1.0,0,1
0.47,0.36,1,0,1,0,0,0,0.0,24,0,2.0,0,1
0.47,0.36,1,0,1,0,0,0,0.0,25,0,3.0,0,1
0.47,0.36,1,0,1,0,0,0,0.0,31,0,4.0,0,1
0.47,0.36,1,0,1,0,0,0,0.0,36,1,5.0,0,1
0.47,0.36,1,0,1,0,0,0,0.0,42,1,6.0,0,1
0.47,0.36,1,0,1,0,0,0,0.0,45,1,7.0,0,1
0.47,0.36,1,0,1,0,0,0,0.0,49,2,8.0,0,1
0.47,0.36,1,0,1,0,0,0,0.0,55,2,9.0,0,1
0.47,0.36,1,0,1,0,0,0,0.0,59,3,10.0,0,1
0.47,0.36,1,0,1,0,0,0,0.0,72,3,11.0,0,1
0.47,0.36,1,0,1,0,0,0,0.0,74,3,12.0,0,1
0.47,0.36,1,0,1,0,0,0,0.0,79,3,13.0,0,1
0.47,0.36,1,0,1,0,0,0,0.0,93,3,14.0,0,1
0.47,0.36,1,0,1,0,0,0,0.0,101,4,15.0,0,1
0.47,0.36,1,0,1,0,0,0,0.0,112,4,16.0,0,1
0.47,0.36,1,0,1,0,0,0,0.0,128,5,17.0,0,1
0.47,0.36,1,0,1,0,0,0,0.0,129,5,18.0,0,1
0.47,0.36,1,0,1,0,0,0,0.0,129,5,19.0,0,1
0.47,0.36,1,0,1,0,0,0,0.0,147,5,20.0,0,1
0.47,0.36,1,0,0,1,11,0,1.0,147,5,20.0,148,1
0.47,0.36,1,0,0,1,18,1,2.0,147,5,20.0,148,1
0.47,0.36,1,0,0,1,23,3,3.0,147,5,20.0,148,1
0.47,0.36,1,0,0,1,31,3,4.0,147,5,20.0,148,1
0.47,0.36,1,0,0,1,44,3,5.0,147,5,20.0,148,1
0.47,0.36,1,0,0,1,55,4,6.0,147,5,20.0,148,1
0.47,0.36,1,0,0,1,57,4,7.0,147,5,20.0,148,1
0.47,0.36,1,0,0,1,63,4,8.0,147,5,20.0,148,1
0.47,0.36,1,0,0,1,70,4,9.0,147,5,20.0,148,1
0.47,0.36,1,0,0,1,78,5,10.0,147,5,20.0,148,1
0.47,0.36,1,0,0,1,81,5,11.0,147,5,20.0,148,1
0.47,0.36,1,0,0,1,91,6,12.0,147,5,20.0,148,1
0.47,0.36,1,0,0,1,95,6,13.0,147,5,20.0,148,1
0.47,0.36,1,0,0,1,108,6,14.0,147,5,20.0,148,1
0.47,0.36,1,0,0,1,112,6,15.0,147,5,20.0,148,1
0.47,0.36,1,0,0,1,123,6,16.0,147,5,20.0,148,1
0.47,0.36,1,0,0,1,135,6,17.0,147,5,20.0,148,1
0.47,0.36,1,0,0,1,146,6,18.0,147,5,20.0,148,1
0.47,0.36,1,0,0,1,148,6,18.83,147,5,20.0,148,1
0.36,0.39,0,1,1,0,0,0,0.0,6,0,1.0,0,0
0.36,0.39,0,1,1,0,0,0,0.0,22,0,2.0,0,0
0.36,0.39,0,1,1,0,0,0,0.0,24,0,3.0,0,0
0.36,0.39,0,1,1,0,0,0,0.0,27,0,4.0,0,0
0.36,0.39,0,1,1,0,0,0,0.0,31,1,5.0,0,0
0.36,0.39,0,1,1,0,0,0,0.0,34,1,6.0,0,0
0.36,0.39,0,1,1,0,0,0,0.0,35,1,7.0,0,0
0.36,0.39,0,1,1,0,0,0,0.0,45,1,8.0,0,0
0.36,0.39,0,1,1,0,0,0,0.0,53,1,9.0,0,0
0.36,0.39,0,1,1,0,0,0,0.0,67,1,10.0,0,0
0.36,0.39,0,1,1,0,0,0,0.0,78,2,11.0,0,0
0.36,0.39,0,1,1,0,0,0,0.0,83,2,12.0,0,0
0.36,0.39,0,1,1,0,0,0,0.0,91,2,13.0,0,0
0.36,0.39,0,1,1,0,0,0,0.0,97,2,14.0,0,0
0.36,0.39,0,1,1,0,0,0,0.0,112,2,15.0,0,0
0.36,0.39,0,1,1,0,0,0,0.0,125,2,16.0,0,0
0.36,0.39,0,1,1,0,0,0,0.0,134,2,17.0,0,0
0.36,0.39,0,1,1,0,0,0,0.0,153,2,18.0,0,0
0.36,0.39,0,1,1,0,0,0,0.0,158,2,19.0,0,0
0.36,0.39,0,1,1,0,0,0,0.0,173,2,20.0,0,0
0.36,0.39,0,1,0,1,12,0,1.0,173,2,20.0,174,0
0.36,0.39,0,1,0,1,22,0,2.0,173,2,20.0,174,0
0.36,0.39,0,1,0,1,26,2,3.0,173,2,20.0,174,0
0.36,0.39,0,1,0,1,30,2,4.0,173,2,20.0,174,0
0.36,0.39,0,1,0,1,33,3,5.0,173,2,20.0,174,0
0.36,0.39,0,1,0,1,36,3,6.0,173,2,20.0,174,0
0.36,0.39,0,1,0,1,46,3,7.0,173,2,20.0,174,0
0.36,0.39,0,1,0,1,60,3,8.0,173,2,20.0,174,0
0.36,0.39,0,1,0,1,66,4,9.0,173,2,20.0,174,0
0.36,0.39,0,1,0,1,71,5,10.0,173,2,20.0,174,0
0.36,0.39,0,1,0,1,75,5,11.0,173,2,20.0,174,0
0.36,0.39,0,1,0,1,92,5,12.0,173,2,20.0,174,0
0.36,0.39,0,1,0,1,102,5,13.0,173,2,20.0,174,0
0.36,0.39,0,1,0,1,110,5,14.0,173,2,20.0,174,0
0.36,0.39,0,1,0,1,117,5,15.0,173,2,20.0,174,0
0.36,0.39,0,1,0,1,129,5,16.0,173,2,20.0,174,0
0.36,0.39,0,1,0,1,143,5,17.0,173,2,20.0,174,0
0.36,0.39,0,1,0,1,156,5,18.0,173,2,20.0,174,0
0.36,0.39,0,1,0,1,164,5,19.0,173,2,20.0,174,0
0.36,0.39,0,1,0,1,172,6,20.0,173,2,20.0,174,0
0.59,0.53,0,0,1,1,3,0,1.0,0,0,0.0,0,0
0.59,0.53,0,0,1,1,11,0,2.0,0,0,0.0,0,0
0.59,0.53,0,0,1,1,19,1,3.0,0,0,0.0,0,0
0.59,0.53,0,0,1,1,27,2,4.0,0,0,0.0,0,0
0.59,0.53,0,0,1,1,27,4,5.0,0,0,0.0,0,0
0.59,0.53,0,0,1,1,35,4,6.0,0,0,0.0,0,0
0.59,0.53,0,0,1,1,38,5,7.0,0,0,0.0,0,0
0.59,0.53,0,0,1,1,51,5,8.0,0,0,0.0,0,0
0.59,0.53,0,0,1,1,57,5,9.0,0,0,0.0,0,0
0.59,0.53,0,0,1,1,65,5,10.0,0,0,0.0,0,0
0.59,0.53,0,0,1,1,79,5,11.0,0,0,0.0,0,0
0.59,0.53,0,0,1,1,82,5,12.0,0,0,0.0,0,0
0.59,0.53,0,0,1,1,92,6,13.0,0,0,0.0,0,0
0.59,0.53,0,0,1,1,101,7,14.0,0,0,0.0,0,0
0.59,0.53,0,0,1,1,113,7,15.0,0,0,0.0,0,0
0.59,0.53,0,0,1,1,120,7,16.0,0,0,0.0,0,0
0.59,0.53,0,0,1,1,122,7,17.0,0,0,0.0,0,0
0.59,0.53,0,0,1,1,126,7,18.0,0,0,0.0,0,0
0.59,0.53,0,0,1,1,134,7,19.0,0,0,0.0,0,0
0.59,0.53,0,0,1,1,145,7,20.0,0,0,0.0,0,0
0.59,0.53,0,0,0,0,145,7,20.0,2,0,1.0,146,0
0.59,0.53,0,0,0,0,145,7,20.0,8,0,2.0,146,0
0.59,0.53,0,0,0,0,145,7,20.0,11,0,3.0,146,0
0.59,0.53,0,0,0,0,145,7,20.0,17,0,4.0,146,0
0.59,0.53,0,0,0,0,145,7,20.0,33,0,5.0,146,0
0.59,0.53,0,0,0,0,145,7,20.0,44,0,6.0,146,0
0.59,0.53,0,0,0,0,145,7,20.0,47,1,7.0,146,0
0.59,0.53,0,0,0,0,145,7,20.0,49,2,8.0,146,0
0.59,0.53,0,0,0,0,145,7,20.0,53,2,9.0,146,0
0.59,0.53,0,0,0,0,145,7,20.0,66,2,10.0,146,0
0.59,0.53,0,0,0,0,145,7,20.0,69,2,11.0,146,0
0.59,0.53,0,0,0,0,145,7,20.0,77,4,12.0,146,0
0.59,0.53,0,0,0,0,145,7,20.0,86,4,13.0,146,0
0.59,0.53,0,0,0,0,145,7,20.0,88,4,14.0,146,0
0.59,0.53,0,0,0,0,145,7,20.0,104,4,15.0,146,0
0.59,0.53,0,0,0,0,145,7,20.0,112,5,16.0,146,0
0.59,0.53,0,0,0,0,145,7,20.0,123,5,17.0,146,0
0.59,0.53,0,0,0,0,145,7,20.0,134,5,18.0,146,0
0.59,0.53,0,0,0,0,145,7,20.0,149,5,19.0,146,0
0.39,0.51,1,0,1,0,0,0,0.0,6,0,1.0,0,1
0.39,0.51,1,0,1,0,0,0,0.0,8,1,2.0,0,1
0.39,0.51,1,0,1,0,0,0,0.0,19,1,3.0,0,1
0.39,0.51,1,0,1,0,0,0,0.0,35,1,4.0,0,1
0.39,0.51,1,0,1,0,0,0,0.0,45,1,5.0,0,1
0.39,0.51,1,0,1,0,0,0,0.0,46,2,6.0,0,1
0.39,0.51,1,0,1,0,0,0,0.0,55,2,7.0,0,1
0.39,0.51,1,0,1,0,0,0,0.0,63,2,8.0,0,1
0.39,0.51,1,0,1,0,0,0,0.0,69,2,9.0,0,1
0.39,0.51,1,0,1,0,0,0,0.0,74,3,10.0,0,1
0.39,0.51,1,0,1,0,0,0,0.0,77,3,11.0,0,1
0.39,0.51,1,0,1,0,0,0,0.0,88,3,12.0,0,1
0.39,0.51,1,0,1,0,0,0,0.0,91,4,13.0,0,1
0.39,0.51,1,0,1,0,0,0,0.0,101,5,14.0,0,1
0.39,0.51,1,0,1,0,0,0,0.0,110,5,15.0,0,1
0.39,0.51,1,0,1,0,0,0,0.0,118,5,16.0,0,1
0.39,0.51,1,0,1,0,0,0,0.0,127,6,17.0,0,1
0.39,0.51,1,0,1,0,0,0,0.0,130,7,18.0,0,1
0.39,0.51,1,0,1,0,0,0,0.0,139,7,19.0,0,1
0.39,0.51,1,0,1,0,0,0,0.0,147,7,20.0,0,1
0.39,0.51,1,0,0,1,9,0,1.0,147,7,20.0,148,1
0.39,0.51,1,0,0,1,19,0,2.0,147,7,20.0,148,1
0.39,0.51,1,0,0,1,22,0,3.0,147,7,20.0,148,1
0.39,0.51,1,0,0,1,25,0,4.0,147,7,20.0,148,1
0.39,0.51,1,0,0,1,36,0,5.0,147,7,20.0,148,1
0.39,0.51,1,0,0,1,46,0,6.0,147,7,20.0,148,1
0.39,0.51,1,0,0,1,47,0,7.0,147,7,20.0,148,1
0.39,0.51,1,0,0,1,55,0,8.0,147,7,20.0,148,1
0.39,0.51,1,0,0,1,60,1,9.0,147,7,20.0,148,1
0.39,0.51,1,0,0,1,63,1,10.0,147,7,20.0,148,1
0.39,0.51,1,0,0,1,66,1,11.0,147,7,20.0,148,1
0.39,0.51,1,0,0,1,77,1,12.0,147,7,20.0,148,1
0.39,0.51,1,0,0,1,86,1,13.0,147,7,20.0,148,1
0.39,0.51,1,0,0,1,95,1,14.0,147,7,20.0,148,1
0.39,0.51,1,0,0,1,98,1,15.0,147,7,20.0,148,1
0.39,0.51,1,0,0,1,105,1,16.0,147,7,20.0,148,1
0.39,0.51,1,0,0,1,111,1,17.0,147,7,20.0,148,1
0.39,0.51,1,0,0,1,120,1,18.0,147,7,20.0,148,1
0.39,0.51,1,0,0,1,133,1,19.0,147,7,20.0,148,1
0.39,0.51,1,0,0,1,148,1,19.67,147,7,20.0,148,1
0.46,0.59,0,1,1,0,0,0,0.0,12,0,1.0,0,1
0.46,0.59,0,1,1,0,0,0,0.0,16,0,2.0,0,1
0.46,0.59,0,1,1,0,0,0,0.0,19,0,3.0,0,1
0.46,0.59,0,1,1,0,0,0,0.0,31,0,4.0,0,1
0.46,0.59,0,1,1,0,0,0,0.0,40,1,5.0,0,1
0.46,0.59,0,1,1,0,0,0,0.0,48,1,6.0,0,1
0.46,0.59,0,1,1,0,0,0,0.0,52,1,7.0,0,1
0.46,0.59,0,1,1,0,0,0,0.0,69,1,8.0,0,1
0.46,0.59,0,1,1,0,0,0,0.0,74,1,9.0,0,1
0.46,0.59,0,1,1,0,0,0,0.0,84,1,10.0,0,1
0.46,0.59,0,1,1,0,0,0,0.0,92,1,11.0,0,1
0.46,0.59,0,1,1,0,0,0,0.0,97,1,12.0,0,1
0.46,0.59,0,1,1,0,0,0,0.0,105,1,13.0,0,1
0.46,0.59,0,1,1,0,0,0,0.0,109,1,14.0,0,1
0.46,0.59,0,1,1,0,0,0,0.0,115,1,15.0,0,1
0.46,0.59,0,1,1,0,0,0,0.0,121,1,16.0,0,1
0.46,0.59,0,1,1,0,0,0,0.0,126,1,17.0,0,1
0.46,0.59,0,1,1,0,0,0,0.0,138,2,18.0,0,1
0.46,0.59,0,1,1,0,0,0,0.0,145,2,19.0,0,1
0.46,0.59,0,1,1,0,0,0,0.0,148,4,20.0,0,1
0.46,0.59,0,1,0,1,6,1,1.0,148,4,20.0,149,1
0.46,0.59,0,1,0,1,21,1,2.0,148,4,20.0,149,1
0.46,0.59,0,1,0,1,29,2,3.0,148,4,20.0,149,1
0.46,0.59,0,1,0,1,32,2,4.0,148,4,20.0,149,1
0.46,0.59,0,1,0,1,36,2,5.0,148,4,20.0,149,1
0.46,0.59,0,1,0,1,42,2,6.0,148,4,20.0,149,1
0.46,0.59,0,1,0,1,45,3,7.0,148,4,20.0,149,1
0.46,0.59,0,1,0,1,52,3,8.0,148,4,20.0,149,1
0.46,0.59,0,1,0,1,59,3,9.0,148,4,20.0,149,1
0.46,0.59,0,1,0,1,62,3,10.0,148,4,20.0,149,1
0.46,0.59,0,1,0,1,67,3,11.0,148,4,20.0,149,1
0.46,0.59,0,1,0,1,69,5,12.0,148,4,20.0,149,1
0.46,0.59,0,1,0,1,71,5,13.0,148,4,20.0,149,1
0.46,0.59,0,1,0,1,80,5,14.0,148,4,20.0,149,1
0.46,0.59,0,1,0,1,81,6,15.0,148,4,20.0,149,1
0.46,0.59,0,1,0,1,94,6,16.0,148,4,20.0,149,1
0.46,0.59,0,1,0,1,99,6,17.0,148,4,20.0,149,1
0.46,0.59,0,1,0,1,121,6,18.0,148,4,20.0,149,1
0.46,0.59,0,1,0,1,138,6,19.0,148,4,20.0,149,1
0.46,0.59,0,1,0,1,149,6,20.0,148,4,20.0,149,1
0.47,0.41,1,1,1,1,13,1,1.0,0,0,0.0,0,0
0.47,0.41,1,1,1,1,27,1,2.0,0,0,0.0,0,0
0.47,0.41,1,1,1,1,36,1,3.0,0,0,0.0,0,0
0.47,0.41,1,1,1,1,39,1,4.0,0,0,0.0,0,0
0.47,0.41,1,1,1,1,48,1,5.0,0,0,0.0,0,0
0.47,0.41,1,1,1,1,51,1,6.0,0,0,0.0,0,0
0.47,0.41,1,1,1,1,63,1,7.0,0,0,0.0,0,0
0.47,0.41,1,1,1,1,69,1,8.0,0,0,0.0,0,0
0.47,0.41,1,1,1,1,75,1,9.0,0,0,0.0,0,0
0.47,0.41,1,1,1,1,81,1,10.0,0,0,0.0,0,0
0.47,0.41,1,1,1,1,85,1,11.0,0,0,0.0,0,0
0.47,0.41,1,1,1,1,92,1,12.0,0,0,0.0,0,0
0.47,0.41,1,1,1,1,101,1,13.0,0,0,0.0,0,0
0.47,0.41,1,1,1,1,108,1,14.0,0,0,0.0,0,0
0.47,0.41,1,1,1,1,123,1,15.0,0,0,0.0,0,0
0.47,0.41,1,1,1,1,131,1,16.0,0,0,0.0,0,0
0.47,0.41,1,1,1,1,134,2,17.0,0,0,0.0,0,0
0.47,0.41,1,1,1,1,146,2,18.0,0,0,0.0,0,0
0.47,0.41,1,1,1,1,162,2,19.0,0,0,0.0,0,0
0.47,0.41,1,1,1,1,169,3,20.0,0,0,0.0,0,0
0.47,0.41,1,1,0,0,169,3,20.0,7,0,1.0,170,0
0.47,0.41,1,1,0,0,169,3,20.0,16,0,2.0,170,0
0.47,0.41,1,1,0,0,169,3,20.0,26,0,3.0,170,0
0.47,0.41,1,1,0,0,169,3,20.0,33,0,4.0,170,0
0.47,0.41,1,1,0,0,169,3,20.0,41,0,5.0,170,0
0.47,0.41,1,1,0,0,169,3,20.0,45,0,6.0,170,0
0.47,0.41,1,1,0,0,169,3,20.0,56,0,7.0,170,0
0.47,0.41,1,1,0,0,169,3,20.0,63,0,8.0,170,0
0.47,0.41,1,1,0,0,169,3,20.0,72,0,9.0,170,0
0.47,0.41,1,1,0,0,169,3,20.0,84,0,10.0,170,0
0.47,0.41,1,1,0,0,169,3,20.0,93,1,11.0,170,0
0.47,0.41,1,1,0,0,169,3,20.0,98,1,12.0,170,0
0.47,0.41,1,1,0,0,169,3,20.0,104,1,13.0,170,0
0.47,0.41,1,1,0,0,169,3,20.0,120,1,14.0,170,0
0.47,0.41,1,1,0,0,169,3,20.0,133,1,15.0,170,0
0.47,0.41,1,1,0,0,169,3,20.0,135,2,16.0,170,0
0.47,0.41,1,1,0,0,169,3,20.0,144,3,17.0,170,0
0.47,0.41,1,1,0,0,169,3,20.0,150,3,18.0,170,0
0.47,0.41,1,1,0,0,169,3,20.0,159,3,19.0,170,0
0.47,0.41,1,1,0,0,169,3,20.0,171,3,20.0,170,0
0.5,0.38,0,1,1,0,0,0,0.0,15,0,1.0,0,1
0.5,0.38,0,1,1,0,0,0,0.0,26,0,2.0,0,1
0.5,0.38,0,1,1,0,0,0,0.0,30,0,3.0,0,1
0.5,0.38,0,1,1,0,0,0,0.0,38,0,4.0,0,1
0.5,0.38,0,1,1,0,0,0,0.0,41,1,5.0,0,1
0.5,0.38,0,1,1,0,0,0,0.0,46,1,6.0,0,1
0.5,0.38,0,1,1,0,0,0,0.0,51,1,7.0,0,1
0.5,0.38,0,1,1,0,0,0,0.0,54,1,8.0,0,1
0.5,0.38,0,1,1,0,0,0,0.0,68,1,9.0,0,1
0.5,0.38,0,1,1,0,0,0,0.0,78,1,10.0,0,1
0.5,0.38,0,1,1,0,0,0,0.0,81,2,11.0,0,1
0.5,0.38,0,1,1,0,0,0,0.0,84,3,12.0,0,1
0.5,0.38,0,1,1,0,0,0,0.0,93,3,13.0,0,1
0.5,0.38,0,1,1,0,0,0,0.0,96,3,14.0,0,1
0.5,0.38,0,1,1,0,0,0,0.0,100,3,15.0,0,1
0.5,0.38,0,1,1,0,0,0,0.0,104,3,16.0,0,1
0.5,0.38,0,1,1,0,0,0,0.0,105,3,17.0,0,1
0.5,0.38,0,1,1,0,0,0,0.0,111,3,18.0,0,1
0.5,0.38,0,1,1,0,0,0,0.0,119,3,19.0,0,1
0.5,0.38,0,1,1,0,0,0,0.0,122,5,20.0,0,1
0.5,0.38,0,1,0,1,5,0,1.0,122,5,20.0,123,1
0.5,0.38,0,1,0,1,14,1,2.0,122,5,20.0,123,1
0.5,0.38,0,1,0,1,17,1,3.0,122,5,20.0,123,1
0.5,0.38,0,1,0,1,29,1,4.0,122,5,20.0,123,1
0.5,0.38,0,1,0,1,37,1,5.0,122,5,20.0,123,1
0.5,0.38,0,1,0,1,45,2,6.0,122,5,20.0,123,1
0.5,0.38,0,1,0,1,58,2,7.0,122,5,20.0,123,1
0.5,0.38,0,1,0,1,62,3,8.0,122,5,20.0,123,1
0.5,0.38,0,1,0,1,68,3,9.0,122,5,20.0,123,1
0.5,0.38,0,1,0,1,76,3,10.0,122,5,20.0,123,1
0.5,0.38,0,1,0,1,85,3,11.0,122,5,20.0,123,1
0.5,0.38,0,1,0,1,93,3,12.0,122,5,20.0,123,1
0.5,0.38,0,1,0,1,96,4,13.0,122,5,20.0,123,1
0.5,0.38,0,1,0,1,106,5,14.0,122,5,20.0,123,1
0.5,0.38,0,1,0,1,115,5,15.0,122,5,20.0,123,1
0.5,0.38,0,1,0,1,120,5,16.0,122,5,20.0,123,1
0.5,0.38,0,1,0,1,124,5,16.17,122,5,20.0,123,1
0.41,0.46,0,0,1,1,8,0,1.0,0,0,0.0,0,0
0.41,0.46,0,0,1,1,14,1,2.0,0,0,0.0,0,0
0.41,0.46,0,0,1,1,19,1,3.0,0,0,0.0,0,0
0.41,0.46,0,0,1,1,27,1,4.0,0,0,0.0,0,0
0.41,0.46,0,0,1,1,36,1,5.0,0,0,0.0,0,0
0.41,0.46,0,0,1,1,40,1,6.0,0,0,0.0,0,0
0.41,0.46,0,0,1,1,42,1,7.0,0,0,0.0,0,0
0.41,0.46,0,0,1,1,45,1,8.0,0,0,0.0,0,0
0.41,0.46,0,0,1,1,49,1,9.0,0,0,0.0,0,0
0.41,0.46,0,0,1,1,55,2,10.0,0,0,0.0,0,0
0.41,0.46,0,0,1,1,60,2,11.0,0,0,0.0,0,0
0.41,0.46,0,0,1,1,69,2,12.0,0,0,0.0,0,0
0.41,0.46,0,0,1,1,76,3,13.0,0,0,0.0,0,0
0.41,0.46,0,0,1,1,81,3,14.0,0,0,0.0,0,0
0.41,0.46,0,0,1,1,85,4,15.0,0,0,0.0,0,0
0.41,0.46,0,0,1,1,94,4,16.0,0,0,0.0,0,0
0.41,0.46,0,0,1,1,102,5,17.0,0,0,0.0,0,0
0.41,0.46,0,0,1,1,111,5,18.0,0,0,0.0,0,0
0.41,0.46,0,0,1,1,118,5,19.0,0,0,0.0,0,0
0.41,0.46,0,0,1,1,125,6,20.0,0,0,0.0,0,0
0.41,0.46,0,0,0,0,125,6,20.0,16,0,1.0,126,0
0.41,0.46,0,0,0,0,125,6,20.0,25,1,2.0,126,0
0.41,0.46,0,0,0,0,125,6,20.0,28,1,3.0,126,0
0.41,0.46,0,0,0,0,125,6,20.0,34,1,4.0,126,0
0.41,0.46,0,0,0,0,125,6,20.0,42,2,5.0,126,0
0.41,0.46,0,0,0,0,125,6,20.0,53,2,6.0,126,0
0.41,0.46,0,0,0,0,125,6,20.0,58,2,7.0,126,0
0.41,0.46,0,0,0,0,125,6,20.0,63,2,8.0,126,0
0.41,0.46,0,0,0,0,125,6,20.0,67,2,9.0,126,0
0.41,0.46,0,0,0,0,125,6,20.0,70,2,10.0,126,0
0.41,0.46,0,0,0,0,125,6,20.0,76,2,11.0,126,0
0.41,0.46,0,0,0,0,125,6,20.0,83,2,12.0,126,0
0.41,0.46,0,0,0,0,125,6,20.0,87,2,13.0,126,0
0.41,0.46,0,0,0,0,125,6,20.0,95,3,14.0,126,0
0.41,0.46,0,0,0,0,125,6,20.0,110,3,15.0,126,0
0.41,0.46,0,0,0,0,125,6,20.0,114,3,16.0,126,0
0.41,0.46,0,0,0,0,125,6,20.0,125,3,17.0,126,0
0.41,0.46,0,0,0,0,125,6,20.0,126,3,17.17,126,0
0.58,0.42,0,0,1,1,8,0,1.0,0,0,0.0,0,0
0.58,0.42,0,0,1,1,15,0,2.0,0,0,0.0,0,0
0.58,0.42,0,0,1,1,20,0,3.0,0,0,0.0,0,0
0.58,0.42,0,0,1,1,32,0,4.0,0,0,0.0,0,0
0.58,0.42,0,0,1,1,35,1,5.0,0,0,0.0,0,0
0.58,0.42,0,0,1,1,43,1,6.0,0,0,0.0,0,0
0.58,0.42,0,0,1,1,48,3,7.0,0,0,0.0,0,0
0.58,0.42,0,0,1,1,59,3,8.0,0,0,0.0,0,0
0.58,0.42,0,0,1,1,69,3,9.0,0,0,0.0,0,0
0.58,0.42,0,0,1,1,76,3,10.0,0,0,0.0,0,0
0.58,0.42,0,0,1,1,80,3,11.0,0,0,0.0,0,0
0.58,0.42,0,0,1,1,89,3,12.0,0,0,0.0,0,0
0.58,0.42,0,0,1,1,99,3,13.0,0,0,0.0,0,0
0.58,0.42,0,0,1,1,101,3,14.0,0,0,0.0,0,0
0.58,0.42,0,0,1,1,111,4,15.0,0,0,0.0,0,0
0.58,0.42,0,0,1,1,123,4,16.0,0,0,0.0,0,0
0.58,0.42,0,0,1,1,137,4,17.0,0,0,0.0,0,0
0.58,0.42,0,0,1,1,139,4,18.0,0,0,0.0,0,0
0.58,0.42,0,0,1,1,141,4,19.0,0,0,0.0,0,0
0.58,0.42,0,0,1,1,156,4,20.0,0,0,0.0,0,0
0.58,0.42,0,0,0,0,156,4,20.0,10,0,1.0,157,0
0.58,0.42,0,0,0,0,156,4,20.0,13,0,2.0,157,0
0.58,0.42,0,0,0,0,156,4,20.0,20,0,3.0,157,0
0.58,0.42,0,0,0,0,156,4,20.0,25,0,4.0,157,0
0.58,0.42,0,0,0,0,156,4,20.0,27,0,5.0,157,0
0.58,0.42,0,0,0,0,156,4,20.0,32,0,6.0,157,0
0.58,0.42,0,0,0,0,156,4,20.0,36,0,7.0,157,0
0.58,0.42,0,0,0,0,156,4,20.0,51,0,8.0,157,0
0.58,0.42,0,0,0,0,156,4,20.0,56,0,9.0,157,0
0.58,0.42,0,0,0,0,156,4,20.0,66,1,10.0,157,0
0.58,0.42,0,0,0,0,156,4,20.0,73,1,11.0,157,0
0.58,0.42,0,0,0,0,156,4,20.0,82,2,12.0,157,0
0.58,0.42,0,0,0,0,156,4,20.0,85,2,13.0,157,0
0.58,0.42,0,0,0,0,156,4,20.0,94,4,14.0,157,0
0.58,0.42,0,0,0,0,156,4,20.0,100,4,15.0,157,0
0.58,0.42,0,0,0,0,156,4,20.0,107,6,16.0,157,0
0.58,0.42,0,0,0,0,156,4,20.0,127,7,17.0,157,0
0.58,0.42,0,0,0,0,156,4,20.0,139,7,18.0,157,0
0.58,0.42,0,0,0,0,156,4,20.0,141,7,19.0,157,0
0.58,0.42,0,0,0,0,156,4,20.0,157,7,19.67,157,0
0.38,0.45,0,1,1,0,0,0,0.0,9,0,1.0,0,0
0.38,0.45,0,1,1,0,0,0,0.0,10,0,2.0,0,0
0.38,0.45,0,1,1,0,0,0,0.0,21,0,3.0,0,0
0.38,0.45,0,1,1,0,0,0,0.0,33,0,4.0,0,0
0.38,0.45,0,1,1,0,0,0,0.0,41,0,5.0,0,0
0.38,0.45,0,1,1,0,0,0,0.0,54,1,6.0,0,0
0.38,0.45,0,1,1,0,0,0,0.0,64,1,7.0,0,0
0.38,0.45,0,1,1,0,0,0,0.0,80,1,8.0,0,0
0.38,0.45,0,1,1,0,0,0,0.0,82,1,9.0,0,0
0.38,0.45,0,1,1,0,0,0,0.0,87,2,10.0,0,0
0.38,0.45,0,1,1,0,0,0,0.0,95,2,11.0,0,0
0.38,0.45,0,1,1,0,0,0,0.0,100,4,12.0,0,0
0.38,0.45,0,1,1,0,0,0,0.0,109,4,13.0,0,0
0.38,0.45,0,1,1,0,0,0,0.0,119,5,14.0,0,0
0.38,0.45,0,1,1,0,0,0,0.0,122,5,15.0,0,0
0.38,0.45,0,1,1,0,0,0,0.0,127,6,16.0,0,0
0.38,0.45,0,1,1,0,0,0,0.0,138,6,17.0,0,0
0.38,0.45,0,1,1,0,0,0,0.0,143,6,18.0,0,0
0.38,0.45,0,1,1,0,0,0,0.0,150,6,19.0,0,0
0.38,0.45,0,1,1,0,0,0,0.0,157,6,20.0,0,0
0.38,0.45,0,1,0,1,2,1,1.0,157,6,20.0,158,0
0.38,0.45,0,1,0,1,13,1,2.0,157,6,20.0,158,0
0.38,0.45,0,1,0,1,20,1,3.0,157,6,20.0,158,0
0.38,0.45,0,1,0,1,21,2,4.0,157,6,20.0,158,0
0.38,0.45,0,1,0,1,27,2,5.0,157,6,20.0,158,0
0.38,0.45,0,1,0,1,35,2,6.0,157,6,20.0,158,0
0.38,0.45,0,1,0,1,40,2,7.0,157,6,20.0,158,0
0.38,0.45,0,1,0,1,44,3,8.0,157,6,20.0,158,0
0.38,0.45,0,1,0,1,54,3,9.0,157,6,20.0,158,0
0.38,0.45,0,1,0,1,62,3,10.0,157,6,20.0,158,0
0.38,0.45,0,1,0,1,72,3,11.0,157,6,20.0,158,0
0.38,0.45,0,1,0,1,76,3,12.0,157,6,20.0,158,0
0.38,0.45,0,1,0,1,87,3,13.0,157,6,20.0,158,0
0.38,0.45,0,1,0,1,100,3,14.0,157,6,20.0,158,0
0.38,0.45,0,1,0,1,118,3,15.0,157,6,20.0,158,0
0.38,0.45,0,1,0,1,120,4,16.0,157,6,20.0,158,0
0.38,0.45,0,1,0,1,128,4,17.0,157,6,20.0,158,0
0.38,0.45,0,1,0,1,132,4,18.0,157,6,20.0,158,0
0.38,0.45,0,1,0,1,139,4,19.0,157,6,20.0,158,0
0.38,0.45,0,1,0,1,153,4,20.0,157,6,20.0,158,0
0.64,0.38,0,0,1,1,8,0,1.0,0,0,0.0,0,1
0.64,0.38,0,0,1,1,17,0,2.0,0,0,0.0,0,1
0.64,0.38,0,0,1,1,29,1,3.0,0,0,0.0,0,1
0.64,0.38,0,0,1,1,40,1,4.0,0,0,0.0,0,1
0.64,0.38,0,0,1,1,43,1,5.0,0,0,0.0,0,1
0.64,0.38,0,0,1,1,46,1,6.0,0,0,0.0,0,1
0.64,0.38,0,0,1,1,55,1,7.0,0,0,0.0,0,1
0.64,0.38,0,0,1,1,67,1,8.0,0,0,0.0,0,1
0.64,0.38,0,0,1,1,69,1,9.0,0,0,0.0,0,1
0.64,0.38,0,0,1,1,87,1,10.0,0,0,0.0,0,1
0.64,0.38,0,0,1,1,106,1,11.0,0,0,0.0,0,1
0.64,0.38,0,0,1,1,111,1,12.0,0,0,0.0,0,1
0.64,0.38,0,0,1,1,125,1,13.0,0,0,0.0,0,1
0.64,0.38,0,0,1,1,136,1,14.0,0,0,0.0,0,1
0.64,0.38,0,0,1,1,150,3,15.0,0,0,0.0,0,1
0.64,0.38,0,0,1,1,155,3,16.0,0,0,0.0,0,1
0.64,0.38,0,0,1,1,165,3,17.0,0,0,0.0,0,1
0.64,0.38,0,0,1,1,168,3,18.0,0,0,0.0,0,1
0.64,0.38,0,0,1,1,171,3,19.0,0,0,0.0,0,1
0.64,0.38,0,0,1,1,190,3,20.0,0,0,0.0,0,1
0.64,0.38,0,0,0,0,190,3,20.0,10,0,1.0,191,1
0.64,0.38,0,0,0,0,190,3,20.0,11,1,2.0,191,1
0.64,0.38,0,0,0,0,190,3,20.0,15,1,3.0,191,1
0.64,0.38,0,0,0,0,190,3,20.0,22,1,4.0,191,1
0.64,0.38,0,0,0,0,190,3,20.0,32,2,5.0,191,1
0.64,0.38,0,0,0,0,190,3,20.0,42,2,6.0,191,1
0.64,0.38,0,0,0,0,190,3,20.0,55,2,7.0,191,1
0.64,0.38,0,0,0,0,190,3,20.0,59,2,8.0,191,1
0.64,0.38,0,0,0,0,190,3,20.0,63,2,9.0,191,1
0.64,0.38,0,0,0,0,190,3,20.0,67,4,10.0,191,1
0.64,0.38,0,0,0,0,190,3,20.0,78,4,11.0,191,1
0.64,0.38,0,0,0,0,190,3,20.0,87,4,12.0,191,1
0.64,0.38,0,0,0,0,190,3,20.0,101,4,13.0,191,1
0.64,0.38,0,0,0,0,190,3,20.0,109,4,14.0,191,1
0.64,0.38,0,0,0,0,190,3,20.0,115,4,15.0,191,1
0.64,0.38,0,0,0,0,190,3,20.0,127,4,16.0,191,1
0.64,0.38,0,0,0,0,190,3,20.0,138,4,17.0,191,1
0.64,0.38,0,0,0,0,190,3,20.0,152,4,18.0,191,1
0.64,0.38,0,0,0,0,190,3,20.0,167,6,19.0,191,1
0.64,0.38,0,0,0,0,190,3,20.0,173,6,20.0,191,1
0.4,0.54,0,1,1,0,0,0,0.0,10,0,1.0,0,1
0.4,0.54,0,1,1,0,0,0,0.0,16,0,2.0,0,1
0.4,0.54,0,1,1,0,0,0,0.0,29,0,3.0,0,1
0.4,0.54,0,1,1,0,0,0,0.0,37,1,4.0,0,1
0.4,0.54,0,1,1,0,0,0,0.0,39,1,5.0,0,1
0.4,0.54,0,1,1,0,0,0,0.0,47,1,6.0,0,1
0.4,0.54,0,1,1,0,0,0,0.0,56,2,7.0,0,1
0.4,0.54,0,1,1,0,0,0,0.0,61,3,8.0,0,1
0.4,0.54,0,1,1,0,0,0,0.0,65,3,9.0,0,1
0.4,0.54,0,1,1,0,0,0,0.0,79,3,10.0,0,1
0.4,0.54,0,1,1,0,0,0,0.0,84,3,11.0,0,1
0.4,0.54,0,1,1,0,0,0,0.0,96,3,12.0,0,1
0.4,0.54,0,1,1,0,0,0,0.0,99,3,13.0,0,1
0.4,0.54,0,1,1,0,0,0,0.0,102,3,14.0,0,1
0.4,0.54,0,1,1,0,0,0,0.0,108,4,15.0,0,1
0.4,0.54,0,1,1,0,0,0,0.0,117,4,16.0,0,1
0.4,0.54,0,1,1,0,0,0,0.0,133,4,17.0,0,1
0.4,0.54,0,1,1,0,0,0,0.0,142,4,18.0,0,1
0.4,0.54,0,1,1,0,0,0,0.0,145,4,19.0,0,1
0.4,0.54,0,1,1,0,0,0,0.0,156,4,20.0,0,1
0.4,0.54,0,1,0,1,2,0,1.0,156,4,20.0,157,1
0.4,0.54,0,1,0,1,9,0,2.0,156,4,20.0,157,1
0.4,0.54,0,1,0,1,17,0,3.0,156,4,20.0,157,1
0.4,0.54,0,1,0,1,24,0,4.0,156,4,20.0,157,1
0.4,0.54,0,1,0,1,44,0,5.0,156,4,20.0,157,1
0.4,0.54,0,1,0,1,57,0,6.0,156,4,20.0,157,1
0.4,0.54,0,1,0,1,59,1,7.0,156,4,20.0,157,1
0.4,0.54,0,1,0,1,63,1,8.0,156,4,20.0,157,1
0.4,0.54,0,1,0,1,70,2,9.0,156,4,20.0,157,1
0.4,0.54,0,1,0,1,74,2,10.0,156,4,20.0,157,1
0.4,0.54,0,1,0,1,75,3,11.0,156,4,20.0,157,1
0.4,0.54,0,1,0,1,84,3,12.0,156,4,20.0,157,1
0.4,0.54,0,1,0,1,92,3,13.0,156,4,20.0,157,1
0.4,0.54,0,1,0,1,98,3,14.0,156,4,20.0,157,1
0.4,0.54,0,1,0,1,108,3,15.0,156,4,20.0,157,1
0.4,0.54,0,1,0,1,109,4,16.0,156,4,20.0,157,1
0.4,0.54,0,1,0,1,122,4,17.0,156,4,20.0,157,1
0.4,0.54,0,1,0,1,134,4,18.0,156,4,20.0,157,1
0.4,0.54,0,1,0,1,143,5,19.0,156,4,20.0,157,1
0.4,0.54,0,1,0,1,158,5,19.83,156,4,20.0,157,1
0.44,0.49,1,1,1,1,2,0,1.0,0,0,0.0,0,1
0.44,0.49,1,1,1,1,12,0,2.0,0,0,0.0,0,1
0.44,0.49,1,1,1,1,18,1,3.0,0,0,0.0,0,1
0.44,0.49,1,1,1,1,31,1,4.0,0,0,0.0,0,1
0.44,0.49,1,1,1,1,32,1,5.0,0,0,0.0,0,1
0.44,0.49,1,1,1,1,40,1,6.0,0,0,0.0,0,1
0.44,0.49,1,1,1,1,51,1,7.0,0,0,0.0,0,1
0.44,0.49,1,1,1,1,53,1,8.0,0,0,0.0,0,1
0.44,0.49,1,1,1,1,61,1,9.0,0,0,0.0,0,1
0.44,0.49,1,1,1,1,65,1,10.0,0,0,0.0,0,1
0.44,0.49,1,1,1,1,65,2,11.0,0,0,0.0,0,1
0.44,0.49,1,1,1,1,73,2,12.0,0,0,0.0,0,1
0.44,0.49,1,1,1,1,80,2,13.0,0,0,0.0,0,1
0.44,0.49,1,1,1,1,94,2,14.0,0,0,0.0,0,1
0.44,0.49,1,1,1,1,109,2,15.0,0,0,0.0,0,1
0.44,0.49,1,1,1,1,113,2,16.0,0,0,0.0,0,1
0.44,0.49,1,1,1,1,122,2,17.0,0,0,0.0,0,1
0.44,0.49,1,1,1,1,135,2,18.0,0,0,0.0,0,1
0.44,0.49,1,1,1,1,138,2,19.0,0,0,0.0,0,1
0.44,0.49,1,1,1,1,142,2,20.0,0,0,0.0,0,1
0.44,0.49,1,1,0,0,142,2,20.0,8,0,1.0,143,1
0.44,0.49,1,1,0,0,142,2,20.0,11,0,2.0,143,1
0.44,0.49,1,1,0,0,142,2,20.0,19,0,3.0,143,1
0.44,0.49,1,1,0,0,142,2,20.0,32,1,4.0,143,1
0.44,0.49,1,1,0,0,142,2,20.0,35,1,5.0,143,1
0.44,0.49,1,1,0,0,142,2,20.0,43,1,6.0,143,1
0.44,0.49,1,1,0,0,142,2,20.0,47,2,7.0,143,1
0.44,0.49,1,1,0,0,142,2,20.0,54,2,8.0,143,1
0.44,0.49,1,1,0,0,142,2,20.0,59,2,9.0,143,1
0.44,0.49,1,1,0,0,142,2,20.0,71,2,10.0,143,1
0.44,0.49,1,1,0,0,142,2,20.0,82,2,11.0,143,1
0.44,0.49,1,1,0,0,142,2,20.0,84,2,12.0,143,1
0.44,0.49,1,1,0,0,142,2,20.0,86,2,13.0,143,1
0.44,0.49,1,1,0,0,142,2,20.0,89,2,14.0,143,1
0.44,0.49,1,1,0,0,142,2,20.0,97,3,15.0,143,1
0.44,0.49,1,1,0,0,142,2,20.0,104,3,16.0,143,1
0.44,0.49,1,1,0,0,142,2,20.0,112,3,17.0,143,1
0.44,0.49,1,1,0,0,142,2,20.0,124,3,18.0,143,1
0.44,0.49,1,1,0,0,142,2,20.0,132,3,19.0,143,1
0.44,0.49,1,1,0,0,142,2,20.0,140,3,20.0,143,1
0.55,0.62,0,0,1,1,1,0,1.0,0,0,0.0,0,0
0.55,0.62,0,0,1,1,13,0,2.0,0,0,0.0,0,0
0.55,0.62,0,0,1,1,16,0,3.0,0,0,0.0,0,0
0.55,0.62,0,0,1,1,26,0,4.0,0,0,0.0,0,0
0.55,0.62,0,0,1,1,31,0,5.0,0,0,0.0,0,0
0.55,0.62,0,0,1,1,41,0,6.0,0,0,0.0,0,0
0.55,0.62,0,0,1,1,49,0,7.0,0,0,0.0,0,0
0.55,0.62,0,0,1,1,51,0,8.0,0,0,0.0,0,0
0.55,0.62,0,0,1,1,59,0,9.0,0,0,0.0,0,0
0.55,0.62,0,0,1,1,69,0,10.0,0,0,0.0,0,0
0.55,0.62,0,0,1,1,79,0,11.0,0,0,0.0,0,0
0.55,0.62,0,0,1,1,92,1,12.0,0,0,0.0,0,0
0.55,0.62,0,0,1,1,98,1,13.0,0,0,0.0,0,0
0.55,0.62,0,0,1,1,106,1,14.0,0,0,0.0,0,0
0.55,0.62,0,0,1,1,110,1,15.0,0,0,0.0,0,0
0.55,0.62,0,0,1,1,118,1,16.0,0,0,0.0,0,0
0.55,0.62,0,0,1,1,121,1,17.0,0,0,0.0,0,0
0.55,0.62,0,0,1,1,124,1,18.0,0,0,0.0,0,0
0.55,0.62,0,0,1,1,125,1,19.0,0,0,0.0,0,0
0.55,0.62,0,0,1,1,129,1,20.0,0,0,0.0,0,0
0.55,0.62,0,0,0,0,129,1,20.0,11,0,1.0,130,0
0.55,0.62,0,0,0,0,129,1,20.0,19,0,2.0,130,0
0.55,0.62,0,0,0,0,129,1,20.0,30,0,3.0,130,0
0.55,0.62,0,0,0,0,129,1,20.0,41,0,4.0,130,0
0.55,0.62,0,0,0,0,129,1,20.0,44,0,5.0,130,0
0.55,0.62,0,0,0,0,129,1,20.0,49,0,6.0,130,0
0.55,0.62,0,0,0,0,129,1,20.0,54,0,7.0,130,0
0.55,0.62,0,0,0,0,129,1,20.0,64,0,8.0,130,0
0.55,0.62,0,0,0,0,129,1,20.0,72,1,9.0,130,0
0.55,0.62,0,0,0,0,129,1,20.0,80,1,10.0,130,0
0.55,0.62,0,0,0,0,129,1,20.0,93,1,11.0,130,0
0.55,0.62,0,0,0,0,129,1,20.0,103,2,12.0,130,0
0.55,0.62,0,0,0,0,129,1,20.0,110,3,13.0,130,0
0.55,0.62,0,0,0,0,129,1,20.0,128,3,14.0,130,0
0.55,0.62,0,0,0,0,129,1,20.0,130,4,14.33,130,0
0.37,0.44,1,1,1,1,4,1,1.0,0,0,0.0,0,0
0.37,0.44,1,1,1,1,6,2,2.0,0,0,0.0,0,0
0.37,0.44,1,1,1,1,11,2,3.0,0,0,0.0,0,0
0.37,0.44,1,1,1,1,18,2,4.0,0,0,0.0,0,0
0.37,0.44,1,1,1,1,29,2,5.0,0,0,0.0,0,0
0.37,0.44,1,1,1,1,34,3,6.0,0,0,0.0,0,0
0.37,0.44,1,1,1,1,38,3,7.0,0,0,0.0,0,0
0.37,0.44,1,1,1,1,41,5,8.0,0,0,0.0,0,0
0.37,0.44,1,1,1,1,48,5,9.0,0,0,0.0,0,0
0.37,0.44,1,1,1,1,52,5,10.0,0,0,0.0,0,0
0.37,0.44,1,1,1,1,59,5,11.0,0,0,0.0,0,0
0.37,0.44,1,1,1,1,65,5,12.0,0,0,0.0,0,0
0.37,0.44,1,1,1,1,68,6,13.0,0,0,0.0,0,0
0.37,0.44,1,1,1,1,77,6,14.0,0,0,0.0,0,0
0.37,0.44,1,1,1,1,83,6,15.0,0,0,0.0,0,0
0.37,0.44,1,1,1,1,89,6,16.0,0,0,0.0,0,0
0.37,0.44,1,1,1,1,92,6,17.0,0,0,0.0,0,0
0.37,0.44,1,1,1,1,97,6,18.0,0,0,0.0,0,0
0.37,0.44,1,1,1,1,100,7,19.0,0,0,0.0,0,0
0.37,0.44,1,1,1,1,110,7,20.0,0,0,0.0,0,0
0.37,0.44,1,1,0,0,110,7,20.0,3,0,1.0,111,0
0.37,0.44,1,1,0,0,110,7,20.0,13,0,2.0,111,0
0.37,0.44,1,1,0,0,110,7,20.0,15,0,3.0,111,0
0.37,0.44,1,1,0,0,110,7,20.0,24,0,4.0,111,0
0.37,0.44,1,1,0,0,110,7,20.0,45,0,5.0,111,0
0.37,0.44,1,1,0,0,110,7,20.0,61,0,6.0,111,0
0.37,0.44,1,1,0,0,110,7,20.0,71,0,7.0,111,0
0.37,0.44,1,1,0,0,110,7,20.0,83,0,8.0,111,0
0.37,0.44,1,1,0,0,110,7,20.0,86,1,9.0,111,0
0.37,0.44,1,1,0,0,110,7,20.0,100,1,10.0,111,0
0.37,0.44,1,1,0,0,110,7,20.0,106,1,11.0,111,0
0.37,0.44,1,1,0,0,110,7,20.0,116,1,11.67,111,0
0.38,0.56,1,1,1,1,5,0,1.0,0,0,0.0,0,0
0.38,0.56,1,1,1,1,7,0,2.0,0,0,0.0,0,0
0.38,0.56,1,1,1,1,14,0,3.0,0,0,0.0,0,0
0.38,0.56,1,1,1,1,19,0,4.0,0,0,0.0,0,0
0.38,0.56,1,1,1,1,21,1,5.0,0,0,0.0,0,0
0.38,0.56,1,1,1,1,37,1,6.0,0,0,0.0,0,0
0.38,0.56,1,1,1,1,46,1,7.0,0,0,0.0,0,0
0.38,0.56,1,1,1,1,55,1,8.0,0,0,0.0,0,0
0.38,0.56,1,1,1,1,65,1,9.0,0,0,0.0,0,0
0.38,0.56,1,1,1,1,69,1,10.0,0,0,0.0,0,0
0.38,0.56,1,1,1,1,85,1,11.0,0,0,0.0,0,0
0.38,0.56,1,1,1,1,91,1,12.0,0,0,0.0,0,0
0.38,0.56,1,1,1,1,100,1,13.0,0,0,0.0,0,0
0.38,0.56,1,1,1,1,101,1,14.0,0,0,0.0,0,0
0.38,0.56,1,1,1,1,107,1,15.0,0,0,0.0,0,0
0.38,0.56,1,1,1,1,111,1,16.0,0,0,0.0,0,0
0.38,0.56,1,1,1,1,117,1,17.0,0,0,0.0,0,0
0.38,0.56,1,1,1,1,118,1,18.0,0,0,0.0,0,0
0.38,0.56,1,1,1,1,127,1,19.0,0,0,0.0,0,0
0.38,0.56,1,1,1,1,137,1,20.0,0,0,0.0,0,0
0.38,0.56,1,1,0,0,137,1,20.0,7,1,1.0,138,0
0.38,0.56,1,1,0,0,137,1,20.0,16,1,2.0,138,0
0.38,0.56,1,1,0,0,137,1,20.0,20,1,3.0,138,0
0.38,0.56,1,1,0,0,137,1,20.0,29,1,4.0,138,0
0.38,0.56,1,1,0,0,137,1,20.0,45,1,5.0,138,0
0.38,0.56,1,1,0,0,137,1,20.0,52,1,6.0,138,0
0.38,0.56,1,1,0,0,137,1,20.0,62,1,7.0,138,0
0.38,0.56,1,1,0,0,137,1,20.0,63,2,8.0,138,0
0.38,0.56,1,1,0,0,137,1,20.0,65,2,9.0,138,0
0.38,0.56,1,1,0,0,137,1,20.0,72,3,10.0,138,0
0.38,0.56,1,1,0,0,137,1,20.0,80,3,11.0,138,0
0.38,0.56,1,1,0,0,137,1,20.0,91,3,12.0,138,0
0.38,0.56,1,1,0,0,137,1,20.0,98,3,13.0,138,0
0.38,0.56,1,1,0,0,137,1,20.0,104,3,14.0,138,0
0.38,0.56,1,1,0,0,137,1,20.0,108,4,15.0,138,0
0.38,0.56,1,1,0,0,137,1,20.0,113,4,16.0,138,0
0.38,0.56,1,1,0,0,137,1,20.0,120,4,17.0,138,0
0.38,0.56,1,1,0,0,137,1,20.0,129,4,18.0,138,0
0.38,0.56,1,1,0,0,137,1,20.0,138,4,18.67,138,0
0.54,0.55,0,0,1,1,11,1,1.0,0,0,0.0,0,0
0.54,0.55,0,0,1,1,20,1,2.0,0,0,0.0,0,0
0.54,0.55,0,0,1,1,24,1,3.0,0,0,0.0,0,0
0.54,0.55,0,0,1,1,32,1,4.0,0,0,0.0,0,0
0.54,0.55,0,0,1,1,35,1,5.0,0,0,0.0,0,0
0.54,0.55,0,0,1,1,44,1,6.0,0,0,0.0,0,0
0.54,0.55,0,0,1,1,50,1,7.0,0,0,0.0,0,0
0.54,0.55,0,0,1,1,57,1,8.0,0,0,0.0,0,0
0.54,0.55,0,0,1,1,61,1,9.0,0,0,0.0,0,0
0.54,0.55,0,0,1,1,68,1,10.0,0,0,0.0,0,0
0.54,0.55,0,0,1,1,76,2,11.0,0,0,0.0,0,0
0.54,0.55,0,0,1,1,83,2,12.0,0,0,0.0,0,0
0.54,0.55,0,0,1,1,92,3,13.0,0,0,0.0,0,0
0.54,0.55,0,0,1,1,102,3,14.0,0,0,0.0,0,0
0.54,0.55,0,0,1,1,109,4,15.0,0,0,0.0,0,0
0.54,0.55,0,0,1,1,120,4,16.0,0,0,0.0,0,0
0.54,0.55,0,0,1,1,123,4,17.0,0,0,0.0,0,0
0.54,0.55,0,0,1,1,136,5,18.0,0,0,0.0,0,0
0.54,0.55,0,0,1,1,146,5,19.0,0,0,0.0,0,0
0.54,0.55,0,0,1,1,149,5,20.0,0,0,0.0,0,0
0.54,0.55,0,0,0,0,149,5,20.0,9,0,1.0,150,0
0.54,0.55,0,0,0,0,149,5,20.0,10,0,2.0,150,0
0.54,0.55,0,0,0,0,149,5,20.0,20,0,3.0,150,0
0.54,0.55,0,0,0,0,149,5,20.0,26,1,4.0,150,0
0.54,0.55,0,0,0,0,149,5,20.0,30,1,5.0,150,0
0.54,0.55,0,0,0,0,149,5,20.0,40,1,6.0,150,0
0.54,0.55,0,0,0,0,149,5,20.0,56,1,7.0,150,0
0.54,0.55,0,0,0,0,149,5,20.0,63,1,8.0,150,0
0.54,0.55,0,0,0,0,149,5,20.0,72,1,9.0,150,0
0.54,0.55,0,0,0,0,149,5,20.0,75,1,10.0,150,0
0.54,0.55,0,0,0,0,149,5,20.0,82,1,11.0,150,0
0.54,0.55,0,0,0,0,149,5,20.0,90,1,12.0,150,0
0.54,0.55,0,0,0,0,149,5,20.0,105,1,13.0,150,0
0.54,0.55,0,0,0,0,149,5,20.0,113,1,14.0,150,0
0.54,0.55,0,0,0,0,149,5,20.0,125,1,15.0,150,0
0.54,0.55,0,0,0,0,149,5,20.0,129,1,16.0,150,0
0.54,0.55,0,0,0,0,149,5,20.0,144,1,17.0,150,0
0.54,0.55,0,0,0,0,149,5,20.0,150,1,17.83,150,0
0.65,0.61,1,0,1,0,0,0,0.0,1,0,1.0,0,1
0.65,0.61,1,0,1,0,0,0,0.0,4,0,2.0,0,1
0.65,0.61,1,0,1,0,0,0,0.0,8,0,3.0,0,1
0.65,0.61,1,0,1,0,0,0,0.0,18,0,4.0,0,1
0.65,0.61,1,0,1,0,0,0,0.0,21,0,5.0,0,1
0.65,0.61,1,0,1,0,0,0,0.0,29,0,6.0,0,1
0.65,0.61,1,0,1,0,0,0,0.0,40,0,7.0,0,1
0.65,0.61,1,0,1,0,0,0,0.0,45,0,8.0,0,1
0.65,0.61,1,0,1,0,0,0,0.0,50,0,9.0,0,1
0.65,0.61,1,0,1,0,0,0,0.0,54,1,10.0,0,1
0.65,0.61,1,0,1,0,0,0,0.0,57,1,11.0,0,1
0.65,0.61,1,0,1,0,0,0,0.0,60,1,12.0,0,1
0.65,0.61,1,0,1,0,0,0,0.0,66,1,13.0,0,1
0.65,0.61,1,0,1,0,0,0,0.0,70,2,14.0,0,1
0.65,0.61,1,0,1,0,0,0,0.0,71,2,15.0,0,1
0.65,0.61,1,0,1,0,0,0,0.0,83,2,16.0,0,1
0.65,0.61,1,0,1,0,0,0,0.0,91,3,17.0,0,1
0.65,0.61,1,0,1,0,0,0,0.0,95,5,18.0,0,1
0.65,0.61,1,0,1,0,0,0,0.0,102,5,19.0,0,1
0.65,0.61,1,0,1,0,0,0,0.0,109,5,20.0,0,1
0.65,0.61,1,0,0,1,9,0,1.0,109,5,20.0,110,1
0.65,0.61,1,0,0,1,12,1,2.0,109,5,20.0,110,1
0.65,0.61,1,0,0,1,19,1,3.0,109,5,20.0,110,1
0.65,0.61,1,0,0,1,30,1,4.0,109,5,20.0,110,1
0.65,0.61,1,0,0,1,37,1,5.0,109,5,20.0,110,1
0.65,0.61,1,0,0,1,56,1,6.0,109,5,20.0,110,1
0.65,0.61,1,0,0,1,59,2,7.0,109,5,20.0,110,1
0.65,0.61,1,0,0,1,63,2,8.0,109,5,20.0,110,1
0.65,0.61,1,0,0,1,71,4,9.0,109,5,20.0,110,1
0.65,0.61,1,0,0,1,79,4,10.0,109,5,20.0,110,1
0.65,0.61,1,0,0,1,80,4,11.0,109,5,20.0,110,1
0.65,0.61,1,0,0,1,92,4,12.0,109,5,20.0,110,1
0.65,0.61,1,0,0,1,105,5,13.0,109,5,20.0,110,1
0.65,0.61,1,0,0,1,110,5,13.33,109,5,20.0,110,1
0.61,0.44,1,0,1,0,0,0,0.0,9,0,1.0,0,1
0.61,0.44,1,0,1,0,0,0,0.0,12,0,2.0,0,1
0.61,0.44,1,0,1,0,0,0,0.0,20,0,3.0,0,1
0.61,0.44,1,0,1,0,0,0,0.0,29,1,4.0,0,1
0.61,0.44,1,0,1,0,0,0,0.0,31,1,5.0,0,1
0.61,0.44,1,0,1,0,0,0,0.0,35,1,6.0,0,1
0.61,0.44,1,0,1,0,0,0,0.0,43,1,7.0,0,1
0.61,0.44,1,0,1,0,0,0,0.0,49,1,8.0,0,1
0.61,0.44,1,0,1,0,0,0,0.0,56,1,9.0,0,1
0.61,0.44,1,0,1,0,0,0,0.0,67,1,10.0,0,1
0.61,0.44,1,0,1,0,0,0,0.0,72,2,11.0,0,1
0.61,0.44,1,0,1,0,0,0,0.0,80,3,12.0,0,1
0.61,0.44,1,0,1,0,0,0,0.0,90,3,13.0,0,1
0.61,0.44,1,0,1,0,0,0,0.0,101,3,14.0,0,1
0.61,0.44,1,0,1,0,0,0,0.0,110,3,15.0,0,1
0.61,0.44,1,0,1,0,0,0,0.0,117,3,16.0,0,1
0.61,0.44,1,0,1,0,0,0,0.0,123,3,17.0,0,1
0.61,0.44,1,0,1,0,0,0,0.0,130,3,18.0,0,1
0.61,0.44,1,0,1,0,0,0,0.0,136,3,19.0,0,1
0.61,0.44,1,0,1,0,0,0,0.0,143,3,20.0,0,1
0.61,0.44,1,0,0,1,12,0,1.0,143,3,20.0,144,1
0.61,0.44,1,0,0,1,26,0,2.0,143,3,20.0,144,1
0.61,0.44,1,0,0,1,41,0,3.0,143,3,20.0,144,1
0.61,0.44,1,0,0,1,50,0,4.0,143,3,20.0,144,1
0.61,0.44,1,0,0,1,56,0,5.0,143,3,20.0,144,1
0.61,0.44,1,0,0,1,66,0,6.0,143,3,20.0,144,1
0.61,0.44,1,0,0,1,73,0,7.0,143,3,20.0,144,1
0.61,0.44,1,0,0,1,78,0,8.0,143,3,20.0,144,1
0.61,0.44,1,0,0,1,85,1,9.0,143,3,20.0,144,1
0.61,0.44,1,0,0,1,93,2,10.0,143,3,20.0,144,1
0.61,0.44,1,0,0,1,102,2,11.0,143,3,20.0,144,1
0.61,0.44,1,0,0,1,114,2,12.0,143,3,20.0,144,1
0.61,0.44,1,0,0,1,123,2,13.0,143,3,20.0,144,1
0.61,0.44,1,0,0,1,129,2,14.0,143,3,20.0,144,1
0.61,0.44,1,0,0,1,132,3,15.0,143,3,20.0,144,1
0.61,0.44,1,0,0,1,139,3,16.0,143,3,20.0,144,1
0.61,0.44,1,0,0,1,145,3,16.5,143,3,20.0,144,1
0.46,0.53,1,1,1,1,3,0,1.0,0,0,0.0,0,1
0.46,0.53,1,1,1,1,11,0,2.0,0,0,0.0,0,1
0.46,0.53,1,1,1,1,22,0,3.0,0,0,0.0,0,1
0.46,0.53,1,1,1,1,28,0,4.0,0,0,0.0,0,1
0.46,0.53,1,1,1,1,38,0,5.0,0,0,0.0,0,1
0.46,0.53,1,1,1,1,43,0,6.0,0,0,0.0,0,1
0.46,0.53,1,1,1,1,50,1,7.0,0,0,0.0,0,1
0.46,0.53,1,1,1,1,61,2,8.0,0,0,0.0,0,1
0.46,0.53,1,1,1,1,78,2,9.0,0,0,0.0,0,1
0.46,0.53,1,1,1,1,89,3,10.0,0,0,0.0,0,1
0.46,0.53,1,1,1,1,94,3,11.0,0,0,0.0,0,1
0.46,0.53,1,1,1,1,97,4,12.0,0,0,0.0,0,1
0.46,0.53,1,1,1,1,106,4,13.0,0,0,0.0,0,1
0.46,0.53,1,1,1,1,112,4,14.0,0,0,0.0,0,1
0.46,0.53,1,1,1,1,115,5,15.0,0,0,0.0,0,1
0.46,0.53,1,1,1,1,116,5,16.0,0,0,0.0,0,1
0.46,0.53,1,1,1,1,122,5,17.0,0,0,0.0,0,1
0.46,0.53,1,1,1,1,126,5,18.0,0,0,0.0,0,1
0.46,0.53,1,1,1,1,126,5,19.0,0,0,0.0,0,1
0.46,0.53,1,1,1,1,135,5,20.0,0,0,0.0,0,1
0.46,0.53,1,1,0,0,135,5,20.0,8,3,1.0,136,1
0.46,0.53,1,1,0,0,135,5,20.0,14,3,2.0,136,1
0.46,0.53,1,1,0,0,135,5,20.0,21,4,3.0,136,1
0.46,0.53,1,1,0,0,135,5,20.0,24,4,4.0,136,1
0.46,0.53,1,1,0,0,135,5,20.0,35,4,5.0,136,1
0.46,0.53,1,1,0,0,135,5,20.0,40,4,6.0,136,1
0.46,0.53,1,1,0,0,135,5,20.0,42,5,7.0,136,1
0.46,0.53,1,1,0,0,135,5,20.0,48,5,8.0,136,1
0.46,0.53,1,1,0,0,135,5,20.0,54,6,9.0,136,1
0.46,0.53,1,1,0,0,135,5,20.0,65,6,10.0,136,1
0.46,0.53,1,1,0,0,135,5,20.0,69,7,11.0,136,1
0.46,0.53,1,1,0,0,135,5,20.0,78,7,12.0,136,1
0.46,0.53,1,1,0,0,135,5,20.0,86,8,13.0,136,1
0.46,0.53,1,1,0,0,135,5,20.0,89,9,14.0,136,1
0.46,0.53,1,1,0,0,135,5,20.0,89,10,14.5,136,1
0.63,0.35,0,0,1,1,18,0,1.0,0,0,0.0,0,1
0.63,0.35,0,0,1,1,22,0,2.0,0,0,0.0,0,1
0.63,0.35,0,0,1,1,45,0,3.0,0,0,0.0,0,1
0.63,0.35,0,0,1,1,47,1,4.0,0,0,0.0,0,1
0.63,0.35,0,0,1,1,52,1,5.0,0,0,0.0,0,1
0.63,0.35,0,0,1,1,59,1,6.0,0,0,0.0,0,1
0.63,0.35,0,0,1,1,62,1,7.0,0,0,0.0,0,1
0.63,0.35,0,0,1,1,65,2,8.0,0,0,0.0,0,1
0.63,0.35,0,0,1,1,71,2,9.0,0,0,0.0,0,1
0.63,0.35,0,0,1,1,80,2,10.0,0,0,0.0,0,1
0.63,0.35,0,0,1,1,91,3,11.0,0,0,0.0,0,1
0.63,0.35,0,0,1,1,98,3,12.0,0,0,0.0,0,1
0.63,0.35,0,0,1,1,106,4,13.0,0,0,0.0,0,1
0.63,0.35,0,0,1,1,108,5,14.0,0,0,0.0,0,1
0.63,0.35,0,0,1,1,118,5,15.0,0,0,0.0,0,1
0.63,0.35,0,0,1,1,123,5,16.0,0,0,0.0,0,1
0.63,0.35,0,0,1,1,137,5,17.0,0,0,0.0,0,1
0.63,0.35,0,0,1,1,139,5,18.0,0,0,0.0,0,1
0.63,0.35,0,0,1,1,147,6,19.0,0,0,0.0,0,1
0.63,0.35,0,0,1,1,158,7,20.0,0,0,0.0,0,1
0.63,0.35,0,0,0,0,158,7,20.0,7,0,1.0,159,1
0.63,0.35,0,0,0,0,158,7,20.0,18,0,2.0,159,1
0.63,0.35,0,0,0,0,158,7,20.0,24,0,3.0,159,1
0.63,0.35,0,0,0,0,158,7,20.0,30,1,4.0,159,1
0.63,0.35,0,0,0,0,158,7,20.0,35,1,5.0,159,1
0.63,0.35,0,0,0,0,158,7,20.0,41,1,6.0,159,1
0.63,0.35,0,0,0,0,158,7,20.0,44,1,7.0,159,1
0.63,0.35,0,0,0,0,158,7,20.0,47,3,8.0,159,1
0.63,0.35,0,0,0,0,158,7,20.0,50,4,9.0,159,1
0.63,0.35,0,0,0,0,158,7,20.0,56,4,10.0,159,1
0.63,0.35,0,0,0,0,158,7,20.0,59,4,11.0,159,1
0.63,0.35,0,0,0,0,158,7,20.0,62,4,12.0,159,1
0.63,0.35,0,0,0,0,158,7,20.0,75,5,13.0,159,1
0.63,0.35,0,0,0,0,158,7,20.0,80,5,14.0,159,1
0.63,0.35,0,0,0,0,158,7,20.0,92,5,15.0,159,1
0.63,0.35,0,0,0,0,158,7,20.0,109,5,16.0,159,1
0.63,0.35,0,0,0,0,158,7,20.0,125,5,17.0,159,1
0.63,0.35,0,0,0,0,158,7,20.0,133,6,18.0,159,1
0.63,0.35,0,0,0,0,158,7,20.0,136,7,19.0,159,1
0.63,0.35,0,0,0,0,158,7,20.0,152,7,20.0,159,1
0.45,0.5,1,0,1,0,0,0,0.0,14,0,1.0,0,1
0.45,0.5,1,0,1,0,0,0,0.0,15,0,2.0,0,1
0.45,0.5,1,0,1,0,0,0,0.0,18,1,3.0,0,1
0.45,0.5,1,0,1,0,0,0,0.0,26,2,4.0,0,1
0.45,0.5,1,0,1,0,0,0,0.0,29,3,5.0,0,1
0.45,0.5,1,0,1,0,0,0,0.0,35,3,6.0,0,1
0.45,0.5,1,0,1,0,0,0,0.0,43,3,7.0,0,1
0.45,0.5,1,0,1,0,0,0,0.0,52,3,8.0,0,1
0.45,0.5,1,0,1,0,0,0,0.0,62,3,9.0,0,1
0.45,0.5,1,0,1,0,0,0,0.0,67,3,10.0,0,1
0.45,0.5,1,0,1,0,0,0,0.0,77,3,11.0,0,1
0.45,0.5,1,0,1,0,0,0,0.0,86,4,12.0,0,1
0.45,0.5,1,0,1,0,0,0,0.0,93,4,13.0,0,1
0.45,0.5,1,0,1,0,0,0,0.0,98,4,14.0,0,1
0.45,0.5,1,0,1,0,0,0,0.0,113,4,15.0,0,1
0.45,0.5,1,0,1,0,0,0,0.0,120,4,16.0,0,1
0.45,0.5,1,0,1,0,0,0,0.0,122,5,17.0,0,1
0.45,0.5,1,0,1,0,0,0,0.0,132,5,18.0,0,1
0.45,0.5,1,0,1,0,0,0,0.0,152,5,19.0,0,1
0.45,0.5,1,0,1,0,0,0,0.0,158,5,20.0,0,1
0.45,0.5,1,0,0,1,3,0,1.0,158,5,20.0,159,1
0.45,0.5,1,0,0,1,12,0,2.0,158,5,20.0,159,1
0.45,0.5,1,0,0,1,21,0,3.0,158,5,20.0,159,1
0.45,0.5,1,0,0,1,23,1,4.0,158,5,20.0,159,1
0.45,0.5,1,0,0,1,30,1,5.0,158,5,20.0,159,1
0.45,0.5,1,0,0,1,36,1,6.0,158,5,20.0,159,1
0.45,0.5,1,0,0,1,41,2,7.0,158,5,20.0,159,1
0.45,0.5,1,0,0,1,54,2,8.0,158,5,20.0,159,1
0.45,0.5,1,0,0,1,56,3,9.0,158,5,20.0,159,1
0.45,0.5,1,0,0,1,58,4,10.0,158,5,20.0,159,1
0.45,0.5,1,0,0,1,63,4,11.0,158,5,20.0,159,1
0.45,0.5,1,0,0,1,70,5,12.0,158,5,20.0,159,1
0.45,0.5,1,0,0,1,74,5,13.0,158,5,20.0,159,1
0.45,0.5,1,0,0,1,90,5,14.0,158,5,20.0,159,1
0.45,0.5,1,0,0,1,99,5,15.0,158,5,20.0,159,1
0.45,0.5,1,0,0,1,107,6,16.0,158,5,20.0,159,1
0.45,0.5,1,0,0,1,120,6,17.0,158,5,20.0,159,1
0.45,0.5,1,0,0,1,131,6,18.0,158,5,20.0,159,1
0.45,0.5,1,0,0,1,144,7,19.0,158,5,20.0,159,1
0.45,0.5,1,0,0,1,161,7,19.83,158,5,20.0,159,1
0.37,0.63,0,0,1,1,5,0,1.0,0,0,0.0,0,0
0.37,0.63,0,0,1,1,18,0,2.0,0,0,0.0,0,0
0.37,0.63,0,0,1,1,18,1,3.0,0,0,0.0,0,0
0.37,0.63,0,0,1,1,35,1,4.0,0,0,0.0,0,0
0.37,0.63,0,0,1,1,46,1,5.0,0,0,0.0,0,0
0.37,0.63,0,0,1,1,51,1,6.0,0,0,0.0,0,0
0.37,0.63,0,0,1,1,56,1,7.0,0,0,0.0,0,0
0.37,0.63,0,0,1,1,63,1,8.0,0,0,0.0,0,0
0.37,0.63,0,0,1,1,63,1,9.0,0,0,0.0,0,0
0.37,0.63,0,0,1,1,66,1,10.0,0,0,0.0,0,0
0.37,0.63,0,0,1,1,71,1,11.0,0,0,0.0,0,0
0.37,0.63,0,0,1,1,74,2,12.0,0,0,0.0,0,0
0.37,0.63,0,0,1,1,75,2,13.0,0,0,0.0,0,0
0.37,0.63,0,0,1,1,78,2,14.0,0,0,0.0,0,0
0.37,0.63,0,0,1,1,83,2,15.0,0,0,0.0,0,0
0.37,0.63,0,0,1,1,91,2,16.0,0,0,0.0,0,0
0.37,0.63,0,0,1,1,99,3,17.0,0,0,0.0,0,0
0.37,0.63,0,0,1,1,102,3,18.0,0,0,0.0,0,0
0.37,0.63,0,0,1,1,108,4,19.0,0,0,0.0,0,0
0.37,0.63,0,0,1,1,111,4,20.0,0,0,0.0,0,0
0.37,0.63,0,0,0,0,111,4,20.0,14,1,1.0,112,0
0.37,0.63,0,0,0,0,111,4,20.0,28,1,2.0,112,0
0.37,0.63,0,0,0,0,111,4,20.0,38,1,3.0,112,0
0.37,0.63,0,0,0,0,111,4,20.0,52,1,4.0,112,0
0.37,0.63,0,0,0,0,111,4,20.0,75,1,5.0,112,0
0.37,0.63,0,0,0,0,111,4,20.0,85,1,6.0,112,0
0.37,0.63,0,0,0,0,111,4,20.0,100,1,7.0,112,0
0.37,0.63,0,0,0,0,111,4,20.0,109,1,8.0,112,0
0.37,0.63,0,0,0,0,111,4,20.0,113,1,8.33,112,0
0.48,0.5,0,0,1,1,1,0,1.0,0,0,0.0,0,0
0.48,0.5,0,0,1,1,10,0,2.0,0,0,0.0,0,0
0.48,0.5,0,0,1,1,13,1,3.0,0,0,0.0,0,0
0.48,0.5,0,0,1,1,26,1,4.0,0,0,0.0,0,0
0.48,0.5,0,0,1,1,31,1,5.0,0,0,0.0,0,0
0.48,0.5,0,0,1,1,36,1,6.0,0,0,0.0,0,0
0.48,0.5,0,0,1,1,38,3,7.0,0,0,0.0,0,0
0.48,0.5,0,0,1,1,57,3,8.0,0,0,0.0,0,0
0.48,0.5,0,0,1,1,67,3,9.0,0,0,0.0,0,0
0.48,0.5,0,0,1,1,69,3,10.0,0,0,0.0,0,0
0.48,0.5,0,0,1,1,73,3,11.0,0,0,0.0,0,0
0.48,0.5,0,0,1,1,75,5,12.0,0,0,0.0,0,0
0.48,0.5,0,0,1,1,84,5,13.0,0,0,0.0,0,0
0.48,0.5,0,0,1,1,90,5,14.0,0,0,0.0,0,0
0.48,0.5,0,0,1,1,107,5,15.0,0,0,0.0,0,0
0.48,0.5,0,0,1,1,115,5,16.0,0,0,0.0,0,0
0.48,0.5,0,0,1,1,120,5,17.0,0,0,0.0,0,0
0.48,0.5,0,0,1,1,129,7,18.0,0,0,0.0,0,0
0.48,0.5,0,0,1,1,139,7,19.0,0,0,0.0,0,0
0.48,0.5,0,0,1,1,146,7,20.0,0,0,0.0,0,0
0.48,0.5,0,0,0,0,146,7,20.0,4,0,1.0,147,0
0.48,0.5,0,0,0,0,146,7,20.0,10,1,2.0,147,0
0.48,0.5,0,0,0,0,146,7,20.0,17,2,3.0,147,0
0.48,0.5,0,0,0,0,146,7,20.0,24,2,4.0,147,0
0.48,0.5,0,0,0,0,146,7,20.0,32,2,5.0,147,0
0.48,0.5,0,0,0,0,146,7,20.0,44,3,6.0,147,0
0.48,0.5,0,0,0,0,146,7,20.0,55,3,7.0,147,0
0.48,0.5,0,0,0,0,146,7,20.0,58,3,8.0,147,0
0.48,0.5,0,0,0,0,146,7,20.0,71,3,9.0,147,0
0.48,0.5,0,0,0,0,146,7,20.0,86,4,10.0,147,0
0.48,0.5,0,0,0,0,146,7,20.0,93,4,11.0,147,0
0.48,0.5,0,0,0,0,146,7,20.0,104,4,12.0,147,0
0.48,0.5,0,0,0,0,146,7,20.0,117,5,13.0,147,0
0.48,0.5,0,0,0,0,146,7,20.0,126,5,14.0,147,0
0.48,0.5,0,0,0,0,146,7,20.0,134,5,15.0,147,0
0.48,0.5,0,0,0,0,146,7,20.0,140,5,16.0,147,0
0.48,0.5,0,0,0,0,146,7,20.0,148,5,17.0,147,0
0.35,0.47,0,1,1,0,0,0,0.0,11,0,1.0,0,1
0.35,0.47,0,1,1,0,0,0,0.0,26,0,2.0,0,1
0.35,0.47,0,1,1,0,0,0,0.0,38,0,3.0,0,1
0.35,0.47,0,1,1,0,0,0,0.0,46,0,4.0,0,1
0.35,0.47,0,1,1,0,0,0,0.0,48,1,5.0,0,1
0.35,0.47,0,1,1,0,0,0,0.0,50,1,6.0,0,1
0.35,0.47,0,1,1,0,0,0,0.0,62,1,7.0,0,1
0.35,0.47,0,1,1,0,0,0,0.0,76,1,8.0,0,1
0.35,0.47,0,1,1,0,0,0,0.0,83,1,9.0,0,1
0.35,0.47,0,1,1,0,0,0,0.0,93,1,10.0,0,1
0.35,0.47,0,1,1,0,0,0,0.0,104,1,11.0,0,1
0.35,0.47,0,1,1,0,0,0,0.0,106,1,12.0,0,1
0.35,0.47,0,1,1,0,0,0,0.0,108,2,13.0,0,1
0.35,0.47,0,1,1,0,0,0,0.0,113,2,14.0,0,1
0.35,0.47,0,1,1,0,0,0,0.0,116,3,15.0,0,1
0.35,0.47,0,1,1,0,0,0,0.0,119,3,16.0,0,1
0.35,0.47,0,1,1,0,0,0,0.0,127,3,17.0,0,1
0.35,0.47,0,1,1,0,0,0,0.0,130,3,18.0,0,1
0.35,0.47,0,1,1,0,0,0,0.0,133,4,19.0,0,1
0.35,0.47,0,1,1,0,0,0,0.0,142,5,20.0,0,1
0.35,0.47,0,1,0,1,12,0,1.0,142,5,20.0,143,1
0.35,0.47,0,1,0,1,19,0,2.0,142,5,20.0,143,1
0.35,0.47,0,1,0,1,34,0,3.0,142,5,20.0,143,1
0.35,0.47,0,1,0,1,36,1,4.0,142,5,20.0,143,1
0.35,0.47,0,1,0,1,46,2,5.0,142,5,20.0,143,1
0.35,0.47,0,1,0,1,56,2,6.0,142,5,20.0,143,1
0.35,0.47,0,1,0,1,62,3,7.0,142,5,20.0,143,1
0.35,0.47,0,1,0,1,70,3,8.0,142,5,20.0,143,1
0.35,0.47,0,1,0,1,72,3,9.0,142,5,20.0,143,1
0.35,0.47,0,1,0,1,88,3,10.0,142,5,20.0,143,1
0.35,0.47,0,1,0,1,90,4,11.0,142,5,20.0,143,1
0.35,0.47,0,1,0,1,94,4,12.0,142,5,20.0,143,1
0.35,0.47,0,1,0,1,104,4,13.0,142,5,20.0,143,1
0.35,0.47,0,1,0,1,110,4,14.0,142,5,20.0,143,1
0.35,0.47,0,1,0,1,111,4,15.0,142,5,20.0,143,1
0.35,0.47,0,1,0,1,116,4,16.0,142,5,20.0,143,1
0.35,0.47,0,1,0,1,123,4,17.0,142,5,20.0,143,1
0.35,0.47,0,1,0,1,132,5,18.0,142,5,20.0,143,1
0.35,0.47,0,1,0,1,140,6,19.0,142,5,20.0,143,1
0.35,0.47,0,1,0,1,144,7,19.83,142,5,20.0,143,1
0.49,0.54,1,1,1,1,12,1,1.0,0,0,0.0,0,1
0.49,0.54,1,1,1,1,17,1,2.0,0,0,0.0,0,1
0.49,0.54,1,1,1,1,25,1,3.0,0,0,0.0,0,1
0.49,0.54,1,1,1,1,34,1,4.0,0,0,0.0,0,1
0.49,0.54,1,1,1,1,40,1,5.0,0,0,0.0,0,1
0.49,0.54,1,1,1,1,45,1,6.0,0,0,0.0,0,1
0.49,0.54,1,1,1,1,55,1,7.0,0,0,0.0,0,1
0.49,0.54,1,1,1,1,64,1,8.0,0,0,0.0,0,1
0.49,0.54,1,1,1,1,74,1,9.0,0,0,0.0,0,1
0.49,0.54,1,1,1,1,78,1,10.0,0,0,0.0,0,1
0.49,0.54,1,1,1,1,91,1,11.0,0,0,0.0,0,1
0.49,0.54,1,1,1,1,96,1,12.0,0,0,0.0,0,1
0.49,0.54,1,1,1,1,103,1,13.0,0,0,0.0,0,1
0.49,0.54,1,1,1,1,111,2,14.0,0,0,0.0,0,1
0.49,0.54,1,1,1,1,120,2,15.0,0,0,0.0,0,1
0.49,0.54,1,1,1,1,123,2,16.0,0,0,0.0,0,1
0.49,0.54,1,1,1,1,130,2,17.0,0,0,0.0,0,1
0.49,0.54,1,1,1,1,135,3,18.0,0,0,0.0,0,1
0.49,0.54,1,1,1,1,140,3,19.0,0,0,0.0,0,1
0.49,0.54,1,1,1,1,160,3,20.0,0,0,0.0,0,1
0.49,0.54,1,1,0,0,160,3,20.0,6,0,1.0,161,1
0.49,0.54,1,1,0,0,160,3,20.0,20,0,2.0,161,1
0.49,0.54,1,1,0,0,160,3,20.0,31,0,3.0,161,1
0.49,0.54,1,1,0,0,160,3,20.0,37,0,4.0,161,1
0.49,0.54,1,1,0,0,160,3,20.0,41,1,5.0,161,1
0.49,0.54,1,1,0,0,160,3,20.0,53,1,6.0,161,1
0.49,0.54,1,1,0,0,160,3,20.0,55,1,7.0,161,1
0.49,0.54,1,1,0,0,160,3,20.0,59,1,8.0,161,1
0.49,0.54,1,1,0,0,160,3,20.0,64,1,9.0,161,1
0.49,0.54,1,1,0,0,160,3,20.0,73,1,10.0,161,1
0.49,0.54,1,1,0,0,160,3,20.0,84,1,11.0,161,1
0.49,0.54,1,1,0,0,160,3,20.0,88,2,12.0,161,1
0.49,0.54,1,1,0,0,160,3,20.0,100,2,13.0,161,1
0.49,0.54,1,1,0,0,160,3,20.0,112,2,14.0,161,1
0.49,0.54,1,1,0,0,160,3,20.0,114,2,15.0,161,1
0.49,0.54,1,1,0,0,160,3,20.0,128,2,16.0,161,1
0.49,0.54,1,1,0,0,160,3,20.0,131,2,17.0,161,1
0.49,0.54,1,1,0,0,160,3,20.0,143,3,18.0,161,1
0.49,0.54,1,1,0,0,160,3,20.0,146,3,19.0,161,1
0.49,0.54,1,1,0,0,160,3,20.0,153,4,20.0,161,1
0.43,0.47,0,0,1,1,3,0,1.0,0,0,0.0,0,0
0.43,0.47,0,0,1,1,16,0,2.0,0,0,0.0,0,0
0.43,0.47,0,0,1,1,23,0,3.0,0,0,0.0,0,0
0.43,0.47,0,0,1,1,32,1,4.0,0,0,0.0,0,0
0.43,0.47,0,0,1,1,39,1,5.0,0,0,0.0,0,0
0.43,0.47,0,0,1,1,46,1,6.0,0,0,0.0,0,0
0.43,0.47,0,0,1,1,53,1,7.0,0,0,0.0,0,0
0.43,0.47,0,0,1,1,73,1,8.0,0,0,0.0,0,0
0.43,0.47,0,0,1,1,85,1,9.0,0,0,0.0,0,0
0.43,0.47,0,0,1,1,90,1,10.0,0,0,0.0,0,0
0.43,0.47,0,0,1,1,100,1,11.0,0,0,0.0,0,0
0.43,0.47,0,0,1,1,103,1,12.0,0,0,0.0,0,0
0.43,0.47,0,0,1,1,106,1,13.0,0,0,0.0,0,0
0.43,0.47,0,0,1,1,112,1,14.0,0,0,0.0,0,0
0.43,0.47,0,0,1,1,118,2,15.0,0,0,0.0,0,0
0.43,0.47,0,0,1,1,132,2,16.0,0,0,0.0,0,0
0.43,0.47,0,0,1,1,137,3,17.0,0,0,0.0,0,0
0.43,0.47,0,0,1,1,146,3,18.0,0,0,0.0,0,0
0.43,0.47,0,0,1,1,148,3,19.0,0,0,0.0,0,0
0.43,0.47,0,0,1,1,152,4,20.0,0,0,0.0,0,0
0.43,0.47,0,0,0,0,152,4,20.0,6,0,1.0,153,0
0.43,0.47,0,0,0,0,152,4,20.0,10,0,2.0,153,0
0.43,0.47,0,0,0,0,152,4,20.0,18,0,3.0,153,0
0.43,0.47,0,0,0,0,152,4,20.0,29,0,4.0,153,0
0.43,0.47,0,0,0,0,152,4,20.0,41,0,5.0,153,0
0.43,0.47,0,0,0,0,152,4,20.0,46,1,6.0,153,0
0.43,0.47,0,0,0,0,152,4,20.0,48,2,7.0,153,0
0.43,0.47,0,0,0,0,152,4,20.0,60,2,8.0,153,0
0.43,0.47,0,0,0,0,152,4,20.0,67,2,9.0,153,0
0.43,0.47,0,0,0,0,152,4,20.0,74,2,10.0,153,0
0.43,0.47,0,0,0,0,152,4,20.0,81,2,11.0,153,0
0.43,0.47,0,0,0,0,152,4,20.0,87,3,12.0,153,0
0.43,0.47,0,0,0,0,152,4,20.0,94,4,13.0,153,0
0.43,0.47,0,0,0,0,152,4,20.0,100,4,14.0,153,0
0.43,0.47,0,0,0,0,152,4,20.0,108,4,15.0,153,0
0.43,0.47,0,0,0,0,152,4,20.0,113,5,16.0,153,0
0.43,0.47,0,0,0,0,152,4,20.0,120,5,17.0,153,0
0.43,0.47,0,0,0,0,152,4,20.0,126,7,18.0,153,0
0.43,0.47,0,0,0,0,152,4,20.0,138,7,19.0,153,0
0.43,0.47,0,0,0,0,152,4,20.0,154,7,19.5,153,0
0.57,0.43,0,1,1,0,0,0,0.0,1,0,1.0,0,1
0.57,0.43,0,1,1,0,0,0,0.0,4,0,2.0,0,1
0.57,0.43,0,1,1,0,0,0,0.0,12,1,3.0,0,1
0.57,0.43,0,1,1,0,0,0,0.0,21,1,4.0,0,1
0.57,0.43,0,1,1,0,0,0,0.0,26,2,5.0,0,1
0.57,0.43,0,1,1,0,0,0,0.0,29,2,6.0,0,1
0.57,0.43,0,1,1,0,0,0,0.0,35,2,7.0,0,1
0.57,0.43,0,1,1,0,0,0,0.0,37,3,8.0,0,1
0.57,0.43,0,1,1,0,0,0,0.0,41,3,9.0,0,1
0.57,0.43,0,1,1,0,0,0,0.0,46,3,10.0,0,1
0.57,0.43,0,1,1,0,0,0,0.0,47,4,11.0,0,1
0.57,0.43,0,1,1,0,0,0,0.0,57,4,12.0,0,1
0.57,0.43,0,1,1,0,0,0,0.0,66,4,13.0,0,1
0.57,0.43,0,1,1,0,0,0,0.0,72,4,14.0,0,1
0.57,0.43,0,1,1,0,0,0,0.0,77,4,15.0,0,1
0.57,0.43,0,1,1,0,0,0,0.0,94,4,16.0,0,1
0.57,0.43,0,1,1,0,0,0,0.0,98,4,17.0,0,1
0.57,0.43,0,1,1,0,0,0,0.0,99,5,18.0,0,1
0.57,0.43,0,1,1,0,0,0,0.0,107,6,19.0,0,1
0.57,0.43,0,1,1,0,0,0,0.0,117,6,20.0,0,1
0.57,0.43,0,1,0,1,9,0,1.0,117,6,20.0,118,1
0.57,0.43,0,1,0,1,13,2,2.0,117,6,20.0,118,1
0.57,0.43,0,1,0,1,18,2,3.0,117,6,20.0,118,1
0.57,0.43,0,1,0,1,26,2,4.0,117,6,20.0,118,1
0.57,0.43,0,1,0,1,38,2,5.0,117,6,20.0,118,1
0.57,0.43,0,1,0,1,55,2,6.0,117,6,20.0,118,1
0.57,0.43,0,1,0,1,64,2,7.0,117,6,20.0,118,1
0.57,0.43,0,1,0,1,72,2,8.0,117,6,20.0,118,1
0.57,0.43,0,1,0,1,79,2,9.0,117,6,20.0,118,1
0.57,0.43,0,1,0,1,93,2,10.0,117,6,20.0,118,1
0.57,0.43,0,1,0,1,101,2,11.0,117,6,20.0,118,1
0.57,0.43,0,1,0,1,109,2,12.0,117,6,20.0,118,1
0.57,0.43,0,1,0,1,119,2,12.5,117,6,20.0,118,1
0.4,0.45,0,1,1,0,0,0,0.0,12,0,1.0,0,1
0.4,0.45,0,1,1,0,0,0,0.0,20,0,2.0,0,1
0.4,0.45,0,1,1,0,0,0,0.0,21,1,3.0,0,1
0.4,0.45,0,1,1,0,0,0,0.0,28,1,4.0,0,1
0.4,0.45,0,1,1,0,0,0,0.0,34,1,5.0,0,1
0.4,0.45,0,1,1,0,0,0,0.0,40,1,6.0,0,1
0.4,0.45,0,1,1,0,0,0,0.0,47,1,7.0,0,1
0.4,0.45,0,1,1,0,0,0,0.0,60,1,8.0,0,1
0.4,0.45,0,1,1,0,0,0,0.0,64,1,9.0,0,1
0.4,0.45,0,1,1,0,0,0,0.0,71,1,10.0,0,1
0.4,0.45,0,1,1,0,0,0,0.0,73,1,11.0,0,1
0.4,0.45,0,1,1,0,0,0,0.0,75,2,12.0,0,1
0.4,0.45,0,1,1,0,0,0,0.0,85,2,13.0,0,1
0.4,0.45,0,1,1,0,0,0,0.0,90,2,14.0,0,1
0.4,0.45,0,1,1,0,0,0,0.0,95,2,15.0,0,1
0.4,0.45,0,1,1,0,0,0,0.0,111,3,16.0,0,1
0.4,0.45,0,1,1,0,0,0,0.0,114,3,17.0,0,1
0.4,0.45,0,1,1,0,0,0,0.0,121,3,18.0,0,1
0.4,0.45,0,1,1,0,0,0,0.0,136,3,19.0,0,1
0.4,0.45,0,1,1,0,0,0,0.0,153,4,20.0,0,1
0.4,0.45,0,1,0,1,9,0,1.0,153,4,20.0,154,1
0.4,0.45,0,1,0,1,13,0,2.0,153,4,20.0,154,1
0.4,0.45,0,1,0,1,17,0,3.0,153,4,20.0,154,1
0.4,0.45,0,1,0,1,23,0,4.0,153,4,20.0,154,1
0.4,0.45,0,1,0,1,32,0,5.0,153,4,20.0,154,1
0.4,0.45,0,1,0,1,38,2,6.0,153,4,20.0,154,1
0.4,0.45,0,1,0,1,41,3,7.0,153,4,20.0,154,1
0.4,0.45,0,1,0,1,48,3,8.0,153,4,20.0,154,1
0.4,0.45,0,1,0,1,49,3,9.0,153,4,20.0,154,1
0.4,0.45,0,1,0,1,60,3,10.0,153,4,20.0,154,1
0.4,0.45,0,1,0,1,76,3,11.0,153,4,20.0,154,1
0.4,0.45,0,1,0,1,81,3,12.0,153,4,20.0,154,1
0.4,0.45,0,1,0,1,100,3,13.0,153,4,20.0,154,1
0.4,0.45,0,1,0,1,106,3,14.0,153,4,20.0,154,1
0.4,0.45,0,1,0,1,116,3,15.0,153,4,20.0,154,1
0.4,0.45,0,1,0,1,124,4,16.0,153,4,20.0,154,1
0.4,0.45,0,1,0,1,133,4,17.0,153,4,20.0,154,1
0.4,0.45,0,1,0,1,141,5,18.0,153,4,20.0,154,1
0.4,0.45,0,1,0,1,151,5,19.0,153,4,20.0,154,1
0.4,0.45,0,1,0,1,156,5,19.5,153,4,20.0,154,1
0.42,0.63,1,0,1,0,0,0,0.0,4,0,1.0,0,0
0.42,0.63,1,0,1,0,0,0,0.0,17,0,2.0,0,0
0.42,0.63,1,0,1,0,0,0,0.0,24,0,3.0,0,0
0.42,0.63,1,0,1,0,0,0,0.0,28,0,4.0,0,0
0.42,0.63,1,0,1,0,0,0,0.0,35,1,5.0,0,0
0.42,0.63,1,0,1,0,0,0,0.0,44,1,6.0,0,0
0.42,0.63,1,0,1,0,0,0,0.0,51,1,7.0,0,0
0.42,0.63,1,0,1,0,0,0,0.0,63,1,8.0,0,0
0.42,0.63,1,0,1,0,0,0,0.0,67,1,9.0,0,0
0.42,0.63,1,0,1,0,0,0,0.0,74,1,10.0,0,0
0.42,0.63,1,0,1,0,0,0,0.0,81,1,11.0,0,0
0.42,0.63,1,0,1,0,0,0,0.0,88,1,12.0,0,0
0.42,0.63,1,0,1,0,0,0,0.0,95,1,13.0,0,0
0.42,0.63,1,0,1,0,0,0,0.0,107,1,14.0,0,0
0.42,0.63,1,0,1,0,0,0,0.0,107,1,15.0,0,0
0.42,0.63,1,0,1,0,0,0,0.0,113,1,16.0,0,0
0.42,0.63,1,0,1,0,0,0,0.0,119,1,17.0,0,0
0.42,0.63,1,0,1,0,0,0,0.0,127,1,18.0,0,0
0.42,0.63,1,0,1,0,0,0,0.0,136,1,19.0,0,0
0.42,0.63,1,0,1,0,0,0,0.0,140,2,20.0,0,0
0.42,0.63,1,0,0,1,12,0,1.0,140,2,20.0,141,0
0.42,0.63,1,0,0,1,21,0,2.0,140,2,20.0,141,0
0.42,0.63,1,0,0,1,23,0,3.0,140,2,20.0,141,0
0.42,0.63,1,0,0,1,29,0,4.0,140,2,20.0,141,0
0.42,0.63,1,0,0,1,30,1,5.0,140,2,20.0,141,0
0.42,0.63,1,0,0,1,34,2,6.0,140,2,20.0,141,0
0.42,0.63,1,0,0,1,39,2,7.0,140,2,20.0,141,0
0.42,0.63,1,0,0,1,41,2,8.0,140,2,20.0,141,0
0.42,0.63,1,0,0,1,46,2,9.0,140,2,20.0,141,0
0.42,0.63,1,0,0,1,51,2,10.0,140,2,20.0,141,0
0.42,0.63,1,0,0,1,53,2,11.0,140,2,20.0,141,0
0.42,0.63,1,0,0,1,61,2,12.0,140,2,20.0,141,0
0.42,0.63,1,0,0,1,68,2,13.0,140,2,20.0,141,0
0.42,0.63,1,0,0,1,83,2,14.0,140,2,20.0,141,0
0.42,0.63,1,0,0,1,91,3,15.0,140,2,20.0,141,0
0.42,0.63,1,0,0,1,104,3,16.0,140,2,20.0,141,0
0.42,0.63,1,0,0,1,108,4,17.0,140,2,20.0,141,0
0.42,0.63,1,0,0,1,113,4,18.0,140,2,20.0,141,0
0.42,0.63,1,0,0,1,124,4,19.0,140,2,20.0,141,0
0.42,0.63,1,0,0,1,134,5,20.0,140,2,20.0,141,0
0.52,0.41,0,0,1,1,7,0,1.0,0,0,0.0,0,0
0.52,0.41,0,0,1,1,11,1,2.0,0,0,0.0,0,0
0.52,0.41,0,0,1,1,19,1,3.0,0,0,0.0,0,0
0.52,0.41,0,0,1,1,23,1,4.0,0,0,0.0,0,0
0.52,0.41,0,0,1,1,30,1,5.0,0,0,0.0,0,0
0.52,0.41,0,0,1,1,33,2,6.0,0,0,0.0,0,0
0.52,0.41,0,0,1,1,39,2,7.0,0,0,0.0,0,0
0.52,0.41,0,0,1,1,51,3,8.0,0,0,0.0,0,0
0.52,0.41,0,0,1,1,52,4,9.0,0,0,0.0,0,0
0.52,0.41,0,0,1,1,60,4,10.0,0,0,0.0,0,0
0.52,0.41,0,0,1,1,62,4,11.0,0,0,0.0,0,0
0.52,0.41,0,0,1,1,65,4,12.0,0,0,0.0,0,0
0.52,0.41,0,0,1,1,72,5,13.0,0,0,0.0,0,0
0.52,0.41,0,0,1,1,82,5,14.0,0,0,0.0,0,0
0.52,0.41,0,0,1,1,89,5,15.0,0,0,0.0,0,0
0.52,0.41,0,0,1,1,96,5,16.0,0,0,0.0,0,0
0.52,0.41,0,0,1,1,102,6,17.0,0,0,0.0,0,0
0.52,0.41,0,0,1,1,108,6,18.0,0,0,0.0,0,0
0.52,0.41,0,0,1,1,115,6,19.0,0,0,0.0,0,0
0.52,0.41,0,0,1,1,119,6,20.0,0,0,0.0,0,0
0.52,0.41,0,0,0,0,119,6,20.0,7,0,1.0,120,0
0.52,0.41,0,0,0,0,119,6,20.0,13,0,2.0,120,0
0.52,0.41,0,0,0,0,119,6,20.0,21,1,3.0,120,0
0.52,0.41,0,0,0,0,119,6,20.0,25,1,4.0,120,0
0.52,0.41,0,0,0,0,119,6,20.0,32,1,5.0,120,0
0.52,0.41,0,0,0,0,119,6,20.0,40,1,6.0,120,0
0.52,0.41,0,0,0,0,119,6,20.0,48,1,7.0,120,0
0.52,0.41,0,0,0,0,119,6,20.0,58,1,8.0,120,0
0.52,0.41,0,0,0,0,119,6,20.0,63,1,9.0,120,0
0.52,0.41,0,0,0,0,119,6,20.0,66,1,10.0,120,0
0.52,0.41,0,0,0,0,119,6,20.0,73,3,11.0,120,0
0.52,0.41,0,0,0,0,119,6,20.0,84,3,12.0,120,0
0.52,0.41,0,0,0,0,119,6,20.0,100,3,13.0,120,0
0.52,0.41,0,0,0,0,119,6,20.0,113,3,14.0,120,0
0.52,0.41,0,0,0,0,119,6,20.0,116,3,15.0,120,0
0.52,0.41,0,0,0,0,119,6,20.0,118,4,16.0,120,0
0.52,0.41,0,0,0,0,119,6,20.0,122,4,17.0,120,0
0.43,0.62,0,0,1,1,7,0,1.0,0,0,0.0,0,0
0.43,0.62,0,0,1,1,9,1,2.0,0,0,0.0,0,0
0.43,0.62,0,0,1,1,18,1,3.0,0,0,0.0,0,0
0.43,0.62,0,0,1,1,26,1,4.0,0,0,0.0,0,0
0.43,0.62,0,0,1,1,36,1,5.0,0,0,0.0,0,0
0.43,0.62,0,0,1,1,40,2,6.0,0,0,0.0,0,0
0.43,0.62,0,0,1,1,47,4,7.0,0,0,0.0,0,0
0.43,0.62,0,0,1,1,56,5,8.0,0,0,0.0,0,0
0.43,0.62,0,0,1,1,59,6,9.0,0,0,0.0,0,0
0.43,0.62,0,0,1,1,66,6,10.0,0,0,0.0,0,0
0.43,0.62,0,0,1,1,71,6,11.0,0,0,0.0,0,0
0.43,0.62,0,0,1,1,77,7,12.0,0,0,0.0,0,0
0.43,0.62,0,0,1,1,87,7,13.0,0,0,0.0,0,0
0.43,0.62,0,0,1,1,87,7,14.0,0,0,0.0,0,0
0.43,0.62,0,0,1,1,91,7,15.0,0,0,0.0,0,0
0.43,0.62,0,0,1,1,98,7,16.0,0,0,0.0,0,0
0.43,0.62,0,0,1,1,102,8,17.0,0,0,0.0,0,0
0.43,0.62,0,0,1,1,107,9,18.0,0,0,0.0,0,0
0.43,0.62,0,0,1,1,112,9,19.0,0,0,0.0,0,0
0.43,0.62,0,0,1,1,127,9,20.0,0,0,0.0,0,0
0.43,0.62,0,0,0,0,127,9,20.0,14,0,1.0,128,0
0.43,0.62,0,0,0,0,127,9,20.0,31,1,2.0,128,0
0.43,0.62,0,0,0,0,127,9,20.0,47,1,3.0,128,0
0.43,0.62,0,0,0,0,127,9,20.0,59,1,4.0,128,0
0.43,0.62,0,0,0,0,127,9,20.0,72,1,5.0,128,0
0.43,0.62,0,0,0,0,127,9,20.0,83,2,6.0,128,0
0.43,0.62,0,0,0,0,127,9,20.0,92,3,7.0,128,0
0.43,0.62,0,0,0,0,127,9,20.0,98,3,8.0,128,0
0.43,0.62,0,0,0,0,127,9,20.0,110,3,9.0,128,0
0.43,0.62,0,0,0,0,127,9,20.0,119,4,10.0,128,0
0.43,0.62,0,0,0,0,127,9,20.0,130,4,10.83,128,0
0.55,0.54,0,0,1,1,9,0,1.0,0,0,0.0,0,1
0.55,0.54,0,0,1,1,20,1,2.0,0,0,0.0,0,1
0.55,0.54,0,0,1,1,26,1,3.0,0,0,0.0,0,1
0.55,0.54,0,0,1,1,35,1,4.0,0,0,0.0,0,1
0.55,0.54,0,0,1,1,48,1,5.0,0,0,0.0,0,1
0.55,0.54,0,0,1,1,54,1,6.0,0,0,0.0,0,1
0.55,0.54,0,0,1,1,66,1,7.0,0,0,0.0,0,1
0.55,0.54,0,0,1,1,77,1,8.0,0,0,0.0,0,1
0.55,0.54,0,0,1,1,87,1,9.0,0,0,0.0,0,1
0.55,0.54,0,0,1,1,87,1,10.0,0,0,0.0,0,1
0.55,0.54,0,0,1,1,91,2,11.0,0,0,0.0,0,1
0.55,0.54,0,0,1,1,97,3,12.0,0,0,0.0,0,1
0.55,0.54,0,0,1,1,102,3,13.0,0,0,0.0,0,1
0.55,0.54,0,0,1,1,113,3,14.0,0,0,0.0,0,1
0.55,0.54,0,0,1,1,119,3,15.0,0,0,0.0,0,1
0.55,0.54,0,0,1,1,131,3,16.0,0,0,0.0,0,1
0.55,0.54,0,0,1,1,134,3,17.0,0,0,0.0,0,1
0.55,0.54,0,0,1,1,139,3,18.0,0,0,0.0,0,1
0.55,0.54,0,0,1,1,147,3,19.0,0,0,0.0,0,1
0.55,0.54,0,0,1,1,156,3,20.0,0,0,0.0,0,1
0.55,0.54,0,0,0,0,156,3,20.0,4,0,1.0,157,1
0.55,0.54,0,0,0,0,156,3,20.0,9,0,2.0,157,1
0.55,0.54,0,0,0,0,156,3,20.0,14,0,3.0,157,1
0.55,0.54,0,0,0,0,156,3,20.0,24,0,4.0,157,1
0.55,0.54,0,0,0,0,156,3,20.0,33,0,5.0,157,1
0.55,0.54,0,0,0,0,156,3,20.0,44,1,6.0,157,1
0.55,0.54,0,0,0,0,156,3,20.0,47,1,7.0,157,1
0.55,0.54,0,0,0,0,156,3,20.0,48,1,8.0,157,1
0.55,0.54,0,0,0,0,156,3,20.0,56,2,9.0,157,1
0.55,0.54,0,0,0,0,156,3,20.0,65,2,10.0,157,1
0.55,0.54,0,0,0,0,156,3,20.0,67,2,11.0,157,1
0.55,0.54,0,0,0,0,156,3,20.0,74,2,12.0,157,1
0.55,0.54,0,0,0,0,156,3,20.0,82,4,13.0,157,1
0.55,0.54,0,0,0,0,156,3,20.0,84,6,14.0,157,1
0.55,0.54,0,0,0,0,156,3,20.0,101,6,15.0,157,1
0.55,0.54,0,0,0,0,156,3,20.0,105,6,16.0,157,1
0.55,0.54,0,0,0,0,156,3,20.0,108,7,17.0,157,1
0.55,0.54,0,0,0,0,156,3,20.0,118,7,18.0,157,1
0.55,0.54,0,0,0,0,156,3,20.0,133,8,19.0,157,1
0.55,0.54,0,0,0,0,156,3,20.0,138,8,20.0,157,1
0.63,0.59,0,1,1,0,0,0,0.0,9,0,1.0,0,1
0.63,0.59,0,1,1,0,0,0,0.0,14,0,2.0,0,1
0.63,0.59,0,1,1,0,0,0,0.0,17,0,3.0,0,1
0.63,0.59,0,1,1,0,0,0,0.0,26,0,4.0,0,1
0.63,0.59,0,1,1,0,0,0,0.0,32,0,5.0,0,1
0.63,0.59,0,1,1,0,0,0,0.0,40,0,6.0,0,1
0.63,0.59,0,1,1,0,0,0,0.0,43,0,7.0,0,1
0.63,0.59,0,1,1,0,0,0,0.0,45,0,8.0,0,1
0.63,0.59,0,1,1,0,0,0,0.0,48,0,9.0,0,1
0.63,0.59,0,1,1,0,0,0,0.0,61,0,10.0,0,1
0.63,0.59,0,1,1,0,0,0,0.0,69,0,11.0,0,1
0.63,0.59,0,1,1,0,0,0,0.0,74,0,12.0,0,1
0.63,0.59,0,1,1,0,0,0,0.0,82,0,13.0,0,1
0.63,0.59,0,1,1,0,0,0,0.0,90,0,14.0,0,1
0.63,0.59,0,1,1,0,0,0,0.0,101,1,15.0,0,1
0.63,0.59,0,1,1,0,0,0,0.0,110,1,16.0,0,1
0.63,0.59,0,1,1,0,0,0,0.0,115,1,17.0,0,1
0.63,0.59,0,1,1,0,0,0,0.0,126,2,18.0,0,1
0.63,0.59,0,1,1,0,0,0,0.0,128,3,19.0,0,1
0.63,0.59,0,1,1,0,0,0,0.0,131,4,20.0,0,1
0.63,0.59,0,1,0,1,9,1,1.0,131,4,20.0,132,1
0.63,0.59,0,1,0,1,14,1,2.0,131,4,20.0,132,1
0.63,0.59,0,1,0,1,23,1,3.0,131,4,20.0,132,1
0.63,0.59,0,1,0,1,31,2,4.0,131,4,20.0,132,1
0.63,0.59,0,1,0,1,33,3,5.0,131,4,20.0,132,1
0.63,0.59,0,1,0,1,45,3,6.0,131,4,20.0,132,1
0.63,0.59,0,1,0,1,55,3,7.0,131,4,20.0,132,1
0.63,0.59,0,1,0,1,64,3,8.0,131,4,20.0,132,1
0.63,0.59,0,1,0,1,74,4,9.0,131,4,20.0,132,1
0.63,0.59,0,1,0,1,83,4,10.0,131,4,20.0,132,1
0.63,0.59,0,1,0,1,91,5,11.0,131,4,20.0,132,1
0.63,0.59,0,1,0,1,107,5,12.0,131,4,20.0,132,1
0.63,0.59,0,1,0,1,113,5,13.0,131,4,20.0,132,1
0.63,0.59,0,1,0,1,117,5,14.0,131,4,20.0,132,1
0.63,0.59,0,1,0,1,122,6,15.0,131,4,20.0,132,1
0.63,0.59,0,1,0,1,126,6,16.0,131,4,20.0,132,1
0.63,0.59,0,1,0,1,129,6,17.0,131,4,20.0,132,1
0.63,0.59,0,1,0,1,135,6,17.17,131,4,20.0,132,1
0.41,0.59,1,1,1,1,3,1,1.0,0,0,0.0,0,0
0.41,0.59,1,1,1,1,13,1,2.0,0,0,0.0,0,0
0.41,0.59,1,1,1,1,19,1,3.0,0,0,0.0,0,0
0.41,0.59,1,1,1,1,32,1,4.0,0,0,0.0,0,0
0.41,0.59,1,1,1,1,33,1,5.0,0,0,0.0,0,0
0.41,0.59,1,1,1,1,34,1,6.0,0,0,0.0,0,0
0.41,0.59,1,1,1,1,41,1,7.0,0,0,0.0,0,0
0.41,0.59,1,1,1,1,43,1,8.0,0,0,0.0,0,0
0.41,0.59,1,1,1,1,55,1,9.0,0,0,0.0,0,0
0.41,0.59,1,1,1,1,58,1,10.0,0,0,0.0,0,0
0.41,0.59,1,1,1,1,63,1,11.0,0,0,0.0,0,0
0.41,0.59,1,1,1,1,68,1,12.0,0,0,0.0,0,0
0.41,0.59,1,1,1,1,69,2,13.0,0,0,0.0,0,0
0.41,0.59,1,1,1,1,75,3,14.0,0,0,0.0,0,0
0.41,0.59,1,1,1,1,88,3,15.0,0,0,0.0,0,0
0.41,0.59,1,1,1,1,92,3,16.0,0,0,0.0,0,0
0.41,0.59,1,1,1,1,94,3,17.0,0,0,0.0,0,0
0.41,0.59,1,1,1,1,100,4,18.0,0,0,0.0,0,0
0.41,0.59,1,1,1,1,106,4,19.0,0,0,0.0,0,0
0.41,0.59,1,1,1,1,113,4,20.0,0,0,0.0,0,0
0.41,0.59,1,1,0,0,113,4,20.0,9,0,1.0,114,0
0.41,0.59,1,1,0,0,113,4,20.0,18,0,2.0,114,0
0.41,0.59,1,1,0,0,113,4,20.0,21,0,3.0,114,0
0.41,0.59,1,1,0,0,113,4,20.0,26,0,4.0,114,0
0.41,0.59,1,1,0,0,113,4,20.0,35,0,5.0,114,0
0.41,0.59,1,1,0,0,113,4,20.0,36,1,6.0,114,0
0.41,0.59,1,1,0,0,113,4,20.0,43,1,7.0,114,0
0.41,0.59,1,1,0,0,113,4,20.0,54,1,8.0,114,0
0.41,0.59,1,1,0,0,113,4,20.0,63,3,9.0,114,0
0.41,0.59,1,1,0,0,113,4,20.0,75,3,10.0,114,0
0.41,0.59,1,1,0,0,113,4,20.0,76,3,11.0,114,0
0.41,0.59,1,1,0,0,113,4,20.0,81,3,12.0,114,0
0.41,0.59,1,1,0,0,113,4,20.0,88,3,13.0,114,0
0.41,0.59,1,1,0,0,113,4,20.0,99,3,14.0,114,0
0.41,0.59,1,1,0,0,113,4,20.0,112,4,15.0,114,0
0.41,0.59,1,1,0,0,113,4,20.0,114,4,15.17,114,0
0.37,0.5,1,0,1,0,0,0,0.0,9,0,1.0,0,1
0.37,0.5,1,0,1,0,0,0,0.0,16,0,2.0,0,1
0.37,0.5,1,0,1,0,0,0,0.0,20,0,3.0,0,1
0.37,0.5,1,0,1,0,0,0,0.0,30,0,4.0,0,1
0.37,0.5,1,0,1,0,0,0,0.0,40,0,5.0,0,1
0.37,0.5,1,0,1,0,0,0,0.0,47,0,6.0,0,1
0.37,0.5,1,0,1,0,0,0,0.0,53,0,7.0,0,1
0.37,0.5,1,0,1,0,0,0,0.0,61,1,8.0,0,1
0.37,0.5,1,0,1,0,0,0,0.0,76,2,9.0,0,1
0.37,0.5,1,0,1,0,0,0,0.0,83,2,10.0,0,1
0.37,0.5,1,0,1,0,0,0,0.0,97,2,11.0,0,1
0.37,0.5,1,0,1,0,0,0,0.0,103,2,12.0,0,1
0.37,0.5,1,0,1,0,0,0,0.0,118,2,13.0,0,1
0.37,0.5,1,0,1,0,0,0,0.0,130,2,14.0,0,1
0.37,0.5,1,0,1,0,0,0,0.0,134,2,15.0,0,1
0.37,0.5,1,0,1,0,0,0,0.0,148,2,16.0,0,1
0.37,0.5,1,0,1,0,0,0,0.0,154,2,17.0,0,1
0.37,0.5,1,0,1,0,0,0,0.0,165,3,18.0,0,1
0.37,0.5,1,0,1,0,0,0,0.0,171,3,19.0,0,1
0.37,0.5,1,0,1,0,0,0,0.0,175,3,20.0,0,1
0.37,0.5,1,0,0,1,15,1,1.0,175,3,20.0,176,1
0.37,0.5,1,0,0,1,25,1,2.0,175,3,20.0,176,1
0.37,0.5,1,0,0,1,37,1,3.0,175,3,20.0,176,1
0.37,0.5,1,0,0,1,49,1,4.0,175,3,20.0,176,1
0.37,0.5,1,0,0,1,51,1,5.0,175,3,20.0,176,1
0.37,0.5,1,0,0,1,52,2,6.0,175,3,20.0,176,1
0.37,0.5,1,0,0,1,65,2,7.0,175,3,20.0,176,1
0.37,0.5,1,0,0,1,71,2,8.0,175,3,20.0,176,1
0.37,0.5,1,0,0,1,74,2,9.0,175,3,20.0,176,1
0.37,0.5,1,0,0,1,76,2,10.0,175,3,20.0,176,1
0.37,0.5,1,0,0,1,81,3,11.0,175,3,20.0,176,1
0.37,0.5,1,0,0,1,93,3,12.0,175,3,20.0,176,1
0.37,0.5,1,0,0,1,102,3,13.0,175,3,20.0,176,1
0.37,0.5,1,0,0,1,109,3,14.0,175,3,20.0,176,1
0.37,0.5,1,0,0,1,122,3,15.0,175,3,20.0,176,1
0.37,0.5,1,0,0,1,128,4,16.0,175,3,20.0,176,1
0.37,0.5,1,0,0,1,145,4,17.0,175,3,20.0,176,1
0.37,0.5,1,0,0,1,155,5,18.0,175,3,20.0,176,1
0.37,0.5,1,0,0,1,169,6,19.0,175,3,20.0,176,1
0.37,0.5,1,0,0,1,176,6,19.67,175,3,20.0,176,1
0.36,0.44,0,1,1,0,0,0,0.0,8,0,1.0,0,1
0.36,0.44,0,1,1,0,0,0,0.0,18,2,2.0,0,1
0.36,0.44,0,1,1,0,0,0,0.0,23,2,3.0,0,1
0.36,0.44,0,1,1,0,0,0,0.0,32,2,4.0,0,1
0.36,0.44,0,1,1,0,0,0,0.0,32,3,5.0,0,1
0.36,0.44,0,1,1,0,0,0,0.0,43,4,6.0,0,1
0.36,0.44,0,1,1,0,0,0,0.0,54,4,7.0,0,1
0.36,0.44,0,1,1,0,0,0,0.0,59,4,8.0,0,1
0.36,0.44,0,1,1,0,0,0,0.0,69,4,9.0,0,1
0.36,0.44,0,1,1,0,0,0,0.0,73,5,10.0,0,1
0.36,0.44,0,1,1,0,0,0,0.0,76,5,11.0,0,1
0.36,0.44,0,1,1,0,0,0,0.0,80,5,12.0,0,1
0.36,0.44,0,1,1,0,0,0,0.0,87,5,13.0,0,1
0.36,0.44,0,1,1,0,0,0,0.0,95,6,14.0,0,1
0.36,0.44,0,1,1,0,0,0,0.0,97,7,15.0,0,1
0.36,0.44,0,1,1,0,0,0,0.0,105,7,16.0,0,1
0.36,0.44,0,1,1,0,0,0,0.0,108,8,17.0,0,1
0.36,0.44,0,1,1,0,0,0,0.0,112,8,18.0,0,1
0.36,0.44,0,1,1,0,0,0,0.0,127,8,19.0,0,1
0.36,0.44,0,1,1,0,0,0,0.0,135,8,20.0,0,1
0.36,0.44,0,1,0,1,9,0,1.0,135,8,20.0,136,1
0.36,0.44,0,1,0,1,15,0,2.0,135,8,20.0,136,1
0.36,0.44,0,1,0,1,17,0,3.0,135,8,20.0,136,1
0.36,0.44,0,1,0,1,27,0,4.0,135,8,20.0,136,1
0.36,0.44,0,1,0,1,33,0,5.0,135,8,20.0,136,1
0.36,0.44,0,1,0,1,42,0,6.0,135,8,20.0,136,1
0.36,0.44,0,1,0,1,50,0,7.0,135,8,20.0,136,1
0.36,0.44,0,1,0,1,60,1,8.0,135,8,20.0,136,1
0.36,0.44,0,1,0,1,68,1,9.0,135,8,20.0,136,1
0.36,0.44,0,1,0,1,70,2,10.0,135,8,20.0,136,1
0.36,0.44,0,1,0,1,79,2,11.0,135,8,20.0,136,1
0.36,0.44,0,1,0,1,92,2,12.0,135,8,20.0,136,1
0.36,0.44,0,1,0,1,94,3,13.0,135,8,20.0,136,1
0.36,0.44,0,1,0,1,109,3,14.0,135,8,20.0,136,1
0.36,0.44,0,1,0,1,116,3,15.0,135,8,20.0,136,1
0.36,0.44,0,1,0,1,129,3,16.0,135,8,20.0,136,1
0.36,0.44,0,1,0,1,137,3,16.5,135,8,20.0,136,1
0.37,0.56,1,1,1,1,0,2,1.0,0,0,0.0,0,0
0.37,0.56,1,1,1,1,8,2,2.0,0,0,0.0,0,0
0.37,0.56,1,1,1,1,16,3,3.0,0,0,0.0,0,0
0.37,0.56,1,1,1,1,21,4,4.0,0,0,0.0,0,0
0.37,0.56,1,1,1,1,26,4,5.0,0,0,0.0,0,0
0.37,0.56,1,1,1,1,28,4,6.0,0,0,0.0,0,0
0.37,0.56,1,1,1,1,35,4,7.0,0,0,0.0,0,0
0.37,0.56,1,1,1,1,43,4,8.0,0,0,0.0,0,0
0.37,0.56,1,1,1,1,50,4,9.0,0,0,0.0,0,0
0.37,0.56,1,1,1,1,53,5,10.0,0,0,0.0,0,0
0.37,0.56,1,1,1,1,61,5,11.0,0,0,0.0,0,0
0.37,0.56,1,1,1,1,69,5,12.0,0,0,0.0,0,0
0.37,0.56,1,1,1,1,82,5,13.0,0,0,0.0,0,0
0.37,0.56,1,1,1,1,84,5,14.0,0,0,0.0,0,0
0.37,0.56,1,1,1,1,94,5,15.0,0,0,0.0,0,0
0.37,0.56,1,1,1,1,105,7,16.0,0,0,0.0,0,0
0.37,0.56,1,1,1,1,110,7,17.0,0,0,0.0,0,0
0.37,0.56,1,1,1,1,122,7,18.0,0,0,0.0,0,0
0.37,0.56,1,1,1,1,128,7,19.0,0,0,0.0,0,0
0.37,0.56,1,1,1,1,132,7,20.0,0,0,0.0,0,0
0.37,0.56,1,1,0,0,132,7,20.0,7,0,1.0,133,0
0.37,0.56,1,1,0,0,132,7,20.0,9,0,2.0,133,0
0.37,0.56,1,1,0,0,132,7,20.0,18,1,3.0,133,0
0.37,0.56,1,1,0,0,132,7,20.0,25,2,4.0,133,0
0.37,0.56,1,1,0,0,132,7,20.0,36,3,5.0,133,0
0.37,0.56,1,1,0,0,132,7,20.0,46,3,6.0,133,0
0.37,0.56,1,1,0,0,132,7,20.0,53,3,7.0,133,0
0.37,0.56,1,1,0,0,132,7,20.0,56,3,8.0,133,0
0.37,0.56,1,1,0,0,132,7,20.0,62,3,9.0,133,0
0.37,0.56,1,1,0,0,132,7,20.0,73,3,10.0,133,0
0.37,0.56,1,1,0,0,132,7,20.0,74,4,11.0,133,0
0.37,0.56,1,1,0,0,132,7,20.0,86,4,12.0,133,0
0.37,0.56,1,1,0,0,132,7,20.0,101,4,13.0,133,0
0.37,0.56,1,1,0,0,132,7,20.0,110,5,14.0,133,0
0.37,0.56,1,1,0,0,132,7,20.0,119,5,15.0,133,0
0.37,0.56,1,1,0,0,132,7,20.0,128,5,16.0,133,0
0.37,0.56,1,1,0,0,132,7,20.0,136,5,16.33,133,0
0.62,0.63,1,0,1,0,0,0,0.0,6,1,1.0,0,1
0.62,0.63,1,0,1,0,0,0,0.0,9,1,2.0,0,1
0.62,0.63,1,0,1,0,0,0,0.0,24,1,3.0,0,1
0.62,0.63,1,0,1,0,0,0,0.0,31,2,4.0,0,1
0.62,0.63,1,0,1,0,0,0,0.0,32,2,5.0,0,1
0.62,0.63,1,0,1,0,0,0,0.0,41,2,6.0,0,1
0.62,0.63,1,0,1,0,0,0,0.0,45,2,7.0,0,1
0.62,0.63,1,0,1,0,0,0,0.0,53,2,8.0,0,1
0.62,0.63,1,0,1,0,0,0,0.0,63,2,9.0,0,1
0.62,0.63,1,0,1,0,0,0,0.0,64,3,10.0,0,1
0.62,0.63,1,0,1,0,0,0,0.0,65,4,11.0,0,1
0.62,0.63,1,0,1,0,0,0,0.0,73,4,12.0,0,1
0.62,0.63,1,0,1,0,0,0,0.0,77,5,13.0,0,1
0.62,0.63,1,0,1,0,0,0,0.0,96,5,14.0,0,1
0.62,0.63,1,0,1,0,0,0,0.0,105,5,15.0,0,1
0.62,0.63,1,0,1,0,0,0,0.0,116,5,16.0,0,1
0.62,0.63,1,0,1,0,0,0,0.0,127,5,17.0,0,1
0.62,0.63,1,0,1,0,0,0,0.0,140,6,18.0,0,1
0.62,0.63,1,0,1,0,0,0,0.0,141,6,19.0,0,1
0.62,0.63,1,0,1,0,0,0,0.0,144,6,20.0,0,1
0.62,0.63,1,0,0,1,8,0,1.0,144,6,20.0,145,1
0.62,0.63,1,0,0,1,16,0,2.0,144,6,20.0,145,1
0.62,0.63,1,0,0,1,31,0,3.0,144,6,20.0,145,1
0.62,0.63,1,0,0,1,33,0,4.0,144,6,20.0,145,1
0.62,0.63,1,0,0,1,41,0,5.0,144,6,20.0,145,1
0.62,0.63,1,0,0,1,46,1,6.0,144,6,20.0,145,1
0.62,0.63,1,0,0,1,49,2,7.0,144,6,20.0,145,1
0.62,0.63,1,0,0,1,56,2,8.0,144,6,20.0,145,1
0.62,0.63,1,0,0,1,68,2,9.0,144,6,20.0,145,1
0.62,0.63,1,0,0,1,79,2,10.0,144,6,20.0,145,1
0.62,0.63,1,0,0,1,88,2,11.0,144,6,20.0,145,1
0.62,0.63,1,0,0,1,90,4,12.0,144,6,20.0,145,1
0.62,0.63,1,0,0,1,96,4,13.0,144,6,20.0,145,1
0.62,0.63,1,0,0,1,102,4,14.0,144,6,20.0,145,1
0.62,0.63,1,0,0,1,105,4,15.0,144,6,20.0,145,1
0.62,0.63,1,0,0,1,119,5,16.0,144,6,20.0,145,1
0.62,0.63,1,0,0,1,134,5,17.0,144,6,20.0,145,1
0.62,0.63,1,0,0,1,143,5,18.0,144,6,20.0,145,1
0.62,0.63,1,0,0,1,145,5,18.83,144,6,20.0,145,1
0.53,0.46,0,1,1,0,0,0,0.0,4,0,1.0,0,1
0.53,0.46,0,1,1,0,0,0,0.0,10,1,2.0,0,1
0.53,0.46,0,1,1,0,0,0,0.0,19,1,3.0,0,1
0.53,0.46,0,1,1,0,0,0,0.0,29,2,4.0,0,1
0.53,0.46,0,1,1,0,0,0,0.0,32,2,5.0,0,1
0.53,0.46,0,1,1,0,0,0,0.0,36,2,6.0,0,1
0.53,0.46,0,1,1,0,0,0,0.0,38,2,7.0,0,1
0.53,0.46,0,1,1,0,0,0,0.0,46,2,8.0,0,1
0.53,0.46,0,1,1,0,0,0,0.0,54,3,9.0,0,1
0.53,0.46,0,1,1,0,0,0,0.0,61,3,10.0,0,1
0.53,0.46,0,1,1,0,0,0,0.0,70,4,11.0,0,1
0.53,0.46,0,1,1,0,0,0,0.0,83,4,12.0,0,1
0.53,0.46,0,1,1,0,0,0,0.0,91,5,13.0,0,1
0.53,0.46,0,1,1,0,0,0,0.0,95,5,14.0,0,1
0.53,0.46,0,1,1,0,0,0,0.0,98,6,15.0,0,1
0.53,0.46,0,1,1,0,0,0,0.0,106,6,16.0,0,1
0.53,0.46,0,1,1,0,0,0,0.0,108,6,17.0,0,1
0.53,0.46,0,1,1,0,0,0,0.0,119,6,18.0,0,1
0.53,0.46,0,1,1,0,0,0,0.0,125,7,19.0,0,1
0.53,0.46,0,1,1,0,0,0,0.0,137,7,20.0,0,1
0.53,0.46,0,1,0,1,9,0,1.0,137,7,20.0,138,1
0.53,0.46,0,1,0,1,19,0,2.0,137,7,20.0,138,1
0.53,0.46,0,1,0,1,29,0,3.0,137,7,20.0,138,1
0.53,0.46,0,1,0,1,40,0,4.0,137,7,20.0,138,1
0.53,0.46,0,1,0,1,54,0,5.0,137,7,20.0,138,1
0.53,0.46,0,1,0,1,57,0,6.0,137,7,20.0,138,1
0.53,0.46,0,1,0,1,62,0,7.0,137,7,20.0,138,1
0.53,0.46,0,1,0,1,75,0,8.0,137,7,20.0,138,1
0.53,0.46,0,1,0,1,80,1,9.0,137,7,20.0,138,1
0.53,0.46,0,1,0,1,86,1,10.0,137,7,20.0,138,1
0.53,0.46,0,1,0,1,90,1,11.0,137,7,20.0,138,1
0.53,0.46,0,1,0,1,96,1,12.0,137,7,20.0,138,1
0.53,0.46,0,1,0,1,102,1,13.0,137,7,20.0,138,1
0.53,0.46,0,1,0,1,109,1,14.0,137,7,20.0,138,1
0.53,0.46,0,1,0,1,117,1,15.0,137,7,20.0,138,1
0.53,0.46,0,1,0,1,121,1,16.0,137,7,20.0,138,1
0.53,0.46,0,1,0,1,132,2,17.0,137,7,20.0,138,1
0.53,0.46,0,1,0,1,137,2,18.0,137,7,20.0,138,1
0.53,0.46,0,1,0,1,138,2,18.17,137,7,20.0,138,1
0.54,0.58,1,0,1,0,0,0,0.0,9,0,1.0,0,1
0.54,0.58,1,0,1,0,0,0,0.0,14,0,2.0,0,1
0.54,0.58,1,0,1,0,0,0,0.0,21,0,3.0,0,1
0.54,0.58,1,0,1,0,0,0,0.0,31,1,4.0,0,1
0.54,0.58,1,0,1,0,0,0,0.0,38,1,5.0,0,1
0.54,0.58,1,0,1,0,0,0,0.0,40,2,6.0,0,1
0.54,0.58,1,0,1,0,0,0,0.0,46,2,7.0,0,1
0.54,0.58,1,0,1,0,0,0,0.0,48,3,8.0,0,1
0.54,0.58,1,0,1,0,0,0,0.0,50,3,9.0,0,1
0.54,0.58,1,0,1,0,0,0,0.0,59,3,10.0,0,1
0.54,0.58,1,0,1,0,0,0,0.0,62,3,11.0,0,1
0.54,0.58,1,0,1,0,0,0,0.0,68,5,12.0,0,1
0.54,0.58,1,0,1,0,0,0,0.0,80,5,13.0,0,1
0.54,0.58,1,0,1,0,0,0,0.0,90,6,14.0,0,1
0.54,0.58,1,0,1,0,0,0,0.0,96,6,15.0,0,1
0.54,0.58,1,0,1,0,0,0,0.0,105,6,16.0,0,1
0.54,0.58,1,0,1,0,0,0,0.0,112,7,17.0,0,1
0.54,0.58,1,0,1,0,0,0,0.0,116,8,18.0,0,1
0.54,0.58,1,0,1,0,0,0,0.0,118,8,19.0,0,1
0.54,0.58,1,0,1,0,0,0,0.0,126,8,20.0,0,1
0.54,0.58,1,0,0,1,7,1,1.0,126,8,20.0,127,1
0.54,0.58,1,0,0,1,9,1,2.0,126,8,20.0,127,1
0.54,0.58,1,0,0,1,24,1,3.0,126,8,20.0,127,1
0.54,0.58,1,0,0,1,34,1,4.0,126,8,20.0,127,1
0.54,0.58,1,0,0,1,36,1,5.0,126,8,20.0,127,1
0.54,0.58,1,0,0,1,48,2,6.0,126,8,20.0,127,1
0.54,0.58,1,0,0,1,56,3,7.0,126,8,20.0,127,1
0.54,0.58,1,0,0,1,69,3,8.0,126,8,20.0,127,1
0.54,0.58,1,0,0,1,79,3,9.0,126,8,20.0,127,1
0.54,0.58,1,0,0,1,87,3,10.0,126,8,20.0,127,1
0.54,0.58,1,0,0,1,90,3,11.0,126,8,20.0,127,1
0.54,0.58,1,0,0,1,96,3,12.0,126,8,20.0,127,1
0.54,0.58,1,0,0,1,104,3,13.0,126,8,20.0,127,1
0.54,0.58,1,0,0,1,115,3,14.0,126,8,20.0,127,1
0.54,0.58,1,0,0,1,122,4,15.0,126,8,20.0,127,1
0.54,0.58,1,0,0,1,129,4,15.5,126,8,20.0,127,1
0.43,0.42,0,0,1,1,4,0,1.0,0,0,0.0,0,1
0.43,0.42,0,0,1,1,16,0,2.0,0,0,0.0,0,1
0.43,0.42,0,0,1,1,17,1,3.0,0,0,0.0,0,1
0.43,0.42,0,0,1,1,26,1,4.0,0,0,0.0,0,1
0.43,0.42,0,0,1,1,38,2,5.0,0,0,0.0,0,1
0.43,0.42,0,0,1,1,46,3,6.0,0,0,0.0,0,1
0.43,0.42,0,0,1,1,50,3,7.0,0,0,0.0,0,1
0.43,0.42,0,0,1,1,57,3,8.0,0,0,0.0,0,1
0.43,0.42,0,0,1,1,68,3,9.0,0,0,0.0,0,1
0.43,0.42,0,0,1,1,75,3,10.0,0,0,0.0,0,1
0.43,0.42,0,0,1,1,81,3,11.0,0,0,0.0,0,1
0.43,0.42,0,0,1,1,91,3,12.0,0,0,0.0,0,1
0.43,0.42,0,0,1,1,96,3,13.0,0,0,0.0,0,1
0.43,0.42,0,0,1,1,101,4,14.0,0,0,0.0,0,1
0.43,0.42,0,0,1,1,111,5,15.0,0,0,0.0,0,1
0.43,0.42,0,0,1,1,113,5,16.0,0,0,0.0,0,1
0.43,0.42,0,0,1,1,116,5,17.0,0,0,0.0,0,1
0.43,0.42,0,0,1,1,122,5,18.0,0,0,0.0,0,1
0.43,0.42,0,0,1,1,137,6,19.0,0,0,0.0,0,1
0.43,0.42,0,0,1,1,147,6,20.0,0,0,0.0,0,1
0.43,0.42,0,0,0,0,147,6,20.0,6,0,1.0,148,1
0.43,0.42,0,0,0,0,147,6,20.0,12,0,2.0,148,1
0.43,0.42,0,0,0,0,147,6,20.0,19,0,3.0,148,1
0.43,0.42,0,0,0,0,147,6,20.0,26,0,4.0,148,1
0.43,0.42,0,0,0,0,147,6,20.0,28,0,5.0,148,1
0.43,0.42,0,0,0,0,147,6,20.0,33,0,6.0,148,1
0.43,0.42,0,0,0,0,147,6,20.0,33,1,7.0,148,1
0.43,0.42,0,0,0,0,147,6,20.0,43,2,8.0,148,1
0.43,0.42,0,0,0,0,147,6,20.0,48,2,9.0,148,1
0.43,0.42,0,0,0,0,147,6,20.0,50,2,10.0,148,1
0.43,0.42,0,0,0,0,147,6,20.0,60,2,11.0,148,1
0.43,0.42,0,0,0,0,147,6,20.0,72,2,12.0,148,1
0.43,0.42,0,0,0,0,147,6,20.0,81,3,13.0,148,1
0.43,0.42,0,0,0,0,147,6,20.0,88,3,14.0,148,1
0.43,0.42,0,0,0,0,147,6,20.0,92,3,15.0,148,1
0.43,0.42,0,0,0,0,147,6,20.0,101,3,16.0,148,1
0.43,0.42,0,0,0,0,147,6,20.0,106,3,17.0,148,1
0.43,0.42,0,0,0,0,147,6,20.0,122,3,18.0,148,1
0.43,0.42,0,0,0,0,147,6,20.0,129,3,19.0,148,1
0.43,0.42,0,0,0,0,147,6,20.0,137,3,20.0,148,1
0.48,0.58,1,0,1,0,0,0,0.0,7,1,1.0,0,0
0.48,0.58,1,0,1,0,0,0,0.0,25,1,2.0,0,0
0.48,0.58,1,0,1,0,0,0,0.0,33,1,3.0,0,0
0.48,0.58,1,0,1,0,0,0,0.0,40,1,4.0,0,0
0.48,0.58,1,0,1,0,0,0,0.0,56,1,5.0,0,0
0.48,0.58,1,0,1,0,0,0,0.0,63,2,6.0,0,0
0.48,0.58,1,0,1,0,0,0,0.0,78,2,7.0,0,0
0.48,0.58,1,0,1,0,0,0,0.0,98,2,8.0,0,0
0.48,0.58,1,0,1,0,0,0,0.0,107,2,9.0,0,0
0.48,0.58,1,0,1,0,0,0,0.0,110,2,10.0,0,0
0.48,0.58,1,0,1,0,0,0,0.0,116,2,11.0,0,0
0.48,0.58,1,0,1,0,0,0,0.0,123,2,12.0,0,0
0.48,0.58,1,0,1,0,0,0,0.0,132,3,13.0,0,0
0.48,0.58,1,0,1,0,0,0,0.0,140,3,14.0,0,0
0.48,0.58,1,0,1,0,0,0,0.0,153,3,15.0,0,0
0.48,0.58,1,0,1,0,0,0,0.0,159,4,16.0,0,0
0.48,0.58,1,0,1,0,0,0,0.0,164,4,17.0,0,0
0.48,0.58,1,0,1,0,0,0,0.0,172,4,18.0,0,0
0.48,0.58,1,0,1,0,0,0,0.0,189,4,19.0,0,0
0.48,0.58,1,0,1,0,0,0,0.0,194,4,20.0,0,0
0.48,0.58,1,0,0,1,9,0,1.0,194,4,20.0,195,0
0.48,0.58,1,0,0,1,16,0,2.0,194,4,20.0,195,0
0.48,0.58,1,0,0,1,23,0,3.0,194,4,20.0,195,0
0.48,0.58,1,0,0,1,26,0,4.0,194,4,20.0,195,0
0.48,0.58,1,0,0,1,42,1,5.0,194,4,20.0,195,0
0.48,0.58,1,0,0,1,45,1,6.0,194,4,20.0,195,0
0.48,0.58,1,0,0,1,56,1,7.0,194,4,20.0,195,0
0.48,0.58,1,0,0,1,59,2,8.0,194,4,20.0,195,0
0.48,0.58,1,0,0,1,72,2,9.0,194,4,20.0,195,0
0.48,0.58,1,0,0,1,82,2,10.0,194,4,20.0,195,0
0.48,0.58,1,0,0,1,92,2,11.0,194,4,20.0,195,0
0.48,0.58,1,0,0,1,102,2,12.0,194,4,20.0,195,0
0.48,0.58,1,0,0,1,118,3,13.0,194,4,20.0,195,0
0.48,0.58,1,0,0,1,131,3,14.0,194,4,20.0,195,0
0.48,0.58,1,0,0,1,139,4,15.0,194,4,20.0,195,0
0.48,0.58,1,0,0,1,141,6,16.0,194,4,20.0,195,0
0.48,0.58,1,0,0,1,157,6,17.0,194,4,20.0,195,0
0.48,0.58,1,0,0,1,162,7,18.0,194,4,20.0,195,0
0.48,0.58,1,0,0,1,171,7,19.0,194,4,20.0,195,0
0.48,0.58,1,0,0,1,178,8,20.0,194,4,20.0,195,0
0.41,0.54,0,1,1,0,0,0,0.0,3,0,1.0,0,0
0.41,0.54,0,1,1,0,0,0,0.0,10,0,2.0,0,0
0.41,0.54,0,1,1,0,0,0,0.0,15,0,3.0,0,0
0.41,0.54,0,1,1,0,0,0,0.0,30,0,4.0,0,0
0.41,0.54,0,1,1,0,0,0,0.0,32,0,5.0,0,0
0.41,0.54,0,1,1,0,0,0,0.0,44,0,6.0,0,0
0.41,0.54,0,1,1,0,0,0,0.0,55,0,7.0,0,0
0.41,0.54,0,1,1,0,0,0,0.0,65,0,8.0,0,0
0.41,0.54,0,1,1,0,0,0,0.0,75,0,9.0,0,0
0.41,0.54,0,1,1,0,0,0,0.0,87,0,10.0,0,0
0.41,0.54,0,1,1,0,0,0,0.0,91,1,11.0,0,0
0.41,0.54,0,1,1,0,0,0,0.0,100,1,12.0,0,0
0.41,0.54,0,1,1,0,0,0,0.0,104,3,13.0,0,0
0.41,0.54,0,1,1,0,0,0,0.0,108,3,14.0,0,0
0.41,0.54,0,1,1,0,0,0,0.0,112,3,15.0,0,0
0.41,0.54,0,1,1,0,0,0,0.0,128,3,16.0,0,0
0.41,0.54,0,1,1,0,0,0,0.0,138,3,17.0,0,0
0.41,0.54,0,1,1,0,0,0,0.0,152,4,18.0,0,0
0.41,0.54,0,1,1,0,0,0,0.0,154,5,19.0,0,0
0.41,0.54,0,1,1,0,0,0,0.0,170,6,20.0,0,0
0.41,0.54,0,1,0,1,5,0,1.0,170,6,20.0,171,0
0.41,0.54,0,1,0,1,8,1,2.0,170,6,20.0,171,0
0.41,0.54,0,1,0,1,12,4,3.0,170,6,20.0,171,0
0.41,0.54,0,1,0,1,13,5,4.0,170,6,20.0,171,0
0.41,0.54,0,1,0,1,26,5,5.0,170,6,20.0,171,0
0.41,0.54,0,1,0,1,39,5,6.0,170,6,20.0,171,0
0.41,0.54,0,1,0,1,47,5,7.0,170,6,20.0,171,0
0.41,0.54,0,1,0,1,56,5,8.0,170,6,20.0,171,0
0.41,0.54,0,1,0,1,65,5,9.0,170,6,20.0,171,0
0.41,0.54,0,1,0,1,74,5,10.0,170,6,20.0,171,0
0.41,0.54,0,1,0,1,82,5,11.0,170,6,20.0,171,0
0.41,0.54,0,1,0,1,84,7,12.0,170,6,20.0,171,0
0.41,0.54,0,1,0,1,96,7,13.0,170,6,20.0,171,0
0.41,0.54,0,1,0,1,105,7,14.0,170,6,20.0,171,0
0.41,0.54,0,1,0,1,115,9,15.0,170,6,20.0,171,0
0.41,0.54,0,1,0,1,118,9,16.0,170,6,20.0,171,0
0.41,0.54,0,1,0,1,122,10,16.67,170,6,20.0,171,0
0.52,0.5,1,0,1,0,0,0,0.0,6,0,1.0,0,1
0.52,0.5,1,0,1,0,0,0,0.0,24,0,2.0,0,1
0.52,0.5,1,0,1,0,0,0,0.0,36,0,3.0,0,1
0.52,0.5,1,0,1,0,0,0,0.0,48,0,4.0,0,1
0.52,0.5,1,0,1,0,0,0,0.0,58,0,5.0,0,1
0.52,0.5,1,0,1,0,0,0,0.0,59,0,6.0,0,1
0.52,0.5,1,0,1,0,0,0,0.0,71,0,7.0,0,1
0.52,0.5,1,0,1,0,0,0,0.0,79,0,8.0,0,1
0.52,0.5,1,0,1,0,0,0,0.0,90,0,9.0,0,1
0.52,0.5,1,0,1,0,0,0,0.0,99,0,10.0,0,1
0.52,0.5,1,0,1,0,0,0,0.0,106,1,11.0,0,1
0.52,0.5,1,0,1,0,0,0,0.0,111,2,12.0,0,1
0.52,0.5,1,0,1,0,0,0,0.0,118,2,13.0,0,1
0.52,0.5,1,0,1,0,0,0,0.0,129,2,14.0,0,1
0.52,0.5,1,0,1,0,0,0,0.0,135,2,15.0,0,1
0.52,0.5,1,0,1,0,0,0,0.0,136,2,16.0,0,1
0.52,0.5,1,0,1,0,0,0,0.0,143,3,17.0,0,1
0.52,0.5,1,0,1,0,0,0,0.0,147,3,18.0,0,1
0.52,0.5,1,0,1,0,0,0,0.0,155,3,19.0,0,1
0.52,0.5,1,0,1,0,0,0,0.0,157,6,20.0,0,1
0.52,0.5,1,0,0,1,5,1,1.0,157,6,20.0,158,1
0.52,0.5,1,0,0,1,22,1,2.0,157,6,20.0,158,1
0.52,0.5,1,0,0,1,36,1,3.0,157,6,20.0,158,1
0.52,0.5,1,0,0,1,45,1,4.0,157,6,20.0,158,1
0.52,0.5,1,0,0,1,51,1,5.0,157,6,20.0,158,1
0.52,0.5,1,0,0,1,56,2,6.0,157,6,20.0,158,1
0.52,0.5,1,0,0,1,64,2,7.0,157,6,20.0,158,1
0.52,0.5,1,0,0,1,76,2,8.0,157,6,20.0,158,1
0.52,0.5,1,0,0,1,91,2,9.0,157,6,20.0,158,1
0.52,0.5,1,0,0,1,101,3,10.0,157,6,20.0,158,1
0.52,0.5,1,0,0,1,103,4,11.0,157,6,20.0,158,1
0.52,0.5,1,0,0,1,108,4,12.0,157,6,20.0,158,1
0.52,0.5,1,0,0,1,119,4,13.0,157,6,20.0,158,1
0.52,0.5,1,0,0,1,131,4,14.0,157,6,20.0,158,1
0.52,0.5,1,0,0,1,136,4,15.0,157,6,20.0,158,1
0.52,0.5,1,0,0,1,144,4,16.0,157,6,20.0,158,1
0.52,0.5,1,0,0,1,147,5,17.0,157,6,20.0,158,1
0.52,0.5,1,0,0,1,158,5,18.0,157,6,20.0,158,1
0.48,0.42,1,1,1,1,10,0,1.0,0,0,0.0,0,0
0.48,0.42,1,1,1,1,22,0,2.0,0,0,0.0,0,0
0.48,0.42,1,1,1,1,28,0,3.0,0,0,0.0,0,0
0.48,0.42,1,1,1,1,30,1,4.0,0,0,0.0,0,0
0.48,0.42,1,1,1,1,38,2,5.0,0,0,0.0,0,0
0.48,0.42,1,1,1,1,46,3,6.0,0,0,0.0,0,0
0.48,0.42,1,1,1,1,50,3,7.0,0,0,0.0,0,0
0.48,0.42,1,1,1,1,54,3,8.0,0,0,0.0,0,0
0.48,0.42,1,1,1,1,61,3,9.0,0,0,0.0,0,0
0.48,0.42,1,1,1,1,65,3,10.0,0,0,0.0,0,0
0.48,0.42,1,1,1,1,68,4,11.0,0,0,0.0,0,0
0.48,0.42,1,1,1,1,73,4,12.0,0,0,0.0,0,0
0.48,0.42,1,1,1,1,84,4,13.0,0,0,0.0,0,0
0.48,0.42,1,1,1,1,94,4,14.0,0,0,0.0,0,0
0.48,0.42,1,1,1,1,102,4,15.0,0,0,0.0,0,0
0.48,0.42,1,1,1,1,110,4,16.0,0,0,0.0,0,0
0.48,0.42,1,1,1,1,115,4,17.0,0,0,0.0,0,0
0.48,0.42,1,1,1,1,127,4,18.0,0,0,0.0,0,0
0.48,0.42,1,1,1,1,139,4,19.0,0,0,0.0,0,0
0.48,0.42,1,1,1,1,145,5,20.0,0,0,0.0,0,0
0.48,0.42,1,1,0,0,145,5,20.0,4,1,1.0,146,0
0.48,0.42,1,1,0,0,145,5,20.0,7,1,2.0,146,0
0.48,0.42,1,1,0,0,145,5,20.0,21,1,3.0,146,0
0.48,0.42,1,1,0,0,145,5,20.0,27,1,4.0,146,0
0.48,0.42,1,1,0,0,145,5,20.0,35,1,5.0,146,0
0.48,0.42,1,1,0,0,145,5,20.0,40,2,6.0,146,0
0.48,0.42,1,1,0,0,145,5,20.0,46,2,7.0,146,0
0.48,0.42,1,1,0,0,145,5,20.0,53,2,8.0,146,0
0.48,0.42,1,1,0,0,145,5,20.0,60,3,9.0,146,0
0.48,0.42,1,1,0,0,145,5,20.0,63,3,10.0,146,0
0.48,0.42,1,1,0,0,145,5,20.0,75,3,11.0,146,0
0.48,0.42,1,1,0,0,145,5,20.0,88,3,12.0,146,0
0.48,0.42,1,1,0,0,145,5,20.0,98,3,13.0,146,0
0.48,0.42,1,1,0,0,145,5,20.0,108,3,14.0,146,0
0.48,0.42,1,1,0,0,145,5,20.0,109,3,15.0,146,0
0.48,0.42,1,1,0,0,145,5,20.0,113,4,16.0,146,0
0.48,0.42,1,1,0,0,145,5,20.0,117,4,17.0,146,0
0.48,0.42,1,1,0,0,145,5,20.0,121,6,18.0,146,0
0.48,0.42,1,1,0,0,145,5,20.0,135,6,19.0,146,0
0.48,0.42,1,1,0,0,145,5,20.0,146,7,19.83,146,0
0.54,0.53,1,0,1,0,0,0,0.0,11,0,1.0,0,0
0.54,0.53,1,0,1,0,0,0,0.0,15,0,2.0,0,0
0.54,0.53,1,0,1,0,0,0,0.0,27,1,3.0,0,0
0.54,0.53,1,0,1,0,0,0,0.0,37,1,4.0,0,0
0.54,0.53,1,0,1,0,0,0,0.0,48,1,5.0,0,0
0.54,0.53,1,0,1,0,0,0,0.0,50,2,6.0,0,0
0.54,0.53,1,0,1,0,0,0,0.0,54,2,7.0,0,0
0.54,0.53,1,0,1,0,0,0,0.0,66,2,8.0,0,0
0.54,0.53,1,0,1,0,0,0,0.0,69,3,9.0,0,0
0.54,0.53,1,0,1,0,0,0,0.0,75,3,10.0,0,0
0.54,0.53,1,0,1,0,0,0,0.0,82,3,11.0,0,0
0.54,0.53,1,0,1,0,0,0,0.0,86,3,12.0,0,0
0.54,0.53,1,0,1,0,0,0,0.0,96,3,13.0,0,0
0.54,0.53,1,0,1,0,0,0,0.0,105,3,14.0,0,0
0.54,0.53,1,0,1,0,0,0,0.0,116,3,15.0,0,0
0.54,0.53,1,0,1,0,0,0,0.0,121,3,16.0,0,0
0.54,0.53,1,0,1,0,0,0,0.0,129,3,17.0,0,0
0.54,0.53,1,0,1,0,0,0,0.0,131,4,18.0,0,0
0.54,0.53,1,0,1,0,0,0,0.0,133,4,19.0,0,0
0.54,0.53,1,0,1,0,0,0,0.0,135,4,20.0,0,0
0.54,0.53,1,0,0,1,10,0,1.0,135,4,20.0,136,0
0.54,0.53,1,0,0,1,16,0,2.0,135,4,20.0,136,0
0.54,0.53,1,0,0,1,24,1,3.0,135,4,20.0,136,0
0.54,0.53,1,0,0,1,27,2,4.0,135,4,20.0,136,0
0.54,0.53,1,0,0,1,29,2,5.0,135,4,20.0,136,0
0.54,0.53,1,0,0,1,40,2,6.0,135,4,20.0,136,0
0.54,0.53,1,0,0,1,52,2,7.0,135,4,20.0,136,0
0.54,0.53,1,0,0,1,58,2,8.0,135,4,20.0,136,0
0.54,0.53,1,0,0,1,61,2,9.0,135,4,20.0,136,0
0.54,0.53,1,0,0,1,72,2,10.0,135,4,20.0,136,0
0.54,0.53,1,0,0,1,78,3,11.0,135,4,20.0,136,0
0.54,0.53,1,0,0,1,82,4,12.0,135,4,20.0,136,0
0.54,0.53,1,0,0,1,98,4,13.0,135,4,20.0,136,0
0.54,0.53,1,0,0,1,99,4,14.0,135,4,20.0,136,0
0.54,0.53,1,0,0,1,109,4,15.0,135,4,20.0,136,0
0.54,0.53,1,0,0,1,111,4,16.0,135,4,20.0,136,0
0.54,0.53,1,0,0,1,120,4,17.0,135,4,20.0,136,0
0.54,0.53,1,0,0,1,126,4,18.0,135,4,20.0,136,0
0.54,0.53,1,0,0,1,131,5,19.0,135,4,20.0,136,0
0.54,0.53,1,0,0,1,134,5,20.0,135,4,20.0,136,0
0.43,0.54,1,1,1,1,6,1,1.0,0,0,0.0,0,0
0.43,0.54,1,1,1,1,10,1,2.0,0,0,0.0,0,0
0.43,0.54,1,1,1,1,12,1,3.0,0,0,0.0,0,0
0.43,0.54,1,1,1,1,15,1,4.0,0,0,0.0,0,0
0.43,0.54,1,1,1,1,23,1,5.0,0,0,0.0,0,0
0.43,0.54,1,1,1,1,30,1,6.0,0,0,0.0,0,0
0.43,0.54,1,1,1,1,37,3,7.0,0,0,0.0,0,0
0.43,0.54,1,1,1,1,44,4,8.0,0,0,0.0,0,0
0.43,0.54,1,1,1,1,48,5,9.0,0,0,0.0,0,0
0.43,0.54,1,1,1,1,56,5,10.0,0,0,0.0,0,0
0.43,0.54,1,1,1,1,67,5,11.0,0,0,0.0,0,0
0.43,0.54,1,1,1,1,72,5,12.0,0,0,0.0,0,0
0.43,0.54,1,1,1,1,87,5,13.0,0,0,0.0,0,0
0.43,0.54,1,1,1,1,94,5,14.0,0,0,0.0,0,0
0.43,0.54,1,1,1,1,97,5,15.0,0,0,0.0,0,0
0.43,0.54,1,1,1,1,110,5,16.0,0,0,0.0,0,0
0.43,0.54,1,1,1,1,114,5,17.0,0,0,0.0,0,0
0.43,0.54,1,1,1,1,118,5,18.0,0,0,0.0,0,0
0.43,0.54,1,1,1,1,119,5,19.0,0,0,0.0,0,0
0.43,0.54,1,1,1,1,125,6,20.0,0,0,0.0,0,0
0.43,0.54,1,1,0,0,125,6,20.0,10,0,1.0,126,0
0.43,0.54,1,1,0,0,125,6,20.0,19,0,2.0,126,0
0.43,0.54,1,1,0,0,125,6,20.0,27,1,3.0,126,0
0.43,0.54,1,1,0,0,125,6,20.0,34,1,4.0,126,0
0.43,0.54,1,1,0,0,125,6,20.0,40,1,5.0,126,0
0.43,0.54,1,1,0,0,125,6,20.0,52,1,6.0,126,0
0.43,0.54,1,1,0,0,125,6,20.0,69,1,7.0,126,0
0.43,0.54,1,1,0,0,125,6,20.0,76,1,8.0,126,0
0.43,0.54,1,1,0,0,125,6,20.0,86,2,9.0,126,0
0.43,0.54,1,1,0,0,125,6,20.0,94,2,10.0,126,0
0.43,0.54,1,1,0,0,125,6,20.0,103,2,11.0,126,0
0.43,0.54,1,1,0,0,125,6,20.0,109,2,12.0,126,0
0.43,0.54,1,1,0,0,125,6,20.0,117,2,13.0,126,0
0.43,0.54,1,1,0,0,125,6,20.0,125,3,14.0,126,0
0.43,0.54,1,1,0,0,125,6,20.0,126,3,14.17,126,0
0.43,0.37,0,0,1,1,7,0,1.0,0,0,0.0,0,0
0.43,0.37,0,0,1,1,15,0,2.0,0,0,0.0,0,0
0.43,0.37,0,0,1,1,26,0,3.0,0,0,0.0,0,0
0.43,0.37,0,0,1,1,38,0,4.0,0,0,0.0,0,0
0.43,0.37,0,0,1,1,42,0,5.0,0,0,0.0,0,0
0.43,0.37,0,0,1,1,45,1,6.0,0,0,0.0,0,0
0.43,0.37,0,0,1,1,54,1,7.0,0,0,0.0,0,0
0.43,0.37,0,0,1,1,64,2,8.0,0,0,0.0,0,0
0.43,0.37,0,0,1,1,75,3,9.0,0,0,0.0,0,0
0.43,0.37,0,0,1,1,77,3,10.0,0,0,0.0,0,0
0.43,0.37,0,0,1,1,92,3,11.0,0,0,0.0,0,0
0.43,0.37,0,0,1,1,104,3,12.0,0,0,0.0,0,0
0.43,0.37,0,0,1,1,112,4,13.0,0,0,0.0,0,0
0.43,0.37,0,0,1,1,120,4,14.0,0,0,0.0,0,0
0.43,0.37,0,0,1,1,137,4,15.0,0,0,0.0,0,0
0.43,0.37,0,0,1,1,138,4,16.0,0,0,0.0,0,0
0.43,0.37,0,0,1,1,154,4,17.0,0,0,0.0,0,0
0.43,0.37,0,0,1,1,165,4,18.0,0,0,0.0,0,0
0.43,0.37,0,0,1,1,173,4,19.0,0,0,0.0,0,0
0.43,0.37,0,0,1,1,191,4,20.0,0,0,0.0,0,0
0.43,0.37,0,0,0,0,191,4,20.0,5,0,1.0,192,0
0.43,0.37,0,0,0,0,191,4,20.0,9,0,2.0,192,0
0.43,0.37,0,0,0,0,191,4,20.0,26,0,3.0,192,0
0.43,0.37,0,0,0,0,191,4,20.0,35,0,4.0,192,0
0.43,0.37,0,0,0,0,191,4,20.0,43,0,5.0,192,0
0.43,0.37,0,0,0,0,191,4,20.0,49,0,6.0,192,0
0.43,0.37,0,0,0,0,191,4,20.0,51,2,7.0,192,0
0.43,0.37,0,0,0,0,191,4,20.0,68,2,8.0,192,0
0.43,0.37,0,0,0,0,191,4,20.0,75,2,9.0,192,0
0.43,0.37,0,0,0,0,191,4,20.0,81,2,10.0,192,0
0.43,0.37,0,0,0,0,191,4,20.0,88,2,11.0,192,0
0.43,0.37,0,0,0,0,191,4,20.0,101,2,12.0,192,0
0.43,0.37,0,0,0,0,191,4,20.0,113,2,13.0,192,0
0.43,0.37,0,0,0,0,191,4,20.0,122,2,14.0,192,0
0.43,0.37,0,0,0,0,191,4,20.0,143,3,15.0,192,0
0.43,0.37,0,0,0,0,191,4,20.0,149,3,16.0,192,0
0.43,0.37,0,0,0,0,191,4,20.0,157,3,17.0,192,0
0.43,0.37,0,0,0,0,191,4,20.0,169,3,18.0,192,0
0.43,0.37,0,0,0,0,191,4,20.0,181,3,19.0,192,0
0.43,0.37,0,0,0,0,191,4,20.0,194,3,20.0,192,0
0.6,0.62,0,1,1,0,0,0,0.0,2,0,1.0,0,1
0.6,0.62,0,1,1,0,0,0,0.0,10,0,2.0,0,1
0.6,0.62,0,1,1,0,0,0,0.0,19,0,3.0,0,1
0.6,0.62,0,1,1,0,0,0,0.0,35,0,4.0,0,1
0.6,0.62,0,1,1,0,0,0,0.0,38,0,5.0,0,1
0.6,0.62,0,1,1,0,0,0,0.0,50,0,6.0,0,1
0.6,0.62,0,1,1,0,0,0,0.0,52,0,7.0,0,1
0.6,0.62,0,1,1,0,0,0,0.0,60,1,8.0,0,1
0.6,0.62,0,1,1,0,0,0,0.0,67,1,9.0,0,1
0.6,0.62,0,1,1,0,0,0,0.0,78,1,10.0,0,1
0.6,0.62,0,1,1,0,0,0,0.0,84,1,11.0,0,1
0.6,0.62,0,1,1,0,0,0,0.0,89,1,12.0,0,1
0.6,0.62,0,1,1,0,0,0,0.0,98,1,13.0,0,1
0.6,0.62,0,1,1,0,0,0,0.0,112,1,14.0,0,1
0.6,0.62,0,1,1,0,0,0,0.0,115,1,15.0,0,1
0.6,0.62,0,1,1,0,0,0,0.0,117,2,16.0,0,1
0.6,0.62,0,1,1,0,0,0,0.0,127,2,17.0,0,1
0.6,0.62,0,1,1,0,0,0,0.0,137,2,18.0,0,1
0.6,0.62,0,1,1,0,0,0,0.0,143,2,19.0,0,1
0.6,0.62,0,1,1,0,0,0,0.0,151,2,20.0,0,1
0.6,0.62,0,1,0,1,9,1,1.0,151,2,20.0,152,1
0.6,0.62,0,1,0,1,19,1,2.0,151,2,20.0,152,1
0.6,0.62,0,1,0,1,26,1,3.0,151,2,20.0,152,1
0.6,0.62,0,1,0,1,33,1,4.0,151,2,20.0,152,1
0.6,0.62,0,1,0,1,35,1,5.0,151,2,20.0,152,1
0.6,0.62,0,1,0,1,44,1,6.0,151,2,20.0,152,1
0.6,0.62,0,1,0,1,53,1,7.0,151,2,20.0,152,1
0.6,0.62,0,1,0,1,56,2,8.0,151,2,20.0,152,1
0.6,0.62,0,1,0,1,64,2,9.0,151,2,20.0,152,1
0.6,0.62,0,1,0,1,65,3,10.0,151,2,20.0,152,1
0.6,0.62,0,1,0,1,73,3,11.0,151,2,20.0,152,1
0.6,0.62,0,1,0,1,79,4,12.0,151,2,20.0,152,1
0.6,0.62,0,1,0,1,89,5,13.0,151,2,20.0,152,1
0.6,0.62,0,1,0,1,95,5,14.0,151,2,20.0,152,1
0.6,0.62,0,1,0,1,96,5,15.0,151,2,20.0,152,1
0.6,0.62,0,1,0,1,109,5,16.0,151,2,20.0,152,1
0.6,0.62,0,1,0,1,116,6,17.0,151,2,20.0,152,1
0.6,0.62,0,1,0,1,128,7,18.0,151,2,20.0,152,1
0.6,0.62,0,1,0,1,136,7,19.0,151,2,20.0,152,1
0.6,0.62,0,1,0,1,153,7,19.83,151,2,20.0,152,1
0.58,0.58,0,1,1,0,0,0,0.0,8,0,1.0,0,0
0.58,0.58,0,1,1,0,0,0,0.0,9,2,2.0,0,0
0.58,0.58,0,1,1,0,0,0,0.0,15,2,3.0,0,0
0.58,0.58,0,1,1,0,0,0,0.0,32,3,4.0,0,0
0.58,0.58,0,1,1,0,0,0,0.0,37,3,5.0,0,0
0.58,0.58,0,1,1,0,0,0,0.0,41,3,6.0,0,0
0.58,0.58,0,1,1,0,0,0,0.0,49,3,7.0,0,0
0.58,0.58,0,1,1,0,0,0,0.0,53,3,8.0,0,0
0.58,0.58,0,1,1,0,0,0,0.0,61,3,9.0,0,0
0.58,0.58,0,1,1,0,0,0,0.0,65,3,10.0,0,0
0.58,0.58,0,1,1,0,0,0,0.0,69,3,11.0,0,0
0.58,0.58,0,1,1,0,0,0,0.0,77,3,12.0,0,0
0.58,0.58,0,1,1,0,0,0,0.0,84,3,13.0,0,0
0.58,0.58,0,1,1,0,0,0,0.0,86,3,14.0,0,0
0.58,0.58,0,1,1,0,0,0,0.0,92,3,15.0,0,0
0.58,0.58,0,1,1,0,0,0,0.0,93,3,16.0,0,0
0.58,0.58,0,1,1,0,0,0,0.0,97,4,17.0,0,0
0.58,0.58,0,1,1,0,0,0,0.0,103,4,18.0,0,0
0.58,0.58,0,1,1,0,0,0,0.0,116,4,19.0,0,0
0.58,0.58,0,1,1,0,0,0,0.0,125,4,20.0,0,0
0.58,0.58,0,1,0,1,15,0,1.0,125,4,20.0,126,0
0.58,0.58,0,1,0,1,19,1,2.0,125,4,20.0,126,0
0.58,0.58,0,1,0,1,31,1,3.0,125,4,20.0,126,0
0.58,0.58,0,1,0,1,35,1,4.0,125,4,20.0,126,0
0.58,0.58,0,1,0,1,39,1,5.0,125,4,20.0,126,0
0.58,0.58,0,1,0,1,42,1,6.0,125,4,20.0,126,0
0.58,0.58,0,1,0,1,44,3,7.0,125,4,20.0,126,0
0.58,0.58,0,1,0,1,54,3,8.0,125,4,20.0,126,0
0.58,0.58,0,1,0,1,61,3,9.0,125,4,20.0,126,0
0.58,0.58,0,1,0,1,67,3,10.0,125,4,20.0,126,0
0.58,0.58,0,1,0,1,73,5,11.0,125,4,20.0,126,0
0.58,0.58,0,1,0,1,82,5,12.0,125,4,20.0,126,0
0.58,0.58,0,1,0,1,91,6,13.0,125,4,20.0,126,0
0.58,0.58,0,1,0,1,92,6,14.0,125,4,20.0,126,0
0.58,0.58,0,1,0,1,94,6,15.0,125,4,20.0,126,0
0.58,0.58,0,1,0,1,98,6,16.0,125,4,20.0,126,0
0.58,0.58,0,1,0,1,102,6,17.0,125,4,20.0,126,0
0.58,0.58,0,1,0,1,109,7,18.0,125,4,20.0,126,0
0.58,0.58,0,1,0,1,120,7,19.0,125,4,20.0,126,0
0.58,0.58,0,1,0,1,125,7,20.0,125,4,20.0,126,0
0.65,0.41,0,1,1,0,0,0,0.0,1,1,1.0,0,1
0.65,0.41,0,1,1,0,0,0,0.0,8,1,2.0,0,1
0.65,0.41,0,1,1,0,0,0,0.0,14,1,3.0,0,1
0.65,0.41,0,1,1,0,0,0,0.0,17,1,4.0,0,1
0.65,0.41,0,1,1,0,0,0,0.0,23,2,5.0,0,1
0.65,0.41,0,1,1,0,0,0,0.0,27,2,6.0,0,1
0.65,0.41,0,1,1,0,0,0,0.0,30,2,7.0,0,1
0.65,0.41,0,1,1,0,0,0,0.0,34,2,8.0,0,1
0.65,0.41,0,1,1,0,0,0,0.0,41,2,9.0,0,1
0.65,0.41,0,1,1,0,0,0,0.0,45,3,10.0,0,1
0.65,0.41,0,1,1,0,0,0,0.0,51,3,11.0,0,1
0.65,0.41,0,1,1,0,0,0,0.0,54,3,12.0,0,1
0.65,0.41,0,1,1,0,0,0,0.0,59,3,13.0,0,1
0.65,0.41,0,1,1,0,0,0,0.0,65,4,14.0,0,1
0.65,0.41,0,1,1,0,0,0,0.0,67,4,15.0,0,1
0.65,0.41,0,1,1,0,0,0,0.0,72,4,16.0,0,1
0.65,0.41,0,1,1,0,0,0,0.0,81,5,17.0,0,1
0.65,0.41,0,1,1,0,0,0,0.0,93,5,18.0,0,1
0.65,0.41,0,1,1,0,0,0,0.0,103,5,19.0,0,1
0.65,0.41,0,1,1,0,0,0,0.0,104,6,20.0,0,1
0.65,0.41,0,1,0,1,7,0,1.0,104,6,20.0,105,1
0.65,0.41,0,1,0,1,22,0,2.0,104,6,20.0,105,1
0.65,0.41,0,1,0,1,24,1,3.0,104,6,20.0,105,1
0.65,0.41,0,1,0,1,30,1,4.0,104,6,20.0,105,1
0.65,0.41,0,1,0,1,30,1,5.0,104,6,20.0,105,1
0.65,0.41,0,1,0,1,39,1,6.0,104,6,20.0,105,1
0.65,0.41,0,1,0,1,47,1,7.0,104,6,20.0,105,1
0.65,0.41,0,1,0,1,62,1,8.0,104,6,20.0,105,1
0.65,0.41,0,1,0,1,75,1,9.0,104,6,20.0,105,1
0.65,0.41,0,1,0,1,80,1,10.0,104,6,20.0,105,1
0.65,0.41,0,1,0,1,89,2,11.0,104,6,20.0,105,1
0.65,0.41,0,1,0,1,98,2,12.0,104,6,20.0,105,1
0.65,0.41,0,1,0,1,103,2,13.0,104,6,20.0,105,1
0.65,0.41,0,1,0,1,104,2,14.0,104,6,20.0,105,1
0.65,0.41,0,1,0,1,104,5,15.0,104,6,20.0,105,1
0.65,0.41,0,1,0,1,106,5,15.17,104,6,20.0,105,1
0.56,0.47,0,0,1,1,5,0,1.0,0,0,0.0,0,0
0.56,0.47,0,0,1,1,11,0,2.0,0,0,0.0,0,0
0.56,0.47,0,0,1,1,27,0,3.0,0,0,0.0,0,0
0.56,0.47,0,0,1,1,35,0,4.0,0,0,0.0,0,0
0.56,0.47,0,0,1,1,41,0,5.0,0,0,0.0,0,0
0.56,0.47,0,0,1,1,46,0,6.0,0,0,0.0,0,0
0.56,0.47,0,0,1,1,56,0,7.0,0,0,0.0,0,0
0.56,0.47,0,0,1,1,62,1,8.0,0,0,0.0,0,0
0.56,0.47,0,0,1,1,68,1,9.0,0,0,0.0,0,0
0.56,0.47,0,0,1,1,75,1,10.0,0,0,0.0,0,0
0.56,0.47,0,0,1,1,82,2,11.0,0,0,0.0,0,0
0.56,0.47,0,0,1,1,89,3,12.0,0,0,0.0,0,0
0.56,0.47,0,0,1,1,100,3,13.0,0,0,0.0,0,0
0.56,0.47,0,0,1,1,103,3,14.0,0,0,0.0,0,0
0.56,0.47,0,0,1,1,115,3,15.0,0,0,0.0,0,0
0.56,0.47,0,0,1,1,125,3,16.0,0,0,0.0,0,0
0.56,0.47,0,0,1,1,134,4,17.0,0,0,0.0,0,0
0.56,0.47,0,0,1,1,137,4,18.0,0,0,0.0,0,0
0.56,0.47,0,0,1,1,141,4,19.0,0,0,0.0,0,0
0.56,0.47,0,0,1,1,148,4,20.0,0,0,0.0,0,0
0.56,0.47,0,0,0,0,148,4,20.0,1,0,1.0,149,0
0.56,0.47,0,0,0,0,148,4,20.0,12,0,2.0,149,0
0.56,0.47,0,0,0,0,148,4,20.0,17,0,3.0,149,0
0.56,0.47,0,0,0,0,148,4,20.0,28,0,4.0,149,0
0.56,0.47,0,0,0,0,148,4,20.0,33,0,5.0,149,0
0.56,0.47,0,0,0,0,148,4,20.0,41,0,6.0,149,0
0.56,0.47,0,0,0,0,148,4,20.0,49,0,7.0,149,0
0.56,0.47,0,0,0,0,148,4,20.0,57,0,8.0,149,0
0.56,0.47,0,0,0,0,148,4,20.0,64,1,9.0,149,0
0.56,0.47,0,0,0,0,148,4,20.0,65,1,10.0,149,0
0.56,0.47,0,0,0,0,148,4,20.0,77,1,11.0,149,0
0.56,0.47,0,0,0,0,148,4,20.0,87,1,12.0,149,0
0.56,0.47,0,0,0,0,148,4,20.0,93,2,13.0,149,0
0.56,0.47,0,0,0,0,148,4,20.0,97,4,14.0,149,0
0.56,0.47,0,0,0,0,148,4,20.0,108,4,15.0,149,0
0.56,0.47,0,0,0,0,148,4,20.0,120,4,16.0,149,0
0.56,0.47,0,0,0,0,148,4,20.0,122,5,17.0,149,0
0.56,0.47,0,0,0,0,148,4,20.0,125,5,18.0,149,0
0.56,0.47,0,0,0,0,148,4,20.0,138,5,19.0,149,0
0.56,0.47,0,0,0,0,148,4,20.0,154,5,19.5,149,0
0.43,0.36,1,1,1,1,5,1,1.0,0,0,0.0,0,0
0.43,0.36,1,1,1,1,9,1,2.0,0,0,0.0,0,0
0.43,0.36,1,1,1,1,15,1,3.0,0,0,0.0,0,0
0.43,0.36,1,1,1,1,21,1,4.0,0,0,0.0,0,0
0.43,0.36,1,1,1,1,29,1,5.0,0,0,0.0,0,0
0.43,0.36,1,1,1,1,37,1,6.0,0,0,0.0,0,0
0.43,0.36,1,1,1,1,44,1,7.0,0,0,0.0,0,0
0.43,0.36,1,1,1,1,62,1,8.0,0,0,0.0,0,0
0.43,0.36,1,1,1,1,69,1,9.0,0,0,0.0,0,0
0.43,0.36,1,1,1,1,72,1,10.0,0,0,0.0,0,0
0.43,0.36,1,1,1,1,75,1,11.0,0,0,0.0,0,0
0.43,0.36,1,1,1,1,76,1,12.0,0,0,0.0,0,0
0.43,0.36,1,1,1,1,84,3,13.0,0,0,0.0,0,0
0.43,0.36,1,1,1,1,90,3,14.0,0,0,0.0,0,0
0.43,0.36,1,1,1,1,91,6,15.0,0,0,0.0,0,0
0.43,0.36,1,1,1,1,94,6,16.0,0,0,0.0,0,0
0.43,0.36,1,1,1,1,106,7,17.0,0,0,0.0,0,0
0.43,0.36,1,1,1,1,112,8,18.0,0,0,0.0,0,0
0.43,0.36,1,1,1,1,115,9,19.0,0,0,0.0,0,0
0.43,0.36,1,1,1,1,119,9,20.0,0,0,0.0,0,0
0.43,0.36,1,1,0,0,119,9,20.0,9,0,1.0,120,0
0.43,0.36,1,1,0,0,119,9,20.0,16,0,2.0,120,0
0.43,0.36,1,1,0,0,119,9,20.0,26,0,3.0,120,0
0.43,0.36,1,1,0,0,119,9,20.0,32,1,4.0,120,0
0.43,0.36,1,1,0,0,119,9,20.0,42,2,5.0,120,0
0.43,0.36,1,1,0,0,119,9,20.0,50,2,6.0,120,0
0.43,0.36,1,1,0,0,119,9,20.0,55,2,7.0,120,0
0.43,0.36,1,1,0,0,119,9,20.0,59,3,8.0,120,0
0.43,0.36,1,1,0,0,119,9,20.0,61,3,9.0,120,0
0.43,0.36,1,1,0,0,119,9,20.0,62,3,10.0,120,0
0.43,0.36,1,1,0,0,119,9,20.0,70,3,11.0,120,0
0.43,0.36,1,1,0,0,119,9,20.0,89,3,12.0,120,0
0.43,0.36,1,1,0,0,119,9,20.0,101,3,13.0,120,0
0.43,0.36,1,1,0,0,119,9,20.0,106,3,14.0,120,0
0.43,0.36,1,1,0,0,119,9,20.0,114,3,15.0,120,0
0.43,0.36,1,1,0,0,119,9,20.0,121,3,15.67,120,0
0.63,0.61,1,0,1,0,0,0,0.0,1,0,1.0,0,1
0.63,0.61,1,0,1,0,0,0,0.0,4,0,2.0,0,1
0.63,0.61,1,0,1,0,0,0,0.0,8,1,3.0,0,1
0.63,0.61,1,0,1,0,0,0,0.0,14,1,4.0,0,1
0.63,0.61,1,0,1,0,0,0,0.0,22,1,5.0,0,1
0.63,0.61,1,0,1,0,0,0,0.0,29,1,6.0,0,1
0.63,0.61,1,0,1,0,0,0,0.0,37,2,7.0,0,1
0.63,0.61,1,0,1,0,0,0,0.0,39,3,8.0,0,1
0.63,0.61,1,0,1,0,0,0,0.0,46,3,9.0,0,1
0.63,0.61,1,0,1,0,0,0,0.0,55,3,10.0,0,1
0.63,0.61,1,0,1,0,0,0,0.0,63,3,11.0,0,1
0.63,0.61,1,0,1,0,0,0,0.0,72,3,12.0,0,1
0.63,0.61,1,0,1,0,0,0,0.0,78,3,13.0,0,1
0.63,0.61,1,0,1,0,0,0,0.0,83,3,14.0,0,1
0.63,0.61,1,0,1,0,0,0,0.0,96,3,15.0,0,1
0.63,0.61,1,0,1,0,0,0,0.0,98,3,16.0,0,1
0.63,0.61,1,0,1,0,0,0,0.0,105,3,17.0,0,1
0.63,0.61,1,0,1,0,0,0,0.0,108,4,18.0,0,1
0.63,0.61,1,0,1,0,0,0,0.0,112,4,19.0,0,1
0.63,0.61,1,0,1,0,0,0,0.0,116,4,20.0,0,1
0.63,0.61,1,0,0,1,13,0,1.0,116,4,20.0,117,1
0.63,0.61,1,0,0,1,18,0,2.0,116,4,20.0,117,1
0.63,0.61,1,0,0,1,19,1,3.0,116,4,20.0,117,1
0.63,0.61,1,0,0,1,22,1,4.0,116,4,20.0,117,1
0.63,0.61,1,0,0,1,27,1,5.0,116,4,20.0,117,1
0.63,0.61,1,0,0,1,34,1,6.0,116,4,20.0,117,1
0.63,0.61,1,0,0,1,48,1,7.0,116,4,20.0,117,1
0.63,0.61,1,0,0,1,49,2,8.0,116,4,20.0,117,1
0.63,0.61,1,0,0,1,55,2,9.0,116,4,20.0,117,1
0.63,0.61,1,0,0,1,67,2,10.0,116,4,20.0,117,1
0.63,0.61,1,0,0,1,76,2,11.0,116,4,20.0,117,1
0.63,0.61,1,0,0,1,84,2,12.0,116,4,20.0,117,1
0.63,0.61,1,0,0,1,90,2,13.0,116,4,20.0,117,1
0.63,0.61,1,0,0,1,97,2,14.0,116,4,20.0,117,1
0.63,0.61,1,0,0,1,106,2,15.0,116,4,20.0,117,1
0.63,0.61,1,0,0,1,118,2,16.0,116,4,20.0,117,1
0.37,0.38,1,1,1,1,5,0,1.0,0,0,0.0,0,0
0.37,0.38,1,1,1,1,12,0,2.0,0,0,0.0,0,0
0.37,0.38,1,1,1,1,22,0,3.0,0,0,0.0,0,0
0.37,0.38,1,1,1,1,28,0,4.0,0,0,0.0,0,0
0.37,0.38,1,1,1,1,31,0,5.0,0,0,0.0,0,0
0.37,0.38,1,1,1,1,38,0,6.0,0,0,0.0,0,0
0.37,0.38,1,1,1,1,47,0,7.0,0,0,0.0,0,0
0.37,0.38,1,1,1,1,56,0,8.0,0,0,0.0,0,0
0.37,0.38,1,1,1,1,66,1,9.0,0,0,0.0,0,0
0.37,0.38,1,1,1,1,78,1,10.0,0,0,0.0,0,0
0.37,0.38,1,1,1,1,83,1,11.0,0,0,0.0,0,0
0.37,0.38,1,1,1,1,85,1,12.0,0,0,0.0,0,0
0.37,0.38,1,1,1,1,85,1,13.0,0,0,0.0,0,0
0.37,0.38,1,1,1,1,97,1,14.0,0,0,0.0,0,0
0.37,0.38,1,1,1,1,105,2,15.0,0,0,0.0,0,0
0.37,0.38,1,1,1,1,114,3,16.0,0,0,0.0,0,0
0.37,0.38,1,1,1,1,129,3,17.0,0,0,0.0,0,0
0.37,0.38,1,1,1,1,134,3,18.0,0,0,0.0,0,0
0.37,0.38,1,1,1,1,139,3,19.0,0,0,0.0,0,0
0.37,0.38,1,1,1,1,141,3,20.0,0,0,0.0,0,0
0.37,0.38,1,1,0,0,141,3,20.0,3,0,1.0,142,0
0.37,0.38,1,1,0,0,141,3,20.0,5,0,2.0,142,0
0.37,0.38,1,1,0,0,141,3,20.0,13,0,3.0,142,0
0.37,0.38,1,1,0,0,141,3,20.0,16,0,4.0,142,0
0.37,0.38,1,1,0,0,141,3,20.0,27,0,5.0,142,0
0.37,0.38,1,1,0,0,141,3,20.0,33,0,6.0,142,0
0.37,0.38,1,1,0,0,141,3,20.0,43,1,7.0,142,0
0.37,0.38,1,1,0,0,141,3,20.0,53,3,8.0,142,0
0.37,0.38,1,1,0,0,141,3,20.0,63,3,9.0,142,0
0.37,0.38,1,1,0,0,141,3,20.0,73,3,10.0,142,0
0.37,0.38,1,1,0,0,141,3,20.0,80,4,11.0,142,0
0.37,0.38,1,1,0,0,141,3,20.0,82,5,12.0,142,0
0.37,0.38,1,1,0,0,141,3,20.0,91,6,13.0,142,0
0.37,0.38,1,1,0,0,141,3,20.0,97,7,14.0,142,0
0.37,0.38,1,1,0,0,141,3,20.0,98,8,15.0,142,0
0.37,0.38,1,1,0,0,141,3,20.0,106,8,16.0,142,0
0.37,0.38,1,1,0,0,141,3,20.0,119,9,17.0,142,0
0.37,0.38,1,1,0,0,141,3,20.0,127,9,18.0,142,0
0.37,0.38,1,1,0,0,141,3,20.0,131,9,19.0,142,0
0.37,0.38,1,1,0,0,141,3,20.0,141,9,20.0,142,0
0.38,0.4,0,1,1,0,0,0,0.0,6,0,1.0,0,1
0.38,0.4,0,1,1,0,0,0,0.0,8,0,2.0,0,1
0.38,0.4,0,1,1,0,0,0,0.0,24,0,3.0,0,1
0.38,0.4,0,1,1,0,0,0,0.0,26,0,4.0,0,1
0.38,0.4,0,1,1,0,0,0,0.0,33,0,5.0,0,1
0.38,0.4,0,1,1,0,0,0,0.0,39,0,6.0,0,1
0.38,0.4,0,1,1,0,0,0,0.0,51,0,7.0,0,1
0.38,0.4,0,1,1,0,0,0,0.0,62,0,8.0,0,1
0.38,0.4,0,1,1,0,0,0,0.0,71,0,9.0,0,1
0.38,0.4,0,1,1,0,0,0,0.0,78,1,10.0,0,1
0.38,0.4,0,1,1,0,0,0,0.0,83,1,11.0,0,1
0.38,0.4,0,1,1,0,0,0,0.0,88,1,12.0,0,1
0.38,0.4,0,1,1,0,0,0,0.0,97,1,13.0,0,1
0.38,0.4,0,1,1,0,0,0,0.0,107,1,14.0,0,1
0.38,0.4,0,1,1,0,0,0,0.0,110,1,15.0,0,1
0.38,0.4,0,1,1,0,0,0,0.0,118,1,16.0,0,1
0.38,0.4,0,1,1,0,0,0,0.0,124,2,17.0,0,1
0.38,0.4,0,1,1,0,0,0,0.0,127,3,18.0,0,1
0.38,0.4,0,1,1,0,0,0,0.0,129,3,19.0,0,1
0.38,0.4,0,1,1,0,0,0,0.0,138,3,20.0,0,1
0.38,0.4,0,1,0,1,3,0,1.0,138,3,20.0,139,1
0.38,0.4,0,1,0,1,6,1,2.0,138,3,20.0,139,1
0.38,0.4,0,1,0,1,8,1,3.0,138,3,20.0,139,1
0.38,0.4,0,1,0,1,9,1,4.0,138,3,20.0,139,1
0.38,0.4,0,1,0,1,21,1,5.0,138,3,20.0,139,1
0.38,0.4,0,1,0,1,26,1,6.0,138,3,20.0,139,1
0.38,0.4,0,1,0,1,33,1,7.0,138,3,20.0,139,1
0.38,0.4,0,1,0,1,40,1,8.0,138,3,20.0,139,1
0.38,0.4,0,1,0,1,46,2,9.0,138,3,20.0,139,1
0.38,0.4,0,1,0,1,53,3,10.0,138,3,20.0,139,1
0.38,0.4,0,1,0,1,65,3,11.0,138,3,20.0,139,1
0.38,0.4,0,1,0,1,79,3,12.0,138,3,20.0,139,1
0.38,0.4,0,1,0,1,88,3,13.0,138,3,20.0,139,1
0.38,0.4,0,1,0,1,96,3,14.0,138,3,20.0,139,1
0.38,0.4,0,1,0,1,102,3,15.0,138,3,20.0,139,1
0.38,0.4,0,1,0,1,110,4,16.0,138,3,20.0,139,1
0.38,0.4,0,1,0,1,116,4,17.0,138,3,20.0,139,1
0.38,0.4,0,1,0,1,121,4,18.0,138,3,20.0,139,1
0.38,0.4,0,1,0,1,131,4,19.0,138,3,20.0,139,1
0.38,0.4,0,1,0,1,140,5,19.83,138,3,20.0,139,1
0.6,0.52,0,1,1,0,0,0,0.0,11,1,1.0,0,1
0.6,0.52,0,1,1,0,0,0,0.0,18,1,2.0,0,1
0.6,0.52,0,1,1,0,0,0,0.0,19,1,3.0,0,1
0.6,0.52,0,1,1,0,0,0,0.0,26,1,4.0,0,1
0.6,0.52,0,1,1,0,0,0,0.0,40,1,5.0,0,1
0.6,0.52,0,1,1,0,0,0,0.0,46,1,6.0,0,1
0.6,0.52,0,1,1,0,0,0,0.0,49,1,7.0,0,1
0.6,0.52,0,1,1,0,0,0,0.0,53,1,8.0,0,1
0.6,0.52,0,1,1,0,0,0,0.0,66,1,9.0,0,1
0.6,0.52,0,1,1,0,0,0,0.0,68,1,10.0,0,1
0.6,0.52,0,1,1,0,0,0,0.0,77,1,11.0,0,1
0.6,0.52,0,1,1,0,0,0,0.0,83,1,12.0,0,1
0.6,0.52,0,1,1,0,0,0,0.0,90,1,13.0,0,1
0.6,0.52,0,1,1,0,0,0,0.0,92,2,14.0,0,1
0.6,0.52,0,1,1,0,0,0,0.0,105,2,15.0,0,1
0.6,0.52,0,1,1,0,0,0,0.0,110,2,16.0,0,1
0.6,0.52,0,1,1,0,0,0,0.0,117,2,17.0,0,1
0.6,0.52,0,1,1,0,0,0,0.0,121,2,18.0,0,1
0.6,0.52,0,1,1,0,0,0,0.0,130,3,19.0,0,1
0.6,0.52,0,1,1,0,0,0,0.0,133,3,20.0,0,1
0.6,0.52,0,1,0,1,4,1,1.0,133,3,20.0,134,1
0.6,0.52,0,1,0,1,14,1,2.0,133,3,20.0,134,1
0.6,0.52,0,1,0,1,21,1,3.0,133,3,20.0,134,1
0.6,0.52,0,1,0,1,35,1,4.0,133,3,20.0,134,1
0.6,0.52,0,1,0,1,44,1,5.0,133,3,20.0,134,1
0.6,0.52,0,1,0,1,53,1,6.0,133,3,20.0,134,1
0.6,0.52,0,1,0,1,59,1,7.0,133,3,20.0,134,1
0.6,0.52,0,1,0,1,74,2,8.0,133,3,20.0,134,1
0.6,0.52,0,1,0,1,80,3,9.0,133,3,20.0,134,1
0.6,0.52,0,1,0,1,82,3,10.0,133,3,20.0,134,1
0.6,0.52,0,1,0,1,88,3,11.0,133,3,20.0,134,1
0.6,0.52,0,1,0,1,91,3,12.0,133,3,20.0,134,1
0.6,0.52,0,1,0,1,97,3,13.0,133,3,20.0,134,1
0.6,0.52,0,1,0,1,104,3,14.0,133,3,20.0,134,1
0.6,0.52,0,1,0,1,110,3,15.0,133,3,20.0,134,1
0.6,0.52,0,1,0,1,126,3,16.0,133,3,20.0,134,1
0.6,0.52,0,1,0,1,135,3,17.0,133,3,20.0,134,1
0.44,0.37,0,1,1,0,0,0,0.0,4,0,1.0,0,1
0.44,0.37,0,1,1,0,0,0,0.0,18,0,2.0,0,1
0.44,0.37,0,1,1,0,0,0,0.0,20,1,3.0,0,1
0.44,0.37,0,1,1,0,0,0,0.0,26,1,4.0,0,1
0.44,0.37,0,1,1,0,0,0,0.0,29,1,5.0,0,1
0.44,0.37,0,1,1,0,0,0,0.0,36,2,6.0,0,1
0.44,0.37,0,1,1,0,0,0,0.0,44,2,7.0,0,1
0.44,0.37,0,1,1,0,0,0,0.0,48,3,8.0,0,1
0.44,0.37,0,1,1,0,0,0,0.0,57,3,9.0,0,1
0.44,0.37,0,1,1,0,0,0,0.0,68,3,10.0,0,1
0.44,0.37,0,1,1,0,0,0,0.0,73,3,11.0,0,1
0.44,0.37,0,1,1,0,0,0,0.0,77,3,12.0,0,1
0.44,0.37,0,1,1,0,0,0,0.0,89,3,13.0,0,1
0.44,0.37,0,1,1,0,0,0,0.0,90,4,14.0,0,1
0.44,0.37,0,1,1,0,0,0,0.0,99,4,15.0,0,1
0.44,0.37,0,1,1,0,0,0,0.0,108,4,16.0,0,1
0.44,0.37,0,1,1,0,0,0,0.0,117,4,17.0,0,1
0.44,0.37,0,1,1,0,0,0,0.0,127,5,18.0,0,1
0.44,0.37,0,1,1,0,0,0,0.0,129,5,19.0,0,1
0.44,0.37,0,1,1,0,0,0,0.0,138,5,20.0,0,1
0.44,0.37,0,1,0,1,12,0,1.0,138,5,20.0,139,1
0.44,0.37,0,1,0,1,14,0,2.0,138,5,20.0,139,1
0.44,0.37,0,1,0,1,23,0,3.0,138,5,20.0,139,1
0.44,0.37,0,1,0,1,38,0,4.0,138,5,20.0,139,1
0.44,0.37,0,1,0,1,46,1,5.0,138,5,20.0,139,1
0.44,0.37,0,1,0,1,53,1,6.0,138,5,20.0,139,1
0.44,0.37,0,1,0,1,64,1,7.0,138,5,20.0,139,1
0.44,0.37,0,1,0,1,70,2,8.0,138,5,20.0,139,1
0.44,0.37,0,1,0,1,85,2,9.0,138,5,20.0,139,1
0.44,0.37,0,1,0,1,88,2,10.0,138,5,20.0,139,1
0.44,0.37,0,1,0,1,91,2,11.0,138,5,20.0,139,1
0.44,0.37,0,1,0,1,98,2,12.0,138,5,20.0,139,1
0.44,0.37,0,1,0,1,103,2,13.0,138,5,20.0,139,1
0.44,0.37,0,1,0,1,111,3,14.0,138,5,20.0,139,1
0.44,0.37,0,1,0,1,120,3,15.0,138,5,20.0,139,1
0.44,0.37,0,1,0,1,129,3,16.0,138,5,20.0,139,1
0.44,0.37,0,1,0,1,133,3,17.0,138,5,20.0,139,1
0.44,0.37,0,1,0,1,139,3,17.33,138,5,20.0,139,1
0.56,0.46,1,1,1,1,7,0,1.0,0,0,0.0,0,1
0.56,0.46,1,1,1,1,12,0,2.0,0,0,0.0,0,1
0.56,0.46,1,1,1,1,28,0,3.0,0,0,0.0,0,1
0.56,0.46,1,1,1,1,35,0,4.0,0,0,0.0,0,1
0.56,0.46,1,1,1,1,48,0,5.0,0,0,0.0,0,1
0.56,0.46,1,1,1,1,51,1,6.0,0,0,0.0,0,1
0.56,0.46,1,1,1,1,57,1,7.0,0,0,0.0,0,1
0.56,0.46,1,1,1,1,62,1,8.0,0,0,0.0,0,1
0.56,0.46,1,1,1,1,75,1,9.0,0,0,0.0,0,1
0.56,0.46,1,1,1,1,84,1,10.0,0,0,0.0,0,1
0.56,0.46,1,1,1,1,87,1,11.0,0,0,0.0,0,1
0.56,0.46,1,1,1,1,92,1,12.0,0,0,0.0,0,1
0.56,0.46,1,1,1,1,100,1,13.0,0,0,0.0,0,1
0.56,0.46,1,1,1,1,110,1,14.0,0,0,0.0,0,1
0.56,0.46,1,1,1,1,112,1,15.0,0,0,0.0,0,1
0.56,0.46,1,1,1,1,119,1,16.0,0,0,0.0,0,1
0.56,0.46,1,1,1,1,126,2,17.0,0,0,0.0,0,1
0.56,0.46,1,1,1,1,134,2,18.0,0,0,0.0,0,1
0.56,0.46,1,1,1,1,141,2,19.0,0,0,0.0,0,1
0.56,0.46,1,1,1,1,153,2,20.0,0,0,0.0,0,1
0.56,0.46,1,1,0,0,153,2,20.0,5,1,1.0,154,1
0.56,0.46,1,1,0,0,153,2,20.0,15,1,2.0,154,1
0.56,0.46,1,1,0,0,153,2,20.0,19,1,3.0,154,1
0.56,0.46,1,1,0,0,153,2,20.0,31,1,4.0,154,1
0.56,0.46,1,1,0,0,153,2,20.0,39,2,5.0,154,1
0.56,0.46,1,1,0,0,153,2,20.0,48,2,6.0,154,1
0.56,0.46,1,1,0,0,153,2,20.0,50,3,7.0,154,1
0.56,0.46,1,1,0,0,153,2,20.0,52,3,8.0,154,1
0.56,0.46,1,1,0,0,153,2,20.0,55,3,9.0,154,1
0.56,0.46,1,1,0,0,153,2,20.0,60,3,10.0,154,1
0.56,0.46,1,1,0,0,153,2,20.0,63,3,11.0,154,1
0.56,0.46,1,1,0,0,153,2,20.0,73,3,12.0,154,1
0.56,0.46,1,1,0,0,153,2,20.0,83,3,13.0,154,1
0.56,0.46,1,1,0,0,153,2,20.0,93,3,14.0,154,1
0.56,0.46,1,1,0,0,153,2,20.0,105,3,15.0,154,1
0.56,0.46,1,1,0,0,153,2,20.0,108,4,16.0,154,1
0.56,0.46,1,1,0,0,153,2,20.0,117,4,17.0,154,1
0.56,0.46,1,1,0,0,153,2,20.0,127,4,18.0,154,1
0.56,0.46,1,1,0,0,153,2,20.0,138,4,19.0,154,1
0.56,0.46,1,1,0,0,153,2,20.0,143,7,20.0,154,1
0.64,0.53,0,0,1,1,13,0,1.0,0,0,0.0,0,0
0.64,0.53,0,0,1,1,16,1,2.0,0,0,0.0,0,0
0.64,0.53,0,0,1,1,18,1,3.0,0,0,0.0,0,0
0.64,0.53,0,0,1,1,21,1,4.0,0,0,0.0,0,0
0.64,0.53,0,0,1,1,31,2,5.0,0,0,0.0,0,0
0.64,0.53,0,0,1,1,40,3,6.0,0,0,0.0,0,0
0.64,0.53,0,0,1,1,42,3,7.0,0,0,0.0,0,0
0.64,0.53,0,0,1,1,56,3,8.0,0,0,0.0,0,0
0.64,0.53,0,0,1,1,64,3,9.0,0,0,0.0,0,0
0.64,0.53,0,0,1,1,69,3,10.0,0,0,0.0,0,0
0.64,0.53,0,0,1,1,83,3,11.0,0,0,0.0,0,0
0.64,0.53,0,0,1,1,93,3,12.0,0,0,0.0,0,0
0.64,0.53,0,0,1,1,94,3,13.0,0,0,0.0,0,0
0.64,0.53,0,0,1,1,97,3,14.0,0,0,0.0,0,0
0.64,0.53,0,0,1,1,112,3,15.0,0,0,0.0,0,0
0.64,0.53,0,0,1,1,124,3,16.0,0,0,0.0,0,0
0.64,0.53,0,0,1,1,129,3,17.0,0,0,0.0,0,0
0.64,0.53,0,0,1,1,135,3,18.0,0,0,0.0,0,0
0.64,0.53,0,0,1,1,137,4,19.0,0,0,0.0,0,0
0.64,0.53,0,0,1,1,139,4,20.0,0,0,0.0,0,0
0.64,0.53,0,0,0,0,139,4,20.0,12,0,1.0,140,0
0.64,0.53,0,0,0,0,139,4,20.0,33,0,2.0,140,0
0.64,0.53,0,0,0,0,139,4,20.0,41,0,3.0,140,0
0.64,0.53,0,0,0,0,139,4,20.0,54,0,4.0,140,0
0.64,0.53,0,0,0,0,139,4,20.0,61,0,5.0,140,0
0.64,0.53,0,0,0,0,139,4,20.0,64,0,6.0,140,0
0.64,0.53,0,0,0,0,139,4,20.0,75,0,7.0,140,0
0.64,0.53,0,0,0,0,139,4,20.0,83,0,8.0,140,0
0.64,0.53,0,0,0,0,139,4,20.0,89,1,9.0,140,0
0.64,0.53,0,0,0,0,139,4,20.0,97,1,10.0,140,0
0.64,0.53,0,0,0,0,139,4,20.0,99,1,11.0,140,0
0.64,0.53,0,0,0,0,139,4,20.0,103,2,12.0,140,0
0.64,0.53,0,0,0,0,139,4,20.0,108,2,13.0,140,0
0.64,0.53,0,0,0,0,139,4,20.0,112,2,14.0,140,0
0.64,0.53,0,0,0,0,139,4,20.0,118,3,15.0,140,0
0.64,0.53,0,0,0,0,139,4,20.0,119,3,16.0,140,0
0.64,0.53,0,0,0,0,139,4,20.0,134,3,17.0,140,0
0.64,0.53,0,0,0,0,139,4,20.0,141,3,18.0,140,0
0.5,0.45,0,0,1,1,4,0,1.0,0,0,0.0,0,0
0.5,0.45,0,0,1,1,10,0,2.0,0,0,0.0,0,0
0.5,0.45,0,0,1,1,16,0,3.0,0,0,0.0,0,0
0.5,0.45,0,0,1,1,24,0,4.0,0,0,0.0,0,0
0.5,0.45,0,0,1,1,30,0,5.0,0,0,0.0,0,0
0.5,0.45,0,0,1,1,33,0,6.0,0,0,0.0,0,0
0.5,0.45,0,0,1,1,41,0,7.0,0,0,0.0,0,0
0.5,0.45,0,0,1,1,49,0,8.0,0,0,0.0,0,0
0.5,0.45,0,0,1,1,55,2,9.0,0,0,0.0,0,0
0.5,0.45,0,0,1,1,57,3,10.0,0,0,0.0,0,0
0.5,0.45,0,0,1,1,60,3,11.0,0,0,0.0,0,0
0.5,0.45,0,0,1,1,68,3,12.0,0,0,0.0,0,0
0.5,0.45,0,0,1,1,75,3,13.0,0,0,0.0,0,0
0.5,0.45,0,0,1,1,81,3,14.0,0,0,0.0,0,0
0.5,0.45,0,0,1,1,88,3,15.0,0,0,0.0,0,0
0.5,0.45,0,0,1,1,93,3,16.0,0,0,0.0,0,0
0.5,0.45,0,0,1,1,98,3,17.0,0,0,0.0,0,0
0.5,0.45,0,0,1,1,103,3,18.0,0,0,0.0,0,0
0.5,0.45,0,0,1,1,110,3,19.0,0,0,0.0,0,0
0.5,0.45,0,0,1,1,112,4,20.0,0,0,0.0,0,0
0.5,0.45,0,0,0,0,112,4,20.0,3,0,1.0,113,0
0.5,0.45,0,0,0,0,112,4,20.0,9,0,2.0,113,0
0.5,0.45,0,0,0,0,112,4,20.0,13,1,3.0,113,0
0.5,0.45,0,0,0,0,112,4,20.0,25,1,4.0,113,0
0.5,0.45,0,0,0,0,112,4,20.0,27,3,5.0,113,0
0.5,0.45,0,0,0,0,112,4,20.0,32,4,6.0,113,0
0.5,0.45,0,0,0,0,112,4,20.0,45,4,7.0,113,0
0.5,0.45,0,0,0,0,112,4,20.0,52,4,8.0,113,0
0.5,0.45,0,0,0,0,112,4,20.0,56,4,9.0,113,0
0.5,0.45,0,0,0,0,112,4,20.0,59,4,10.0,113,0
0.5,0.45,0,0,0,0,112,4,20.0,61,4,11.0,113,0
0.5,0.45,0,0,0,0,112,4,20.0,72,4,12.0,113,0
0.5,0.45,0,0,0,0,112,4,20.0,82,4,13.0,113,0
0.5,0.45,0,0,0,0,112,4,20.0,93,4,14.0,113,0
0.5,0.45,0,0,0,0,112,4,20.0,97,4,15.0,113,0
0.5,0.45,0,0,0,0,112,4,20.0,99,5,16.0,113,0
0.5,0.45,0,0,0,0,112,4,20.0,102,6,17.0,113,0
0.5,0.45,0,0,0,0,112,4,20.0,114,6,17.33,113,0
0.44,0.48,0,1,1,0,0,0,0.0,5,0,1.0,0,1
0.44,0.48,0,1,1,0,0,0,0.0,13,0,2.0,0,1
0.44,0.48,0,1,1,0,0,0,0.0,20,1,3.0,0,1
0.44,0.48,0,1,1,0,0,0,0.0,31,1,4.0,0,1
0.44,0.48,0,1,1,0,0,0,0.0,37,1,5.0,0,1
0.44,0.48,0,1,1,0,0,0,0.0,43,1,6.0,0,1
0.44,0.48,0,1,1,0,0,0,0.0,46,2,7.0,0,1
0.44,0.48,0,1,1,0,0,0,0.0,58,3,8.0,0,1
0.44,0.48,0,1,1,0,0,0,0.0,63,3,9.0,0,1
0.44,0.48,0,1,1,0,0,0,0.0,66,3,10.0,0,1
0.44,0.48,0,1,1,0,0,0,0.0,75,3,11.0,0,1
0.44,0.48,0,1,1,0,0,0,0.0,80,3,12.0,0,1
0.44,0.48,0,1,1,0,0,0,0.0,88,3,13.0,0,1
0.44,0.48,0,1,1,0,0,0,0.0,94,3,14.0,0,1
0.44,0.48,0,1,1,0,0,0,0.0,96,3,15.0,0,1
0.44,0.48,0,1,1,0,0,0,0.0,99,3,16.0,0,1
0.44,0.48,0,1,1,0,0,0,0.0,104,3,17.0,0,1
0.44,0.48,0,1,1,0,0,0,0.0,111,3,18.0,0,1
0.44,0.48,0,1,1,0,0,0,0.0,128,3,19.0,0,1
0.44,0.48,0,1,1,0,0,0,0.0,134,3,20.0,0,1
0.44,0.48,0,1,0,1,13,0,1.0,134,3,20.0,135,1
0.44,0.48,0,1,0,1,20,0,2.0,134,3,20.0,135,1
0.44,0.48,0,1,0,1,28,1,3.0,134,3,20.0,135,1
0.44,0.48,0,1,0,1,40,1,4.0,134,3,20.0,135,1
0.44,0.48,0,1,0,1,45,1,5.0,134,3,20.0,135,1
0.44,0.48,0,1,0,1,53,1,6.0,134,3,20.0,135,1
0.44,0.48,0,1,0,1,55,2,7.0,134,3,20.0,135,1
0.44,0.48,0,1,0,1,61,2,8.0,134,3,20.0,135,1
0.44,0.48,0,1,0,1,65,2,9.0,134,3,20.0,135,1
0.44,0.48,0,1,0,1,74,2,10.0,134,3,20.0,135,1
0.44,0.48,0,1,0,1,84,3,11.0,134,3,20.0,135,1
0.44,0.48,0,1,0,1,91,4,12.0,134,3,20.0,135,1
0.44,0.48,0,1,0,1,94,4,13.0,134,3,20.0,135,1
0.44,0.48,0,1,0,1,100,4,14.0,134,3,20.0,135,1
0.44,0.48,0,1,0,1,110,4,15.0,134,3,20.0,135,1
0.44,0.48,0,1,0,1,114,4,16.0,134,3,20.0,135,1
0.44,0.48,0,1,0,1,125,4,17.0,134,3,20.0,135,1
0.44,0.48,0,1,0,1,134,4,18.0,134,3,20.0,135,1
0.44,0.48,0,1,0,1,135,4,18.5,134,3,20.0,135,1
0.37,0.49,0,0,1,1,3,0,1.0,0,0,0.0,0,0
0.37,0.49,0,0,1,1,8,2,2.0,0,0,0.0,0,0
0.37,0.49,0,0,1,1,11,2,3.0,0,0,0.0,0,0
0.37,0.49,0,0,1,1,24,2,4.0,0,0,0.0,0,0
0.37,0.49,0,0,1,1,32,2,5.0,0,0,0.0,0,0
0.37,0.49,0,0,1,1,40,2,6.0,0,0,0.0,0,0
0.37,0.49,0,0,1,1,46,2,7.0,0,0,0.0,0,0
0.37,0.49,0,0,1,1,54,3,8.0,0,0,0.0,0,0
0.37,0.49,0,0,1,1,60,4,9.0,0,0,0.0,0,0
0.37,0.49,0,0,1,1,68,4,10.0,0,0,0.0,0,0
0.37,0.49,0,0,1,1,76,4,11.0,0,0,0.0,0,0
0.37,0.49,0,0,1,1,84,5,12.0,0,0,0.0,0,0
0.37,0.49,0,0,1,1,97,5,13.0,0,0,0.0,0,0
0.37,0.49,0,0,1,1,100,6,14.0,0,0,0.0,0,0
0.37,0.49,0,0,1,1,105,6,15.0,0,0,0.0,0,0
0.37,0.49,0,0,1,1,111,7,16.0,0,0,0.0,0,0
0.37,0.49,0,0,1,1,115,7,17.0,0,0,0.0,0,0
0.37,0.49,0,0,1,1,118,7,18.0,0,0,0.0,0,0
0.37,0.49,0,0,1,1,127,7,19.0,0,0,0.0,0,0
0.37,0.49,0,0,1,1,130,7,20.0,0,0,0.0,0,0
0.37,0.49,0,0,0,0,130,7,20.0,3,0,1.0,131,0
0.37,0.49,0,0,0,0,130,7,20.0,9,0,2.0,131,0
0.37,0.49,0,0,0,0,130,7,20.0,16,0,3.0,131,0
0.37,0.49,0,0,0,0,130,7,20.0,26,0,4.0,131,0
0.37,0.49,0,0,0,0,130,7,20.0,32,0,5.0,131,0
0.37,0.49,0,0,0,0,130,7,20.0,38,0,6.0,131,0
0.37,0.49,0,0,0,0,130,7,20.0,44,0,7.0,131,0
0.37,0.49,0,0,0,0,130,7,20.0,61,0,8.0,131,0
0.37,0.49,0,0,0,0,130,7,20.0,70,0,9.0,131,0
0.37,0.49,0,0,0,0,130,7,20.0,75,0,10.0,131,0
0.37,0.49,0,0,0,0,130,7,20.0,84,1,11.0,131,0
0.37,0.49,0,0,0,0,130,7,20.0,99,1,12.0,131,0
0.37,0.49,0,0,0,0,130,7,20.0,115,1,13.0,131,0
0.37,0.49,0,0,0,0,130,7,20.0,123,1,14.0,131,0
0.37,0.49,0,0,0,0,130,7,20.0,133,1,15.0,131,0
0.64,0.64,0,1,1,0,0,0,0.0,5,0,1.0,0,0
0.64,0.64,0,1,1,0,0,0,0.0,16,0,2.0,0,0
0.64,0.64,0,1,1,0,0,0,0.0,23,0,3.0,0,0
0.64,0.64,0,1,1,0,0,0,0.0,29,0,4.0,0,0
0.64,0.64,0,1,1,0,0,0,0.0,32,1,5.0,0,0
0.64,0.64,0,1,1,0,0,0,0.0,34,1,6.0,0,0
0.64,0.64,0,1,1,0,0,0,0.0,44,1,7.0,0,0
0.64,0.64,0,1,1,0,0,0,0.0,47,1,8.0,0,0
0.64,0.64,0,1,1,0,0,0,0.0,64,1,9.0,0,0
0.64,0.64,0,1,1,0,0,0,0.0,74,1,10.0,0,0
0.64,0.64,0,1,1,0,0,0,0.0,81,1,11.0,0,0
0.64,0.64,0,1,1,0,0,0,0.0,89,1,12.0,0,0
0.64,0.64,0,1,1,0,0,0,0.0,98,1,13.0,0,0
0.64,0.64,0,1,1,0,0,0,0.0,102,2,14.0,0,0
0.64,0.64,0,1,1,0,0,0,0.0,110,2,15.0,0,0
0.64,0.64,0,1,1,0,0,0,0.0,117,2,16.0,0,0
0.64,0.64,0,1,1,0,0,0,0.0,122,3,17.0,0,0
0.64,0.64,0,1,1,0,0,0,0.0,131,3,18.0,0,0
0.64,0.64,0,1,1,0,0,0,0.0,139,3,19.0,0,0
0.64,0.64,0,1,1,0,0,0,0.0,145,3,20.0,0,0
0.64,0.64,0,1,0,1,14,0,1.0,145,3,20.0,146,0
0.64,0.64,0,1,0,1,26,0,2.0,145,3,20.0,146,0
0.64,0.64,0,1,0,1,36,0,3.0,145,3,20.0,146,0
0.64,0.64,0,1,0,1,37,1,4.0,145,3,20.0,146,0
0.64,0.64,0,1,0,1,44,1,5.0,145,3,20.0,146,0
0.64,0.64,0,1,0,1,49,1,6.0,145,3,20.0,146,0
0.64,0.64,0,1,0,1,55,1,7.0,145,3,20.0,146,0
0.64,0.64,0,1,0,1,59,1,8.0,145,3,20.0,146,0
0.64,0.64,0,1,0,1,62,1,9.0,145,3,20.0,146,0
0.64,0.64,0,1,0,1,72,1,10.0,145,3,20.0,146,0
0.64,0.64,0,1,0,1,85,1,11.0,145,3,20.0,146,0
0.64,0.64,0,1,0,1,95,1,12.0,145,3,20.0,146,0
0.64,0.64,0,1,0,1,104,1,13.0,145,3,20.0,146,0
0.64,0.64,0,1,0,1,115,2,14.0,145,3,20.0,146,0
0.64,0.64,0,1,0,1,122,2,15.0,145,3,20.0,146,0
0.64,0.64,0,1,0,1,128,2,16.0,145,3,20.0,146,0
0.64,0.64,0,1,0,1,132,2,17.0,145,3,20.0,146,0
0.64,0.64,0,1,0,1,138,2,18.0,145,3,20.0,146,0
0.64,0.64,0,1,0,1,139,2,19.0,145,3,20.0,146,0
0.64,0.64,0,1,0,1,143,3,20.0,145,3,20.0,146,0
0.48,0.55,1,1,1,1,6,0,1.0,0,0,0.0,0,0
0.48,0.55,1,1,1,1,13,0,2.0,0,0,0.0,0,0
0.48,0.55,1,1,1,1,25,0,3.0,0,0,0.0,0,0
0.48,0.55,1,1,1,1,37,0,4.0,0,0,0.0,0,0
0.48,0.55,1,1,1,1,39,0,5.0,0,0,0.0,0,0
0.48,0.55,1,1,1,1,44,0,6.0,0,0,0.0,0,0
0.48,0.55,1,1,1,1,56,0,7.0,0,0,0.0,0,0
0.48,0.55,1,1,1,1,59,0,8.0,0,0,0.0,0,0
0.48,0.55,1,1,1,1,61,1,9.0,0,0,0.0,0,0
0.48,0.55,1,1,1,1,67,1,10.0,0,0,0.0,0,0
0.48,0.55,1,1,1,1,72,2,11.0,0,0,0.0,0,0
0.48,0.55,1,1,1,1,76,2,12.0,0,0,0.0,0,0
0.48,0.55,1,1,1,1,78,2,13.0,0,0,0.0,0,0
0.48,0.55,1,1,1,1,91,2,14.0,0,0,0.0,0,0
0.48,0.55,1,1,1,1,102,2,15.0,0,0,0.0,0,0
0.48,0.55,1,1,1,1,107,2,16.0,0,0,0.0,0,0
0.48,0.55,1,1,1,1,108,3,17.0,0,0,0.0,0,0
0.48,0.55,1,1,1,1,114,4,18.0,0,0,0.0,0,0
0.48,0.55,1,1,1,1,125,4,19.0,0,0,0.0,0,0
0.48,0.55,1,1,1,1,133,4,20.0,0,0,0.0,0,0
0.48,0.55,1,1,0,0,133,4,20.0,6,0,1.0,134,0
0.48,0.55,1,1,0,0,133,4,20.0,13,1,2.0,134,0
0.48,0.55,1,1,0,0,133,4,20.0,16,2,3.0,134,0
0.48,0.55,1,1,0,0,133,4,20.0,24,2,4.0,134,0
0.48,0.55,1,1,0,0,133,4,20.0,40,2,5.0,134,0
0.48,0.55,1,1,0,0,133,4,20.0,42,3,6.0,134,0
0.48,0.55,1,1,0,0,133,4,20.0,50,3,7.0,134,0
0.48,0.55,1,1,0,0,133,4,20.0,53,3,8.0,134,0
0.48,0.55,1,1,0,0,133,4,20.0,58,3,9.0,134,0
0.48,0.55,1,1,0,0,133,4,20.0,61,3,10.0,134,0
0.48,0.55,1,1,0,0,133,4,20.0,67,3,11.0,134,0
0.48,0.55,1,1,0,0,133,4,20.0,68,3,12.0,134,0
0.48,0.55,1,1,0,0,133,4,20.0,80,3,13.0,134,0
0.48,0.55,1,1,0,0,133,4,20.0,89,3,14.0,134,0
0.48,0.55,1,1,0,0,133,4,20.0,91,3,15.0,134,0
0.48,0.55,1,1,0,0,133,4,20.0,103,3,16.0,134,0
0.48,0.55,1,1,0,0,133,4,20.0,115,3,17.0,134,0
0.48,0.55,1,1,0,0,133,4,20.0,130,3,18.0,134,0
0.48,0.55,1,1,0,0,133,4,20.0,138,4,19.0,134,0
0.46,0.62,0,0,1,1,4,1,1.0,0,0,0.0,0,0
0.46,0.62,0,0,1,1,14,1,2.0,0,0,0.0,0,0
0.46,0.62,0,0,1,1,16,2,3.0,0,0,0.0,0,0
0.46,0.62,0,0,1,1,24,2,4.0,0,0,0.0,0,0
0.46,0.62,0,0,1,1,26,2,5.0,0,0,0.0,0,0
0.46,0.62,0,0,1,1,29,2,6.0,0,0,0.0,0,0
0.46,0.62,0,0,1,1,33,2,7.0,0,0,0.0,0,0
0.46,0.62,0,0,1,1,36,3,8.0,0,0,0.0,0,0
0.46,0.62,0,0,1,1,43,3,9.0,0,0,0.0,0,0
0.46,0.62,0,0,1,1,55,3,10.0,0,0,0.0,0,0
0.46,0.62,0,0,1,1,58,3,11.0,0,0,0.0,0,0
0.46,0.62,0,0,1,1,66,4,12.0,0,0,0.0,0,0
0.46,0.62,0,0,1,1,68,4,13.0,0,0,0.0,0,0
0.46,0.62,0,0,1,1,75,5,14.0,0,0,0.0,0,0
0.46,0.62,0,0,1,1,86,5,15.0,0,0,0.0,0,0
0.46,0.62,0,0,1,1,92,5,16.0,0,0,0.0,0,0
0.46,0.62,0,0,1,1,98,5,17.0,0,0,0.0,0,0
0.46,0.62,0,0,1,1,111,5,18.0,0,0,0.0,0,0
0.46,0.62,0,0,1,1,114,6,19.0,0,0,0.0,0,0
0.46,0.62,0,0,1,1,120,6,20.0,0,0,0.0,0,0
0.46,0.62,0,0,0,0,120,6,20.0,10,0,1.0,121,0
0.46,0.62,0,0,0,0,120,6,20.0,24,0,2.0,121,0
0.46,0.62,0,0,0,0,120,6,20.0,31,0,3.0,121,0
0.46,0.62,0,0,0,0,120,6,20.0,37,1,4.0,121,0
0.46,0.62,0,0,0,0,120,6,20.0,45,1,5.0,121,0
0.46,0.62,0,0,0,0,120,6,20.0,56,1,6.0,121,0
0.46,0.62,0,0,0,0,120,6,20.0,63,1,7.0,121,0
0.46,0.62,0,0,0,0,120,6,20.0,70,1,8.0,121,0
0.46,0.62,0,0,0,0,120,6,20.0,78,1,9.0,121,0
0.46,0.62,0,0,0,0,120,6,20.0,83,1,10.0,121,0
0.46,0.62,0,0,0,0,120,6,20.0,91,1,11.0,121,0
0.46,0.62,0,0,0,0,120,6,20.0,96,1,12.0,121,0
0.46,0.62,0,0,0,0,120,6,20.0,98,1,13.0,121,0
0.46,0.62,0,0,0,0,120,6,20.0,101,1,14.0,121,0
0.46,0.62,0,0,0,0,120,6,20.0,113,1,15.0,121,0
0.46,0.62,0,0,0,0,120,6,20.0,120,1,16.0,121,0
0.46,0.62,0,0,0,0,120,6,20.0,122,1,16.17,121,0
0.52,0.35,0,1,1,0,0,0,0.0,1,0,1.0,0,1
0.52,0.35,0,1,1,0,0,0,0.0,7,0,2.0,0,1
0.52,0.35,0,1,1,0,0,0,0.0,14,1,3.0,0,1
0.52,0.35,0,1,1,0,0,0,0.0,21,1,4.0,0,1
0.52,0.35,0,1,1,0,0,0,0.0,27,1,5.0,0,1
0.52,0.35,0,1,1,0,0,0,0.0,30,1,6.0,0,1
0.52,0.35,0,1,1,0,0,0,0.0,39,1,7.0,0,1
0.52,0.35,0,1,1,0,0,0,0.0,50,1,8.0,0,1
0.52,0.35,0,1,1,0,0,0,0.0,54,1,9.0,0,1
0.52,0.35,0,1,1,0,0,0,0.0,58,1,10.0,0,1
0.52,0.35,0,1,1,0,0,0,0.0,62,1,11.0,0,1
0.52,0.35,0,1,1,0,0,0,0.0,69,1,12.0,0,1
0.52,0.35,0,1,1,0,0,0,0.0,76,1,13.0,0,1
0.52,0.35,0,1,1,0,0,0,0.0,91,2,14.0,0,1
0.52,0.35,0,1,1,0,0,0,0.0,102,2,15.0,0,1
0.52,0.35,0,1,1,0,0,0,0.0,107,4,16.0,0,1
0.52,0.35,0,1,1,0,0,0,0.0,116,4,17.0,0,1
0.52,0.35,0,1,1,0,0,0,0.0,124,4,18.0,0,1
0.52,0.35,0,1,1,0,0,0,0.0,129,4,19.0,0,1
0.52,0.35,0,1,1,0,0,0,0.0,135,4,20.0,0,1
0.52,0.35,0,1,0,1,1,0,1.0,135,4,20.0,136,1
0.52,0.35,0,1,0,1,10,1,2.0,135,4,20.0,136,1
0.52,0.35,0,1,0,1,19,1,3.0,135,4,20.0,136,1
0.52,0.35,0,1,0,1,23,1,4.0,135,4,20.0,136,1
0.52,0.35,0,1,0,1,36,1,5.0,135,4,20.0,136,1
0.52,0.35,0,1,0,1,45,1,6.0,135,4,20.0,136,1
0.52,0.35,0,1,0,1,61,1,7.0,135,4,20.0,136,1
0.52,0.35,0,1,0,1,67,1,8.0,135,4,20.0,136,1
0.52,0.35,0,1,0,1,77,1,9.0,135,4,20.0,136,1
0.52,0.35,0,1,0,1,88,2,10.0,135,4,20.0,136,1
0.52,0.35,0,1,0,1,95,2,11.0,135,4,20.0,136,1
0.52,0.35,0,1,0,1,100,2,12.0,135,4,20.0,136,1
0.52,0.35,0,1,0,1,107,3,13.0,135,4,20.0,136,1
0.52,0.35,0,1,0,1,113,3,14.0,135,4,20.0,136,1
0.52,0.35,0,1,0,1,114,4,15.0,135,4,20.0,136,1
0.52,0.35,0,1,0,1,123,4,16.0,135,4,20.0,136,1
0.52,0.35,0,1,0,1,133,4,17.0,135,4,20.0,136,1
0.52,0.35,0,1,0,1,136,4,17.67,135,4,20.0,136,1
0.54,0.45,1,1,1,1,4,0,1.0,0,0,0.0,0,1
0.54,0.45,1,1,1,1,11,0,2.0,0,0,0.0,0,1
0.54,0.45,1,1,1,1,16,1,3.0,0,0,0.0,0,1
0.54,0.45,1,1,1,1,30,1,4.0,0,0,0.0,0,1
0.54,0.45,1,1,1,1,43,1,5.0,0,0,0.0,0,1
0.54,0.45,1,1,1,1,60,2,6.0,0,0,0.0,0,1
0.54,0.45,1,1,1,1,65,2,7.0,0,0,0.0,0,1
0.54,0.45,1,1,1,1,67,2,8.0,0,0,0.0,0,1
0.54,0.45,1,1,1,1,71,2,9.0,0,0,0.0,0,1
0.54,0.45,1,1,1,1,87,2,10.0,0,0,0.0,0,1
0.54,0.45,1,1,1,1,92,3,11.0,0,0,0.0,0,1
0.54,0.45,1,1,1,1,108,3,12.0,0,0,0.0,0,1
0.54,0.45,1,1,1,1,116,3,13.0,0,0,0.0,0,1
0.54,0.45,1,1,1,1,126,4,14.0,0,0,0.0,0,1
0.54,0.45,1,1,1,1,132,5,15.0,0,0,0.0,0,1
0.54,0.45,1,1,1,1,140,6,16.0,0,0,0.0,0,1
0.54,0.45,1,1,1,1,153,6,17.0,0,0,0.0,0,1
0.54,0.45,1,1,1,1,158,6,18.0,0,0,0.0,0,1
0.54,0.45,1,1,1,1,169,6,19.0,0,0,0.0,0,1
0.54,0.45,1,1,1,1,185,6,20.0,0,0,0.0,0,1
0.54,0.45,1,1,0,0,185,6,20.0,0,0,1.0,186,1
0.54,0.45,1,1,0,0,185,6,20.0,18,0,2.0,186,1
0.54,0.45,1,1,0,0,185,6,20.0,20,1,3.0,186,1
0.54,0.45,1,1,0,0,185,6,20.0,36,1,4.0,186,1
0.54,0.45,1,1,0,0,185,6,20.0,45,1,5.0,186,1
0.54,0.45,1,1,0,0,185,6,20.0,55,1,6.0,186,1
0.54,0.45,1,1,0,0,185,6,20.0,62,1,7.0,186,1
0.54,0.45,1,1,0,0,185,6,20.0,72,1,8.0,186,1
0.54,0.45,1,1,0,0,185,6,20.0,84,1,9.0,186,1
0.54,0.45,1,1,0,0,185,6,20.0,94,1,10.0,186,1
0.54,0.45,1,1,0,0,185,6,20.0,104,1,11.0,186,1
0.54,0.45,1,1,0,0,185,6,20.0,108,1,12.0,186,1
0.54,0.45,1,1,0,0,185,6,20.0,116,1,13.0,186,1
0.54,0.45,1,1,0,0,185,6,20.0,119,2,14.0,186,1
0.54,0.45,1,1,0,0,185,6,20.0,127,2,15.0,186,1
0.54,0.45,1,1,0,0,185,6,20.0,137,2,16.0,186,1
0.54,0.45,1,1,0,0,185,6,20.0,158,2,17.0,186,1
0.54,0.45,1,1,0,0,185,6,20.0,162,2,18.0,186,1
0.54,0.45,1,1,0,0,185,6,20.0,168,2,19.0,186,1
0.54,0.45,1,1,0,0,185,6,20.0,176,2,20.0,186,1
0.54,0.55,0,1,1,0,0,0,0.0,2,0,1.0,0,1
0.54,0.55,0,1,1,0,0,0,0.0,5,0,2.0,0,1
0.54,0.55,0,1,1,0,0,0,0.0,13,1,3.0,0,1
0.54,0.55,0,1,1,0,0,0,0.0,20,1,4.0,0,1
0.54,0.55,0,1,1,0,0,0,0.0,26,1,5.0,0,1
0.54,0.55,0,1,1,0,0,0,0.0,33,1,6.0,0,1
0.54,0.55,0,1,1,0,0,0,0.0,41,1,7.0,0,1
0.54,0.55,0,1,1,0,0,0,0.0,49,1,8.0,0,1
0.54,0.55,0,1,1,0,0,0,0.0,51,1,9.0,0,1
0.54,0.55,0,1,1,0,0,0,0.0,60,1,10.0,0,1
0.54,0.55,0,1,1,0,0,0,0.0,67,2,11.0,0,1
0.54,0.55,0,1,1,0,0,0,0.0,69,2,12.0,0,1
0.54,0.55,0,1,1,0,0,0,0.0,73,2,13.0,0,1
0.54,0.55,0,1,1,0,0,0,0.0,80,2,14.0,0,1
0.54,0.55,0,1,1,0,0,0,0.0,86,3,15.0,0,1
0.54,0.55,0,1,1,0,0,0,0.0,95,3,16.0,0,1
0.54,0.55,0,1,1,0,0,0,0.0,96,3,17.0,0,1
0.54,0.55,0,1,1,0,0,0,0.0,98,3,18.0,0,1
0.54,0.55,0,1,1,0,0,0,0.0,111,3,19.0,0,1
0.54,0.55,0,1,1,0,0,0,0.0,126,3,20.0,0,1
0.54,0.55,0,1,0,1,2,0,1.0,126,3,20.0,127,1
0.54,0.55,0,1,0,1,4,0,2.0,126,3,20.0,127,1
0.54,0.55,0,1,0,1,9,0,3.0,126,3,20.0,127,1
0.54,0.55,0,1,0,1,20,0,4.0,126,3,20.0,127,1
0.54,0.55,0,1,0,1,31,1,5.0,126,3,20.0,127,1
0.54,0.55,0,1,0,1,33,2,6.0,126,3,20.0,127,1
0.54,0.55,0,1,0,1,41,2,7.0,126,3,20.0,127,1
0.54,0.55,0,1,0,1,47,2,8.0,126,3,20.0,127,1
0.54,0.55,0,1,0,1,56,2,9.0,126,3,20.0,127,1
0.54,0.55,0,1,0,1,65,2,10.0,126,3,20.0,127,1
0.54,0.55,0,1,0,1,66,2,11.0,126,3,20.0,127,1
0.54,0.55,0,1,0,1,76,2,12.0,126,3,20.0,127,1
0.54,0.55,0,1,0,1,83,2,13.0,126,3,20.0,127,1
0.54,0.55,0,1,0,1,90,2,14.0,126,3,20.0,127,1
0.54,0.55,0,1,0,1,92,2,15.0,126,3,20.0,127,1
0.54,0.55,0,1,0,1,97,3,16.0,126,3,20.0,127,1
0.54,0.55,0,1,0,1,106,4,17.0,126,3,20.0,127,1
0.54,0.55,0,1,0,1,112,4,18.0,126,3,20.0,127,1
0.54,0.55,0,1,0,1,121,4,19.0,126,3,20.0,127,1
0.54,0.55,0,1,0,1,129,4,19.33,126,3,20.0,127,1
0.47,0.64,1,0,1,0,0,0,0.0,6,0,1.0,0,0
0.47,0.64,1,0,1,0,0,0,0.0,14,0,2.0,0,0
0.47,0.64,1,0,1,0,0,0,0.0,17,0,3.0,0,0
0.47,0.64,1,0,1,0,0,0,0.0,21,0,4.0,0,0
0.47,0.64,1,0,1,0,0,0,0.0,30,0,5.0,0,0
0.47,0.64,1,0,1,0,0,0,0.0,31,0,6.0,0,0
0.47,0.64,1,0,1,0,0,0,0.0,40,0,7.0,0,0
0.47,0.64,1,0,1,0,0,0,0.0,53,1,8.0,0,0
0.47,0.64,1,0,1,0,0,0,0.0,61,1,9.0,0,0
0.47,0.64,1,0,1,0,0,0,0.0,72,1,10.0,0,0
0.47,0.64,1,0,1,0,0,0,0.0,82,1,11.0,0,0
0.47,0.64,1,0,1,0,0,0,0.0,86,1,12.0,0,0
0.47,0.64,1,0,1,0,0,0,0.0,100,1,13.0,0,0
0.47,0.64,1,0,1,0,0,0,0.0,106,1,14.0,0,0
0.47,0.64,1,0,1,0,0,0,0.0,121,2,15.0,0,0
0.47,0.64,1,0,1,0,0,0,0.0,130,2,16.0,0,0
0.47,0.64,1,0,1,0,0,0,0.0,138,2,17.0,0,0
0.47,0.64,1,0,1,0,0,0,0.0,140,2,18.0,0,0
0.47,0.64,1,0,1,0,0,0,0.0,146,2,19.0,0,0
0.47,0.64,1,0,1,0,0,0,0.0,156,2,20.0,0,0
0.47,0.64,1,0,0,1,0,0,1.0,156,2,20.0,157,0
0.47,0.64,1,0,0,1,11,0,2.0,156,2,20.0,157,0
0.47,0.64,1,0,0,1,19,0,3.0,156,2,20.0,157,0
0.47,0.64,1,0,0,1,24,2,4.0,156,2,20.0,157,0
0.47,0.64,1,0,0,1,30,2,5.0,156,2,20.0,157,0
0.47,0.64,1,0,0,1,36,2,6.0,156,2,20.0,157,0
0.47,0.64,1,0,0,1,42,2,7.0,156,2,20.0,157,0
0.47,0.64,1,0,0,1,49,2,8.0,156,2,20.0,157,0
0.47,0.64,1,0,0,1,53,2,9.0,156,2,20.0,157,0
0.47,0.64,1,0,0,1,61,2,10.0,156,2,20.0,157,0
0.47,0.64,1,0,0,1,65,2,11.0,156,2,20.0,157,0
0.47,0.64,1,0,0,1,76,3,12.0,156,2,20.0,157,0
0.47,0.64,1,0,0,1,93,3,13.0,156,2,20.0,157,0
0.47,0.64,1,0,0,1,99,3,14.0,156,2,20.0,157,0
0.47,0.64,1,0,0,1,104,3,15.0,156,2,20.0,157,0
0.47,0.64,1,0,0,1,111,3,16.0,156,2,20.0,157,0
0.47,0.64,1,0,0,1,122,4,17.0,156,2,20.0,157,0
0.47,0.64,1,0,0,1,139,5,18.0,156,2,20.0,157,0
0.47,0.64,1,0,0,1,148,5,19.0,156,2,20.0,157,0
0.47,0.64,1,0,0,1,156,5,20.0,156,2,20.0,157,0
0.5,0.54,0,1,1,0,0,0,0.0,6,0,1.0,0,1
0.5,0.54,0,1,1,0,0,0,0.0,11,1,2.0,0,1
0.5,0.54,0,1,1,0,0,0,0.0,15,2,3.0,0,1
0.5,0.54,0,1,1,0,0,0,0.0,15,2,4.0,0,1
0.5,0.54,0,1,1,0,0,0,0.0,20,3,5.0,0,1
0.5,0.54,0,1,1,0,0,0,0.0,23,4,6.0,0,1
0.5,0.54,0,1,1,0,0,0,0.0,27,4,7.0,0,1
0.5,0.54,0,1,1,0,0,0,0.0,35,5,8.0,0,1
0.5,0.54,0,1,1,0,0,0,0.0,39,5,9.0,0,1
0.5,0.54,0,1,1,0,0,0,0.0,48,5,10.0,0,1
0.5,0.54,0,1,1,0,0,0,0.0,57,5,11.0,0,1
0.5,0.54,0,1,1,0,0,0,0.0,68,5,12.0,0,1
0.5,0.54,0,1,1,0,0,0,0.0,73,6,13.0,0,1
0.5,0.54,0,1,1,0,0,0,0.0,79,7,14.0,0,1
0.5,0.54,0,1,1,0,0,0,0.0,85,7,15.0,0,1
0.5,0.54,0,1,1,0,0,0,0.0,92,8,16.0,0,1
0.5,0.54,0,1,1,0,0,0,0.0,102,8,17.0,0,1
0.5,0.54,0,1,1,0,0,0,0.0,110,8,18.0,0,1
0.5,0.54,0,1,1,0,0,0,0.0,113,8,19.0,0,1
0.5,0.54,0,1,1,0,0,0,0.0,116,10,20.0,0,1
0.5,0.54,0,1,0,1,3,0,1.0,116,10,20.0,117,1
0.5,0.54,0,1,0,1,9,0,2.0,116,10,20.0,117,1
0.5,0.54,0,1,0,1,20,0,3.0,116,10,20.0,117,1
0.5,0.54,0,1,0,1,28,1,4.0,116,10,20.0,117,1
0.5,0.54,0,1,0,1,34,1,5.0,116,10,20.0,117,1
0.5,0.54,0,1,0,1,43,1,6.0,116,10,20.0,117,1
0.5,0.54,0,1,0,1,59,1,7.0,116,10,20.0,117,1
0.5,0.54,0,1,0,1,61,2,8.0,116,10,20.0,117,1
0.5,0.54,0,1,0,1,61,3,9.0,116,10,20.0,117,1
0.5,0.54,0,1,0,1,67,4,10.0,116,10,20.0,117,1
0.5,0.54,0,1,0,1,73,5,11.0,116,10,20.0,117,1
0.5,0.54,0,1,0,1,80,5,12.0,116,10,20.0,117,1
0.5,0.54,0,1,0,1,89,6,13.0,116,10,20.0,117,1
0.5,0.54,0,1,0,1,93,6,14.0,116,10,20.0,117,1
0.5,0.54,0,1,0,1,101,6,15.0,116,10,20.0,117,1
0.5,0.54,0,1,0,1,108,6,16.0,116,10,20.0,117,1
0.5,0.54,0,1,0,1,117,6,17.0,116,10,20.0,117,1
0.6,0.53,0,1,1,0,0,0,0.0,3,1,1.0,0,1
0.6,0.53,0,1,1,0,0,0,0.0,6,1,2.0,0,1
0.6,0.53,0,1,1,0,0,0,0.0,6,3,3.0,0,1
0.6,0.53,0,1,1,0,0,0,0.0,16,3,4.0,0,1
0.6,0.53,0,1,1,0,0,0,0.0,21,3,5.0,0,1
0.6,0.53,0,1,1,0,0,0,0.0,27,3,6.0,0,1
0.6,0.53,0,1,1,0,0,0,0.0,39,3,7.0,0,1
0.6,0.53,0,1,1,0,0,0,0.0,41,3,8.0,0,1
0.6,0.53,0,1,1,0,0,0,0.0,49,4,9.0,0,1
0.6,0.53,0,1,1,0,0,0,0.0,54,4,10.0,0,1
0.6,0.53,0,1,1,0,0,0,0.0,56,5,11.0,0,1
0.6,0.53,0,1,1,0,0,0,0.0,66,6,12.0,0,1
0.6,0.53,0,1,1,0,0,0,0.0,69,6,13.0,0,1
0.6,0.53,0,1,1,0,0,0,0.0,78,6,14.0,0,1
0.6,0.53,0,1,1,0,0,0,0.0,86,7,15.0,0,1
0.6,0.53,0,1,1,0,0,0,0.0,90,7,16.0,0,1
0.6,0.53,0,1,1,0,0,0,0.0,93,7,17.0,0,1
0.6,0.53,0,1,1,0,0,0,0.0,100,8,18.0,0,1
0.6,0.53,0,1,1,0,0,0,0.0,109,8,19.0,0,1
0.6,0.53,0,1,1,0,0,0,0.0,116,8,20.0,0,1
0.6,0.53,0,1,0,1,2,2,1.0,116,8,20.0,117,1
0.6,0.53,0,1,0,1,6,2,2.0,116,8,20.0,117,1
0.6,0.53,0,1,0,1,9,2,3.0,116,8,20.0,117,1
0.6,0.53,0,1,0,1,19,2,4.0,116,8,20.0,117,1
0.6,0.53,0,1,0,1,27,2,5.0,116,8,20.0,117,1
0.6,0.53,0,1,0,1,30,2,6.0,116,8,20.0,117,1
0.6,0.53,0,1,0,1,39,2,7.0,116,8,20.0,117,1
0.6,0.53,0,1,0,1,47,2,8.0,116,8,20.0,117,1
0.6,0.53,0,1,0,1,55,2,9.0,116,8,20.0,117,1
0.6,0.53,0,1,0,1,66,2,10.0,116,8,20.0,117,1
0.6,0.53,0,1,0,1,77,2,11.0,116,8,20.0,117,1
0.6,0.53,0,1,0,1,79,3,12.0,116,8,20.0,117,1
0.6,0.53,0,1,0,1,91,4,13.0,116,8,20.0,117,1
0.6,0.53,0,1,0,1,105,4,14.0,116,8,20.0,117,1
0.6,0.53,0,1,0,1,110,4,15.0,116,8,20.0,117,1
0.6,0.53,0,1,0,1,113,4,16.0,116,8,20.0,117,1
0.6,0.53,0,1,0,1,121,4,16.67,116,8,20.0,117,1
0.46,0.62,1,1,1,1,1,1,1.0,0,0,0.0,0,0
0.46,0.62,1,1,1,1,2,1,2.0,0,0,0.0,0,0
0.46,0.62,1,1,1,1,5,1,3.0,0,0,0.0,0,0
0.46,0.62,1,1,1,1,10,1,4.0,0,0,0.0,0,0
0.46,0.62,1,1,1,1,21,1,5.0,0,0,0.0,0,0
0.46,0.62,1,1,1,1,23,1,6.0,0,0,0.0,0,0
0.46,0.62,1,1,1,1,25,2,7.0,0,0,0.0,0,0
0.46,0.62,1,1,1,1,36,2,8.0,0,0,0.0,0,0
0.46,0.62,1,1,1,1,39,4,9.0,0,0,0.0,0,0
0.46,0.62,1,1,1,1,47,4,10.0,0,0,0.0,0,0
0.46,0.62,1,1,1,1,51,4,11.0,0,0,0.0,0,0
0.46,0.62,1,1,1,1,54,4,12.0,0,0,0.0,0,0
0.46,0.62,1,1,1,1,58,5,13.0,0,0,0.0,0,0
0.46,0.62,1,1,1,1,64,5,14.0,0,0,0.0,0,0
0.46,0.62,1,1,1,1,67,7,15.0,0,0,0.0,0,0
0.46,0.62,1,1,1,1,74,7,16.0,0,0,0.0,0,0
0.46,0.62,1,1,1,1,77,7,17.0,0,0,0.0,0,0
0.46,0.62,1,1,1,1,87,8,18.0,0,0,0.0,0,0
0.46,0.62,1,1,1,1,92,8,19.0,0,0,0.0,0,0
0.46,0.62,1,1,1,1,95,8,20.0,0,0,0.0,0,0
0.46,0.62,1,1,0,0,95,8,20.0,9,1,1.0,96,0
0.46,0.62,1,1,0,0,95,8,20.0,12,1,2.0,96,0
0.46,0.62,1,1,0,0,95,8,20.0,14,1,3.0,96,0
0.46,0.62,1,1,0,0,95,8,20.0,27,1,4.0,96,0
0.46,0.62,1,1,0,0,95,8,20.0,36,1,5.0,96,0
0.46,0.62,1,1,0,0,95,8,20.0,43,1,6.0,96,0
0.46,0.62,1,1,0,0,95,8,20.0,52,1,7.0,96,0
0.46,0.62,1,1,0,0,95,8,20.0,58,1,8.0,96,0
0.46,0.62,1,1,0,0,95,8,20.0,64,1,9.0,96,0
0.46,0.62,1,1,0,0,95,8,20.0,75,1,10.0,96,0
0.46,0.62,1,1,0,0,95,8,20.0,88,1,11.0,96,0
0.46,0.62,1,1,0,0,95,8,20.0,95,1,12.0,96,0
0.46,0.62,1,1,0,0,95,8,20.0,96,1,12.17,96,0
0.39,0.45,0,1,1,0,0,0,0.0,8,0,1.0,0,1
0.39,0.45,0,1,1,0,0,0,0.0,21,0,2.0,0,1
0.39,0.45,0,1,1,0,0,0,0.0,27,0,3.0,0,1
0.39,0.45,0,1,1,0,0,0,0.0,38,0,4.0,0,1
0.39,0.45,0,1,1,0,0,0,0.0,47,0,5.0,0,1
0.39,0.45,0,1,1,0,0,0,0.0,50,0,6.0,0,1
0.39,0.45,0,1,1,0,0,0,0.0,59,0,7.0,0,1
0.39,0.45,0,1,1,0,0,0,0.0,77,0,8.0,0,1
0.39,0.45,0,1,1,0,0,0,0.0,82,0,9.0,0,1
0.39,0.45,0,1,1,0,0,0,0.0,90,0,10.0,0,1
0.39,0.45,0,1,1,0,0,0,0.0,96,0,11.0,0,1
0.39,0.45,0,1,1,0,0,0,0.0,101,0,12.0,0,1
0.39,0.45,0,1,1,0,0,0,0.0,104,0,13.0,0,1
0.39,0.45,0,1,1,0,0,0,0.0,117,0,14.0,0,1
0.39,0.45,0,1,1,0,0,0,0.0,125,0,15.0,0,1
0.39,0.45,0,1,1,0,0,0,0.0,134,1,16.0,0,1
0.39,0.45,0,1,1,0,0,0,0.0,146,1,17.0,0,1
0.39,0.45,0,1,1,0,0,0,0.0,151,1,18.0,0,1
0.39,0.45,0,1,1,0,0,0,0.0,156,2,19.0,0,1
0.39,0.45,0,1,1,0,0,0,0.0,163,3,20.0,0,1
0.39,0.45,0,1,0,1,9,0,1.0,163,3,20.0,164,1
0.39,0.45,0,1,0,1,18,0,2.0,163,3,20.0,164,1
0.39,0.45,0,1,0,1,34,0,3.0,163,3,20.0,164,1
0.39,0.45,0,1,0,1,41,0,4.0,163,3,20.0,164,1
0.39,0.45,0,1,0,1,43,0,5.0,163,3,20.0,164,1
0.39,0.45,0,1,0,1,53,0,6.0,163,3,20.0,164,1
0.39,0.45,0,1,0,1,73,0,7.0,163,3,20.0,164,1
0.39,0.45,0,1,0,1,77,0,8.0,163,3,20.0,164,1
0.39,0.45,0,1,0,1,82,0,9.0,163,3,20.0,164,1
0.39,0.45,0,1,0,1,88,1,10.0,163,3,20.0,164,1
0.39,0.45,0,1,0,1,93,1,11.0,163,3,20.0,164,1
0.39,0.45,0,1,0,1,104,2,12.0,163,3,20.0,164,1
0.39,0.45,0,1,0,1,108,2,13.0,163,3,20.0,164,1
0.39,0.45,0,1,0,1,111,3,14.0,163,3,20.0,164,1
0.39,0.45,0,1,0,1,120,3,15.0,163,3,20.0,164,1
0.39,0.45,0,1,0,1,121,4,16.0,163,3,20.0,164,1
0.39,0.45,0,1,0,1,130,4,17.0,163,3,20.0,164,1
0.39,0.45,0,1,0,1,144,4,18.0,163,3,20.0,164,1
0.39,0.45,0,1,0,1,150,4,19.0,163,3,20.0,164,1
0.39,0.45,0,1,0,1,167,4,19.83,163,3,20.0,164,1
